{"courseId":"28","contents":[{"name":"مقدمه","id":"172","contentorder":"1","lesson_number":1,"type":0,"filename":"lesson172.html"},{"name":"دوربین عکاسی","id":"173","contentorder":"2","lesson_number":2,"type":0,"filename":"lesson173.html"},{"name":"دوربین عکاسی","id":"316","contentorder":"3","type":1,"set":[{"score":"60","questions":[{"id":"882","description":"کدامیک یک از موارد زیر، متعلق به تقسیم بندی دوربین براساس صفحه حساس نیست؟","answers":[{"id":"3332","description":"قطع بزرگ","iscorrect":0},{"id":"3333","description":"قطع متوسط","iscorrect":0},{"id":"3334","description":"دوربین کامپکت","iscorrect":1},{"id":"3335","description":"قطع کوچک","iscorrect":0}]},{"id":"883","description":"معمولا دوربین های دو لنزی، در کدامیک از دسته های زیر بیشتر یافت می شوند؟","answers":[{"id":"3336","description":"دوربین های ببین و بگیر","iscorrect":0},{"id":"3337","description":"دوربین های قطع کوچک","iscorrect":0},{"id":"3338","description":"دوربین های قطع متوسط","iscorrect":1},{"id":"3339","description":"دوربین های قطع بزرگ","iscorrect":0}]},{"id":"884","description":"کدامیک از اجزاء زیر، در تمام انواع دوربین وجود دارد؟","answers":[{"id":"3340","description":"فلش","iscorrect":0},{"id":"3341","description":"بدنه","iscorrect":1},{"id":"3342","description":"لنز","iscorrect":0},{"id":"3343","description":"عقبه","iscorrect":0}]},{"id":"885","description":"صفحه حساس، در کدام قسمت دوربین قرار می گیرد؟","answers":[{"id":"3344","description":"در بخش میانه لنز","iscorrect":0},{"id":"3345","description":"در پشت منظره یاب","iscorrect":0},{"id":"3346","description":"در بخش انتهایی لنز","iscorrect":0},{"id":"3347","description":"در بدنه و در محلی که کانون لنز است.","iscorrect":1}]},{"id":"886","description":"کدامیک از موارد زیر صحیح نیست؟","answers":[{"id":"3348","description":"دوربین ها، یا دیجیتال هستند یا آنالوگ","iscorrect":0},{"id":"3349","description":"کادری که در منظره یاب دیده می شود، الزاما منطبق بر عکس ثبت شده است.","iscorrect":1},{"id":"3350","description":"صفحه حساس در دوربین های دیجیتال، سنسور می باشد.","iscorrect":0},{"id":"3351","description":"دوربین های کامپکت، می توانند زیر مجموعه دوربین های ببین و بگیر باشند.","iscorrect":0}]}]},{"score":"60","questions":[{"id":"887","description":"به طور معمول در کدامیک از دسته دوربین های زیر نمی توان لنز را تعویض کرد؟","answers":[{"id":"3352","description":"دوربین های قطع متوسط","iscorrect":0},{"id":"3353","description":"دوربین های قطع بزرگ","iscorrect":0},{"id":"3354","description":"دوربین های کامپکت","iscorrect":1},{"id":"3355","description":"دوربین های تک عدسی انعکاسی","iscorrect":0}]},{"id":"888","description":"کدامیک از موارد زیر، متعلق به دسته بندی براساس ابعاد صفحه حساس نیست؟","answers":[{"id":"3356","description":"دوربین های Small Format","iscorrect":0},{"id":"3357","description":"دوربین های Large Format","iscorrect":0},{"id":"3358","description":"دوربین های قطع متوسط","iscorrect":0},{"id":"3359","description":"دوربین های Point and Shoot","iscorrect":1}]},{"id":"889","description":"معمولا عقبه در کدامیک از انواع دوربین دیده می شود؟","answers":[{"id":"3360","description":"قطع کوچک","iscorrect":0},{"id":"3361","description":"کامپکت","iscorrect":0},{"id":"3362","description":"قطع بزرگ و متوسط","iscorrect":1},{"id":"3363","description":"دوربین های ببین و بگیر","iscorrect":0}]},{"id":"890","description":"تصویر در کدامیک از اجزاء زیر تشکیل می شود؟","answers":[{"id":"3364","description":"عقبه","iscorrect":0},{"id":"3365","description":"صفحه حساس","iscorrect":1},{"id":"3366","description":"لنز","iscorrect":0},{"id":"3367","description":"بدنه","iscorrect":0}]},{"id":"891","description":"خطای پارالاکس چیست؟","answers":[{"id":"3368","description":"عدم تطابق تصویر در منظره یاب و تصویر ثبت شده از نظر کادر","iscorrect":1},{"id":"3369","description":"خطای حاصل لرزش دست در هنگام عکاسی","iscorrect":0},{"id":"3370","description":"خطای حاصل از عملکرد دوربین در زمان عکس برداری","iscorrect":0},{"id":"3371","description":"خطای دید ناشی از دو بعدی بودن عکس","iscorrect":0}]}]}]},{"name":"صفحه حساس- بخش اول","id":"175","contentorder":"4","lesson_number":3,"type":0,"filename":"lesson175.html"},{"name":"صفحه حساس- بخش اول","id":"318","contentorder":"5","type":1,"set":[{"score":"60","questions":[{"id":"892","description":"بین دو صفحه حساس با شرایط یکسان و اندازه های متفاوت کدامیک عکسی با کیفیت بهتر تولید می کند؟","answers":[{"id":"3372","description":"کیفیت ها یکسان است.","iscorrect":0},{"id":"3373","description":"صفحه حساس بزرگ تر","iscorrect":1},{"id":"3374","description":"صفحه حساس کوچک تر","iscorrect":0},{"id":"3375","description":"کیفیت به صفحه حساس بستگی ندارد.","iscorrect":0}]},{"id":"893","description":"کدامیک از موارد زیر در دسته بندی معمول دوربین براساس صفحه حساس نمی گنجد؟","answers":[{"id":"3376","description":"قطع بزرگ","iscorrect":0},{"id":"3377","description":"قطع مربع","iscorrect":1},{"id":"3378","description":"قطع متوسط","iscorrect":0},{"id":"3379","description":"قطع کوچک","iscorrect":0}]},{"id":"894","description":"کدامیک از موارد زیر می تواند صفحه حساس باشد؟","answers":[{"id":"3380","description":"لنز","iscorrect":0},{"id":"3381","description":"فیلتر","iscorrect":0},{"id":"3382","description":"منظره یاب","iscorrect":0},{"id":"3383","description":"سنسور تصویری","iscorrect":1}]},{"id":"895","description":"با بالا رفتن حساسیت کدامیک از موارد زیر اتفاق نمی افتد؟","answers":[{"id":"3384","description":"ایجاد نویز","iscorrect":0},{"id":"3385","description":"افزایش کنتراست","iscorrect":1},{"id":"3386","description":"افزایش گرین","iscorrect":0},{"id":"3387","description":"افزایش تاثیر پذیری از نور","iscorrect":0}]},{"id":"896","description":"قطع متوسط در صفحه حساس کدامیک از بازه های زیر را به خود اختصاص می دهد؟","answers":[{"id":"3388","description":"بزرگ تر از ۱۰ در ۱۲ سانتیمتر","iscorrect":0},{"id":"3389","description":"بزرگ تر از ۲۴ در ۳۶ میلیمتر","iscorrect":0},{"id":"3390","description":"کوچک تر از ۲۴ در ۳۶ میلیمتر","iscorrect":0},{"id":"3391","description":"بین ۲۴ در ۳۶ میلیمتر و ۱۰ در ۱۲.۷ سانتیمتر","iscorrect":1}]}]},{"score":"60","questions":[{"id":"897","description":"در صفحه حساس با شرایط یکسان، کدامیک از قطع های زیر کیفیت بهتری را تولید می کند؟","answers":[{"id":"3392","description":"قطع مربع","iscorrect":0},{"id":"3393","description":"قطع کوچک","iscorrect":0},{"id":"3394","description":"قطع متوسط","iscorrect":0},{"id":"3395","description":"قطع بزرگ","iscorrect":1}]},{"id":"898","description":"کدامیک از صفحات حساس با اندازه های زیر قطع کوچک محسوب می شوند؟","answers":[{"id":"3396","description":"۲۴ در ۳۶ میلیمتر","iscorrect":1},{"id":"3397","description":"۶ در ۶ سانتیمتر","iscorrect":0},{"id":"3398","description":"۶ در ۹ سانتیمتر","iscorrect":0},{"id":"3399","description":"۱۰ در ۱۲ سانتیمتر","iscorrect":0}]},{"id":"899","description":"نقش صفحه حساس در دوربین دیجیتال توسط کدام مورد زیر ایفا می شود؟","answers":[{"id":"3400","description":"فیلم","iscorrect":0},{"id":"3401","description":"اسلاید","iscorrect":0},{"id":"3402","description":"شیشه عکاسی","iscorrect":0},{"id":"3403","description":"سنسور دیجیتال","iscorrect":1}]},{"id":"900","description":"در کدامیک از حساسیت های زیر میزان گرین بیشتر است؟","answers":[{"id":"3404","description":"۱۰۰","iscorrect":0},{"id":"3405","description":"۲۰۰","iscorrect":0},{"id":"3406","description":"۴۰۰","iscorrect":1},{"id":"3407","description":"۵۰","iscorrect":0}]},{"id":"901","description":"در کدامیک از حساسیت های زیر کنتراست بیشتر است؟","answers":[{"id":"3408","description":"۱۰۰","iscorrect":1},{"id":"3409","description":"۲۰۰","iscorrect":0},{"id":"3410","description":"۴۰۰","iscorrect":0},{"id":"3411","description":"۸۰۰","iscorrect":0}]}]}]},{"name":"صفحه حساس- بخش دوم","id":"195","contentorder":"6","lesson_number":4,"type":0,"filename":"lesson195.html"},{"name":"صفحه حساس- بخش دوم","id":"320","contentorder":"7","type":1,"set":[{"score":"60","questions":[{"id":"902","description":"در پوزیتیو:","answers":[{"id":"3412","description":"هر رنگ نماینده رنگ مکمل آن است.","iscorrect":0},{"id":"3413","description":"قسمت های پر نور نماینده قسمت های کم نور در واقعیت است.","iscorrect":0},{"id":"3414","description":"رنگ ها نماینده رنگ واقعی هستند.","iscorrect":1},{"id":"3415","description":"رنگ ها نماینده رنگ مکمل هستند اما قسمت های تیره، نماینده قسمت های روشن هستند.","iscorrect":0}]},{"id":"903","description":"وظیفه ثبت تصویر در فیلم با کدامیک از لایه های زیر است؟","answers":[{"id":"3416","description":"لایه محافظ ماورای بنفش","iscorrect":0},{"id":"3417","description":"لایه امولسیون","iscorrect":1},{"id":"3418","description":"صفحه پایه فیلم","iscorrect":0},{"id":"3419","description":"لایه ضد هاله","iscorrect":0}]},{"id":"904","description":"جهت تعدیل نور زرد حاصل از منابع نور مصنوعی چه نوع فیلم هایی مورد استفاده قرار می گیرند؟","answers":[{"id":"3420","description":"فیلم نور روز","iscorrect":0},{"id":"3421","description":"فیلم نور شب","iscorrect":1},{"id":"3422","description":"فیلم سیاه و سفید","iscorrect":0},{"id":"3423","description":"فیلم شیشه ای","iscorrect":0}]},{"id":"905","description":"کدامیک از انواع زیر صفحه حساس دیجیتال نیست؟","answers":[{"id":"3424","description":"پوزیتیو","iscorrect":1},{"id":"3425","description":"نیمه هادی های حساس به نور","iscorrect":0},{"id":"3426","description":"CCD","iscorrect":0},{"id":"3427","description":"CMOS","iscorrect":0}]},{"id":"906","description":"نویز Luminance چیست؟","answers":[{"id":"3428","description":"نقاط رنگی موجود در عکس","iscorrect":0},{"id":"3429","description":"تیرگی های روی عکس","iscorrect":0},{"id":"3430","description":"عدم وضوح در بخش هایی از عکس","iscorrect":0},{"id":"3431","description":"نقاط تیره و روشن زائد ایجاد شده در عکس","iscorrect":1}]}]},{"score":"60","questions":[{"id":"907","description":"کدامیک از موارد زیر در مورد نگاتیو صادق نیست؟","answers":[{"id":"3432","description":"تطابق قسمت های تیره روشن با موضوع واقعی","iscorrect":1},{"id":"3433","description":"عدم تطابق رنگ ها با موضوع اصلی","iscorrect":0},{"id":"3434","description":"عدم تطابق قسمت های تیره و روشن با موضوع اصلی","iscorrect":0},{"id":"3435","description":"رنگ ها به صورت مکمل در نگاتیو ثبت می شوند.","iscorrect":0}]},{"id":"908","description":"وظیفه لایه ضد هاله چیست؟","answers":[{"id":"3436","description":"جلوگیری از نور خوردن صفحه حساس از پشت","iscorrect":1},{"id":"3437","description":"جلوگیری از خراش های سطحی","iscorrect":0},{"id":"3438","description":"متصل کردن امولسیون به صفحه پایه","iscorrect":0},{"id":"3439","description":"جلوگیری از ورود نور ماورای بنفش","iscorrect":0}]},{"id":"909","description":"سنسورهای Crop در SLRهای قطع کوچک:","answers":[{"id":"3440","description":"کوچک تر از ۲۴ در ۳۶ میلیمتر هستند.","iscorrect":1},{"id":"3441","description":"بزرگ تر از ۲۴ در ۳۶ میلیمتر هستند.","iscorrect":0},{"id":"3442","description":"قابلیت ایجاد برش در تصویر نهایی را دارند.","iscorrect":0},{"id":"3443","description":"فاقد نویز هستند.","iscorrect":0}]},{"id":"910","description":"هر چه حساسیت بالاتر رود:","answers":[{"id":"3444","description":"تاثیر پذیری امولسیون به نور کمتر است.","iscorrect":0},{"id":"3445","description":"نویز کمتر است.","iscorrect":0},{"id":"3446","description":"کنتراست بالاتر می رود.","iscorrect":0},{"id":"3447","description":"امولسیون دانه درشت تر است.","iscorrect":1}]},{"id":"911","description":"نویز Color عبارت است از:","answers":[{"id":"3448","description":"نقاط تیره و روشن در عکس","iscorrect":0},{"id":"3449","description":"نقاط زائد رنگی در عکس","iscorrect":1},{"id":"3450","description":"قسمت های تیره در عکس","iscorrect":0},{"id":"3451","description":"قسمت های غیر واضح در عکس","iscorrect":0}]}]}]},{"name":"نورسنجی- بخش اول","id":"176","contentorder":"8","lesson_number":5,"type":0,"filename":"lesson176.html"},{"name":"نورسنجی- بخش اول","id":"346","contentorder":"9","type":1,"set":[{"score":"60","questions":[{"id":"1012","description":"در نورسنجی اتفاقی:","answers":[{"id":"3852","description":"نورسنج در کنار دوربین قرار می گیرد.","iscorrect":0},{"id":"3853","description":"نور بازتابیده شده از سوژه اندازه گرفته می شود.","iscorrect":0},{"id":"3854","description":"نورسنج در محل سوژه قرار گرفته و نور بازتابیده از سوژه را اندازه گیری می کند.","iscorrect":0},{"id":"3855","description":"نورسنج در محل سوژه قرار گرفته و نوری را که به سوژه می تابد اندازه گیری می کند.","iscorrect":1}]},{"id":"1013","description":"عدد مناسب سرعت در یک نورسنجی برابر ۶۰ است. اگر نور ۴ برابر شود، عدد مناسب سرعت چه خواهد بود؟","answers":[{"id":"3856","description":"۱۲۵","iscorrect":0},{"id":"3857","description":"۳۰","iscorrect":0},{"id":"3858","description":"۲۵۰","iscorrect":1},{"id":"3859","description":"۱۵","iscorrect":0}]},{"id":"1014","description":"برای یک لنز با فاصله کانونی ۱۰۰mm کدامیک از سرعت های زیر برای عکاسی روی دست، مطمئن محسوب نمی شود؟","answers":[{"id":"3860","description":"۱۲۵","iscorrect":0},{"id":"3861","description":"۲۵۰","iscorrect":0},{"id":"3862","description":"۵۰۰","iscorrect":0},{"id":"3863","description":"۳۰","iscorrect":1}]},{"id":"1015","description":"با شرایط یکسان نوری، در کدامیک از اعداد دیافراگم عکس روشن تر خواهد بود؟","answers":[{"id":"3864","description":"۴","iscorrect":0},{"id":"3865","description":"۵.۶","iscorrect":0},{"id":"3866","description":"۲.۸","iscorrect":1},{"id":"3867","description":"۱۱","iscorrect":0}]},{"id":"1016","description":"طبق نور سنج، یکی از تنظیمات مناسب برای سرعت و دیافراگم عبارت است از ۲۵۰ و ۵.۶. در شرایط یکسان اگر عدد دیافراگم را روی ۲.۸ قرار دهیم، عدد مناسب سرعت کدام خواهد بود؟","answers":[{"id":"3868","description":"۱۰۰۰","iscorrect":1},{"id":"3869","description":"۵۰۰","iscorrect":0},{"id":"3870","description":"۲۵۰","iscorrect":0},{"id":"3871","description":"۶۰","iscorrect":0}]}]},{"score":"60","questions":[{"id":"1017","description":"نورسنج انعکاسی:","answers":[{"id":"3872","description":"نورهای محیطی را اندازه گیری می کند.","iscorrect":0},{"id":"3873","description":"برای اندازه گیری از سوژه به سمت دوربین نشانه می رود.","iscorrect":0},{"id":"3874","description":"برای اندازه گیری از سوژه به سمت منابع نوری نشانه می رود.","iscorrect":0},{"id":"3875","description":"برای اندازه گیری به سمت سوژه نشانه گیری می شود.","iscorrect":1}]},{"id":"1018","description":"در لنزی که اعداد دیافراگم از ۲.۸ تا ۲۲ را پوشش می دهد، بهترین کیفیت در کدامیک از دیافراگم های زیر حاصل می شود؟","answers":[{"id":"3876","description":"۲.۸","iscorrect":0},{"id":"3877","description":"۲۲","iscorrect":0},{"id":"3878","description":"در همه یکسان است.","iscorrect":0},{"id":"3879","description":"۸ یا ۱۱","iscorrect":1}]},{"id":"1019","description":"اگر در شرایط یکسان عدد سرعت از ۲۵۰ به ۳۰ تغییر کند، میزان نور ورودی به داخل دوربین:","answers":[{"id":"3880","description":"سه برابر بیشتر می شود.","iscorrect":0},{"id":"3881","description":"سه برابر کمتر می شود.","iscorrect":0},{"id":"3882","description":"۸ برابر بیشتر می شود.","iscorrect":1},{"id":"3883","description":"۸ برابر کمتر می شود.","iscorrect":0}]},{"id":"1020","description":"اگر بخواهیم عکس تیره تر شود:","answers":[{"id":"3884","description":"عدد دیافراگم را کم می کنیم.","iscorrect":0},{"id":"3885","description":"عدد سرعت و دیافراگم را کم می کنیم.","iscorrect":0},{"id":"3886","description":"عدد سرعت و دیافراگم را افزایش می دهیم.","iscorrect":1},{"id":"3887","description":"سرعت را کاهش می دهیم.","iscorrect":0}]},{"id":"1021","description":"یکی از تنظیمات مناسب در شرایطی خاص برابر است با سرعت ۶۰ و دیافراگم ۴. اگر با شرایط یکسان سرعت را ۱۵ کنیم، دیافراگم مناسب کدام است؟","answers":[{"id":"3888","description":"۲.۸","iscorrect":0},{"id":"3889","description":"۴","iscorrect":0},{"id":"3890","description":"۵.۶","iscorrect":0},{"id":"3891","description":"۸","iscorrect":1}]}]}]},{"name":"نورسنجی- بخش دوم","id":"188","contentorder":"10","lesson_number":6,"type":0,"filename":"lesson188.html"},{"name":"نورسنجی- بخش دوم","id":"348","contentorder":"11","type":1,"set":[{"score":"60","questions":[{"id":"1022","description":"اگر عدد دیافراگم را یک استاپ بیشتر کنیم، جهت جبران آن چه تغییری باید در ISO بدهیم؟","answers":[{"id":"3892","description":"تغییر ISO بی تاثیر است.","iscorrect":0},{"id":"3893","description":"حساسیت ۲ استاپ بیشتر شود.","iscorrect":0},{"id":"3894","description":"حساسیت یک استاپ بیشتر شود.","iscorrect":1},{"id":"3895","description":"حساسیت یک استاپ کمتر شود.","iscorrect":0}]},{"id":"1023","description":"در حالت تقدم سرعت شاتر:","answers":[{"id":"3896","description":"عکاس سرعت شاتر را تعیین کرده، دیافراگم مناسب توسط نورسنج خودکار ارائه می شود.","iscorrect":1},{"id":"3897","description":"عکاس دیافراگم را تعیین کرده، سرعت مناسب توسط نورسنج خودکار ارائه می شود.","iscorrect":0},{"id":"3898","description":"سرعت و دیافراگم مناسب توسط نورسنج خودکار ارائه و تنظیم می شود.","iscorrect":0},{"id":"3899","description":"سرعت و دیافراگم توسط عکاس تنظیم می شود.","iscorrect":0}]},{"id":"1024","description":"اگر سوژه بخش بسیار کوچکی از کادر را اشغال کرده باشد و نوری متفاوت نسبت به بقیه کادر روی آن باشد، استفاده از کدامیک از انواع نورسنجی مناسب تر است?","answers":[{"id":"3900","description":"نورسنج نقطه ای","iscorrect":1},{"id":"3901","description":"نورسنج میانگین","iscorrect":0},{"id":"3902","description":"نورسنج ماتریسی","iscorrect":0},{"id":"3903","description":"هیچکدام","iscorrect":0}]},{"id":"1025","description":"اگر جسمی بسیار تیره (تیره تر از خاکستری ۱۸ درصد) موضوع عکاسی باشد، کدامیک از موارد زیر صحیح است؟","answers":[{"id":"3904","description":"نورسنج بی خطا عمل خواهد کرد.","iscorrect":0},{"id":"3905","description":"اگر مطابق نورسنج تنظیمات صورت گیرد، عکس روشن تر می شود.","iscorrect":1},{"id":"3906","description":"اگر مطابق نورسنج تنظیمات صورت گیرد، عکس تیره تر می شود.","iscorrect":0},{"id":"3907","description":"بیش از ۳ استاپ خطای نورسنج داریم.","iscorrect":0}]},{"id":"1026","description":"اگر از نورسنجی نقطه ای به صورت خودکار استفاده کنیم و سوژه در وسط کادر نباشد، جهت جلوگیری از خطای نورسنج از چه مکانیسمی می توان استفاده کرد؟","answers":[{"id":"3908","description":"مکانیسم قفل نورسنج","iscorrect":1},{"id":"3909","description":"مکانیسم نورسنج خودکار","iscorrect":0},{"id":"3910","description":"مکانیسم واضح سازی خودکار","iscorrect":0},{"id":"3911","description":"مکانیسم های تیره کننده","iscorrect":0}]}]},{"score":"60","questions":[{"id":"1027","description":"در شرایط ثابت اگر حساسیت از ۱۰۰ به ۴۰۰ تغییر کند برای جبران اثر آن می توان:","answers":[{"id":"3912","description":"دیافراگم را ۲ استاپ کاهش داد.","iscorrect":0},{"id":"3913","description":"سرعت را ۲ استاپ کاهش داد.","iscorrect":0},{"id":"3914","description":"دیافراگم را یک استاپ افزایش داد.","iscorrect":0},{"id":"3915","description":"یک استاپ افزایش در سرعت و دیافراگم ایجاد کرد.","iscorrect":1}]},{"id":"1028","description":"در حالت تقدم دیافراگم:","answers":[{"id":"3916","description":"عدد دیافراگم توسط عکاس تعیین می شود.","iscorrect":1},{"id":"3917","description":"عدد سرعت توسط عکاس تعیین می شود.","iscorrect":0},{"id":"3918","description":"عدد دیافراگم توسط دوربین و نورسنج تعیین می شود.","iscorrect":0},{"id":"3919","description":"هم سرعت و هم دیافراگم توسط عکاس تعیین می شود.","iscorrect":0}]},{"id":"1029","description":"نورسنجی Partial Metering کدام بخش از کادر را مورد نورسنجی قرار می دهد؟","answers":[{"id":"3920","description":"گوشه های کادر","iscorrect":0},{"id":"3921","description":"نقطه ای در وسط کادر","iscorrect":0},{"id":"3922","description":"کل کادر","iscorrect":0},{"id":"3923","description":"دایره ای در حدود ۱۳ درصد در وسط کادر","iscorrect":1}]},{"id":"1030","description":"اگر جسمی روشن تر از خاکستری ۱۸ درصد باشد برای اصلاح خطای نورسنج چه باید کرد؟","answers":[{"id":"3924","description":"نسبت به قرائت نورسنج عکس را روشن تر بگیریم.","iscorrect":1},{"id":"3925","description":"نسبت به قرائت نورسنج عکس را تیره تر بگیریم.","iscorrect":0},{"id":"3926","description":"سوژه را روشن تر فرض کنیم.","iscorrect":0},{"id":"3927","description":"خطای نورسنج قابل اغماض است.","iscorrect":0}]},{"id":"1031","description":"مکانیسم قفل نورسنج در کدامیک از شرایط زیر مورد استفاده قرار می گیرد؟","answers":[{"id":"3928","description":"سوژه در مرکز کادر باشد.","iscorrect":0},{"id":"3929","description":"در زمان استفاده از نورسنج انعکاسی","iscorrect":0},{"id":"3930","description":"موضوع عکاسی در مرکز کادر نباشد.","iscorrect":1},{"id":"3931","description":"در زمان استفاده از نورسنج اتفاقی","iscorrect":0}]}]}]},{"name":"نورسنجی- بخش سوم","id":"196","contentorder":"12","lesson_number":7,"type":0,"filename":"lesson196.html"},{"name":"نورسنجی- بخش سوم","id":"344","contentorder":"13","type":1,"set":[{"score":"60","questions":[{"id":"1002","description":"هر چه درجه حرارت رنگ از ۵۰۰۰ بالاتر برود، رنگ نور به کدامیک از موارد زیر نزدیک تر می شود؟","answers":[{"id":"3812","description":"زرد","iscorrect":0},{"id":"3813","description":"قرمز","iscorrect":0},{"id":"3814","description":"نارنجی","iscorrect":0},{"id":"3815","description":"آبی","iscorrect":1}]},{"id":"1003","description":"درجه حرارت رنگ با کدامیک از ابزار زیر اندازه گیری می شود؟","answers":[{"id":"3816","description":"نورسنج","iscorrect":0},{"id":"3817","description":"کلوین متر","iscorrect":1},{"id":"3818","description":"فلش متر","iscorrect":0},{"id":"3819","description":"دکلانشور","iscorrect":0}]},{"id":"1004","description":"در صورت ترکیب کردن همه طیف های نور در سیستم افزایشی، کدامیک از رنگ های زیر حاصل می شود؟","answers":[{"id":"3820","description":"سفید","iscorrect":1},{"id":"3821","description":"سیاه","iscorrect":0},{"id":"3822","description":"خاکستری","iscorrect":0},{"id":"3823","description":"غیر قابل تشخیص","iscorrect":0}]},{"id":"1005","description":"در سیستم افزایشی رایج در عکاسی کدامیک از موارد زیر از رنگ های اصلی هستند؟","answers":[{"id":"3824","description":"قرمز- زرد- سبز","iscorrect":0},{"id":"3825","description":"ارغوانی- زرد- سبز","iscorrect":0},{"id":"3826","description":"قرمز- سبز- آبی","iscorrect":1},{"id":"3827","description":"فیروزه ای- زرد- آبی","iscorrect":0}]},{"id":"1006","description":"جهت خنثی سازی طیف قرمز در عکس از کدامیک از طیف های زیر می توان استفاده کرد؟","answers":[{"id":"3828","description":"فیروزه ای CYAN","iscorrect":1},{"id":"3829","description":"آبی BLUE","iscorrect":0},{"id":"3830","description":"زرد YELLOW","iscorrect":0},{"id":"3831","description":"ارغوانی MAGENTA","iscorrect":0}]}]},{"score":"60","questions":[{"id":"1007","description":"درجه حرارت رنگ فلش (تقریبا سفید) بر حسب کلوین بخشی از کدامیک از بازه های زیر است؟","answers":[{"id":"3832","description":"بین ۶۰۰ تا ۷۰۰","iscorrect":0},{"id":"3833","description":"بین ۷۰۰۰ تا ۸۰۰۰","iscorrect":0},{"id":"3834","description":"بین ۵۰۰ تا ۶۰۰","iscorrect":0},{"id":"3835","description":"بین ۵۰۰۰ تا ۶۰۰۰","iscorrect":1}]},{"id":"1008","description":"در صورت ترکیب همه رنگ های شیمیایی در سیستم کاهشی، چه رنگی حاصل خواهد شد؟","answers":[{"id":"3836","description":"سفید","iscorrect":0},{"id":"3837","description":"سیاه","iscorrect":1},{"id":"3838","description":"خاکستری","iscorrect":0},{"id":"3839","description":"غیر قابل تشخیص","iscorrect":0}]},{"id":"1009","description":"برای خنثی سازی طیف آبی از کدامیک از طیف های زیر می توان استفاده کرد؟","answers":[{"id":"3840","description":"زرد","iscorrect":1},{"id":"3841","description":"قرمز","iscorrect":0},{"id":"3842","description":"سبز","iscorrect":0},{"id":"3843","description":"ارغوانی","iscorrect":0}]},{"id":"1010","description":"ترکیب کدامیک از طیف های زیر سفید خواهد بود؟","answers":[{"id":"3844","description":"قرمز- آبی- فیروزه ای","iscorrect":0},{"id":"3845","description":"فیروزه ای و قرمز","iscorrect":1},{"id":"3846","description":"فیروزه ای- ارغوانی- آبی","iscorrect":0},{"id":"3847","description":"ارغوانی و زرد","iscorrect":0}]},{"id":"1011","description":"رنگ معادل کدامیک از درجه حرارت های زیر رنگ سرد محسوب می شود؟","answers":[{"id":"3848","description":"۶۰۰","iscorrect":0},{"id":"3849","description":"۱۰۰۰","iscorrect":0},{"id":"3850","description":"۷۰۰۰","iscorrect":1},{"id":"3851","description":"۴۰۰۰","iscorrect":0}]}]}]},{"name":"لنز- بخش اول","id":"189","contentorder":"14","lesson_number":8,"type":0,"filename":"lesson189.html"},{"name":"لنز- بخش اول","id":"338","contentorder":"15","type":1,"set":[{"score":"60","questions":[{"id":"972","description":"در لنزهای زیر کدامیک لنز سریعتری محسوب می شود؟","answers":[{"id":"3692","description":"f: 2.8","iscorrect":0},{"id":"3693","description":"f: 1.4","iscorrect":1},{"id":"3694","description":"f: 5.6","iscorrect":0},{"id":"3695","description":"f: 4","iscorrect":0}]},{"id":"973","description":"در لنزهای زیر با فاصله کانونی مشخص شده کدام زاویه دید بیشتری تولید می کند؟","answers":[{"id":"3696","description":"۲۸mm","iscorrect":0},{"id":"3697","description":"۵۰mm","iscorrect":0},{"id":"3698","description":"۱۰mm","iscorrect":1},{"id":"3699","description":"۲۰۰mm","iscorrect":0}]},{"id":"974","description":"لنزهای ثابت یا پرایم چه ویژگی ای دارند؟","answers":[{"id":"3700","description":"فاصله کانونی ثابت دارند.","iscorrect":1},{"id":"3701","description":"فاصله کانونی متغیر دارند.","iscorrect":0},{"id":"3702","description":"زاویه دید بسیار زیاد دارند.","iscorrect":0},{"id":"3703","description":"زاویه دید بسیار پایین دارند.","iscorrect":0}]},{"id":"975","description":"در یک عکس پرتره برای اینکه تمام توجه بیننده به چهره جلب شود و نه پس زمینه، تصمیم گرفته ایم که پس زمینه تا حد ممکن غیر واضح باشد. برای این منظور کدامیک از تنظیمات زیر مفید است؟","answers":[{"id":"3704","description":"دیافراگم باز، فاصله کانونی کم، فاصله واضح سازی زیاد","iscorrect":0},{"id":"3705","description":"دیافراگم باز، فاصله کانونی زیاد، فاصله واضح سازی زیاد","iscorrect":0},{"id":"3706","description":"دیافراگم باز، فاصله کانونی زیاد، فاصله واضح سازی کم","iscorrect":1},{"id":"3707","description":"دیافراگم بسته، فاصله کانونی کم، فاصله واضح سازی زیاد","iscorrect":0}]},{"id":"976","description":"در انواع لنزهای زیر کدامیک عمق میدان بیشتری دارند؟","answers":[{"id":"3708","description":"لنز پرایم","iscorrect":0},{"id":"3709","description":"لنز واید","iscorrect":1},{"id":"3710","description":"لنز تله فتو","iscorrect":0},{"id":"3711","description":"لنز نرمال","iscorrect":0}]}]},{"score":"60","questions":[{"id":"977","description":"در لنزهای زیر کدامیک سریع تر محسوب می شوند؟","answers":[{"id":"3712","description":"f: 5.6","iscorrect":0},{"id":"3713","description":"f: 8","iscorrect":0},{"id":"3714","description":"f: 1","iscorrect":1},{"id":"3715","description":"f: 11","iscorrect":0}]},{"id":"978","description":"در لنزی با فاصله کانونی زیر کدامیک زاویه دید کمتری دارد؟","answers":[{"id":"3716","description":"۱۰۰mm","iscorrect":0},{"id":"3717","description":"۱۰mm","iscorrect":0},{"id":"3718","description":"۱۸mm","iscorrect":0},{"id":"3719","description":"۱۰۰۰mm","iscorrect":1}]},{"id":"979","description":"لنزی با زاویه کانونی متغیر چه نامیده می شود؟","answers":[{"id":"3720","description":"لنز پرایم","iscorrect":0},{"id":"3721","description":"لنز زوم","iscorrect":1},{"id":"3722","description":"لنز واید","iscorrect":0},{"id":"3723","description":"لنز تله فتو","iscorrect":0}]},{"id":"980","description":"در یک عکس طبیعت می خواهیم تا حد ممکن همه بخش های کادر واضح باشد. از کدامیک از تنظیمات زیر استفاده شود بهتر است؟","answers":[{"id":"3724","description":"دیافراگم باز، فاصله کانونی کم، فاصله واضح سازی زیاد","iscorrect":0},{"id":"3725","description":"دیافراگم باز، فاصله کانونی زیاد، فاصله واضح سازی زیاد","iscorrect":0},{"id":"3726","description":"دیافراگم باز، فاصله کانونی زیاد، فاصله واضح سازی کم","iscorrect":0},{"id":"3727","description":"دیافراگم بسته، فاصله کانونی کم، فاصله واضح سازی زیاد","iscorrect":1}]},{"id":"981","description":"در انواع لنز زیر کدامیک عمق میدان کمتری دارد؟","answers":[{"id":"3728","description":"لنز تله فتو","iscorrect":1},{"id":"3729","description":"لنز پرایم","iscorrect":0},{"id":"3730","description":"لنز واید","iscorrect":0},{"id":"3731","description":"لنز نرمال","iscorrect":0}]}]}]},{"name":"لنز- بخش دوم","id":"190","contentorder":"16","lesson_number":9,"type":0,"filename":"lesson190.html"},{"name":"لنز- بخش دوم","id":"340","contentorder":"17","type":1,"set":[{"score":"60","questions":[{"id":"982","description":"فاصله کانونی لنز نرمال در دوربین قطع متوسط نسبت به لنز نرمال در دوربین قطع کوچک:","answers":[{"id":"3732","description":"بیشتر است.","iscorrect":1},{"id":"3733","description":"کمتر است.","iscorrect":0},{"id":"3734","description":"برابر است.","iscorrect":0},{"id":"3735","description":"نمی توان تشخیص داد.","iscorrect":0}]},{"id":"983","description":"اعوجاج بشکه ای در کدامیک از انواع لنزها به چشم می خورد؟","answers":[{"id":"3736","description":"لنز نرمال","iscorrect":0},{"id":"3737","description":"لنز واید","iscorrect":1},{"id":"3738","description":"لنز تله فتو","iscorrect":0},{"id":"3739","description":"ارتباطی به نوع لنز ندارد.","iscorrect":0}]},{"id":"984","description":"فشردگی پرسپکتیو بیشتر در کدامیک از انواع لنز دیده می شود؟","answers":[{"id":"3740","description":"لنز نرمال","iscorrect":0},{"id":"3741","description":"لنز واید","iscorrect":0},{"id":"3742","description":"لنز تله فتو","iscorrect":1},{"id":"3743","description":"ارتباطی به نوع لنز ندارد.","iscorrect":0}]},{"id":"985","description":"در کدامیک از انواع لنز فضای بیشتری در مقابل دوربین دیده می شود؟","answers":[{"id":"3744","description":"لنز تله فتو","iscorrect":0},{"id":"3745","description":"لنز واید","iscorrect":1},{"id":"3746","description":"لنز نرمال","iscorrect":0},{"id":"3747","description":"ارتباطی به نوع لنز ندارد.","iscorrect":0}]},{"id":"986","description":"خطای وینیت (Vignette) چیست؟","answers":[{"id":"3748","description":"قوس در گوشه های کادر","iscorrect":0},{"id":"3749","description":"قوس در وسط کادر","iscorrect":0},{"id":"3750","description":"تیرگی در وسط کادر","iscorrect":0},{"id":"3751","description":"تیرگی در گوشه های کادر","iscorrect":1}]}]},{"score":"60","questions":[{"id":"987","description":"یک لنز نرمال در دوربین قطع کوچک (۲۴ در ۳۶) تقریبا برابر ۵۰mm است. اگر همین لنز در یک دوربین قطع بزرگ مورد استفاده قرار گیرد چه نوع لنزی محسوب می شود؟","answers":[{"id":"3752","description":"لنز نرمال","iscorrect":0},{"id":"3753","description":"لنز تله فتو","iscorrect":0},{"id":"3754","description":"لنز واید","iscorrect":1},{"id":"3755","description":"نمی توان تشخیص داد.","iscorrect":0}]},{"id":"988","description":"اعوجاج بالشتکی چیست و در چه نوع لنزی بیشتر مشاهده می شود؟","answers":[{"id":"3756","description":"ایجاد قوس در مرکز تصویر، در لنز واید","iscorrect":0},{"id":"3757","description":"ایجاد قوس در کناره های تصویر، لنز واید","iscorrect":0},{"id":"3758","description":"ایجاد قوس در مرکز تصویر، لنز تله فتو","iscorrect":1},{"id":"3759","description":"ایجاد قوس در کناره های تصویر، لنز تله فتو","iscorrect":0}]},{"id":"989","description":"در کدامیک از انواع لنز اشیا دورتر به نظر می رسند؟","answers":[{"id":"3760","description":"لنز واید","iscorrect":1},{"id":"3761","description":"لنز تله فتو","iscorrect":0},{"id":"3762","description":"لنز نرمال","iscorrect":0},{"id":"3763","description":"در لنز تله فتو و نرمال","iscorrect":0}]},{"id":"990","description":"در لنز واید:","answers":[{"id":"3764","description":"پرسپکتیو فشرده می شود.","iscorrect":0},{"id":"3765","description":"اشیا نزدیک تر به نظر می رسند.","iscorrect":0},{"id":"3766","description":"عمق میدان کمتر است.","iscorrect":0},{"id":"3767","description":"همگرایی خطوطی که به عمق می روند بیشتر است.","iscorrect":1}]},{"id":"991","description":"خطای کروماتیک در تصویر چیست؟","answers":[{"id":"3768","description":"ایجاد نقطه های رنگی در عکس","iscorrect":0},{"id":"3769","description":"ایجاد حاشیه های رنگی در لبه اشیا","iscorrect":1},{"id":"3770","description":"ایجاد نقاط تیره و روشن","iscorrect":0},{"id":"3771","description":"ایجاد انحنا در خطوط تصویر","iscorrect":0}]}]}]},{"name":"لنز- بخش سوم","id":"191","contentorder":"18","lesson_number":10,"type":0,"filename":"lesson191.html"},{"name":"لنز- بخش سوم","id":"342","contentorder":"19","type":1,"set":[{"score":"60","questions":[{"id":"992","description":"برای اینکه تا حد زیادی به موضوع نزدیک شویم و بزرگنمایی زیاد داشته باشیم، کدامیک از انواع لنز مناسب تر است؟","answers":[{"id":"3772","description":"لنز ماکرو","iscorrect":1},{"id":"3773","description":"لنز واید","iscorrect":0},{"id":"3774","description":"لنز تله فتو","iscorrect":0},{"id":"3775","description":"لنز نرمال","iscorrect":0}]},{"id":"993","description":"در لنز ماکرو ۲:۱، موضوع چند برابر بزرگتر از اندازه واقعی ثبت می شود؟","answers":[{"id":"3776","description":"چهار برابر کوچک تر","iscorrect":0},{"id":"3777","description":"چهار برابر بزرگ تر","iscorrect":0},{"id":"3778","description":"برابر با اندازه واقعی","iscorrect":0},{"id":"3779","description":"دو برابر بزرگ تر","iscorrect":1}]},{"id":"994","description":"بین دو لنز ماکرو یک به یک (۱:۱) با کدامیک از دو لنز با فاصله کانونی ۱۰۰ و ۲۰۰ می توان از فاصله بیشتر عکس گرفت در حالی که بزرگنمایی برابر باشد؟","answers":[{"id":"3780","description":"با لنز ۱۰۰","iscorrect":0},{"id":"3781","description":"با لنز ۲۰۰","iscorrect":1},{"id":"3782","description":"فاصله باید در هر دو لنز یکسان باشد.","iscorrect":0},{"id":"3783","description":"نمی توان تشخیص داد.","iscorrect":0}]},{"id":"995","description":"در کدامیک از تجهیزات زیر برای ماکرو گرافی (عکاسی ماکرو) افت نور وجود ندارد؟","answers":[{"id":"3784","description":"لنز ماکرو","iscorrect":0},{"id":"3785","description":"تله کانورتور","iscorrect":0},{"id":"3786","description":"تیوب ها و حلقه های افزاینده","iscorrect":1},{"id":"3787","description":"هیچکدام","iscorrect":0}]},{"id":"996","description":"در کدامیک از انواع لنز زیر زاویه دیدی برابر ۱۸۰ درجه وجود دارد؟","answers":[{"id":"3788","description":"لنز ماکرو","iscorrect":0},{"id":"3789","description":"لنز فیش آی","iscorrect":1},{"id":"3790","description":"لنز تله فوتو","iscorrect":0},{"id":"3791","description":"لنز نرمال","iscorrect":0}]}]},{"score":"60","questions":[{"id":"997","description":"در کدامیک از لنزهای ماکرو با مشخصات زیر اندازه موضوع روی صفحه حساس، بزرگتر از اندازه واقعی است؟","answers":[{"id":"3792","description":"۱:۱","iscorrect":0},{"id":"3793","description":"۲:۱","iscorrect":1},{"id":"3794","description":"۱:۴","iscorrect":0},{"id":"3795","description":"۱:۲","iscorrect":0}]},{"id":"998","description":"در کدامیک از انواع لنز می توان بیشتر به سوژه نزدیک شد و تصویر واضحی داشت؟","answers":[{"id":"3796","description":"لنز نرمال","iscorrect":0},{"id":"3797","description":"لنز تله فتو","iscorrect":0},{"id":"3798","description":"لنز ماکرو","iscorrect":1},{"id":"3799","description":"لنز زوم","iscorrect":0}]},{"id":"999","description":"کدامیک از موارد زیر در عکاسی ماکرو کاربرد ندارد؟","answers":[{"id":"3800","description":"استفاده از لنز فیش آی","iscorrect":1},{"id":"3801","description":"استفاده از لنز ماکرو","iscorrect":0},{"id":"3802","description":"استفاده از لنز برگردان","iscorrect":0},{"id":"3803","description":"استفاده از حلقه های افزاینده (تله کانورتور)","iscorrect":0}]},{"id":"1000","description":"در تله کانورتور 2X بزرگنمایی چند برابر می شود؟","answers":[{"id":"3804","description":"۴ برابر","iscorrect":0},{"id":"3805","description":"یک چهارم","iscorrect":0},{"id":"3806","description":"یک دوم","iscorrect":0},{"id":"3807","description":"دو برابر","iscorrect":1}]},{"id":"1001","description":"در لنز فیش آی کروی در کدامیک از جهات زاویه دید برابر ۱۸۰ درجه داریم؟","answers":[{"id":"3808","description":"فقط در راستای عمودی و افقی","iscorrect":0},{"id":"3809","description":"در هر سه راستا؛ عمودی، افقی و قطری","iscorrect":1},{"id":"3810","description":"در راستای افقی","iscorrect":0},{"id":"3811","description":"در راستای عمودی","iscorrect":0}]}]}]},{"name":"واضح سازی (Focus)","id":"192","contentorder":"20","lesson_number":11,"type":0,"filename":"lesson192.html"},{"name":"واضح سازی (Focus)","id":"336","contentorder":"21","type":1,"set":[{"score":"60","questions":[{"id":"962","description":"کدامیک از مولفه های زیر در زمینه واضح سازی نقش اساسی ایفا می کنند؟","answers":[{"id":"3652","description":"نوع صفحه حساس","iscorrect":0},{"id":"3653","description":"فاصله عدسی ها (لنز) با صفحه حساس","iscorrect":1},{"id":"3654","description":"موضوع عکاسی","iscorrect":0},{"id":"3655","description":"نوع دوربین","iscorrect":0}]},{"id":"963","description":"نزدیک ترین فاصله ای که اگر واضح سازی در آن انجام شود تا بینهایت تصویری واضح خواهیم داشت، چه نامیده می شود؟","answers":[{"id":"3656","description":"فاصله امن","iscorrect":0},{"id":"3657","description":"فاصله هایپر فوکال","iscorrect":1},{"id":"3658","description":"فاصله واضح سازی","iscorrect":0},{"id":"3659","description":"پلان واضح جلویی","iscorrect":0}]},{"id":"964","description":"از نقایص عمده سیستم اتوفوکوس غیر فعال چیست؟","answers":[{"id":"3660","description":"نمی تواند در فواصل زیاد واضح سازی را انجام دهد.","iscorrect":0},{"id":"3661","description":"نور مادون قرمز باعث ایجاد خطا در آن می شود.","iscorrect":0},{"id":"3662","description":"در جایی که تصویر از کنتراست کافی برخوردار نیست، این سیستم دچار خطا می شود.","iscorrect":1},{"id":"3663","description":"وجود مانعی مانند شیشه سیستم را مختل می کند.","iscorrect":0}]},{"id":"965","description":"مزیت سیستم اتوفوکوس USM چیست؟","answers":[{"id":"3664","description":"تعداد نقاط اتوفوکوس بالا","iscorrect":0},{"id":"3665","description":"برد فوکوس","iscorrect":0},{"id":"3666","description":"سادگی عملکرد و برد فوکوس","iscorrect":0},{"id":"3667","description":"سرعت زیاد عملیات فوکوس و صدای کم","iscorrect":1}]},{"id":"966","description":"اگر موضوع روی نقاط اتوفوکوس نبود، برای جلوگیری از خطای سیستم اتوفوکوس از چه فرآیندی می توان استفاده کرد؟","answers":[{"id":"3668","description":"می توان نقطه اتوفوکوس را روی موضوع قرار داد، با نیمه نگاه داشتن شاتر، فوکوس را قفل کرد و سپس کادربندی مورد نظر را انجام داد.","iscorrect":1},{"id":"3669","description":"از سیستم AF Assist Beam استفاده کرد.","iscorrect":0},{"id":"3670","description":"نمی توان از سیستم اتوفوکوس استفاده کرد.","iscorrect":0},{"id":"3671","description":"اتوفوکوس را روی بخش دیگری انجام می دهیم.","iscorrect":0}]}]},{"score":"60","questions":[{"id":"967","description":"عمل فوکوس چیست؟","answers":[{"id":"3672","description":"انجام عمل واضح سازی در بخش خاصی از تصویر","iscorrect":1},{"id":"3673","description":"نشانه روی به سمت سوژه","iscorrect":0},{"id":"3674","description":"نورسنجی روی بخش خاصی از کادر","iscorrect":0},{"id":"3675","description":"زوم کردن روی بخشی از کادر","iscorrect":0}]},{"id":"968","description":"اگر در نقطه هایپر فوکال عمل واضح سازی انجام گیرد، میزان عمق میدان چه قدر خواهد بود؟","answers":[{"id":"3676","description":"از محل دوربین تا بینهایت","iscorrect":0},{"id":"3677","description":"از محل دوربین تا نیمه فاصله هایپر فوکال","iscorrect":0},{"id":"3678","description":"از نیمه فاصله هایپر فوکال تا بینهایت","iscorrect":1},{"id":"3679","description":"از نقطه هایپر فوکال تا بینهایت","iscorrect":0}]},{"id":"969","description":"کدامیک از موارد زیر از نقایص سیستم اتوفوکوس فعال نیست؟","answers":[{"id":"3680","description":"خطا در اثر بازگشت امواج صوتی","iscorrect":0},{"id":"3681","description":"خطا در اثر تاریکی","iscorrect":1},{"id":"3682","description":"خطا در اثر متصاعد شدن امواج مادون قرمز","iscorrect":0},{"id":"3683","description":"وجود مانعی مانند شیشه","iscorrect":0}]},{"id":"970","description":"عمل موتورهای مافوق صوت (USM) چیست؟","answers":[{"id":"3684","description":"با ارسال امواج مافوق صوت، فاصله موضوع تا دوربین را تخمین می زند.","iscorrect":0},{"id":"3685","description":"با شناسایی فرکانس های صوتی، اقدام به واضح سازی می کند.","iscorrect":0},{"id":"3686","description":"با استفاده از امواج مافوق صوت، موتور اتوفوکوس را به حرکت در آورده و فاصله قطعات اپتیکی را تنظیم می کند.","iscorrect":1},{"id":"3687","description":"امواج مافوق صوت اضافی را جهت جلوگیری از خطاها حذف می کند.","iscorrect":0}]},{"id":"971","description":"قفل اتوفوکوس در کدامیک از موارد زیر کاربرد دارد؟","answers":[{"id":"3688","description":"باعث رفع گیر در فرآیند اتوفوکوس می شود.","iscorrect":0},{"id":"3689","description":"سرعت فوکوس را زیاد می کند.","iscorrect":0},{"id":"3690","description":"تاثیری در فرآیند واضح سازی ندارد.","iscorrect":0},{"id":"3691","description":"در زمانی که موضوع روی نقاط اتوفوکوس نباشد.","iscorrect":1}]}]}]},{"name":"فلش (Flash)","id":"193","contentorder":"22","lesson_number":12,"type":0,"filename":"lesson193.html"},{"name":"فلش (Flash)","id":"334","contentorder":"23","type":1,"set":[{"score":"60","questions":[{"id":"952","description":"برای عکاسی از یک موضوع، سرعت ۱۲۵ مورد نیاز است. سرعت همزمانی فلش مناسب کدامیک از موارد زیر است؟","answers":[{"id":"3612","description":"۶۰","iscorrect":0},{"id":"3613","description":"۲۵۰","iscorrect":1},{"id":"3614","description":"۳۰","iscorrect":0},{"id":"3615","description":"۱۵","iscorrect":0}]},{"id":"953","description":"عدد راهنما در یک فلش برابر ۱۲ است. با حساسیت ۱۰۰ و در فاصله ۶ متری، عدد مناسب دیافراگم چند است؟","answers":[{"id":"3616","description":"۶","iscorrect":0},{"id":"3617","description":"۱۲","iscorrect":0},{"id":"3618","description":"۲","iscorrect":1},{"id":"3619","description":"۴","iscorrect":0}]},{"id":"954","description":"برای نرم تر کردن نور و سایه های حاصل از فلش، استفاده از کدامیک از موارد زیر می تواند مفید باشد؟","answers":[{"id":"3620","description":"دیفیوزر","iscorrect":1},{"id":"3621","description":"فلش قوی تر","iscorrect":0},{"id":"3622","description":"فلش دوقلو","iscorrect":0},{"id":"3623","description":"فلش بیرونی","iscorrect":0}]},{"id":"955","description":"فلش رینگ در کدامیک از گرایش های زیر کاربرد بیشتری دارد؟","answers":[{"id":"3624","description":"عکاسی منظره","iscorrect":0},{"id":"3625","description":"عکاسی نجوم","iscorrect":0},{"id":"3626","description":"عکاسی ماکرو","iscorrect":1},{"id":"3627","description":"عکاسی معماری","iscorrect":0}]},{"id":"956","description":"کاربرد فلش متر چیست؟","answers":[{"id":"3628","description":"تعیین فاصله سوژه تا فلش","iscorrect":0},{"id":"3629","description":"تعیین قدرت تخلیه فلش","iscorrect":0},{"id":"3630","description":"تعیین سرعت همزمانی دوربین","iscorrect":0},{"id":"3631","description":"قرائت دقیق نور روی موضوع در زمان تخلیه فلش","iscorrect":1}]}]},{"score":"60","questions":[{"id":"3215","description":"کدامیک از موارد زیر از کاستی های اصلی فلش سرخود دوربین نسبت به فلش های بیرونی نیست؟","answers":[{"id":"12178","description":"قدرت کمتر","iscorrect":0},{"id":"12179","description":"وزن کمتر","iscorrect":1},{"id":"12180","description":"نزدیکی زیاد به لنز","iscorrect":0},{"id":"12181","description":"عدم امکان تغییر جهت","iscorrect":0}]},{"id":"3216","description":"اگر در یک دوربین، سرعت همزمانی با فلش برابر ۲۵۰ باشد از کدامیک از سرعت های زیر، نمی توان برای ثبت کامل تصویر استفاده کرد؟","answers":[{"id":"12182","description":"۱۲۵","iscorrect":0},{"id":"12183","description":"۶۰","iscorrect":0},{"id":"12184","description":"۳۰","iscorrect":0},{"id":"12185","description":"۵۰۰","iscorrect":1}]},{"id":"3217","description":"عدد راهنما در یک فلش، برابر با ۱۶ است. اگر موضوع در فاصله ۴ متری باشد و حساسیت فیلم ۱۰۰ باشد، کدامیک از اعداد زیر برای دیافراگم مناسب است؟","answers":[{"id":"12186","description":"۱.۴","iscorrect":0},{"id":"12187","description":"۲.۸","iscorrect":0},{"id":"12188","description":"۴","iscorrect":1},{"id":"12189","description":"۱۶","iscorrect":0}]},{"id":"3218","description":"برای جلوگیری از تخت شدن موضوع، ناشی از تخلیه مستقیم نور فلش، کدامیک از موارد زیر مفید است؟","answers":[{"id":"12190","description":"استفاده از تابش انعکاسی فلاش","iscorrect":1},{"id":"12191","description":"استفاده از دیفیوزرها","iscorrect":0},{"id":"12192","description":"استفاده از فلش های قوی تر","iscorrect":0},{"id":"12193","description":"تغییر زاویه عکاس نسبت به موضوع","iscorrect":0}]},{"id":"3219","description":"کدامیک از موارد زیر، از کاربردهای اصلی استفاده از فلش های دوقلو است؟","answers":[{"id":"12194","description":"عکاسی منظره","iscorrect":0},{"id":"12195","description":"عکاسی نجوم","iscorrect":0},{"id":"12196","description":"عکاسی ماکرو","iscorrect":1},{"id":"12197","description":"عکاسی معماری","iscorrect":0}]}]}]},{"name":"فیلترها","id":"194","contentorder":"24","lesson_number":13,"type":0,"filename":"lesson194.html"},{"name":"فیلترها","id":"332","contentorder":"25","type":1,"set":[{"score":"60","questions":[{"id":"942","description":"کاربرد فیلتر UV چیست؟","answers":[{"id":"3572","description":"اصلاح رنگ","iscorrect":0},{"id":"3573","description":"بهبود کنتراست در نور کم","iscorrect":0},{"id":"3574","description":"کاهش اشعه فرابنفش و محافظت از لنز","iscorrect":1},{"id":"3575","description":"افزایش بزرگنمایی","iscorrect":0}]},{"id":"943","description":"اگر از فیلتر ND 8 استفاده شود، به چه میزان افت استاپ در دیافراگم یا سرعت خواهیم داشت؟","answers":[{"id":"3576","description":"۸ استاپ","iscorrect":0},{"id":"3577","description":"۱۶ استاپ","iscorrect":0},{"id":"3578","description":"۳ استاپ","iscorrect":1},{"id":"3579","description":"۴ استاپ","iscorrect":0}]},{"id":"944","description":"کدامیک از فیلترهای زیر برای حذف نورهای بازتابنده و یا تیره تر کردن آبی آسمان مورد استفاده قرار می گیرند؟","answers":[{"id":"3580","description":"فیلتر پولاریزر","iscorrect":1},{"id":"3581","description":"فیلتر Sky Light","iscorrect":0},{"id":"3582","description":"فیلتر اصلاح رنگ","iscorrect":0},{"id":"3583","description":"فیلتر بهبود کنتراست","iscorrect":0}]},{"id":"945","description":"برای تیره تر کردن رنگ آسمان در عکاسی سیاه و سفید، از کدام یک از فیلترهای زیر می توان استفاده کرد؟","answers":[{"id":"3584","description":"فیلتر اصلاح رنگ آبی","iscorrect":0},{"id":"3585","description":"فیلتر بهبود کنتراست آبی","iscorrect":0},{"id":"3586","description":"فیلتر UV","iscorrect":0},{"id":"3587","description":"فیلتر بهبود کنتراست قرمز","iscorrect":1}]},{"id":"946","description":"کاربرد اصلی فیلتر Sky Light چیست؟","answers":[{"id":"3588","description":"تیره تر کردن رنگ آسمان","iscorrect":0},{"id":"3589","description":"کاهش طیف خفیف آبی در نور (مانند نور صبحگاهی) و گرم تر کردن تُن ها","iscorrect":1},{"id":"3590","description":"جذب پرتوهای مزاحم نور محیط","iscorrect":0},{"id":"3591","description":"اصلاح کنتراست در نور آسمان","iscorrect":0}]}]},{"score":"60","questions":[{"id":"947","description":"برای جلوگیری از مات شدگی حاصل از پرتو فرابنفش از چه فیلتری استفاده می شود؟","answers":[{"id":"3592","description":"Sky Light","iscorrect":0},{"id":"3593","description":"بهبود کنتراست","iscorrect":0},{"id":"3594","description":"پولاریزر","iscorrect":0},{"id":"3595","description":"UV","iscorrect":1}]},{"id":"948","description":"برای اینکه بتوان به میزان ۲ استاپ دیافراگم را بست، کدام فیلتر زیر مناسب است؟","answers":[{"id":"3596","description":"ND 2","iscorrect":0},{"id":"3597","description":"ND 4","iscorrect":1},{"id":"3598","description":"ND 8","iscorrect":0},{"id":"3599","description":"دو فیلتر ND 4 بر روی هم","iscorrect":0}]},{"id":"949","description":"استفاده فیلتر پولاریزر در کدامیک از سطوح زیر بی تاثیر است؟","answers":[{"id":"3600","description":"شیشه","iscorrect":0},{"id":"3601","description":"فلز","iscorrect":1},{"id":"3602","description":"آب","iscorrect":0},{"id":"3603","description":"تلق های شفاف","iscorrect":0}]},{"id":"950","description":"برای خنثی سازی نورهای زرد محیطی (مثلا نور لامپ های تانگستن) از چه فیلتری می توان استفاده کرد؟","answers":[{"id":"3604","description":"فیلتر بهبود کنتراست، زرد رنگ","iscorrect":0},{"id":"3605","description":"فیلتر اصلاح رنگ، زرد رنگ","iscorrect":0},{"id":"3606","description":"فیلتر بهبود کنتراست، آبی رنگ","iscorrect":0},{"id":"3607","description":"فیلتر اصلاح رنگ، آبی رنگ","iscorrect":1}]},{"id":"951","description":"اگر از یک سوژه به رنگ آبی و قرمز بخواهیم عکس سیاه و سفید تهیه کنیم، برای اینکه بخش های آبی روشن تر ثبت شوند از چه فیلتری می توان استفاده کرد؟","answers":[{"id":"3608","description":"فیلتر بهبود کنتراست، قرمز","iscorrect":0},{"id":"3609","description":"فیلتر اصلاح رنگ، قرمز","iscorrect":0},{"id":"3610","description":"فیلتر بهبود کنتراست، آبی","iscorrect":1},{"id":"3611","description":"فیلتر اصلاح رنگ، زرد","iscorrect":0}]}]}]}]}