{"courseId":"84","contents":[{"name":"درس اول- آشنایی با مفاهیم اولیه بازارهای مالی، معامله و انواع تحلیل","id":"659","contentorder":"1","lesson_number":1,"type":0,"filename":"lesson659.html"},{"name":"آشنایی با مفاهیم اولیه بازارهای مالی، معامله و انواع تحلیل","id":"1114","contentorder":"2","type":1,"set":[{"score":"50","questions":[{"id":"4684","description":"کدام یک از این موارد در رابطه با معاملات آتی صحیح است؟","answers":[{"id":"17872","description":"قرارداد آتی مربوط به معامله یک دارایی در آینده است که قیمت آن در زمان تحویل تعیین خواهد شد.","iscorrect":0},{"id":"17873","description":"قرارداد آتی مربوط به معامله یک دارایی در زمان آینده و با قیمت مشخص در زمان حال است.","iscorrect":1},{"id":"17874","description":"ویژگی‌های کالایی که در سر رسید تحویل می‌شود در آینده مورد توافق قرار خواهد گرفت.","iscorrect":0},{"id":"17875","description":"هیچ یک از طرفین نمی‌توانند شخص ثالثی را در معامله جایگزین خود نمایند.","iscorrect":0}]},{"id":"4685","description":"در تحلیل بنیادی کدام یک از موارد زیر مورد بررسی قرار می‌گیرد؟","answers":[{"id":"17876","description":"وقایع اقتصادی مرتبط با دارایی مورد نظر و سایر موارد مؤثر بر عرضه و تقاضا","iscorrect":1},{"id":"17877","description":"وقایع اجتماعی و سیاسی مؤثر بر عرضه و تقاضای هر دارایی","iscorrect":0},{"id":"17878","description":"میزان عرضه صورت گرفته برای یک کالا یا دارایی","iscorrect":0},{"id":"17879","description":"میزان تقاضای موجود برای کالا یا دارایی","iscorrect":0}]},{"id":"4686","description":"معامله‌گران بر اساس کدام اصل یا اصول به معامله بر اساس نمودارها می‌پردازند؟","answers":[{"id":"17880","description":"نمود یافتن تمام اطلاعات بازار در «قیمت»","iscorrect":0},{"id":"17881","description":"اصل تکرار تاریخ","iscorrect":0},{"id":"17882","description":"اصل تکمیل یک الگو پس از شروع آن","iscorrect":0},{"id":"17883","description":"موارد ۱ و ۲","iscorrect":1}]},{"id":"4687","description":"کدام مورد درباره بازارهای مالی صحیح است؟","answers":[{"id":"17884","description":"هزینه تبادل در این بازارها بالا است.","iscorrect":0},{"id":"17885","description":"در این بازارها تنها اقلام مالی مبادله می‌شود.","iscorrect":0},{"id":"17886","description":"هدف از تشکیل این بازارها رسانیدن وجوه اضافی از پس انداز کنندگان به افراد و نهادهایی است که قصد دارند بیش از درآمد خود هزینه کنند.","iscorrect":1},{"id":"17887","description":"مورد ۲ و ۳","iscorrect":0}]}]},{"score":"50","questions":[{"id":"4688","description":"کدام مورد درباره بازارهای مالی صحیح است؟","answers":[{"id":"17888","description":"در این بازارها تنها اقلام مالی مبادله می شود.","iscorrect":0},{"id":"17889","description":"هزینه تبادل در این بازارها بالا است.","iscorrect":0},{"id":"17890","description":"هدف از تشکیل این بازارها رسانیدن وجوه اضافی از پس انداز کنندگان به افراد و نهادهایی است که قصد دارند بیش از درآمد خود هزینه کنند.","iscorrect":1},{"id":"17891","description":"مورد ۱ و ۳","iscorrect":0}]},{"id":"4689","description":"طلا در کدام یکی از دسته بندی‌های زیر بر اساس اقلام مورد مبادله می‌گنجد؟","answers":[{"id":"17892","description":"بازار سهام","iscorrect":0},{"id":"17893","description":"بازار کالاها","iscorrect":1},{"id":"17894","description":"بازار اوراق قرضه","iscorrect":0},{"id":"17895","description":"بازار مبادلات ارز","iscorrect":0}]},{"id":"4690","description":"تفاوت قرارداد سلف با قرارداد آتی در چیست؟","answers":[{"id":"17896","description":"زمان تعیین قیمت","iscorrect":0},{"id":"17897","description":"سر رسید","iscorrect":0},{"id":"17898","description":"ویژگیهای اقلام مورد معامله","iscorrect":0},{"id":"17899","description":"بازاری که معامله در آن انجام می‌شود.","iscorrect":1}]},{"id":"4691","description":"در کدام معاملات کارمزدهای بالاتری در نظر گرفته می‌شود؟","answers":[{"id":"17900","description":"معاملات آتی","iscorrect":0},{"id":"17901","description":"معاملات سلف","iscorrect":0},{"id":"17902","description":"معاملات آنی","iscorrect":0},{"id":"17903","description":"معاملات اختیار خرید","iscorrect":1}]}]}]},{"name":"درس دوم- مدیریت سرمایه","id":"660","contentorder":"3","lesson_number":2,"type":0,"filename":"lesson660.html"},{"name":"درس سوم- انواع نمودار، و انواع تایم فریم","id":"661","contentorder":"4","lesson_number":3,"type":0,"filename":"lesson661.html"},{"name":"انواع نمودار، و انواع تایم فریم","id":"1122","contentorder":"5","type":1,"set":[{"score":"60","questions":[{"id":"4705","description":"کدام یک از موارد زیر، از مشخصات نمودار خطی نیست؟","answers":[{"id":"17950","description":"نمودار خطی قادر به نشان دادن هر یک از قیمت‌های مورد نظر می‌باشد ولی به طور جداگانه.","iscorrect":0},{"id":"17951","description":"در نمودار خطی میتوان روند کلی تغییرات قیمت را مشاهده کرد.","iscorrect":0},{"id":"17952","description":"نمودار خطی در تمام تایم فریمها قابل اِعمال است.","iscorrect":0},{"id":"17953","description":"نمودار خطی بیشترین اطلاعات را نسبت به سایر نمودارها در خود دارد.","iscorrect":1}]},{"id":"4706","description":"تفاوت نمودار میله‌ای و شمعی در چیست؟","answers":[{"id":"17954","description":"نمودار شمعی اطلاعات بیشتری را در خود جای می‌دهد.","iscorrect":0},{"id":"17955","description":"نمودار میله‌ای اطلاعات بیشتری را در خود دارد.","iscorrect":0},{"id":"17956","description":"نمودار شمعی به خاطر شکل ترسیمی آن قابل فهم تر و از این رو عمومیت یافته تر است.","iscorrect":1},{"id":"17957","description":"این دو نمودار هیچ تفاوتی با هم ندارند.","iscorrect":0}]},{"id":"4707","description":"کدام نوع نمودار خطی موثق تر است؟","answers":[{"id":"17958","description":"نمودار خطی بر مبنای قیمت گشایش","iscorrect":0},{"id":"17959","description":"نمودار خطی بر مبنای میانگین قیمت","iscorrect":0},{"id":"17960","description":"نمودار خطی بر مبنای قیمت خاتمه","iscorrect":1},{"id":"17961","description":"نمودار خطی بر مبنای سقف قیمت","iscorrect":0}]}]},{"score":"60","questions":[{"id":"4708","description":"تایم فریم یا بازه زمانی چیست؟","answers":[{"id":"17962","description":"عرض یا گستره زمانی داده‌های موجود در یک نمودار.","iscorrect":0},{"id":"17963","description":"گستره زمانی مشخصی که در آن قیمت‌های تعیین کننده مثل قیمت گشایش و خاتمه، در اجزا نمودار یعنی شمع‌ها یا میله‌ها ثبت می‌شوند.","iscorrect":1},{"id":"17964","description":"در یک نمودار شمعی، هر شمع برابر با یک تایم فریم است.","iscorrect":0}]},{"id":"4709","description":"در چه شرایطی یک شمع شبیه به میله می‌شود؟","answers":[{"id":"17965","description":"قیمت گشایش و خاتمه بر هم منطبق باشند.","iscorrect":0},{"id":"17966","description":"قیمت گشایش و سقف بر هم منطبق باشند.","iscorrect":0},{"id":"17967","description":"قیمت گشایش، خاتمه، سقف و کف بر هم منطبق باشند.","iscorrect":0},{"id":"17968","description":"موارد ۱ و ۳","iscorrect":1}]},{"id":"4710","description":"کدام یک از موارد زیر صحیح نیست؟","answers":[{"id":"17969","description":"در یک نمودار خطی که بر اساس قیمت‌های آغازین تایم فریم رسم شده، نقاط بر روی قیمت‌های مشابه در نمودار میله‌ای یا شمعی منطبق هستند.","iscorrect":0},{"id":"17970","description":"در یک نمودار میله‌ای بر اساس میانگین قیمت‌ها، تمام نقاط منطبق بر نمودار شمعی هستند.","iscorrect":1},{"id":"17971","description":"در یک نمودار خطی که بر اساس میانگین قیمت‌های مهم روزانه رسم شده، نقاط در دامنهٔ میله‌ها و شمع‌های مشابه قرار می‌گیرند.","iscorrect":0}]}]}]},{"name":"درس چهارم- سطوح حمایت و مقاومت","id":"662","contentorder":"7","lesson_number":4,"type":0,"filename":"lesson662.html"},{"name":"سطوح حمایت و مقاومت","id":"1118","contentorder":"8","type":1,"set":[{"score":"50","questions":[{"id":"4698","description":"اگر در یک روند صعودی باشیم، کدام یک از موارد زیر صحیح است؟","answers":[{"id":"17928","description":"سطوحی که در مقابل روند قرار دارند حمایت و سطوح پشت آن مقاومت هستند.","iscorrect":0},{"id":"17929","description":"سطوحی که در مقابل روند هستند مقاومت و سطوح پشت آن حمایت هستند.","iscorrect":0},{"id":"17930","description":"هر سطح با توجه به عکس العمل قیمت نسبت به آن، ایفای نقش می‌کند.","iscorrect":0},{"id":"17931","description":"گزینه ۲ و ۳","iscorrect":1}]},{"id":"4699","description":"پس از شکسته شدن یک سطح حمایت یا مقاومت، بهترین تصمیم معاملاتی چیست؟","answers":[{"id":"17932","description":"ورود بلافاصله به معامله در جهتی که شکستن اتفاق افتاده.","iscorrect":0},{"id":"17933","description":"صبر برای بازگشت قیمت به موقعیت \"قبل\" از شکستن سطح و سپس ورود به معامله.","iscorrect":0},{"id":"17934","description":"وارد نشدن به معامله تا زمانی که قیمت فاصله زیادی از سطح مورد نظر بگیرد.","iscorrect":0},{"id":"17935","description":"صبر برای تأیید شکسته شدن سطح مورد نظر توسط رفتار بعدی قیمت.","iscorrect":1}]},{"id":"4700","description":"کدام یک از موارد زیر نشانگر یک سطح حمایت یا مقاومت قویتر است؟","answers":[{"id":"17936","description":"سطحی که قیمت در یک روز اخیر ۲ بار به آن واکنش نشان داده.","iscorrect":0},{"id":"17937","description":"سطحی که قیمت در ۴ ماه گذشته موفق به عبور از آن نشده و ۳ بار به آن واکنش نشان داده.","iscorrect":1},{"id":"17938","description":"سطحی که پس از شکسته شدن توسط قیمت، ۲ بار در قالب «تعویض نقش» عمل کرده.","iscorrect":0},{"id":"17939","description":"یک قیمت رُند که بازار هرگز طول تاریخ آن را تجربه نکرده.","iscorrect":0}]},{"id":"4701","description":"تکنیک تعویض نقش یعنی:","answers":[{"id":"17940","description":"هر خط در آن واحد می‌تواند دو نقش ایفا کند.","iscorrect":0},{"id":"17941","description":"هر خط پس از شکسته شدن، دیگر کاربردی نخواهد داشت تا زمانی که قیمت به موقعیت قبل از شکستن آن باز گردد.","iscorrect":0},{"id":"17942","description":"هر خط مقاومتی پس از شکست در نقش حمایت ظاهر می‌شود.","iscorrect":0},{"id":"17943","description":"هر خطی که دارای ماهیت حمایت یا مقاومت باشد، می‌تواند پس از شکسته شدن نقشی بر عکس را ایفا کند.","iscorrect":1}]}]},{"score":"50","questions":[{"id":"4711","description":"کدام یک از موارد زیر نشانگر یک سطح حمایت یا مقاومت قویتر است؟","answers":[{"id":"17972","description":"سطحی که قیمت در یک روز اخیر ۲ بار به آن واکنش نشان داده.","iscorrect":0},{"id":"17973","description":"سطحی که قیمت در ۴ ماه گذشته موفق به عبور از آن نشده و ۳ بار به آن واکنش نشان داده.","iscorrect":1},{"id":"17974","description":"سطحی که پس از شکسته شدن توسط قیمت، ۲ بار در قالب «تعویض نقش» عمل کرده.","iscorrect":0},{"id":"17975","description":"یک قیمت رُند که بازار هرگز طول تاریخ آن را تجربه نکرده.","iscorrect":0}]},{"id":"4712","description":"چنانچه قیمت یک خط مقاومت را بشکند، ولی در ورای آن متوقف شده و به موقعیت اول نسبت به آن خط بازگردد:","answers":[{"id":"17976","description":"خط دومی در محل توقف جدید رسم می‌کنیم و خط قبلی را نادیده می‌گیریم.","iscorrect":0},{"id":"17977","description":"همچنان خط اول به عنوان مقاومت اصلی در نظر گرفته می‌شود.","iscorrect":0},{"id":"17978","description":"خط دوم در محل توقف جدید، به عنوان مقاومت اصلی در نظر گرفته می‌شود.","iscorrect":0},{"id":"17979","description":"یک منطقه مقاومتِ دارای عمق، بین خط اول و موقعیت توقف جدید تشکیل شده است.","iscorrect":1}]},{"id":"4713","description":"چنانچه یک خط مقاومت شکسته شد و وظیفه تعویض نقش خود را نیز ایفا کرد، ولی بعدها قیمت آن را شکست و به موقعیت اولیه باز گشت:","answers":[{"id":"17980","description":"باید با توجه به رفتار قیمت در پیرامون آن تصمیم گیری کرد.","iscorrect":0},{"id":"17981","description":"آن خط مجدداً نقش اولیه خود را بازی می‌کند.","iscorrect":0},{"id":"17982","description":"باید منتظر وقوع تکنیک تعویض نقش برای بار دوم بود.","iscorrect":0},{"id":"17983","description":"آن خط دیگر کارکردی به عنوان حمایت یا مقاومت ندارد.","iscorrect":1}]},{"id":"4714","description":"اگر یک خط مدت‌های مدید پا برجا بماند، در اولین مواجهه قیمت:","answers":[{"id":"17984","description":"به احتمال زیاد پا بر جا خواهد ماند.","iscorrect":0},{"id":"17985","description":"به راحتی شکسته خواهد شد.","iscorrect":0},{"id":"17986","description":"احتمال هر رویدادی وجود دارد ولی کار یک تحلیلگر، پیش بینی قطعی وقایع آینده نیست.","iscorrect":1}]}]}]},{"name":"درس پنجم- روند و خطوط روند","id":"663","contentorder":"9","lesson_number":5,"type":0,"filename":"lesson663.html"},{"name":"روند و خطوط روند","id":"1125","contentorder":"10","type":1,"set":[{"score":"60","questions":[{"id":"4715","description":"یک روند نزولی قوی عبارت است از:","answers":[{"id":"17987","description":"روندی که هر بار کف‌های پایین‌تری در نمودار ثبت کند.","iscorrect":0},{"id":"17988","description":"روندی که فاصله زمانی میان کف‌های آن کم باشد.","iscorrect":0},{"id":"17989","description":"روندی که به طور پیاپی کف‌ها و سقف‌های پایین‌تری ثبت کند.","iscorrect":1},{"id":"17990","description":"روندی که فاصله زمانی بین کف‌ها کمتر از فاصله زمانی بین سقف‌ها باشد.","iscorrect":0}]},{"id":"4716","description":"یک روند با شیب تند:","answers":[{"id":"17991","description":"روندی است که انتظار می‌رود برای مدتی طولانی برقرار بماند.","iscorrect":0},{"id":"17992","description":"روندی است که در زمان‌های هیجانی بازار شکل می‌گیرد.","iscorrect":0},{"id":"17993","description":"روندی است که به زودی شیب آن اصلاح می‌شود.","iscorrect":0},{"id":"17994","description":"گزینه ۲ و ۳","iscorrect":1}]},{"id":"4717","description":"کدام مورد در باره رسم کانال صحیح است:","answers":[{"id":"17995","description":"همیشه ابتدا خط کانال رسم می‌گردد.","iscorrect":0},{"id":"17996","description":"خط کانال و خط روند به طور همزمان رسم می‌شوند.","iscorrect":0},{"id":"17997","description":"همیشه ابتدا خط روند رسم می‌شود و سپس خط کانال.","iscorrect":1},{"id":"17998","description":"رسم خط روند و خط کانال می‌تواند پس و پیش انجام بگیرد.","iscorrect":0}]}]},{"score":"60","questions":[{"id":"4718","description":"ماهیت خط کانال در یک روند صعودی چیست؟","answers":[{"id":"17999","description":"حمایت","iscorrect":0},{"id":"18000","description":"مقاومت","iscorrect":1},{"id":"18001","description":"نمی‌توان نقش حمایتی یا مقاومتی برای آن قائل شد.","iscorrect":0}]},{"id":"4719","description":"یک روند صعودی قوی عبارت است از:","answers":[{"id":"18002","description":"روندی که هر بار سقف‌های بالاتری در نمودار ثبت کند.","iscorrect":0},{"id":"18003","description":"روندی که فاصله زمانی میان سقف‌های آن کم باشد.","iscorrect":0},{"id":"18004","description":"روندی که به طور پیاپی سقف‌ها و کف‌های بالاتری ثبت کند.","iscorrect":1},{"id":"18005","description":"روندی که فاصله زمانی بین سقف‌ها کمتر از فاصله زمانی بین کف‌ها باشد.","iscorrect":0}]},{"id":"4720","description":"خط کانال به عنوان چه چیزی می‌تواند مورد توجه قرار بگیرد؟","answers":[{"id":"18006","description":"حد سود","iscorrect":1},{"id":"18007","description":"حد ضرر","iscorrect":0},{"id":"18008","description":"نقطه ورود به معامله","iscorrect":0}]}]}]},{"name":"درس ششم- پیوُت و کاماریلا","id":"664","contentorder":"11","lesson_number":6,"type":0,"filename":"lesson664.html"},{"name":"درس هفتم- میانگین های متحرک و کاربرد آنها در تحلیل","id":"665","contentorder":"12","lesson_number":7,"type":0,"filename":"lesson665.html"},{"name":"میانگین های متحرک و کاربرد آنها در تحلیل","id":"1127","contentorder":"13","type":1,"set":[{"score":"50","questions":[{"id":"4721","description":"کدامیک در مورد میانگین‌های متحرک صحیح نیست؟","answers":[{"id":"18009","description":"میانگین متحرک همیشه از قیمت جاری در بازار عقب است زیرا مجموعه داده‌های بازه‌های زمانی قبل را در خود منعکس می‌کند.","iscorrect":0},{"id":"18010","description":"میانگین متحرک به عنوان یک سطح حساس بیشتر نقش مقاومت را بازی می‌کند.","iscorrect":1},{"id":"18011","description":"در محاسبه میانگین متحرک داده‌های زمانی مختلف باید هم جنس باشند.","iscorrect":0},{"id":"18012","description":"میانگین‌های متحرک می‌توانند در تمام تایم فریم‌ها استفاده شوند.","iscorrect":0}]},{"id":"4722","description":"در کل، میانگین متحرک ساده رفتار قیمت را واقعی‌تر در خود نشان می‌دهد یا میانگین متحرک نمایی؟","answers":[{"id":"18013","description":"میانگین متحرک نمایی","iscorrect":1},{"id":"18014","description":"میانگین متحرک ساده","iscorrect":0},{"id":"18015","description":"بستگی به تعداد دورههای زمانی دارد.","iscorrect":0}]},{"id":"4723","description":"کدام یک بیشترین کاربرد را در تحلیل‌ها دارد؟","answers":[{"id":"18016","description":"میانگین متحرک با تعداد دوره‌های زمانی زیاد دارد.","iscorrect":0},{"id":"18017","description":"میانگین متحرک در تایم فریم پایین دارد.","iscorrect":0},{"id":"18018","description":"میانگین متحرک با دوره‌های زمانی معقول و متعادل دارد.","iscorrect":1},{"id":"18019","description":"میانگین متحرک در تایم فریم بالا دارد.","iscorrect":0}]},{"id":"4724","description":"کدام یک از موارد زیر، از معایب اختصاصی میانگین متحرک ساده است:","answers":[{"id":"18020","description":"در تایم فریم‌های خیلی پایین کارایی آن پر نوسان و همراه با سیگنال‌های خطا است.","iscorrect":0},{"id":"18021","description":"چنانچه داده‌های متعدد یا کم شمار در محاسبه آن استفاده شود، چندان به کار نخواهد آمد.","iscorrect":0},{"id":"18022","description":"عملکرد کند آن می‌تواند باعث ورود دیر هنگام و تأخیری به معاملات و از دست رفتن بخشی از سود شود.","iscorrect":1},{"id":"18023","description":"هیچ کدام","iscorrect":0}]},{"id":"4725","description":"کدام یک از این موارد، از معایب اختصاصی میانگین متحرک نمایی است:","answers":[{"id":"18024","description":"عملکرد آن کند است و باعث از دست رفتن فرصت‌های معاملاتی می‌شود.","iscorrect":0},{"id":"18025","description":"محاسبه آن پیچیده است و به نسبت میانگین متحرک ساده تاخیری تر است.","iscorrect":0},{"id":"18026","description":"به علت هماهنگی سریع‌تر با تغییرات قیمت و نوسان‌های تند، امکان صادر شدن سیگنال‌های اشتباه از آن بالاتر است.","iscorrect":1},{"id":"18027","description":"هیچ کدام","iscorrect":0}]}]},{"score":"50","questions":[{"id":"4726","description":"کدام یک بیشترین کاربرد را در تحلیل‌ها دارد؟","answers":[{"id":"18028","description":"میانگین متحرک با تعداد دوره‌های زمانی زیاد دارد.","iscorrect":0},{"id":"18029","description":"میانگین متحرک در تایم فریم پایین دارد.","iscorrect":0},{"id":"18030","description":"میانگین متحرک با دوره‌های زمانی معقول و متعادل دارد.","iscorrect":1},{"id":"18031","description":"میانگین متحرک در تایم فریم بالا دارد.","iscorrect":0}]},{"id":"4727","description":"زمانی که میانگین متحرک صعودی است:","answers":[{"id":"18032","description":"می‌توان جهت قیمت در آن تایم فریم را نیز صعودی در نظر گرفت.","iscorrect":0},{"id":"18033","description":"قیمت در بالای آن قرار دارد، می‌توان روند را صعودی در نظر گرفت.","iscorrect":0},{"id":"18034","description":"زمانی که میانگین متحرک صعودی است و قیمت فاصله زیادی با آن دارد، روند بازار صعودی است.","iscorrect":0},{"id":"18035","description":"موارد ۱ و ۲","iscorrect":1}]},{"id":"4728","description":"وقتی که در یک بازار نزولی، قیمت از پایین به سمت میانگین متحرک یورش برده و آن را رو به بالا می‌شکند، در بدو امر:","answers":[{"id":"18036","description":"بازار به حالت صعودی تغییر وضعیت داده.","iscorrect":0},{"id":"18037","description":"بازار همچنان نزولی است.","iscorrect":0},{"id":"18038","description":"بستگی به صعودی یا نزولی بودن میانگین متحرک دارد.","iscorrect":0},{"id":"18039","description":"از آنجا که میانگین متحرک ابزاری تأخیری است، باید صبر کرد تا آرایش جدید در نمودار شکل بگیرد و بازار از حالت تعلیق در آید.","iscorrect":1},{"id":"18040","description":"گزینه ۳ و ۴","iscorrect":0}]},{"id":"4729","description":"کدام یک از جملات زیر صحیح نیست:","answers":[{"id":"18041","description":"اکثر معامله گران حرفه ای به طور موازی از چند ابزار برای تشخیص روند استفاده می‌کنند.","iscorrect":0},{"id":"18042","description":"بازار یا در حال ادامه دادن به روند قبلی خود است یا در حال آماده شدن برای تغییر روند.","iscorrect":0},{"id":"18043","description":"در هنگام تغییر روند، اکثر افراد به مشکل بر می‌خورند زیرا شناسایی صحیح یک تغییر روند واقعی و تمیز دادن آن از اصلاح‌های مقطعی، خیلی مشکل‌تر است.","iscorrect":1},{"id":"18044","description":"همه جملات صحیح هستند.","iscorrect":0}]},{"id":"4730","description":"استفاده از تقاطع میانگین متحرک‌ها بر روی نمودار به چه معنا است؟","answers":[{"id":"18045","description":"یعنی استفاده از عبور میانگین‌های متحرک از روی یکدیگر برای ورود به معامله.","iscorrect":0},{"id":"18046","description":"یعنی استفاده از تقاطع میانگین‌های متحرک برای تشخیص روند.","iscorrect":0},{"id":"18047","description":"یعنی استفاده از تقاطع میانگین‌ها برای تأیید جا به جایی قیمت نسبت به آنها.","iscorrect":0},{"id":"18048","description":"یعنی استفاده از تقاطع میانگین‌ها برای تشخیص احتمال تغییر روند.","iscorrect":1}]}]}]},{"name":"درس هشتم- الگوهای شمعی- بخش اول","id":"666","contentorder":"14","lesson_number":8,"type":0,"filename":"lesson666.html"},{"name":"الگوهای شمعی- بخش اول","id":"1129","contentorder":"15","type":1,"set":[{"score":"60","questions":[{"id":"4731","description":"کدام جمله صحیح است:","answers":[{"id":"18049","description":"شمع‌ها می‌توانند در تایم فریم‌های پایین برای تحلیل مورد استفاده قرار بگیرند.","iscorrect":0},{"id":"18050","description":"شمع‌ها فقط در تایم فریم‌های پایین برای توصیف رفتار قیمت کاربرد دارند.","iscorrect":0},{"id":"18051","description":"قابلیت‌های تحلیلی شمع‌ها در تایم فریم‌های بالا بهتر خود نشان می‌دهد.","iscorrect":1},{"id":"18052","description":"هیچ کدام","iscorrect":0}]},{"id":"4732","description":"شمع‌هایی با سایه‌های بلند، نشان می‌دهند که...","answers":[{"id":"18053","description":"برخی معاملات در فاصله زیاد از قیمت آغازین انجام شده.","iscorrect":0},{"id":"18054","description":"بازار بسیار پر تلاطم بوده.","iscorrect":0},{"id":"18055","description":"ابتدا یکی از نیروهای بازار چیره شده ولی در انتهای آن مقطع، قدرت خود را به دیگری داده.","iscorrect":0},{"id":"18056","description":"هر سه مورد","iscorrect":1}]},{"id":"4733","description":"شمع بلند سفید (صعودی) دلالت دارد که ..................... و شمعی با بدنه کوتاه نشانگر ...................... است.","answers":[{"id":"18057","description":"قدرت فروشندگان در بازار خیلی کم بوده – تعادل بازار","iscorrect":0},{"id":"18058","description":"قدرت خریداران در بازار، به مراتب بیشتر از فروشندگان بوده – چیرگی نسبی یکی از طرفین","iscorrect":1},{"id":"18059","description":"قدرت خریداران در بازار زیاد بوده - تعادل بازار","iscorrect":0},{"id":"18060","description":"قدرت خریداران در بازار کم بوده – چیرگی نسبی یکی از طرفین","iscorrect":0}]}]},{"score":"60","questions":[{"id":"4734","description":"در شمع Spinning Tops کدام بخش کمترین اهمیت را دارد:","answers":[{"id":"18061","description":"بدنه","iscorrect":1},{"id":"18062","description":"سایه بالا","iscorrect":0},{"id":"18063","description":"سایه پایین","iscorrect":0},{"id":"18064","description":"هر دو سایه","iscorrect":0}]},{"id":"4735","description":"کدام یک از موارد زیر می‌تواند تحلیل شمع Spinning Tops باشد:","answers":[{"id":"18065","description":"حجم معاملات در بازار بسیار اندک بوده.","iscorrect":0},{"id":"18066","description":"در نبرد خریداران و فروشندگان، هیچ یک قدرت چیرگی بر دیگری را به دست نیاورده.","iscorrect":0},{"id":"18067","description":"در عین بلاتکلیفی بازار، پتانسیل حرکت در قیمت وجود دارد.","iscorrect":0},{"id":"18068","description":"گزینه ۲ و ۳","iscorrect":1}]},{"id":"4736","description":"کدام مورد درباره شمع های Doji معتبر نیست:","answers":[{"id":"18069","description":"وقوع آن می‌توان نشان دهنده ضعیف شدن روند باشد.","iscorrect":0},{"id":"18070","description":"وقوع آن علامتی برای ورود به معامله است.","iscorrect":1},{"id":"18071","description":"شمع Doji را بدون بررسی شمع‌های قبل از آن نمی‌توان به درستی تفسیر کرد.","iscorrect":0},{"id":"18072","description":"قیمت گشایش و خاتمه در آنها دقیقا بر هم منطبق است یا اختلافی بسیار ناچیز دارد.","iscorrect":0}]}]}]},{"name":"درس نهم- الگوهای شمعی- بخش دوم","id":"667","contentorder":"16","lesson_number":9,"type":0,"filename":"lesson667.html"},{"name":"الگوهای شمعی- بخش دوم","id":"1131","contentorder":"17","type":1,"set":[{"score":"60","questions":[{"id":"4737","description":"کدام یک از موارد زیر در مورد الگوی Hammer درست نیست؟","answers":[{"id":"18073","description":"یک الگوی هشدار دهنده برای روند بازگشتی است.","iscorrect":0},{"id":"18074","description":"در انتهای روند نزولی رخ می‌دهد.","iscorrect":0},{"id":"18075","description":"وقوع آن به معنای سیگنال خرید است.","iscorrect":1},{"id":"18076","description":"سایه بلند آن در پایین باید دو یا سه برابر بدنه شمع بلندا داشته باشد.","iscorrect":0}]},{"id":"4738","description":"کدام یک به مشخصات الگوی Hanging Man نزدیک‌تر است؟","answers":[{"id":"18077","description":"سایه بلند پایین، سایه بسیار کوچک بالا، رنگ بدنه سفید","iscorrect":0},{"id":"18078","description":"سایه بلند بالا، سایه بسیار کوچک پایین، رنگ بدنه سیاه","iscorrect":0},{"id":"18079","description":"سایه بلند پایین، سایه بسیار کوچک بالا، رنگ بدنه فرقی ندارد.","iscorrect":1},{"id":"18080","description":"درست برعکس مشخصات الگوی Hammer","iscorrect":0}]},{"id":"4739","description":"کدام مورد صحیح نیست؟","answers":[{"id":"18081","description":"چکش وارونه و ستاره ثاقب هر دو الگوی بازگشتی هستند.","iscorrect":0},{"id":"18082","description":"الگوهای چکش و چکش وارونه هر دو الگوی بازگشتی صعودی هستند.","iscorrect":0},{"id":"18083","description":"چکش وارنه متشکل از سایه بالایی کوتاه، سایه پایینی بلند و بدنه کوچک است.","iscorrect":1},{"id":"18084","description":"رنگ بدنه در الگوهای چکش و ستاره ثاقب اهمیتی ندارد.","iscorrect":0}]}]},{"score":"60","questions":[{"id":"4740","description":"الگوی هرامی...","answers":[{"id":"18085","description":"یک الگوی دو شمعی بسیار ساده است.","iscorrect":0},{"id":"18086","description":"یک شمع بازگشتی با بدنه کوچک است.","iscorrect":0},{"id":"18087","description":"یک شمع با بدنه کوچک است که در بین دو قیمت گشایش و خاتمه شمع قبلی قرار گرفته.","iscorrect":1},{"id":"18088","description":"یک شمع با بدنه کوچک است که در بین دو قیمت گشایش و خاتمه شمع صعودی قبلی قرار گرفته.","iscorrect":0}]},{"id":"4741","description":"الگوی Engulfing:","answers":[{"id":"18089","description":"می‌تواند در پایان یک روند صعودی یا یک روند نزولی شکل گیرد.","iscorrect":0},{"id":"18090","description":"از دو شمع تشکیل یافته که هم جهت هستند.","iscorrect":0},{"id":"18091","description":"یک الگوی بازگشتی با دو شمع دارای رنگ‌های متضاد است که اولی موافق روند قبلی و دومی مخالف آن است.","iscorrect":0},{"id":"18092","description":"موارد ۱ و ۳","iscorrect":1}]},{"id":"4742","description":"الگوی قیچی یک الگوی دو تایی بازگشتی است که:","answers":[{"id":"18093","description":"دو شمع آن باید دارای رنگ‌های متضاد باشند.","iscorrect":0},{"id":"18094","description":"معمولاً بعد از یک روند طولانی شکل می‌گیرد.","iscorrect":0},{"id":"18095","description":"باید سایه‌های دو شمع آن هم اندازه باشند.","iscorrect":0},{"id":"18096","description":"موارد ۲ و ۳","iscorrect":1}]}]}]},{"name":"درس دهم- سری و نسبت‌های فیبوناچی","id":"668","contentorder":"18","lesson_number":10,"type":0,"filename":"lesson668.html"},{"name":"سری و نسبت‌های فیبوناچی","id":"1133","contentorder":"19","type":1,"set":[{"score":"60","questions":[{"id":"4743","description":"کدام جمله صحیح نیست:","answers":[{"id":"18097","description":"فیبوناچی Retracement در بازار دارای روند، بهترین کارایی را دارد.","iscorrect":0},{"id":"18098","description":"نباید انتظار داشت که فیبوناچی Retracement در بازار خنثی سیگنال‌های مناسبی بدهد.","iscorrect":0},{"id":"18099","description":"در یک بازار دارای روند بسته به ترتیب وقوع از یک کف و یک سقف مهم برای رسم فیبوناچی Retracement استفاده می‌کنیم.","iscorrect":0},{"id":"18100","description":"سطوح فیبوناچی Retracement بهترین مکان‌ها برای ورود به معامله هستند.","iscorrect":1}]},{"id":"4744","description":"چه زمانی می‌توان از یک سطح فیبوناچی Retracement برای معامله استفاده کرد؟","answers":[{"id":"18101","description":"در یک بازار دارای روند، علایمی از بازگشت قیمت از روی سطح مورد نظر و پایداری آن مشاهده کنیم.","iscorrect":0},{"id":"18102","description":"در یک بازار دارای روند، قیمت از روی سطح مورد نظر بازگشت کند و سایر شرایط مناسب نیز برقرار باشد.","iscorrect":1},{"id":"18103","description":"هیچ گاه به تنهایی و با استفاده صرف از این ابزار معامله نمی‌کنیم.","iscorrect":0}]},{"id":"4745","description":"سطوح فیبوناچی:","answers":[{"id":"18104","description":"سطوح حمایت یا مقاومت قطعی هستند.","iscorrect":0},{"id":"18105","description":"حمایت یا مقاومت‌های بالقوه هستند.","iscorrect":0},{"id":"18106","description":"همیشه به طور دقیق، قیمت را از روی خود برگشت می‌دهند.","iscorrect":0},{"id":"18107","description":"سطوحی محاسباتی هستند که چنانچه قیمت به آنها واکنش نشان دهد، یک حمایت یا مقاومت حقیقی در آنجا شکل گرفته است.","iscorrect":1}]}]},{"score":"60","questions":[{"id":"4746","description":"کاربرد کدام یک از ابزارهای زیر در کنار نسبت‌های فیبوناچی Retracement منطقی نیست؟","answers":[{"id":"18108","description":"خطوط پیوُت و کاماریلا","iscorrect":0},{"id":"18109","description":"خطوط روند","iscorrect":0},{"id":"18110","description":"خطوط کانال","iscorrect":0},{"id":"18111","description":"مورد ۱ و ۳","iscorrect":1}]},{"id":"4747","description":"فیبوناچی Extension برای ........... و فیبوناچی Retracement برای .............. به کار می آیند.","answers":[{"id":"18112","description":"تعیین حد ضرر – تعیین حد ضرر و حد سود","iscorrect":0},{"id":"18113","description":"تعیین حد سود – تعیین حد ضرر و حد سود","iscorrect":1},{"id":"18114","description":"تعیین حد سود – تعیین حد سود","iscorrect":0},{"id":"18115","description":"تعیین حد سود – تعیین حد ضرر","iscorrect":0}]},{"id":"4748","description":"اگر در یکی از سطوح فیبوناچی، الگوی شمعی بازگشتی شکل بگیرد:","answers":[{"id":"18116","description":"به تنهایی کافی است تا وارد بازار شویم.","iscorrect":0},{"id":"18117","description":"بسته به اینکه از چه ابزار فیبوناچی استفاده می‌کنیم میتوان تصمیم به ورود یا خروج گرفت.","iscorrect":0},{"id":"18118","description":"چنانچه سطوح به درستی و در محل صحیحی رسم شده باشد، میتوان بسته به ابزار مورد استفاده و رفتار قیمت، تصمیم به معامله یا خارج شدن از موقعیت گرفت.","iscorrect":1},{"id":"18119","description":"حتما در آنجا یک سطح مقاومتی یا حمایتی وجود دارد.","iscorrect":0}]}]}]},{"name":"درس یازدهم- الگوهای کلاسیک (بازگشتی و ادامه دهنده)","id":"669","contentorder":"20","lesson_number":11,"type":0,"filename":"lesson669.html"},{"name":"الگوهای کلاسیک (بازگشتی و ادامه دهنده)","id":"1135","contentorder":"21","type":1,"set":[{"score":"50","questions":[{"id":"4749","description":"الگوهای کلاسیک:","answers":[{"id":"18120","description":"از تجمع نقاط حمایت و مقاومت در یک بازه زمانی به نسبت کوتاه شکل می‌گیرند.","iscorrect":0},{"id":"18121","description":"هر یک دارای مشخصات و حد سود مجزا از یک دیگر هستند.","iscorrect":0},{"id":"18122","description":"تشخیص آنها وابسته به مشاهده چشمی است.","iscorrect":0},{"id":"18123","description":"هر سه مورد","iscorrect":1}]},{"id":"4750","description":"الگوی سقف دو قلو:","answers":[{"id":"18124","description":"در میانه یک روند صعودی شکل می‌گیرد.","iscorrect":0},{"id":"18125","description":"دارای دو سقف در یک سطح واحد است.","iscorrect":0},{"id":"18126","description":"دارای دو سقف واحد در یک سطح واحد است که قیمت بعد از ناتوانی در شکستن آن، به سمت خط گردن شکل گرفته از نزول بین آن دو سقف سقوط می‌کند.","iscorrect":1},{"id":"18127","description":"هیچ کدام","iscorrect":0}]},{"id":"4751","description":"کدام مورد درباره الگوی الگوی سر و شانه غلط است؟","answers":[{"id":"18128","description":"متشکل از دو سقف نسبی قبل و بعد از یک سقف مهم است.","iscorrect":0},{"id":"18129","description":"دارای خط شانه و خط گردن است که فاصله بین آنها حد سود را تعیین می‌کند.","iscorrect":1},{"id":"18130","description":"خط گردن و یا خط شانه میتوانند کاملاً افقی نباشند.","iscorrect":0},{"id":"18131","description":"در صورتی الگو نقض می‌شود که قیمت نتواند خط گردن را بشکند و در بازگشت به بالا از سقف مهم فراتر رود.","iscorrect":0}]},{"id":"4752","description":"کدام مورد در باره الگوی Wedge صدق نمی‌کند؟","answers":[{"id":"18132","description":"الگوی Wedge صعودی همیشه سیگنال صعود قیمت را صادر می‌کند.","iscorrect":0},{"id":"18133","description":"الگوی Wedge نزولی همیشه سیگنال صعود قیمت را صادر می‌کند.","iscorrect":0},{"id":"18134","description":"در الگوی Wedge صعودی اضلاع صعودی و در الگوی Wedge نزولی اضلاع نزولی هستند.","iscorrect":1},{"id":"18135","description":"هیچ کدام","iscorrect":0}]}]},{"score":"50","questions":[{"id":"4753","description":"بر چه اساس الگوی مستطیل را به عنوان یک الگوی بازگشتی به حساب نمی‌آوریم؟","answers":[{"id":"18136","description":"زیرا معمولا در ادامه یک روند شکل می‌گیرد.","iscorrect":0},{"id":"18137","description":"زیرا تاریخچه بازار این طور نشان می‌دهد که بهتر است تحلیل ما چنین باشد.","iscorrect":0},{"id":"18138","description":"زیرا به عنوان یک تحلیلگر، بهتر است همواره در جهت روند به معامله بپردازیم.","iscorrect":0},{"id":"18139","description":"موارد ۲ و ۳","iscorrect":1}]},{"id":"4754","description":"بهترین مشخصه الگوی مثلث چیست؟","answers":[{"id":"18140","description":"هم یک الگوی بازگشتی است و هم ادامه دهنده.","iscorrect":0},{"id":"18141","description":"بر خلاف برخی از الگوها، محدوده زمانی مشخصی برای تکمیل یا لغو شدن در اختیار ما قرار می‌دهد.","iscorrect":1},{"id":"18142","description":"تشخیص آن به صورت چشمی راحت است.","iscorrect":0},{"id":"18143","description":"شکل‌های متنوعی دارد و بر اکثر حالات بازار قابل انطباق است.","iscorrect":0}]},{"id":"4755","description":"بهترین حد سود برای الگوهای مثلثی کدام است؟","answers":[{"id":"18144","description":"ارتفاع دهانه مثلث","iscorrect":1},{"id":"18145","description":"دو برابر ارتفاع دهانه مثلث","iscorrect":0},{"id":"18146","description":"ارتفاع روند قبل از شکل گیری مثلث","iscorrect":0},{"id":"18147","description":"هیچ کدام از موارد بالا مناسب نیست.","iscorrect":0}]},{"id":"4756","description":"تفاوت الگوی Wedge و الگوی مثلث در چیست؟","answers":[{"id":"18148","description":"تفاوتی ندارند.","iscorrect":0},{"id":"18149","description":"اولی بازگشتی است و دومی ادامه دهنده.","iscorrect":0},{"id":"18150","description":"اولی کشیدگی افقی بیشتری دارد.","iscorrect":1},{"id":"18151","description":"حرکات زیگزاگی در الگوی Wedge منظمتر از مثلث است.","iscorrect":0}]}]}]},{"name":"درس دوازدهم- الگوهای هارمونیک","id":"670","contentorder":"22","lesson_number":12,"type":0,"filename":"lesson670.html"},{"name":"الگوهای هارمونیک","id":"1137","contentorder":"23","type":1,"set":[{"score":"60","questions":[{"id":"4757","description":"الگوهای هارمونیک بر چه اساسی رسم می‌شوند؟","answers":[{"id":"18152","description":"بر اساس مشاهدات چشمی اولیه و استفاده ترکیبی از نسبت‌های فیبوناچی Retracement و فیبوناچی Extention","iscorrect":1},{"id":"18153","description":"تنها با استفاده ترکیبی از نسبت‌های فیبوناچی Retracement و فیبوناچی Extention","iscorrect":0},{"id":"18154","description":"هر دو مورد به جای خود صحیح است.","iscorrect":0}]},{"id":"4758","description":"در الگوی ABCD:","answers":[{"id":"18155","description":"دو شاخه اصلی ولی با جهت مخالف وجود دارد.","iscorrect":0},{"id":"18156","description":"سه شاخه وجود دارد که جهت شاخه وسط مخالف دو شاخه دیگر است.","iscorrect":0},{"id":"18157","description":"فقط از ابزار فیبوناچی Retracement استفاده می‌شود.","iscorrect":0},{"id":"18158","description":"فقط از ابزار فیبوناچی Exension استفاده می‌شود.","iscorrect":1}]},{"id":"4759","description":"الگوی .......... و الگوی .......... جمع شونده و الگوی ........... و الگوی ........... باز شونده هستند.","answers":[{"id":"18159","description":"Bat ، Crab، Butterfly، Gartley","iscorrect":0},{"id":"18160","description":"Butterfly، Gartley، Bat، Crab","iscorrect":0},{"id":"18161","description":"Crab، Gartley، Bat، Butterfly","iscorrect":0},{"id":"18162","description":"Gartley، Bat، Butterfly، Crab","iscorrect":1}]}]},{"score":"60","questions":[{"id":"4760","description":"در کدام الگوی هارمونیک از فیبوناچی Extention استفاده نمی‌شود؟","answers":[{"id":"18163","description":"Crab","iscorrect":0},{"id":"18164","description":"Butterfly","iscorrect":0},{"id":"18165","description":"Bat","iscorrect":0},{"id":"18166","description":"Gartley","iscorrect":0},{"id":"18167","description":"در تمام الگوهای هارمونیک از فیبوناچی Extention استفاده می‌شود.","iscorrect":1}]},{"id":"4761","description":"برای استفاده از الگوهای هارمونیک:","answers":[{"id":"18168","description":"ابتدا باید به اندازه گیری دقیق شاخه‌ها پرداخت.","iscorrect":0},{"id":"18169","description":"نمی‌بایست پیشاپیش به قطعیت واکنش قیمت به منطقه مقاومتی حاصل از نسبت‌های فیبوناچی امید بست.","iscorrect":1},{"id":"18170","description":"بهتر است از مقاومت‌های چشمی نیز کمک گرفت.","iscorrect":0}]},{"id":"4762","description":"در الگوی Bat بلندترین شاخه کدام است؟","answers":[{"id":"18171","description":"شاخه اول","iscorrect":1},{"id":"18172","description":"شاخه سوم","iscorrect":0},{"id":"18173","description":"شاخه چهارم","iscorrect":0},{"id":"18174","description":"شاخه دوم","iscorrect":0}]}]}]},{"name":"آزمون نهایی تحلیل تکنیکال بازارهای مالی","id":"1146","contentorder":"24","type":1,"set":[{"score":"50","questions":[{"id":"4841","description":"تفاوت قرارداد سلف با قرارداد آتی در چیست؟","answers":[{"id":"18418","description":"زمان تعیین قیمت","iscorrect":0},{"id":"18419","description":"سر رسید","iscorrect":0},{"id":"18420","description":"ویژگیهای اقلام مورد معامله","iscorrect":0},{"id":"18421","description":"بازاری که معامله در آن انجام می‌شود.","iscorrect":1}]},{"id":"4842","description":"تایم فریم یا بازه زمانی چیست؟","answers":[{"id":"18422","description":"عرض یا گستره زمانی داده‌های موجود در یک نمودار.","iscorrect":0},{"id":"18423","description":"گستره زمانی مشخصی که در آن قیمت‌های تعیین کننده مثل قیمت گشایش و خاتمه، در اجزا نمودار یعنی شمع‌ها یا میله‌ها ثبت می‌شوند.","iscorrect":1},{"id":"18424","description":"در یک نمودار شمعی، هر شمع برابر با یک تایم فریم است.","iscorrect":0}]},{"id":"4843","description":"چنانچه قیمت یک خط مقاومت را بشکند، ولی در ورای آن متوقف شده و به موقعیت اول نسبت به آن خط بازگردد:","answers":[{"id":"18425","description":"خط دومی در محل توقف جدید رسم می‌کنیم و خط قبلی را نادیده می‌گیریم.","iscorrect":0},{"id":"18426","description":"همچنان خط اول به عنوان مقاومت اصلی در نظر گرفته می‌شود.","iscorrect":0},{"id":"18427","description":"خط دوم در محل توقف جدید، به عنوان مقاومت اصلی در نظر گرفته می‌شود.","iscorrect":0},{"id":"18428","description":"یک منطقه مقاومتِ دارای عمق، بین خط اول و موقعیت توقف جدید تشکیل شده است.","iscorrect":1}]},{"id":"4844","description":"ماهیت خط کانال در یک روند صعودی چیست؟","answers":[{"id":"18429","description":"حمایت","iscorrect":0},{"id":"18430","description":"مقاومت","iscorrect":1},{"id":"18431","description":"نمی‌توان نقش حمایتی یا مقاومتی برای آن قائل شد.","iscorrect":0}]},{"id":"4845","description":"کدام یک از جملات زیر صحیح نیست:","answers":[{"id":"18432","description":"اکثر معامله گران حرفه ای به طور موازی از چند ابزار برای تشخیص روند استفاده می‌کنند.","iscorrect":0},{"id":"18433","description":"بازار یا در حال ادامه دادن به روند قبلی خود است یا در حال آماده شدن برای تغییر روند.","iscorrect":0},{"id":"18434","description":"در هنگام تغییر روند، اکثر افراد به مشکل بر می‌خورند زیرا شناسایی صحیح یک تغییر روند واقعی و تمیز دادن آن از اصلاح‌های مقطعی، خیلی مشکل‌تر است.","iscorrect":1},{"id":"18435","description":"همه جملات صحیح هستند.","iscorrect":0}]},{"id":"4846","description":"در شمع Spinning Tops کدام بخش کمترین اهمیت را دارد:","answers":[{"id":"18436","description":"بدنه","iscorrect":1},{"id":"18437","description":"سایه بالا","iscorrect":0},{"id":"18438","description":"سایه پایین","iscorrect":0},{"id":"18439","description":"هر دو سایه","iscorrect":0}]},{"id":"4847","description":"الگوی Engulfing:","answers":[{"id":"18440","description":"می‌تواند در پایان یک روند صعودی یا یک روند نزولی شکل گیرد.","iscorrect":0},{"id":"18441","description":"از دو شمع تشکیل یافته که هم جهت هستند.","iscorrect":0},{"id":"18442","description":"یک الگوی بازگشتی با دو شمع دارای رنگ‌های متضاد است که اولی موافق روند قبلی و دومی مخالف آن است.","iscorrect":0},{"id":"18443","description":"موارد ۱ و ۳","iscorrect":1}]},{"id":"4848","description":"فیبوناچی Extension برای ........... و فیبوناچی Retracement برای .............. به کار می آیند.","answers":[{"id":"18444","description":"تعیین حد ضرر – تعیین حد ضرر و حد سود","iscorrect":0},{"id":"18445","description":"تعیین حد سود – تعیین حد ضرر و حد سود","iscorrect":1},{"id":"18446","description":"تعیین حد سود – تعیین حد سود","iscorrect":0},{"id":"18447","description":"تعیین حد سود – تعیین حد ضرر","iscorrect":0}]},{"id":"4849","description":"تفاوت الگوی Wedge و الگوی مثلث در چیست؟","answers":[{"id":"18448","description":"تفاوتی ندارند.","iscorrect":0},{"id":"18449","description":"اولی بازگشتی است و دومی ادامه دهنده.","iscorrect":0},{"id":"18450","description":"اولی کشیدگی افقی بیشتری دارد.","iscorrect":1},{"id":"18451","description":"حرکات زیگزاگی در الگوی Wedge منظمتر از مثلث است.","iscorrect":0}]},{"id":"4850","description":"برای استفاده از الگوهای هارمونیک:","answers":[{"id":"18452","description":"ابتدا باید به اندازه گیری دقیق شاخه‌ها پرداخت.","iscorrect":0},{"id":"18453","description":"نمی‌بایست پیشاپیش به قطعیت واکنش قیمت به منطقه مقاومتی حاصل از نسبت‌های فیبوناچی امید بست.","iscorrect":1},{"id":"18454","description":"بهتر است از مقاومت‌های چشمی نیز کمک گرفت.","iscorrect":0}]}]},{"score":"50","questions":[{"id":"4851","description":"کدام یک از این موارد در رابطه با معاملات آتی صحیح است؟","answers":[{"id":"18455","description":"قرارداد آتی مربوط به معامله یک دارایی در آینده است که قیمت آن در زمان تحویل تعیین خواهد شد.","iscorrect":0},{"id":"18456","description":"قرارداد آتی مربوط به معامله یک دارایی در زمان آینده و با قیمت مشخص در زمان حال است.","iscorrect":1},{"id":"18457","description":"ویژگی‌های کالایی که در سر رسید تحویل می‌شود در آینده مورد توافق قرار خواهد گرفت.","iscorrect":0},{"id":"18458","description":"هیچ یک از طرفین نمی‌توانند شخص ثالثی را در معامله جایگزین خود نمایند.","iscorrect":0}]},{"id":"4852","description":"کدام نوع نمودار خطی موثق‌تر است؟","answers":[{"id":"18459","description":"نمودار خطی بر مبنای قیمت گشایش","iscorrect":0},{"id":"18460","description":"نمودار خطی بر مبنای میانگین قیمت","iscorrect":0},{"id":"18461","description":"نمودار خطی بر مبنای قیمت خاتمه","iscorrect":1},{"id":"18462","description":"نمودار خطی بر مبنای سقف قیمت","iscorrect":0}]},{"id":"4853","description":"کدام یک از موارد زیر نشانگر یک سطح حمایت یا مقاومت قویتر است؟","answers":[{"id":"18463","description":"سطحی که قیمت در یک روز اخیر ۲ بار به آن واکنش نشان داده.","iscorrect":0},{"id":"18464","description":"سطحی که قیمت در ۴ ماه گذشته موفق به عبور از آن نشده و ۳ بار به آن واکنش نشان داده.","iscorrect":1},{"id":"18465","description":"سطحی که پس از شکسته شدن توسط قیمت، ۲ بار در قالب «تعویض نقش» عمل کرده.","iscorrect":0},{"id":"18466","description":"یک قیمت رُند که بازار هرگز طول تاریخ آن را تجربه نکرده.","iscorrect":0}]},{"id":"4854","description":"یک روند با شیب تند:","answers":[{"id":"18467","description":"روندی است که انتظار می‌رود برای مدتی طولانی برقرار بماند.","iscorrect":0},{"id":"18468","description":"روندی است که در زمان‌های هیجانی بازار شکل می‌گیرد.","iscorrect":0},{"id":"18469","description":"روندی است که به زودی شیب آن اصلاح می‌شود.","iscorrect":0},{"id":"18470","description":"گزینه ۲ و ۳","iscorrect":1}]},{"id":"4855","description":"کدام یک بیشترین کاربرد را در تحلیل‌ها دارد؟","answers":[{"id":"18471","description":"میانگین متحرک با تعداد دوره‌های زمانی زیاد دارد.","iscorrect":0},{"id":"18472","description":"میانگین متحرک در تایم فریم پایین دارد.","iscorrect":0},{"id":"18473","description":"میانگین متحرک با دوره‌های زمانی معقول و متعادل دارد.","iscorrect":1},{"id":"18474","description":"میانگین متحرک در تایم فریم بالا دارد.","iscorrect":0}]},{"id":"4856","description":"شمع‌هایی با سایه‌های بلند، نشان می‌دهند که...","answers":[{"id":"18475","description":"برخی معاملات در فاصله زیاد از قیمت آغازین انجام شده.","iscorrect":0},{"id":"18476","description":"بازار بسیار پر تلاطم بوده.","iscorrect":0},{"id":"18477","description":"ابتدا یکی از نیروهای بازار چیره شده ولی در انتهای آن مقطع، قدرت خود را به دیگری داده.","iscorrect":0},{"id":"18478","description":"هر سه مورد","iscorrect":1}]},{"id":"4857","description":"کدام یک به مشخصات الگوی Hanging Man نزدیک‌تر است؟","answers":[{"id":"18479","description":"سایه بلند پایین، سایه بسیار کوچک بالا، رنگ بدنه سفید","iscorrect":0},{"id":"18480","description":"سایه بلند بالا، سایه بسیار کوچک پایین، رنگ بدنه سیاه","iscorrect":0},{"id":"18481","description":"سایه بلند پایین، سایه بسیار کوچک بالا، رنگ بدنه فرقی ندارد.","iscorrect":1},{"id":"18482","description":"درست برعکس مشخصات الگوی Hammer","iscorrect":0}]},{"id":"4858","description":"چه زمانی می‌توان از یک سطح فیبوناچی Retracement برای معامله استفاده کرد؟","answers":[{"id":"18483","description":"در یک بازار دارای روند، علایمی از بازگشت قیمت از روی سطح مورد نظر و پایداری آن مشاهده کنیم.","iscorrect":0},{"id":"18484","description":"در یک بازار دارای روند، قیمت از روی سطح مورد نظر بازگشت کند و سایر شرایط مناسب نیز برقرار باشد.","iscorrect":1},{"id":"18485","description":"هیچ گاه به تنهایی و با استفاده صرف از این ابزار معامله نمی‌کنیم.","iscorrect":0}]},{"id":"4859","description":"الگوی سقف دو قلو:","answers":[{"id":"18486","description":"در میانه یک روند صعودی شکل می‌گیرد.","iscorrect":0},{"id":"18487","description":"دارای دو سقف در یک سطح واحد است.","iscorrect":0},{"id":"18488","description":"دارای دو سقف واحد در یک سطح واحد است که قیمت بعد از ناتوانی در شکستن آن، به سمت خط گردن شکل گرفته از نزول بین آن دو سقف سقوط می‌کند.","iscorrect":1},{"id":"18489","description":"هیچ کدام","iscorrect":0}]},{"id":"4860","description":"در الگوی ABCD:","answers":[{"id":"18490","description":"دو شاخه اصلی ولی با جهت مخالف وجود دارد.","iscorrect":0},{"id":"18491","description":"سه شاخه وجود دارد که جهت شاخه وسط مخالف دو شاخه دیگر است.","iscorrect":0},{"id":"18492","description":"فقط از ابزار فیبوناچی Retracement استفاده می‌شود.","iscorrect":0},{"id":"18493","description":"فقط از ابزار فیبوناچی Exension استفاده می‌شود.","iscorrect":1}]}]}]}]}