{"courseId":"15","contents":[{"name":"سخن کوتاهی پیش از آغاز دوره آموزشی","id":"44","contentorder":"1","lesson_number":1,"type":0,"filename":"lesson44.html"},{"name":"انتخاب رمز عبور مناسب و سوالات امنیتی","id":"45","contentorder":"2","lesson_number":2,"type":0,"filename":"lesson45.html"},{"name":"تعریف انتخاب رمز عبور مناسب و سوالات امنیتی","id":"98","contentorder":"3","type":1,"set":[{"score":"60","questions":[{"id":"230","description":"بهترین راه حل حفاظت از رمزهای عبور چیست؟","answers":[{"id":"787","description":"استفاده از یک رمز عبور قوی و قابل به خاطرسپاری برای تمامی اکانت ها.","iscorrect":0},{"id":"788","description":"استفاده از یک فایل ورد یا اکسل که با رمز عبور محافظت می شود.","iscorrect":0},{"id":"789","description":"به صورت یک یادداشت در حافظه تلفن همراه تا همیشه همراه مان باشد.","iscorrect":0},{"id":"790","description":"یک دفترچه کوچک جیبی که به هیچ کس اجازه دیدن آن را نمی دهیم.","iscorrect":0},{"id":"791","description":"درون حافظه ام یا یک نرم افزار مدیریت رمز عبور.","iscorrect":1}]},{"id":"229","description":"هنگام انتخاب سوال امنیتی به چه نکته ای باید توجه داشت؟","answers":[{"id":"783","description":"به گونه ای باشد که فقط دوستان نزدیک از پاسخ اش مطلع باشند.","iscorrect":0},{"id":"784","description":"سوال انتخابی پیش فرض خود سایت کاملا مناسب است.","iscorrect":0},{"id":"785","description":"سوالی با جواب های احتمالی فراوان، که پاسخ آن جزو علاقه مندی هایی که در شبکه های اجتماعی می نویسیم، نباشد.","iscorrect":1},{"id":"786","description":"سوال درباره دوستان و اقوام باشد تا به خاطر سپردن آن برای چند سال آسان باشد.","iscorrect":0}]},{"id":"228","description":"کدامیک جزو شرایط یک رمز عبور خوب نیست؟","answers":[{"id":"779","description":"به اندازه کافی طولانی باشد و حداقل ۱۰ کاراکتر طول داشته باشد.","iscorrect":0},{"id":"780","description":"از کلمات انگلیسی با املاء درست تشکیل شده باشد که در صورت فراموشی بتوان آن را درون دیکشنری پیدا کرد.","iscorrect":1},{"id":"781","description":"ترکیبی از حروف کوچک و بزرگ باشد .","iscorrect":0},{"id":"782","description":"اعداد و نشانه های صفحه کلید در آن استفاده شده باشند.","iscorrect":0}]}]},{"score":"60","questions":[{"id":"231","description":"کدامیک برای رمز عبور انتخاب مناسب تری است؟","answers":[{"id":"792","description":"نام خانوادگی عموی همسرتان","iscorrect":0},{"id":"793","description":"شماره تلفن خانه داماد خاله تان","iscorrect":0},{"id":"794","description":"حاصل جمع ارقام شماره ملی و سریال شناسنامه تان به همراه چند حرف اتفاقی","iscorrect":1},{"id":"795","description":"شماره عضویت کتابخانه تان","iscorrect":0}]},{"id":"232","description":"کدام یک از شرایط رمز عبور قدرتمند نیست؟","answers":[{"id":"796","description":"معنی دار بودن","iscorrect":1},{"id":"797","description":"طولانی بودن","iscorrect":0},{"id":"798","description":"ترکیب حروف و اعداد و کاراکترها","iscorrect":0}]},{"id":"233","description":"شما کدام یک را برای سوال امنیتی ترجیح می دهید؟","answers":[{"id":"799","description":"نام اولین حیوان خانگی","iscorrect":0},{"id":"800","description":"نام سومین حیوان خانگی","iscorrect":1},{"id":"801","description":"شماره تلفن خانه ام","iscorrect":0}]}]}]},{"name":"امنیت مرورگرهای اینترنتی","id":"46","contentorder":"4","lesson_number":3,"type":0,"filename":"lesson46.html"},{"name":"تعریف امنیت مرورگرهای اینترنتی","id":"100","contentorder":"5","type":1,"set":[{"score":"60","questions":[{"id":"234","description":"امنیت مرورگر از اهمیت ویژه ای برخوردار است، چون...","answers":[{"id":"802","description":"مرورگرها نرم افزارهای آسیب پذیری هستند.","iscorrect":0},{"id":"803","description":"مرورگرها قابلیت نمایش بسیاری از فایل ها را دارند.","iscorrect":0},{"id":"804","description":"مرورگرها بیشتر از هر نرم افزاری در ارتباط با اینترنت هستند.","iscorrect":0},{"id":"805","description":"مرورگرها یکی از اهداف اصلی هکرها هستند.","iscorrect":0},{"id":"806","description":"گزینه ۳ و ۴","iscorrect":1}]},{"id":"235","description":"کدام یک از کاربردهای حالت Private Browsing در مرورگرها نیست؟","answers":[{"id":"807","description":"ذخیره نکردن ردپای شما هنگام وب گردی","iscorrect":0},{"id":"808","description":"جلوگیری از هک شدن کامپیوتر","iscorrect":1},{"id":"809","description":"پاک شدن کوکی ها به صورت خودکار بعد از بستن مرورگر","iscorrect":0}]},{"id":"236","description":"افزایش قابلیت های مرورگر با نصب افزونه ها و پلاگین های متعدد...","answers":[{"id":"810","description":"منجر به کاهش امنیت مرورگر می شود.","iscorrect":1},{"id":"811","description":"اجرای کدهایی که برای اجرای سریع عناصر صفحه ضروری هستند را تسریع می بخشد.","iscorrect":0},{"id":"812","description":"ضرری ندارد","iscorrect":0}]}]},{"score":"60","questions":[{"id":"237","description":"کاربرد افزونه AdBlockPlus در مرورگر کروم چیست؟","answers":[{"id":"813","description":"جلوگیری از نمایش تبلیغات صفحات","iscorrect":0},{"id":"814","description":"جلوگیری از اجرای برخی کدهای مخرب احتمالی","iscorrect":0},{"id":"815","description":"افزایش سرعت مرورگر در نمایش محتوای مفید","iscorrect":0},{"id":"816","description":"هر سه مورد","iscorrect":1}]},{"id":"238","description":"افزونه ای بسیار کاربردی و ضروری دارید که مدت مدیدی است نسخه جدیدی برای آن نیامده و احتمال می رود مشکل امنیتی داشته باشد، لازم است هر چه زودتر…","answers":[{"id":"817","description":"استفاده از آن را متوقف کنیم.","iscorrect":0},{"id":"818","description":"در سایت موزیلا یا سایت رسمی، به دنبال نسخه جدید آن باشیم.","iscorrect":0},{"id":"819","description":"بهتر است تا حصول اطمینان از وضعیت امنیتی افزونه، آن را پاک کنیم.","iscorrect":0},{"id":"820","description":"سعی کنیم افزونه را از طریق مرورگر به روز کنیم و در صورت عدم وجود نسخه جدید آن را از مرورگر پاک نماییم.","iscorrect":1}]},{"id":"239","description":"افزونه No Script چه کاری انجام می دهد؟","answers":[{"id":"821","description":"از اجرای اسکریپت ها در صفحات وب جلوگیری می کند.","iscorrect":1},{"id":"822","description":"باعث نمایش بهتر صفحات دارای اسکریپت می شود.","iscorrect":0},{"id":"823","description":"اسکریپت های مخصوص شما را بر روی یک وب سایت اجرا می کند.","iscorrect":0}]}]}]},{"name":"امنیت ایمیل و چت","id":"47","contentorder":"6","lesson_number":4,"type":0,"filename":"lesson47.html"},{"name":"تعریف امنیت ایمیل و چت","id":"102","contentorder":"7","type":1,"set":[{"score":"60","questions":[{"id":"240","description":"رمزنگاری در چت با ............ حاصل می شود.","answers":[{"id":"824","description":"استفاده از مسنجر مخصوص هر شبکه","iscorrect":0},{"id":"825","description":"استفاده از پیجین به همراه پلاگین مخصوص OTR برای هر دو طرف","iscorrect":1},{"id":"826","description":"چت جیمیل","iscorrect":0},{"id":"827","description":"استفاده از پیجین","iscorrect":0}]},{"id":"241","description":"ایمیلی دریافت می کنید که در آن گفته شده شما برنده یک جایزه به مبلغ یک میلیون تومان شده اید و برای دریافت آن باید با فرستنده تماس بگیرید. مناسب ترین عکس العمل چه خواهد بود؟","answers":[{"id":"828","description":"ایمیل را پاک می کنم.","iscorrect":0},{"id":"829","description":"ایمیل را به لیست اسپم ها اضافه می کنم.","iscorrect":1},{"id":"830","description":"ممکن است واقعا برنده شده باشم! یک تماس جهت پرسیدن سوالات بیشتر که ضرری ندارد.","iscorrect":0}]},{"id":"242","description":"پس از بررسی تنظیمات جیمیل تان متوجه شدید فیلتری وجود دارد که ایمیل های خاصی را به صورت خودکار پاک می کند. اگر مطمئن هستید فیلتر مربوطه را خودتان نساخته اید، چه کاری انجام می دهید؟","answers":[{"id":"831","description":"رمز عبور جیمیل را تغییر می دهم، فیلتر را پاک می کنم و در قسمت Details بررسی می کنم که آی پی هایی که به ایمیل من دسترسی داشته از کجا بوده‌اند.","iscorrect":1},{"id":"832","description":"باید اول ایمیل های پاک شده را بازیابی کرد.","iscorrect":0},{"id":"833","description":"فیلتر مربوطه را پاک می کنم.","iscorrect":0}]}]},{"score":"60","questions":[{"id":"243","description":"نخستین راه پیشگیری از ورود اسپم به اینباکس چیست؟","answers":[{"id":"834","description":"استفاده از چندین آدرس ایمیل","iscorrect":0},{"id":"835","description":"وارد نکردن آدرس ایمیل در فرم های سایت های مشکوک","iscorrect":1},{"id":"836","description":"استفاده از سرویس های ضد اسپم","iscorrect":0},{"id":"837","description":"ثبت نام در سایت ها و فروم هایی با موضوع آنتی اسپم","iscorrect":0}]},{"id":"244","description":"یک ایمیل از دوستتان گرفته اید که دارای یک فایل ضمیمه با پسوند scr است و دوستتان می گوید که یک Screen Saver زیبا است.","answers":[{"id":"838","description":"آن را دانلود و اجرا نمی کنم.","iscorrect":1},{"id":"839","description":"چون ایمیل را از دوستم دریافت کرده ام، بنابراین خطری ندارد.","iscorrect":0},{"id":"840","description":"خطری من را تهدید نمی کند، بنابراین می توان با خیال راحت آن را نصب کرد.","iscorrect":0}]},{"id":"245","description":"از بانک تان ایمیلی دریافت کرده اید که از شما می خواهد با رفتن به یک لینک رمز عبوری جدیدی برای حساب کاربری تان ایجاد کنید. واکنش شما به این ایمیل چه خواهد بود؟","answers":[{"id":"841","description":"سایت ها و بانک ها هیچ گاه چنین درخواستی از کاربرانشان نمی کنند، این یک حقه است.","iscorrect":0},{"id":"842","description":"به درخواست ایمیل عمل می کنم.","iscorrect":0},{"id":"843","description":"به حساب کاربری ام در بانک مراجعه می کنم و رمز عبورم را عوض می کنم.","iscorrect":0},{"id":"844","description":"با بانک تماس می گیرم و موضوع را به آنها اطلاع می دهم.","iscorrect":0},{"id":"845","description":"گزینه ۱ و ۴","iscorrect":1}]}]}]},{"name":"امنیت در کامپیوترهای عمومی و سفر","id":"48","contentorder":"8","lesson_number":5,"type":0,"filename":"lesson48.html"},{"name":"تعریف امنیت در کامپیوترهای عمومی و سفر","id":"104","contentorder":"9","type":1,"set":[{"score":"60","questions":[{"id":"246","description":"در یک کافی شاپ هستید و چندین اینترنت مجانی بی سیم پیدا کرده اید، اولین کاری که انجام می دهید چیست؟","answers":[{"id":"846","description":"شبکه ای را انتخاب می کنم که هم نام کافی شاپ است.","iscorrect":0},{"id":"847","description":"از فروشنده کافی شاپ در مورد نام دقیق شبکه بی سیم آنها برای اینترنت سوال می کنم و فقط به همان شبکه متصل می شوم.","iscorrect":1},{"id":"848","description":"تفاوتی نمی کند یکی از آنها را انتخاب می کنم و به آن متصل می شوم.","iscorrect":0}]},{"id":"247","description":"مشغول استفاده از اینترنت در کتابخانه دانشگاه و با یک کامپیوتر عمومی هستید و هیچ ابزاری هم به همراه ندارید. انجام چه کارهایی در این وضعیت بی خطر است؟","answers":[{"id":"849","description":"من به کامپیوترهای کتابخانه اعتماد دارم، هر کاری می توانم آنجا انجام بدهم.","iscorrect":0},{"id":"850","description":"وبگردی ام را انجام می دهم اما در هیچ کدام از حساب های اینترنتی ام وارد نمی شوم.","iscorrect":1},{"id":"851","description":"وبگردی می کنم و ایمیل ام را چک می کنم.","iscorrect":0},{"id":"852","description":"از مسئول کامپیوتر کتابخانه در مورد امنیت کامپیوتر سوال می کنم و اگر او به من اطمینان داد، می توانم با اطمینان خاطر تمام کارهایم را انجام بدهم.","iscorrect":0}]},{"id":"248","description":"کدام نرم افزار برای گفتگوی صوتی امن انتخاب بهتری است؟","answers":[{"id":"853","description":"اسکایپ","iscorrect":1},{"id":"854","description":"یاهو مسنجر (تماس صوتی)","iscorrect":0},{"id":"855","description":"پال تاک","iscorrect":0}]}]},{"score":"60","questions":[{"id":"249","description":"می خواهید یک فلش مموری جدید بخرید، در صورتی که امنیت برایتان مهم باشد از میان گزینه های زیر کدام یک را انتخاب می کنید؟","answers":[{"id":"856","description":"یک فلش مموری ۳۲ گیگابایتی","iscorrect":0},{"id":"857","description":"فلش مموری ۸ گیگابایتی که ضد ضربه و ضد آب است.","iscorrect":0},{"id":"858","description":"فلش مموری ۸ گیگابایتی که رمزنگاری دارد و با پسورد باز می شود.","iscorrect":1}]},{"id":"250","description":"نرم افزار پرتابل چیست؟","answers":[{"id":"859","description":"نرم افزاری که می توان آن را بر روی چندین کامپیوتر مختلف نصب کرد.","iscorrect":0},{"id":"860","description":"نرم افزاری که می توان آن را بر روی یک حافظه ی قابل حمل قرار داد و نیاز به نصب ندارد.","iscorrect":1},{"id":"861","description":"نرم افزاری که روی همه‌ی سیستم عامل ها کار می کند.","iscorrect":0},{"id":"862","description":"نرم افزاری که رایگان ارایه می شود.","iscorrect":0}]},{"id":"251","description":"بهترین مکان برای نگه داری شماره سریال و مشخصات دقیق لپ تاپ کجا است؟","answers":[{"id":"863","description":"در کیف لپ تاپ تا همیشه در دسترس باشد.","iscorrect":0},{"id":"864","description":"در خانه و در کشوی میز.","iscorrect":0},{"id":"865","description":"یک کپی در خانه و یک رونوشت هنگام سفر در کنار دیگر اسناد مهم مانند کارت ملی.","iscorrect":1}]}]}]},{"name":"آشنایی با مهمترین تهدیدهای امنیتی","id":"49","contentorder":"10","lesson_number":6,"type":0,"filename":"lesson49.html"},{"name":"تعریف آشنایی با مهمترین تهدیدهای امنیتی","id":"106","contentorder":"11","type":1,"set":[{"score":"60","questions":[{"id":"252","description":"تمام آنتی ویروس ها شما را در برابر همه موارد زیر محافظت می کنند به جز:","answers":[{"id":"866","description":"ویروس","iscorrect":0},{"id":"867","description":"کرم","iscorrect":0},{"id":"868","description":"جاسوس افزار و تبلیغ افزارها","iscorrect":1}]},{"id":"253","description":"کی‌لاگر (Keylogger) جز کدام یک از موارد زیر طبقه بندی می شود؟","answers":[{"id":"869","description":"ویروس","iscorrect":0},{"id":"870","description":"کرم","iscorrect":0},{"id":"871","description":"اسپای ور","iscorrect":1}]},{"id":"254","description":"با استفاده از کدام یک از روش های زیر تلاش می شود کاربران را مجبور به ورود به یک سایت بکنند؟","answers":[{"id":"872","description":"با استفاده از کرم ها","iscorrect":0},{"id":"873","description":"با استفاده از تروجان ها","iscorrect":0},{"id":"874","description":"با کلیک جکینگ","iscorrect":1},{"id":"875","description":"با کمک روت کیت ها","iscorrect":0}]}]},{"score":"60","questions":[{"id":"255","description":"کدام یک از جملات زیر صحیح است؟","answers":[{"id":"876","description":"مالور نوعی ویروس می باشد.","iscorrect":0},{"id":"877","description":"ویروس نوعی مالور می باشد.","iscorrect":1},{"id":"878","description":"کرم نوعی ویروس می باشد.","iscorrect":0}]},{"id":"256","description":"نام دیگر Phishing چیست؟","answers":[{"id":"879","description":"Email Spoofing","iscorrect":0},{"id":"880","description":"Website Spoofing","iscorrect":1},{"id":"881","description":"هیچ کدام","iscorrect":0}]},{"id":"257","description":"کدام یک از جملات زیر صحیح است؟","answers":[{"id":"882","description":"فایروال می تواند ویروس ها را پاک کند.","iscorrect":0},{"id":"883","description":"فایروال اطلاعات ورودی و خروجی را بررسی و در صورت نیاز جلوی عبور آنها را می گیرد.","iscorrect":1},{"id":"884","description":"داشتن فایروال روی اغلب کامپیوترها ضروری نیست.","iscorrect":0}]}]}]},{"name":"آنتی ویروس ها و انتخاب آنها","id":"50","contentorder":"12","lesson_number":7,"type":0,"filename":"lesson50.html"},{"name":"تعریف آنتی ویروس ها و انتخاب آنها","id":"108","contentorder":"13","type":1,"set":[{"score":"60","questions":[{"id":"258","description":"قرنطینه ویروس ها چه سودی دارد؟","answers":[{"id":"885","description":"از پاک سازی کامپیوتر جلوگیری می کند.","iscorrect":0},{"id":"886","description":"از ویروس های مورد نیاز ما محافظت می کند.","iscorrect":0},{"id":"887","description":"از فایل های آلوده محافظت می کند.","iscorrect":1},{"id":"888","description":"فایل های مورد نیاز را نگهداری می کند.","iscorrect":0}]},{"id":"259","description":"فاصله زمانی مناسب برای آپدیت یک آنتی ویروس چقدر است؟","answers":[{"id":"889","description":"روزانه و ساعتی","iscorrect":1},{"id":"890","description":"هفتگی","iscorrect":0},{"id":"891","description":"ماهیانه","iscorrect":0},{"id":"892","description":"سالیانه","iscorrect":0}]},{"id":"260","description":"در چه صورت استفاده از دو آنتی ویروس که شاید مکمل یکدیگر باشند، توصیه می شود؟","answers":[{"id":"893","description":"نصب دو آنتی ویروس در کنار هم توصیه نمی شود.","iscorrect":1},{"id":"894","description":"در صورتی که از آنتی ویروس های رایگان استفاده می کنیم، این کار لازم است.","iscorrect":0},{"id":"895","description":"اگر یکی از آنتی ویروس ها تجاری باشد، بهتر است و امنیت سیستم تضمین می شود.","iscorrect":0},{"id":"896","description":"در صورتی که پردازنده و رم کامپیوتر به اندازه کافی قدرت داشته باشند، به شدت توصیه می شود.","iscorrect":0}]}]},{"score":"60","questions":[{"id":"261","description":"کدامیک از گزینه های زیر جزو مالورها نیستند؟","answers":[{"id":"897","description":"Virus","iscorrect":0},{"id":"898","description":"Spyware","iscorrect":0},{"id":"899","description":"Clickjacking","iscorrect":1},{"id":"900","description":"Backdoor","iscorrect":0}]},{"id":"262","description":"نرم افزار آنتی ویروس برای جلوگیری از کدامیک از موارد زیر ساخته شده است؟","answers":[{"id":"901","description":"ویروس، کرم، تروجان و حملات XSS","iscorrect":0},{"id":"902","description":"ویروس و کرم","iscorrect":1},{"id":"903","description":"ویروس و حمله Clickjacking","iscorrect":0},{"id":"904","description":"ویروس، حمله DoS و دیگر بدافزارها","iscorrect":0}]},{"id":"263","description":"در چه صورت استفاده از دو آنتی ویروس که شاید مکمل یکدیگر باشند، توصیه می شود؟","answers":[{"id":"905","description":"نصب دو آنتی ویروس در کنار هم توصیه نمی شود.","iscorrect":1},{"id":"906","description":"در صورتی که از آنتی ویروس های رایگان استفاده می کنیم، این کار لازم است.","iscorrect":0},{"id":"907","description":"اگر یکی از آنتی ویروس ها تجاری باشد، بهتر است و امنیت سیستم تضمین می شود.","iscorrect":0},{"id":"908","description":"در صورتی که پردازنده و رم کامپیوتر به اندازه کافی قدرت داشته باشند، به شدت توصیه می شود.","iscorrect":0}]}]}]},{"name":"نرم افزارهای ضد جاسوس افزار و تبلیغ افزار","id":"51","contentorder":"14","lesson_number":8,"type":0,"filename":"lesson51.html"},{"name":"تعریف نرم افزارهای ضد جاسوس افزار و تبلیغ افزار","id":"110","contentorder":"15","type":1,"set":[{"score":"60","questions":[{"id":"264","description":"کدام گزینه صحیح است؟","answers":[{"id":"909","description":"تمام آنتی ویروس ها، قابلیت پاک کردن جاسوس افزار دارند.","iscorrect":0},{"id":"910","description":"بعضی از آنتی ویروس ها، قابلیت پاک کردن جاسوس افزار دارند.","iscorrect":1},{"id":"911","description":"هیچ کدام از آنتی ویروس ها، قابلیت پاک کردن جاسوس افزار را ندارند.","iscorrect":0}]},{"id":"265","description":"براساس متن، برای پاک کردن یک کامپیوتر آلوده به جاسوس افزار که اجازه نصب هیچ نرم افزاری نمی دهد، کدام گزینه بهتر است؟","answers":[{"id":"912","description":"Ad-Aware","iscorrect":0},{"id":"913","description":"Spybot","iscorrect":0},{"id":"914","description":"SuperAntiSpyware","iscorrect":1}]},{"id":"266","description":"اگر یک پنجره مرورگر به شکل خودکار باز شود، بهترین گزینه کدام است؟","answers":[{"id":"915","description":"زدن دکمه ی Cancel در پنجره","iscorrect":0},{"id":"916","description":"زدن دکمه ضربدر در بالا و سمت راست","iscorrect":1},{"id":"917","description":"زدن دکمه OK در پنجره","iscorrect":0}]}]},{"score":"60","questions":[{"id":"267","description":"براساس متن، کدام یک از گزینه های زیر نسخه پرتابل (قابل جابجایی) دارد؟","answers":[{"id":"918","description":"Ad-Aware","iscorrect":0},{"id":"919","description":"Spybot","iscorrect":0},{"id":"920","description":"SuperAntiSpyware","iscorrect":1}]},{"id":"268","description":"در کدام یک از گزینه های زیر ممکن است جاسوس افزار وجود داشته باشد؟","answers":[{"id":"921","description":"اسکرین سیور","iscorrect":0},{"id":"922","description":"نرم افزار تغییر دهنده ی Wallpaper","iscorrect":0},{"id":"923","description":"یک تم جدید برای ویندوز","iscorrect":0},{"id":"924","description":"همه موارد","iscorrect":1}]},{"id":"269","description":"کدام یک از موارد زیر صحیح تر است؟","answers":[{"id":"925","description":"افزونه ی No Script در Firefox یک ضد جاسوس افزار است.","iscorrect":0},{"id":"926","description":"برای محافظت دایمی از یک کامپیوتر در برابر جاسوس افزارها، ویروس ها و تروجان ها برنامه SuperAntiSpyware گزینه مناسبی است.","iscorrect":0},{"id":"927","description":"برای محافظت دایمی از یک کامپیوتر در برابر جاسوس افزارها، Ad-Aware گزینه مناسبی است.","iscorrect":1}]}]}]},{"name":"دیوار آتش و لزوم استفاده از آن","id":"52","contentorder":"16","lesson_number":9,"type":0,"filename":"lesson52.html"},{"name":"تعریف دیوار آتش و لزوم استفاده از آن","id":"112","contentorder":"17","type":1,"set":[{"score":"60","questions":[{"id":"270","description":"آیا با وجود به روز بودن سیستم عامل و برنامه ها، استفاده از فایروال ضروری است؟","answers":[{"id":"928","description":"بله، زیرا برخی اشکالات سیستم عامل هنوز برای شرکت سازنده ناشناخته اند که ممکن است توسط یک گروه خرابکار کشف و مورد استفاده قرار گیرند.","iscorrect":1},{"id":"929","description":"خیر، زیرا ورود و خروج اطلاعات و آلودگی هایی مانند تروجان، کرم و غیره توسط سیستم عامل قابل کنترل نیست.","iscorrect":0},{"id":"930","description":"خیر، زیرا با نصب آخرین آپدیت های برنامه ها و سیستم عامل، دیگر هیچگونه راه نفوذی باقی نمی ماند.","iscorrect":0},{"id":"931","description":"بله، زیرا فایروال ربطی به حمله و نفوذ به سیستم ندارد و توانایی شناسایی انواع بد افزار را دارد.","iscorrect":0}]},{"id":"271","description":"فعال بودن کدام یک خطر امنیتی به شمار می رود؟","answers":[{"id":"932","description":"پرینتر","iscorrect":0},{"id":"933","description":"کنترل پنل","iscorrect":0},{"id":"934","description":"فایل شیرینگ/ اشتراک فایل","iscorrect":1},{"id":"935","description":"هیچکدام","iscorrect":0}]},{"id":"272","description":"نرم افزار رایگان Zone Alarm شامل کدام یک از این سرویس ها است؟","answers":[{"id":"936","description":"آنتی ویروس","iscorrect":0},{"id":"937","description":"قفل اینترنتی","iscorrect":1},{"id":"938","description":"فایل شیرینگ","iscorrect":0},{"id":"939","description":"اف تی پی","iscorrect":0}]}]},{"score":"60","questions":[{"id":"273","description":"برای کنترل ورود و خروج اطلاعات و دسترسی نرم افزارها به اینترنت از کدام نرم افزار زیر استفاده می کنید؟","answers":[{"id":"940","description":"Zone Alarm","iscorrect":1},{"id":"941","description":"Firefox","iscorrect":0},{"id":"942","description":"Avast","iscorrect":0},{"id":"943","description":"Internet Explorer","iscorrect":0}]},{"id":"274","description":"تکنولوژی DDP در کومودو چگونه عمل می کند؟","answers":[{"id":"944","description":"برای جلوگیری از حملات DoS به شیوه ای موثر به کار می رود.","iscorrect":0},{"id":"945","description":"هر برنامه ای با رفتار مشکوک و یا ناشناخته یک متخاصم است، مگر اینکه خلاف اش ثابت شود.","iscorrect":1},{"id":"946","description":"اطلاعات خروجی سیستم را برای یافتن ویروس های مشهور دائما کنترل می کند.","iscorrect":0},{"id":"947","description":"جلوی دسترسی افرادی را که در لیست اش اضافه می کنید، به هر شکلی می گیرد.","iscorrect":0}]},{"id":"275","description":"مناسب ترین نوع فایروال کدام است؟","answers":[{"id":"948","description":"فایروال داده های ورودی","iscorrect":0},{"id":"949","description":"فایروال داده های خروجی","iscorrect":0},{"id":"950","description":"هر دو با هم","iscorrect":1},{"id":"951","description":"هیچکدام","iscorrect":0}]}]}]},{"name":"مبانی امنیت در سیستم عامل ویندوز","id":"53","contentorder":"18","lesson_number":10,"type":0,"filename":"lesson53.html"},{"name":"تعریف مبانی امنیت در سیستم عامل ویندوز","id":"114","contentorder":"19","type":1,"set":[{"score":"60","questions":[{"id":"276","description":"دوستتان برایتان چند دی وی دی مجموعه نرم افزار آورده است. عکس العمل مناسب چیست؟","answers":[{"id":"952","description":"خیلی خوب است، حالا می توانم یک عالمه نرم افزار جدید را امتحان کنم. آنها را بر روی سیستم عامل نصب می کنم.","iscorrect":0},{"id":"953","description":"فقط نرم افزارهایی که نیاز دارم را نصب می کنم.","iscorrect":0},{"id":"954","description":"از کجا معلوم کسی که این دی وی دی ها را تولید کرده نرم افزارها را با بدافزار مخلوط نکرده باشد؟ در صورت امکان آخرین نسخه نرم افزارها را از منابع معتبر دانلود می کنم.","iscorrect":1}]},{"id":"277","description":"نمایش پسوند فایل ها در ویندوز ......... .","answers":[{"id":"955","description":"از سردرگمی کاربران مبتدی جلوگیری می کند.","iscorrect":0},{"id":"956","description":"امنیت سیستم را تضمین می کند.","iscorrect":0},{"id":"957","description":"از اجرای فایل های خطرناک توسط کاربر جلوگیری می کند.","iscorrect":1},{"id":"958","description":"منجر به زیبایی ویندوز می شود.","iscorrect":0}]},{"id":"278","description":"کار BitLocker چیست؟","answers":[{"id":"959","description":"تغییر پسوند فایل ها","iscorrect":0},{"id":"960","description":"رمزنگاری درایو ویندوز","iscorrect":1},{"id":"961","description":"جلوگیری از حدس زدن رمز عبور ویندوز","iscorrect":0},{"id":"962","description":"پاکسازی نرم افزارها به صورت امن","iscorrect":0}]}]},{"score":"60","questions":[{"id":"279","description":"برای خواندن فایل های PDF از نسخه یکی مانده به آخر نرم افزار اکروبات ریدر استفاده می کنید. برای نصب نسخه آخر این نرم افزار چقدر عجله می کنید؟","answers":[{"id":"963","description":"اگر سیستم عامل ام به روز باشد، نیازی به آپدیت آن نیست.","iscorrect":0},{"id":"964","description":"به روز بودن نرم افزارهای نصب شده به اندازه ی به روز بودن سیستم عامل مهم است، بنابراین فورا آن را نصب می کنم.","iscorrect":1},{"id":"965","description":"اکروبات ریدر فقط برای خواندن فایل های پی دی اف است. نصب فوری آپدیت ضرورتی ندارد، سر فرصت آن را نصب می کنم.","iscorrect":0},{"id":"966","description":"اگر سیستم عامل به روز باشد می توان سر فرصت این کار را انجام داد.","iscorrect":0}]},{"id":"280","description":"کار BitLocker چیست؟","answers":[{"id":"967","description":"تغییر پسوند فایل ها","iscorrect":0},{"id":"968","description":"رمزنگاری درایو ویندوز","iscorrect":1},{"id":"969","description":"جلوگیری از حدس زدن رمز عبور ویندوز","iscorrect":0},{"id":"970","description":"پاکسازی نرم افزارها به صورت امن","iscorrect":0}]},{"id":"281","description":"برتری حذف نرم افزارهای نصب شده در ویندوز توسط Revo Uninstaller نسبت به Add/remove سیستم عامل ویندوز چیست؟","answers":[{"id":"971","description":"برای حذف نرم افزارهای کرک شده از این نرم افزار استفاده می شود.","iscorrect":0},{"id":"972","description":"قادر به Uninstall کردن کامل نرم افزارها در کنار شناسایی و حذف رد پاهای نرم افزار مورد نظر است.","iscorrect":1},{"id":"973","description":"می توان انواع بدافزارها را هم با این نرم افزار حذف کرد.","iscorrect":0},{"id":"974","description":"موارد ۲ و ۳","iscorrect":0}]}]}]},{"name":"نگهداری و پاک کردن اطلاعات به صورت امن","id":"54","contentorder":"20","lesson_number":11,"type":0,"filename":"lesson54.html"},{"name":"تعریف نگهداری و پاک کردن اطلاعات به صورت امن","id":"116","contentorder":"21","type":1,"set":[{"score":"60","questions":[{"id":"282","description":"برای از بین بردن کل اطلاعات یک هارد کدام یک از روش های زیر کمتر موثر است؟","answers":[{"id":"975","description":"استفاده از Eraser","iscorrect":0},{"id":"976","description":"استفاده از CCleaner","iscorrect":1},{"id":"977","description":"خورد کردن فیزیکی آن","iscorrect":0}]},{"id":"283","description":"برای پاک سازی کامل یک فایل نوشتاری که چندین بار آن را ویرایش کرده اید بهترین راه کدام است؟","answers":[{"id":"978","description":"پاک کردن فایل با نرم افزار Eraser","iscorrect":0},{"id":"979","description":"پاک کردن فایل و فضاهای خالی با Eraser","iscorrect":1},{"id":"980","description":"باز کردن فایل و پاک کردن تمام جملات و سپس ذخیره کردن فایل خالی","iscorrect":0}]},{"id":"284","description":"برای پاک کردن فایل های موقت (Temporary) مرورگر خود از کدام روش استفاده می کنید؟","answers":[{"id":"981","description":"Eraser","iscorrect":0},{"id":"982","description":"CCleaner و تنظیم آن برای حذف اطلاعات به صورت امن","iscorrect":1},{"id":"983","description":"True Crypt","iscorrect":0}]}]},{"score":"60","questions":[{"id":"285","description":"براساس متن، برای این که کسی نتواند فایل محرمانه شما را ببیند، کدام روش زیر بهتر است؟","answers":[{"id":"984","description":"استفاده از True Crypt","iscorrect":1},{"id":"985","description":"استفاده از CCleaner","iscorrect":0},{"id":"986","description":"پنهان کردن فایل در یک پوشه ی شلوغ","iscorrect":0}]},{"id":"286","description":"براساس متن، در مورد اطلاعاتی که نگهداری آنها ضرورتی ندارد، کدام گزینه بهتر است؟","answers":[{"id":"987","description":"پاک کردن آنها","iscorrect":1},{"id":"988","description":"قرار دادن آنها در True Crypt","iscorrect":0},{"id":"989","description":"قرار دادن آنها در BitLocker","iscorrect":0}]},{"id":"287","description":"برای پاک کردن فایل های Swap از کدام استفاده می کنید؟","answers":[{"id":"990","description":"Eraser","iscorrect":1},{"id":"991","description":"BitLocker","iscorrect":0},{"id":"992","description":"True Crypt","iscorrect":0}]}]}]},{"name":"مدیریت رمزهای عبور","id":"55","contentorder":"22","lesson_number":12,"type":0,"filename":"lesson55.html"},{"name":"تعریف مدیریت رمزهای عبور","id":"118","contentorder":"23","type":1,"set":[{"score":"60","questions":[{"id":"288","description":"هنگام استفاده از یک کامپیوتر عمومی و غیر امن کدام روش بهتر است؟","answers":[{"id":"993","description":"استفاده از رمز اصلی LastPass","iscorrect":0},{"id":"994","description":"استفاده از رمز اصلی LastPass و هنگامی که به یک کامپیوتر امن رسیدید باید رمز اصلی را تغییر دهید.","iscorrect":0},{"id":"995","description":"استفاده از رمز یکبار مصرف","iscorrect":1}]},{"id":"289","description":"کدام یک باید در انتخاب رمز عبور اصلی نرم افزار LastPass حتما رعایت شود؟","answers":[{"id":"996","description":"بسیار طولانی باشد.","iscorrect":0},{"id":"997","description":"شامل کاراکتر، حروف بزرگ و کوچک و رقم باشد.","iscorrect":0},{"id":"998","description":"غیر قابل حدس زدن باشد.","iscorrect":0},{"id":"999","description":"به گونه ای باشد که آن را فراموش نکنید.","iscorrect":0},{"id":"1000","description":"همه موارد","iscorrect":1}]},{"id":"290","description":"براساس متن، کدام گزینه صحیح است؟","answers":[{"id":"1001","description":"صاحبان سرورهای LastPass می توانند رمزهای شما را ببینند.","iscorrect":0},{"id":"1002","description":"اطلاعات موجود در سرورهای LastPass زمانی که بر روی کامپیوترتان قرار می گیرند، قابل خواندن می شوند.","iscorrect":1},{"id":"1003","description":"استفاده از نرم افزارهای مدیریت پسوردها تنها برای کاربران حرفه ای توصیه می شود.","iscorrect":0}]}]},{"score":"60","questions":[{"id":"291","description":"چه روشی برای امنیت رمزهای عبور مناسب تر است؟","answers":[{"id":"1004","description":"استفاده از رمزهای عبور طولانی و پیچیده برای سایت های مختلف و حفظ کردن آنها","iscorrect":0},{"id":"1005","description":"استفاده از یک رمز عبور طولانی و پیچیده برای تمام سایت ها","iscorrect":0},{"id":"1006","description":"استفاده از رمزهای عبور طولانی و پیچیده در سایت های مختلف و نوشتن آنها در یک دفترچه یادداشت کوچک و مخفی","iscorrect":0},{"id":"1007","description":"استفاده از نرم افزارهای مدیریت پسورد برای حفظ کردن رمزهای عبور طولانی و پیچیده متفاوت در سایت های مختلف","iscorrect":1}]},{"id":"292","description":"در صورتی که بخواهید رمزهای خود را از KeePass به LastPass انتقال دهید، کدام گزینه بهتر است؟","answers":[{"id":"1008","description":"خود برنامه ی LastPass ابزاری برای این کار دارد.","iscorrect":1},{"id":"1009","description":"کپی کردن رمزها از KeePass به LastPass","iscorrect":0},{"id":"1010","description":"خود برنامه ی KeePass ابزاری برای این کار دارد.","iscorrect":0}]},{"id":"293","description":"host-proof به کدام گزینه زیر نزدیک تر است؟","answers":[{"id":"1011","description":"اینکه صاحبان سایت نمی توانند اطلاعات کاربران خود را ببینند.","iscorrect":1},{"id":"1012","description":"اینکه اطلاعات همواره در دسترس کاربران قرار دارد.","iscorrect":0},{"id":"1013","description":"اینکه سرور همیشه یک پشتیبان از اطلاعات را برای خود نگه می دارد.","iscorrect":0}]}]}]},{"name":"امنیت در شبکه های بی سیم","id":"56","contentorder":"24","lesson_number":13,"type":0,"filename":"lesson56.html"},{"name":"تعریف امنیت در شبکه های بی سیم","id":"120","contentorder":"25","type":1,"set":[{"score":"60","questions":[{"id":"294","description":"برای دسترسی به اینترنت، امنیت کدام بیشتر است؟","answers":[{"id":"1014","description":"اتصال به اینترنت از طریق کابل","iscorrect":1},{"id":"1015","description":"اتصال به اینترنت از طریق بی سیم","iscorrect":0},{"id":"1016","description":"امنیت هر دو یکسان است.","iscorrect":0}]},{"id":"295","description":"کدام یک از کاربردهای مک فیلتر نیست؟","answers":[{"id":"1017","description":"برای تعریف دستگاه های مجاز برای ورود به شبکه ی بی سیم از مک فیلتر استفاده می کنیم.","iscorrect":0},{"id":"1018","description":"با استفاده از مک فیلتر امکان مشاهده ی اطلاعات تبادل شده توسط دستگاه های ثالث از بین می رود.","iscorrect":1},{"id":"1019","description":"به بالا بردن امنیت شبکه ی بی سیم کمک می کند.","iscorrect":0}]},{"id":"296","description":"کدام یک از این پسوردها برای یک شبکه ی بی سیم مناسب تر است؟","answers":[{"id":"1020","description":"WEP: sRfd8lk.43?vsd9FE+FWef","iscorrect":0},{"id":"1021","description":"WPA: kRt43sg;ksjdksdf","iscorrect":0},{"id":"1022","description":"WPA2: ds;lfklkl;sE3etr4","iscorrect":1}]}]},{"score":"60","questions":[{"id":"297","description":"آدرس 00:3j:5g:8f:3p:pd شبیه به کدام است؟","answers":[{"id":"1023","description":"Physical Address","iscorrect":1},{"id":"1024","description":"آی پی آدرس","iscorrect":0},{"id":"1025","description":"هر دو مورد","iscorrect":0}]},{"id":"298","description":"کدام یک از روش های رمز گذاری امن تر است؟","answers":[{"id":"1026","description":"WPA2","iscorrect":1},{"id":"1027","description":"WPA","iscorrect":0},{"id":"1028","description":"WEP","iscorrect":0}]},{"id":"299","description":"در صورتی که رمز مودم خود را فراموش کردید، کدام گزینه راه حل سریع تری است؟","answers":[{"id":"1029","description":"با شرکت سازنده تماس می گیریم.","iscorrect":0},{"id":"1030","description":"آن را به کامپیوتر متصل و سعی می کنیم رمز را پیدا کنیم.","iscorrect":0},{"id":"1031","description":"با یک سوزن سراغ مودم می رویم و آن را ریست می کنیم.","iscorrect":1}]}]}]},{"name":"امنیت در شبکه های اجتماعی","id":"57","contentorder":"26","lesson_number":14,"type":0,"filename":"lesson57.html"},{"name":"تعریف امنیت در شبکه های اجتماعی","id":"122","contentorder":"27","type":1,"set":[{"score":"60","questions":[{"id":"300","description":"در حالت پیش فرض، اطلاعات اولیه ی شما در فیس بوک در جستجوی گوگل:","answers":[{"id":"1032","description":"دیده می شوند.","iscorrect":1},{"id":"1033","description":"دیده نمی شوند.","iscorrect":0},{"id":"1034","description":"حالت پیش فرضی وجود ندارد.","iscorrect":0}]},{"id":"301","description":"راجع به پاک کردن حساب در فیس بوک کدام گزینه صحیح است؟","answers":[{"id":"1035","description":"پس از انجام مراحل حذف، حساب بلافاصله پاک می شود.","iscorrect":0},{"id":"1036","description":"پس از انجام مراحل حذف، حساب بلافاصله از دسترس عموم خارج می شود.","iscorrect":1},{"id":"1037","description":"توصیه می شود پنج روز پس از انجام مراحل حذف به حساب خود سر بزنید تا از پاک شدن آن اطمینان یابید.","iscorrect":0}]},{"id":"302","description":"چه کسانی را به لیست دوستانتان اضافه می کنید؟","answers":[{"id":"1038","description":"هر کسی که درخواست بدهد.","iscorrect":0},{"id":"1039","description":"از هر کسی که خوشم بیاید به لیستم اضافه اش می کنم.","iscorrect":0},{"id":"1040","description":"فقط کسانی را که کاملا می شناسم و واقعا دوست من محسوب می شوند.","iscorrect":1},{"id":"1041","description":"هم دوستان و هم کسانی که به نظرم قابل اعتماد می آیند.","iscorrect":0}]}]},{"score":"60","questions":[{"id":"306","description":"امروز برایتان روز بدی بوده است، قبل از اینکه ناله و نفرین ها را روانه توییتر کنید به چه چیزی فکر می کنید؟","answers":[{"id":"1051","description":"مهم نیست، توییتر برای نوشتن همین چیزها است.","iscorrect":0},{"id":"1052","description":"توییتر من فقط در دسترس دوستان نزدیکم است، بنابراین مثل این است که با آنها درد و دل کرده باشم.","iscorrect":0},{"id":"1053","description":"این نوشته ها ممکن است همین فردا در اختیار افرادی قرار بگیرد که برایم دردسر درست کنند.","iscorrect":1}]},{"id":"307","description":"راجع به پاک کردن حساب در فرندفید کدام صحیح است؟","answers":[{"id":"1054","description":"پس از انجام مراحل حذف، حساب بلافاصله پاک می شود.","iscorrect":0},{"id":"1055","description":"پس از انجام مراحل حذف، حساب بلافاصله از دسترس عموم خارج می شود.","iscorrect":0},{"id":"1056","description":"هر دو مورد","iscorrect":1}]},{"id":"308","description":"در حالت پیش فرض اطلاعات اولیه ی شما در جستجوی فیس بوک:","answers":[{"id":"1057","description":"دیده می شوند.","iscorrect":1},{"id":"1058","description":"دیده نمی شوند.","iscorrect":0},{"id":"1059","description":"حالت پیش فرضی وجود ندارد.","iscorrect":0}]}]}]},{"name":"امنیت فیزیکی و امنیت در محیط کار","id":"58","contentorder":"28","lesson_number":15,"type":0,"filename":"lesson58.html"},{"name":"تعریف امنیت فیزیکی و امنیت در محیط کار","id":"125","contentorder":"29","type":1,"set":[{"score":"60","questions":[{"id":"309","description":"به دسته کلید محل کارتان نگاهی بیاندازید، دوست دارید کدامیک از این کلیدها در آن بیشتر باشد؟","answers":[{"id":"1060","description":"ای بابا کلید کلیده دیگه!","iscorrect":0},{"id":"1061","description":"کلیدهای ۴ پهلوی بلند","iscorrect":1},{"id":"1062","description":"کلیدهای دندانه دار یک طرفه محکم و زیبا","iscorrect":0},{"id":"1063","description":"مهم جنس خوب قفل و کلید است که دوام خوبی داشته باشد، نوع کلید آن فرقی ندارد.","iscorrect":0}]},{"id":"310","description":"کدام یک از فواید سیستم های هشدار دهنده نیست؟","answers":[{"id":"1064","description":"ترساندن و فراری دادن سارق","iscorrect":0},{"id":"1065","description":"اطلاع به صاحب خانه و پلیس در خصوص سرقت","iscorrect":0},{"id":"1066","description":"ایجاد صدای بلند و با خبر کردن همسایگان","iscorrect":0},{"id":"1067","description":"تصویربرداری و یا ثبت علائم بیومتریک سارق","iscorrect":1}]},{"id":"311","description":"در یک مسابقه ی امنیتی به شما می گویند که برای سرقت وارد اتاق سرور یک بیمارستان شوید و ارزشمندترین وسیله را که قادر به پنهان کردن آن در کیف تان هستید را بدزدید، شما چه چیزی را بر می دارید؟","answers":[{"id":"1068","description":"سوییچ","iscorrect":0},{"id":"1069","description":"هاب و روتر","iscorrect":0},{"id":"1070","description":"هارد دیسک","iscorrect":1},{"id":"1071","description":"کارت گرافیک","iscorrect":0}]}]},{"score":"50","questions":[{"id":"312","description":"بهترین قفل برای در ورودی یک ساختمان اداری چیست؟","answers":[{"id":"1072","description":"قفل آویز","iscorrect":0},{"id":"1073","description":"قفل گاو صندوقی درون در","iscorrect":1},{"id":"1074","description":"قفلی که با زیبایی در هماهنگ باشد.","iscorrect":0},{"id":"1075","description":"قفلی سردری که با آیفون هم قابل باز کردن باشد.","iscorrect":0}]},{"id":"313","description":"بهترین جا برای نگه داری نسخه ی پشتیبان اطلاعات کامپیوتر محل کارتان کدام است؟","answers":[{"id":"1076","description":"کشوی میز کامپیوتر","iscorrect":0},{"id":"1077","description":"فایل فلزی بایگانی شخصی خانه ی پدری","iscorrect":1},{"id":"1078","description":"کمد اتاق رئیس","iscorrect":0},{"id":"1079","description":"تحویل به نگهبانی شرکت","iscorrect":0}]},{"id":"314","description":"صبح به شرکت آمده اید و می بینید دستگاه کپی شرکت به سرقت رفته، بدترین اتفاق کدام است؟","answers":[{"id":"1080","description":"یکی از قراردادهای کاری روی کپی جا مانده و به سرقت رفته است.","iscorrect":0},{"id":"1081","description":"تا خرید دستگاه بعدی برای کپی گرفتن از مدارک باید بیرون بروید.","iscorrect":0},{"id":"1082","description":"سارق به اطلاعات شرکت در حافظه ی دستگاه دسترسی دارد.","iscorrect":1},{"id":"1083","description":"باید دوباره برای خرید دستگاه کپی هزینه کنید.","iscorrect":0}]},{"id":"315","description":"لپ تاپ کارمند پاسخگویی به مراجعین، به سرقت رفته است. برای کدام یک از موارد زیر باید به فکر عکس العمل فوری باشیم؟","answers":[{"id":"1084","description":"باید برای عقب نیافتادن کار به فکر کامپیوتر یا لپ تاپ دیگر و هزینه ی اضافی باشیم.","iscorrect":0},{"id":"1085","description":"تعدادی از عکس های شخصی وی روی آن بوده اند که ممکن است برای اش مشکل ساز شوند.","iscorrect":0},{"id":"1086","description":"پولی که بابت خرید آنتی ویروس و آنتی اسپای ور هزینه شده بود، از دست رفت.","iscorrect":0},{"id":"1087","description":"رمز عبور شبکه بی سیم و اینترنت شرکت روی آن ذخیره بوده که ممکن است بازیابی شود.","iscorrect":1}]}]}]}]}