{"courseId":"36","contents":[{"name":"درس اول- نرم افزار آزاد","id":"223","contentorder":"1","lesson_number":1,"type":0,"filename":"lesson223.html"},{"name":"نرم افزار آزاد","id":"377","contentorder":"2","type":1,"set":[{"score":"60","questions":[{"id":"1120","description":"سوسن یک کپی از لینوکس فدورا روی لپ تاپش نصب کرده. محمود آن را می بیند و علاقمند می شود سی دی آن را کپی کند. کدام گزینه صحیح است؟","answers":[{"id":"4278","description":"سوسن بدون نقض کپی رایت، می تواند سی دی را کپی کند و به محمود بدهد.","iscorrect":1},{"id":"4279","description":"محمود اجازه دارد اینکار را بکند چون لینوکس یک نرم افزار خارجی است و در ایران کپی رایت آن مهم نیست.","iscorrect":0},{"id":"4280","description":"سوسن می تواند سی دی خودش را برای نصب به محمود بدهد ولی نباید آن را تکثیر کند.","iscorrect":0},{"id":"4281","description":"کپی لینوکس روی سی دی مشکلی ندارد اما محمود باید شخصا آن را از سایت فدورا دانلود کرده باشد.","iscorrect":0}]},{"id":"1121","description":"یک شرکت چینی یک نسخه محلی از سیستم عامل لینوکس را برای توزیع در مدارس چین ایجاد کرده و آن را تحت مجوز خاصی که اجازه نمی دهد کسی برنامه را برای دیگران کپی کند یا آن را بیرون از مدرسه نصب کند در جای دیگری نصب کنند منتشر کرده. چرا اینکار غیرقانونی است؟","answers":[{"id":"4282","description":"بنا به آزادی صفر، افراد باید اجازه داشته باشند از برنامه به هر منظوری که می خواهند استفاده کنند.","iscorrect":0},{"id":"4283","description":"بنا به آزادی دوم، هر کس حق دارد نرم افزار آزاد را برای دیگران تکثیر کند.","iscorrect":0},{"id":"4284","description":"مجوز GPL می گوید که اگر کسی برنامه ای که تحت این مجوز است را تغییر داد، باید خروجی را تحت همین مجوز منتشر کند. لینوکس هم تحت مجوز GPL مشمول همین قانون است.","iscorrect":0},{"id":"4285","description":"همه موارد","iscorrect":1}]},{"id":"1122","description":"کدام عبارت در مورد Free صادق است؟","answers":[{"id":"4286","description":"فقط برای نرم افزارهای رایگان استفاده می شود و نرم افزارهای آزاد را باید Libre بنامیم.","iscorrect":0},{"id":"4287","description":"در زبان انگلیسی هم به معنای آزاد است و هم به معنای رایگان و این موضوع باعث سوء تفاهم بین مورد آزاد بودن یک نرم افزار و رایگان بودن آن شده است.","iscorrect":1},{"id":"4288","description":"هم به معنی آزاد است و هم به معنی رایگان و نشان می دهد که Free Software باید هم رایگان باشد و هم آزاد.","iscorrect":0},{"id":"4289","description":"مفهومی جدید در نرم افزار است که با آمدن فایرفاکس شروع شد.","iscorrect":0}]}]},{"score":"60","questions":[{"id":"1123","description":"کدامیک از نرم افزارهای زیر آزاد نیستند؟","answers":[{"id":"4290","description":"لینوکس","iscorrect":0},{"id":"4291","description":"فایرفاکس","iscorrect":0},{"id":"4292","description":"اوپن آفیس","iscorrect":0},{"id":"4293","description":"اپرا","iscorrect":1}]},{"id":"1124","description":"فرض کنید هنرمندی که علاقمند به حمایت از او هستید سریالی ساخته و شما می خواهید «بنا به قانون کپی رایت» از او حمایت کنید. کدام از یک موارد زیر از نظر حقوقی اشکال دارد؟","answers":[{"id":"4294","description":"دعوت دوستان به خانه و دیدن دسته جمعی سریالی که خریده اید.","iscorrect":0},{"id":"4295","description":"خریدن یک سی دی و دیدن آن با خانواده","iscorrect":0},{"id":"4296","description":"قرض دادن سی دی ای که خریده اید به دوستانتان","iscorrect":0},{"id":"4297","description":"کپی کردن سی دی برای دوستان","iscorrect":1}]},{"id":"1125","description":"فرض کنید پس از پایان این دوره قهرمان لینوکس شده اید و می خواهید از این راه کسب درآمد کنید. کدام یک از کارهای زیر از نظر قانونی مشکلی ندارد؟","answers":[{"id":"4298","description":"دانلود لینوکس های مختلف و کپی آنها روی سی‌دی و فروختنشان در یک مغازه آنلاین","iscorrect":0},{"id":"4299","description":"پول گرفتن از شرکت های تکنولوژی بالا برای نصب و تنظیم لینوکس روی سرورهایشان","iscorrect":0},{"id":"4300","description":"فروختن سرویس ساپورت به سازمان ها و تعهد حل مشکلات لینوکسی آنها","iscorrect":0},{"id":"4301","description":"هیچ کدام از موارد بالا مشکلی ندارد.","iscorrect":1}]}]}]},{"name":"درس دوم- سیستم عاملی به نام گنو/لینوکس","id":"224","contentorder":"3","lesson_number":2,"type":0,"filename":"lesson224.html"},{"name":"سیستم عاملی به نام گنو/لینوکس","id":"520","contentorder":"4","type":1,"set":[{"score":"60","questions":[{"id":"1595","description":"کدام گزینه صحیح است:","answers":[{"id":"6158","description":"یونیکس و لینوکس هر دو یک چیز هستند.","iscorrect":0},{"id":"6159","description":"لینوکس یک سیستم مشابه یونیکس است.","iscorrect":1},{"id":"6160","description":"یونیکس و لینوکس از نظر معماری هیچ ارتباطی به یکدیگر ندارند.","iscorrect":0},{"id":"6161","description":"هیچکدام","iscorrect":0}]},{"id":"1596","description":"بعضی ها اصرار می کنند که باید به جای لینوکس از عبارت گنو/لینوکس استفاده کرد. کدام گزینه در این مورد اشتباه بیان شده است؟","answers":[{"id":"6162","description":"در صورتی که فقط بخواهیم به هسته سیستم عامل اشاره کنیم، استفاده از عبارت لینوکس کاملا صحیح است.","iscorrect":0},{"id":"6163","description":"در صورتی که بخواهیم به کل سیستم عامل اشاره کنیم عبارت گنو/لینوکس صحیح تر است چون لینوکس تنها هسته سیستم عامل است و بقیه اجزای یک توزیع، از پروژه گنو برداشته شده اند.","iscorrect":0},{"id":"6164","description":"در صورتی که بخواهیم به توزیع هایی مانند اوبونتو اشاره کنیم این حرف صحیح نیست.","iscorrect":1},{"id":"6165","description":"در صورتی که خودمان سیستم عاملی متشکل از هسته و ابزارهای گنو/لینوکس ساخته باشیم، این حرف صحیح است.","iscorrect":0}]},{"id":"1597","description":"کرنل چیست؟","answers":[{"id":"6166","description":"هسته سیستم عامل","iscorrect":0},{"id":"6167","description":"بخشی از سیستم عامل که وظیفه ارتباط با سخت افزارها را بر عهده دارد.","iscorrect":0},{"id":"6168","description":"قسمت مرکزی سیستم عامل که دسترسی بقیه نرم افزارها به اجزای کامپیوتر را مدیریت می کند.","iscorrect":0},{"id":"6169","description":"تمام موارد","iscorrect":1}]}]},{"score":"50","questions":[{"id":"1598","description":"توزیع های گنو/لینوکس چه تفاوتی با یکدیگر دارند؟","answers":[{"id":"6170","description":"تنها نرم افزارهای پیش فرض فرق می کنند.","iscorrect":0},{"id":"6171","description":"از تم ها و تصاویر متفاوت برای مجزا کردن شرکت ها استفاده می کنند.","iscorrect":0},{"id":"6172","description":"ممکن است در آنها مدیریت نرم افزارها، برنامه های نصب شده و محیط های گرافیکی فرق کنند.","iscorrect":1},{"id":"6173","description":"هیچ فرقی ندارند و بسیار هم خوشحالند!","iscorrect":0}]},{"id":"1599","description":"می گوییم گنو/لینوکس یک سیستم عامل آزاد است. کدام گزینه در این مورد اشتباه نوشته شده است؟","answers":[{"id":"6174","description":"هیچ کس حق ندارد آن را به کسی بفروشد.","iscorrect":1},{"id":"6175","description":"هر کسی می تواند به متن برنامه های آن دسترسی داشته باشد.","iscorrect":0},{"id":"6176","description":"هر کسی حق دارد سی دی آن را برای دیگران کپی کند.","iscorrect":0},{"id":"6177","description":"هر کس حق دارد آن را عوض کند و بخش هایی که دوست ندارد را از متن برنامه حذف کند.","iscorrect":0}]},{"id":"1600","description":"کدام مورد اشتباه است؟","answers":[{"id":"6178","description":"توزیع های لینوکس می توانند مانند شاخه های یک درخت از هم منشعب شوند.","iscorrect":0},{"id":"6179","description":"گنو/لینوکس اوبونتو یک نرم افزار آزاد است.","iscorrect":0},{"id":"6180","description":"هسته لینوکس یک نمونه از نرم افزار آزاد است.","iscorrect":0},{"id":"6181","description":"هیچکدام از عبارات اشتباه نیستند.","iscorrect":1}]},{"id":"1601","description":"سیستم عامل چیست؟","answers":[{"id":"6182","description":"برنامه ای که محیط گرافیکی را اجرا می کند.","iscorrect":0},{"id":"6183","description":"همان درایوهای کامپیوتر هستند که سخت افزارها را اجرا می کنند.","iscorrect":0},{"id":"6184","description":"رابط بین کاربر و سخت افزار کامپیوتر","iscorrect":1},{"id":"6185","description":"هسته ای که مسئولیت شناسایی سخت افزارها را دارد.","iscorrect":0}]}]}]},{"name":"درس سوم- کاربردهای لینوکس","id":"271","contentorder":"5","lesson_number":3,"type":0,"filename":"lesson271.html"},{"name":"کاربردهای لینوکس","id":"460","contentorder":"6","type":1,"set":[{"score":"60","questions":[{"id":"1371","description":"برای استفاده از لینوکس به عنوان سیستم عامل دسکتاپ، بیشترین مشکل از کدام جانب ممکن است بروز کند؟","answers":[{"id":"5282","description":"ویروس ها و بدافزارها","iscorrect":0},{"id":"5283","description":"ناتوانی در تایپ فارسی","iscorrect":0},{"id":"5284","description":"ارائه نشدن درایور بعضی سخت افزارها برای لینوکس توسط کارخانه سازنده","iscorrect":1},{"id":"5285","description":"عدم وجود محیط گرافیک","iscorrect":0}]},{"id":"1372","description":"بعضی ها می گویند «اگر لینوکس خوب بود، کاربران بیشتری داشت». با داشتن گذشت و اغماض و روحیه خنده، این حرف مانند کدام یک از گزینه های زیر است؟","answers":[{"id":"5286","description":"چینی ها بهترین مردم جهان هستند چون از همه بیشتر هستند.","iscorrect":0},{"id":"5287","description":"اگر ببر حیوان قدرتمندی بود، تعدادش از مرغ ها کمتر نبود.","iscorrect":0},{"id":"5288","description":"اگر بنز ماشین خوبی بود، خوب آدم های بیشتری آن را می خریدند.","iscorrect":0},{"id":"5289","description":"همه موارد","iscorrect":1}]},{"id":"1373","description":"لینوکس در کدام یک از حوزه های زیر بیشترین سهم را دارد؟","answers":[{"id":"5290","description":"دسکتاپ","iscorrect":0},{"id":"5291","description":"سرور","iscorrect":0},{"id":"5292","description":"سیستم های اداری","iscorrect":0},{"id":"5293","description":"سوپرکامپیوتر","iscorrect":1}]}]},{"score":"60","questions":[{"id":"1374","description":"کدامیک از این موارد جزو دلایلی که هکر ممکن است برای استفاده از گنو/لینوکس بیاورد نیست؟","answers":[{"id":"5294","description":"پایدار است.","iscorrect":0},{"id":"5295","description":"مدرن است.","iscorrect":0},{"id":"5296","description":"قدرتمند است.","iscorrect":0},{"id":"5297","description":"رایگان است.","iscorrect":1}]},{"id":"1375","description":"سیستم توکار، جاساز یا امبد به سیستمی گفته می شود که:","answers":[{"id":"5298","description":"ممکن است در هر دستگاهی نصب شده باشد.","iscorrect":1},{"id":"5299","description":"در دستگاه های ریز نصب شده است.","iscorrect":0},{"id":"5300","description":"در دستگاه های بزرگ نصب شده است.","iscorrect":0},{"id":"5301","description":"در دستگاه های با سایز متوسط نصب شده است.","iscorrect":0}]},{"id":"1376","description":"لینوکس نقش مهم در سیستم های امبد دارد. کدام گزینه به این جمله نامرتبط است:","answers":[{"id":"5302","description":"لینوکس آزاد و رایگان بوده و در نتیجه هزینه تولید را پایین می آورد.","iscorrect":0},{"id":"5303","description":"لینوکس آزاد است پس تولید کننده می تواند آن را بنا به نیاز خود تغییر دهد.","iscorrect":0},{"id":"5304","description":"لینوکس یک سیستم اروپایی است و استفاده از آن کم خطر از سیستم های آمریکایی است.","iscorrect":1},{"id":"5305","description":"لینوکس پایدارتر و امن تر از دیگر سیستم‌ عامل های امبد است.","iscorrect":0}]}]}]},{"name":"درس چهارم- نصب لینوکس","id":"341","contentorder":"7","lesson_number":4,"type":0,"filename":"lesson341.html"},{"name":"نصب لینوکس","id":"516","contentorder":"8","type":1,"set":[{"score":"60","questions":[{"id":"1569","description":"در هنگام نصب یک توزیع رومیزی، چه چیزی روی کامپیوتر نصب می شود؟","answers":[{"id":"6054","description":"هسته لینوکس","iscorrect":0},{"id":"6055","description":"ابزارهای گنو","iscorrect":0},{"id":"6056","description":"برنامه های عمومی مانند آفیس، فایرفاکس، پخش موسیقی و موارد مشابه","iscorrect":0},{"id":"6057","description":"همه موارد","iscorrect":1}]},{"id":"1570","description":"بعضی ها می گویند بهتر است در هنگام نصب لینوکس، به اینترنت متصل نباشید. چرا؟","answers":[{"id":"6058","description":"چون ممکن است لینوکس بخواهد حین نصب بسته های اضافی یا به روزرسانی ها را از اینترنت دریافت کند و اینکار روند نصب را کند می کند.","iscorrect":1},{"id":"6059","description":"چون ممکن است لینوکس قبل از نصب، ویروسی شود.","iscorrect":0},{"id":"6060","description":"چون ممکن است هکرها بتوانند قبل از نصب کامل لینوکس به کامپیوتر شما نفوذ کنند.","iscorrect":0},{"id":"6061","description":"چون اینترنت کند می شود.","iscorrect":0}]},{"id":"1571","description":"خطرناک ترین مرحله نصب لینوکس کدام مرحله است؟","answers":[{"id":"6062","description":"انتخاب زبان محیط کاربری چرا که بعدا غیرقابل تغییر است.","iscorrect":0},{"id":"6063","description":"انتخاب منطقه جغرافیایی چرا که مشخص کننده ساعت سیستم است.","iscorrect":0},{"id":"6064","description":"انتخاب پسورد چرا که مشخص کننده امنیت سیستم است.","iscorrect":0},{"id":"6065","description":"انتخاب محل نصب چرا که می تواند اطلاعات دیگر را تخریب کند.","iscorrect":1}]}]},{"score":"60","questions":[{"id":"1592","description":"یک نفر با تی شرتی که یک پنگوئن لینوکس (یا همان تاکس) روی آن است در خیابان ایستاده و سی دی های اوبونتو را توزیع می کند. از او که می پرسید چرا این لینوکس خاص را انتخاب کرده، می گوید «چون این خفن ترین لینوکس است» برداشت شما چیست؟","answers":[{"id":"6146","description":"اوبونتو قوی ترین لینوکس است.","iscorrect":0},{"id":"6147","description":"اوبونتو ضعیف ترین لینوکس است.","iscorrect":0},{"id":"6148","description":"اوبونتو متوسط ترین لینوکس است.","iscorrect":0},{"id":"6149","description":"این فرد حرفه ای نیست.","iscorrect":1}]},{"id":"1593","description":"چرا در این درس از لینوکس مینت به عنوان مثال استفاده کردیم؟","answers":[{"id":"6150","description":"چون لینوکس مینت بهترین لینوکس برای آموزش است.","iscorrect":0},{"id":"6151","description":"به هر حال باید یک توزیع انتخاب می شد و مینت به عنوان یک توزیع دسکتاپ انتخاب شد.","iscorrect":1},{"id":"6152","description":"این لینوکس سریع ترین نصب را بین لینوکس های متنوع دارد.","iscorrect":0},{"id":"6153","description":"مینت قدرتمندتر از بقیه است و اگر کسی آن را یاد بگیرد در آینده مشکل کمتری خواهد داشت.","iscorrect":0}]},{"id":"1594","description":"در مورد انتخاب توزیع، کدام گزینه صحیح نیست؟","answers":[{"id":"6154","description":"ساکنان هر کشور بهتر است از توزیع های همان کشور استفاده کنند.","iscorrect":1},{"id":"6155","description":"توزیع های مختلف با اهداف مختلف توسعه پیدا کرده اند.","iscorrect":0},{"id":"6156","description":"در استفاده معمول همیشه بهتر است جدیدترین نسخه هر توزیعی را استفاده کنیم.","iscorrect":0},{"id":"6157","description":"می توانیم چند توزیع را به شکل زنده تست و جذابترین را نصب کنیم.","iscorrect":0}]}]}]},{"name":"درس پنجم- راهبری عمومی در لینوکس","id":"346","contentorder":"9","lesson_number":5,"type":0,"filename":"lesson346.html"},{"name":"راهبری عمومی در لینوکس","id":"522","contentorder":"10","type":1,"set":[{"score":"60","questions":[{"id":"1602","description":"کدام گزینه صحیح است؟","answers":[{"id":"6186","description":"لینوکس برای تمام برنامه های ویندوزی، یک معادل دارد که از آن بهتر است.","iscorrect":0},{"id":"6187","description":"لینوکس برای تمام برنامه های ویندوزی، یک معادل دارد که گاهی بهتر و گاهی بدتر است.","iscorrect":0},{"id":"6188","description":"لینوکس برای هر کاری بهترین سیستم عامل دنیا است.","iscorrect":0},{"id":"6189","description":"لینوکس برای بعضی برنامه های ویندوزی، معادلی ندارد.","iscorrect":1}]},{"id":"1603","description":"ریپوزیتوری یا منابع به چه معنا هستند؟","answers":[{"id":"6190","description":"مجموعه حافظه، دیسک و سی پی یو","iscorrect":0},{"id":"6191","description":"برنامه ای که وظیفه اش آپدیت دیگر برنامه ها است.","iscorrect":0},{"id":"6192","description":"مجموعه ای از برنامه ها که به منظور دریافت و نصب ساده در سیستم عامل، در محلی متمرکز (آنلاین، سی دی و...) قرار گرفته اند.","iscorrect":1},{"id":"6193","description":"ریپوزیتوری یا منابع، کلمه ای در دنیای گنو است برای اشاره به برنامه های کامپیوتری","iscorrect":0}]},{"id":"1604","description":"چرا باید یک سیستم گنو/لینوکسی را همیشه به روز نگه داشت؟","answers":[{"id":"6194","description":"به خاطر امکانات بیشتر","iscorrect":0},{"id":"6195","description":"به خاطر امنیت بیشتر","iscorrect":0},{"id":"6196","description":"به خاطر حذف کردن باگ ها","iscorrect":0},{"id":"6197","description":"همه موارد بالا","iscorrect":1}]}]},{"score":"60","questions":[{"id":"1605","description":"در یک انجمن لینوکسی سوالی درباره کرش کردن یک برنامه خاص مطرح کرده اید و یک نفر پاسخ داده «آیا سیستم خود را کاملا آپدیت کرده اید؟». دلیل این پاسخ چیست؟","answers":[{"id":"6198","description":"افراد جواب سوال را نمی دانند اما می خواهند شما را آزار بدهند.","iscorrect":0},{"id":"6199","description":"این فرد احتمالا در آی اس پی کار می کند و می خواهد پهنای باند شما را حرام کند.","iscorrect":0},{"id":"6200","description":"این فرد شوخی کرده است و آپدیت یک برنامه هیچ ارتباطی به کرش کردن نسخه قدیمی شما ندارد.","iscorrect":0},{"id":"6201","description":"احتمال زیادی دارد که مشکلات مرسوم در آپدیت های جدید حل شده باشند پس تلاش برای حل آنها روی یک نسخه قدیمی نرم افزار غیرمعقول است.","iscorrect":1}]},{"id":"1606","description":"فرض کنید می خواهید ساعت خود را از شکل نمایش ۱۲ ساعته به شکل نمایش ۲۴ ساعته تغییر دهید. بهترین کار چیست؟","answers":[{"id":"6202","description":"تلاش کنید با باز کردن منوها و نگاه کردن به گزینه های موجود، پیدا کنید که از کجا می شود این تنظیم را انجام داد.","iscorrect":1},{"id":"6203","description":"در یک فروم این سوال را مطرح کنید.","iscorrect":0},{"id":"6204","description":"در گوگل سرچ کنید.","iscorrect":0},{"id":"6205","description":"سعی کنید در یک کتاب مربوط به آموزش لینوکس به دنبال روش انجام اینکار بگردید.","iscorrect":0}]},{"id":"1607","description":"در این درس قدم به قدم شیوه به روز رسانی لینوکس/مینت را دیدید. فکر می کنید آیا بتوانید سیستم های لینوکس دسکتاپ دیگر را آپدیت کنید؟","answers":[{"id":"6206","description":"خیر چون ممکن است ظاهر آنها فرق داشته باشد.","iscorrect":0},{"id":"6207","description":"خیر چون آنها لینوکس مینت نیستند و من فقط مینت را دیده ام.","iscorrect":0},{"id":"6208","description":"بله چون تمام لینوکس ها کاملا شبیه همدیگر هستند.","iscorrect":0},{"id":"6209","description":"بله چون با مفهوم کلی آشنا هستم و می دانم که باید از آیکون ها یا منوها، بخش مربوط به آپدیت را پیدا و آن را اجرا کنم.","iscorrect":1}]}]}]},{"name":"درس ششم- قابلیت تغییر و تنظیم","id":"270","contentorder":"11","lesson_number":6,"type":0,"filename":"lesson270.html"},{"name":"قابلیت تغییر و تنظیم","id":"430","contentorder":"12","type":1,"set":[{"score":"60","questions":[{"id":"1280","description":"اینکه می گوییم «گنو/لینوکس براساس ایده انتخاب اصلح رشد می کند» به چه معناست؟","answers":[{"id":"4918","description":"گنو/لینوکس به همان شیوه‌ موجودات طبیعت توسعه پیدا می کند.","iscorrect":0},{"id":"4919","description":"هر کس آزاد است گنو/لینوکس را تغییر دهد و زمان مشخص خواهد کرد که کدام تغییرات بهتر هستند.","iscorrect":0},{"id":"4920","description":"ممکن است کسی روی ایده احمقانه ای کار کند ولی این ایده به خودی خود از بین خواهد رفت.","iscorrect":0},{"id":"4921","description":"همه موارد بالا","iscorrect":1}]},{"id":"1281","description":"بعضی از برنامه های ویندوزی در لینوکس معادل ندارند. این به چه معناست؟","answers":[{"id":"4922","description":"این برنامه ها را نمی شود در لینوکس نوشت چون لینوکس از نظر فنی توانایی اجرای آنها را نخواهد داشت.","iscorrect":0},{"id":"4923","description":"جامعه برنامه نویسی بزرگی که در طول زمان علاقمند به نوشتن این برنامه و بهبود آن باشد وجود ندارد.","iscorrect":0},{"id":"4924","description":"یک شرکت بزرگ علاقمند نشده تا این برنامه را برای لینوکس توسعه دهد یا از توسعه آن حمایت کند.","iscorrect":0},{"id":"4925","description":"گزینه های دوم و سوم","iscorrect":1}]},{"id":"1282","description":"کدام میز کار از بقیه بهتر است و چرا؟","answers":[{"id":"4926","description":"XFCE چون سریع است و از منطقی مشابه منطق ویندوز استفاده می‌کند و منابع ارزشمند سیستم را صرف زرق و برق نمی کند.","iscorrect":0},{"id":"4927","description":"Gnome چون تلاش می کند چیزهای غیر ضروری را از جلوی چشم کاربر دور کند و تمرکز را افزایش دهد.","iscorrect":0},{"id":"4928","description":"KDE چون مانند یک شاتل فضایی پر از تنظیمات و برنامه های مخصوص به خود است و کاربر با استفاده از آن احساس کنترل سفینه خواهد داشت.","iscorrect":0},{"id":"4929","description":"این سوال بی معنی است چون هر کس بنا به سلیقه چیزی را انتخاب می کند و چیزی تحت عنوان «بهترین» وجود ندارد.","iscorrect":1}]}]},{"score":"60","questions":[{"id":"1283","description":"نسبت لینوکس فدورا به لینوکس اوبونتو مانند نسبت:","answers":[{"id":"4930","description":"دوچرخه است به هواپیما: کندتر ولی سالم تر","iscorrect":0},{"id":"4931","description":"یک انسان باهوش است به یک انسان خنگ: از یک نژاد ولی اعصاب خورد کن تر","iscorrect":0},{"id":"4932","description":"یک سگ است به گوشت توی فریزر: زنده و وفادار در مقابل مرده ولی آماده مصرف","iscorrect":0},{"id":"4933","description":"یوزپلنگ است به ببر: دو موجود جذاب که نیازی نیست یکی دیگری را طبق انتخاب اصلح حذف کرده باشد.","iscorrect":1}]},{"id":"1284","description":"چرا نرم افزارهای بسته گاهی شکست تجاری می خورند اما شکست فنی در دنیای نرم افزار آزاد معنی خاصی ندارد؟","answers":[{"id":"4934","description":"چون بهترین برنامه نویس ها روی گنو/لینوکس کار می کنند و در نتیجه احتمال اشتباه آنها تقریبا صفر است در حالی که برنامه نویسان برنامه های تجاری فقط برای دریافت حقوق کار می کنند و اکثرا آدم های باهوشی نیستند.","iscorrect":0},{"id":"4935","description":"چون سیستم های آزاد قدم به قدم پیش می روند و نواقص در حین کار توسط خود برنامه نویس یا برنامه نویسان دیگر اصلاح می شوند در حالی که برنامه های بسته باید از اول طراحی می شوند و فقط بعد از عرضه نهایی است که می شود فهمید آیا عموم از آن استقبال می کنند یا نه.","iscorrect":1},{"id":"4936","description":"چون بسته بودن نرم افزار ذاتا به معنی بد بودن آن است و یک چیز بد منطقی است که شکست بخورد.","iscorrect":0},{"id":"4937","description":"سوال اشتباه است چون هیچ برنامه تجاری ای که یک شرکت بزرگ بعد از استفاده از بهترین طراحان و بهترین متخصصان معماری و بهترین برنامه نویسان و بهترین بازاریاب ها معرفی کرده باشد تا به حال شکست نخورده است.","iscorrect":0}]},{"id":"1285","description":"کدام گزینه در انتخاب اصلح اشتباه است؟","answers":[{"id":"4938","description":"بدون شک منجر به کنار رفتن همه و باقی ماندن بهترین خواهد شد.","iscorrect":1},{"id":"4939","description":"به شکل خودکار باعث بهبود کیفیت و سازگاری در طول زمان خواهد شد.","iscorrect":0},{"id":"4940","description":"به افراد اجازه خلاقیت های انقلابی خواهد داد که در صورت پذیرش جمعی باقی خواهند ماند و در غیر اینصورت کنار خواهند رفت.","iscorrect":0},{"id":"4941","description":"چیزی است که هم در نرم افزارهای آزاد و هم در طبیعت وجود دارد.","iscorrect":0}]}]}]},{"name":"درس هفتم- خط فرمان","id":"347","contentorder":"13","lesson_number":7,"type":0,"filename":"lesson347.html"},{"name":"خط فرمان","id":"524","contentorder":"14","type":1,"set":[{"score":"60","questions":[{"id":"1608","description":"بر روی یک کامپیوتر دسکتاپ و زندگی روزمره چقدر به خط فرمان نیاز خواهید داشت؟","answers":[{"id":"6210","description":"همانقدر که یک خلبان به تعمیر موتور هواپیما نیاز دارد.","iscorrect":0},{"id":"6211","description":"همانقدر که یک راننده به بالا زدن کاپوت ماشین نیاز دارد.","iscorrect":1},{"id":"6212","description":"همانقدر که یک فیل به تعمیر تلویزیون نیاز دارد.","iscorrect":0},{"id":"6213","description":"همانقدر که یک مرغابی به شنا نیاز دارد.","iscorrect":0}]},{"id":"1609","description":"ترمینال در روزهای اولیه کامپیوتر چه چیزی بود؟","answers":[{"id":"6214","description":"یک کامپیوتر ضعیف برای وصل شدن به سرورها","iscorrect":0},{"id":"6215","description":"برنامه ای که روی کامپیوترهای دیگر اجرا می شد و اجازه می داد از قدرت کامپیوتر مرکزی استفاده کنیم.","iscorrect":0},{"id":"6216","description":"کامپیوترهای دارای نمایشگر با حروف سبز را ترمینال می نامیدند.","iscorrect":0},{"id":"6217","description":"ترکیب نمایشگر و صفحه کلید برای وصل شدن به کامپیوتر مرکزی","iscorrect":1}]},{"id":"1610","description":"چرا می گویند هر تنظیمی که در یک سیستم گنو/لینوکسی موجود باشد،‌ از طریق ترمینال نیز قابل انجام است؟","answers":[{"id":"6218","description":"چون بنا به فلسفه یونیکس، تمام تنظیمات برنامه ها باید به شکل فایل متنی باشند و فایل های متنی از ترمینال قابل دسترسی هستند.","iscorrect":1},{"id":"6219","description":"چون هر برنامه نویس موظف است یک دستور متنی هم برای تنظیم برنامه خودش بنویسد.","iscorrect":0},{"id":"6220","description":"چون ترمینال بسیار قدرتمند است و می تواند هر چیزی را کنترل کند.","iscorrect":0},{"id":"6221","description":"چون از ترمینال حتی می شود برنامه های گرافیکی را هم تحت کنترل گرفت.","iscorrect":0}]}]},{"score":"60","questions":[{"id":"1611","description":"در فیلم های هالیوود، هکرها معمولا در ترمینال مشغول تایپ سریع دستورات هستند. کدام عوامل در این مورد موثرند؟","answers":[{"id":"6222","description":"هکرها نیاز به کنترل کامل بر روی کامپیوترشان دارند، پس ترمینال ابزار مناسب تری برای آنها است.","iscorrect":0},{"id":"6223","description":"ترمینال زیبا است و در فیلم تایپ کردن «وارد سیستم بشو» بسیار هیجان انگیز تر از کلیک کردن روی آیکون «ورود»‌ است.","iscorrect":0},{"id":"6224","description":"هکرها باید سریع باشند و ترمینال سریع تر از کار با ماوس و منوها است.","iscorrect":0},{"id":"6225","description":"همه موارد بالا","iscorrect":1}]},{"id":"1612","description":"در یک فروم گنو/لینوکسی، سوالی مطرح کرده اید در مورد یک ایراد در هنگام ذخیره اطلاعات. یک نفر آدم مشکوک با یک شناسه کاربردی عجیب جواب داده که این دستور را وارد کن: rm -rf. چکار می کنید؟","answers":[{"id":"6226","description":"در منوها به دنبال این دستور می گردم.","iscorrect":0},{"id":"6227","description":"یک ترمینال باز می کنم و این دستور را وارد می کنم.","iscorrect":0},{"id":"6228","description":"اول این دستور را روی یک کامپیوتر دیگر امتحان می کنم تا از بی ضرر بودن آن مطمئن شوم.","iscorrect":0},{"id":"6229","description":"سعی می کنم قبل از اجرای این دستور در ترمینال تا حدی بفهمم که این دستور چکار می کند چون می دانم که ترمینال جای قدرتمندی است و دستورات مخرب در آن می تواند منجر به صدمه به اطلاعات شود.","iscorrect":1}]},{"id":"1613","description":"چرا مدیران سیستم ترجیح می دهند از ترمینال برای مدیریت سیستم هایشان استفاده کنند؟","answers":[{"id":"6230","description":"چون قدرت بیشتری به آنها می دهد.","iscorrect":0},{"id":"6231","description":"چون بالا آوردن محیط گرافیکی روی یک سرور، هدر دهنده منابع سیستم است و احتمالا حضور باگ ها را هم افزایش می دهد.","iscorrect":0},{"id":"6232","description":"چون به پهنای باند زیادی نیاز ندارد و از هر جای دنیا می شود با یک شبیه ساز ترمینال به سیستم اصلی وصل شد و آن را مدیریت کرد.","iscorrect":0},{"id":"6233","description":"همه موارد بالا","iscorrect":1}]}]}]},{"name":"درس هشتم- زندگی با لینوکس","id":"348","contentorder":"15","lesson_number":8,"type":0,"filename":"lesson348.html"},{"name":"زندگی با لینوکس","id":"526","contentorder":"16","type":1,"set":[{"score":"60","questions":[{"id":"1614","description":"کدام گزینه صحبح است؟","answers":[{"id":"6234","description":"هر کس از ابزار خوب استفاده کند هکر است.","iscorrect":0},{"id":"6235","description":"اگر کسی از لینوکس استفاده کند هکر است.","iscorrect":0},{"id":"6236","description":"هکرها از ابزارهای خوب استفاده می کنند.","iscorrect":1},{"id":"6237","description":"استفاده از ابزار خوب به معنی کار خوب کردن است.","iscorrect":0}]},{"id":"1615","description":"لینوکس می تواند:","answers":[{"id":"6238","description":"مستقیم یک شغل باشد.","iscorrect":0},{"id":"6239","description":"به عنوان یک مهارت دوم، فرصت شغلی بهتری برای فرد ایجاد کند.","iscorrect":0},{"id":"6240","description":"باعث پیدا کردن دوستان خوب شود.","iscorrect":0},{"id":"6241","description":"همه موارد بالا","iscorrect":1}]},{"id":"1616","description":"کدام مورد یک شغل لینوکسی نیست؟","answers":[{"id":"6242","description":"فروختن سی دی های لینوکس در یک فروشگاه آنلاین","iscorrect":0},{"id":"6243","description":"پشتیبانی لینوکس","iscorrect":0},{"id":"6244","description":"نصب و بهینه سازی لینوکس روی سرورها","iscorrect":0},{"id":"6245","description":"رانندگی قطار","iscorrect":1}]}]},{"score":"60","questions":[{"id":"1617","description":"استفاده از گنو/لینوکس را به کدامیک از افراد زیر پیشنهاد نمی کنید؟","answers":[{"id":"6246","description":"یک فرد مبتدی که می خواهد با کامپیوتری بدون مشکل به اینترنت وصل شود.","iscorrect":0},{"id":"6247","description":"یک علاقمند سیستم عامل که با ویندوز آشنا است و می خواهد چیزهای بیشتری یاد بگیرد.","iscorrect":0},{"id":"6248","description":"یک خوره بازی که دوست دارد بتواند همه بازی های جدید را روی سیستمش امتحان کند.","iscorrect":1},{"id":"6249","description":"دو برادر که می خواهند یک پادکست بسازند.","iscorrect":0}]},{"id":"1618","description":"بعضی ها معتقد هستند یادگیری نرم افزار آزاد ارزشی ندارد چرا که زندگی نیازمند کسب و خرج پول است. چرا این فکر اشتباه است؟","answers":[{"id":"6250","description":"آزادی نرم افزار ربطی به پول ندارد، نرم افزار آزاد قابل خرید و فروش است.","iscorrect":0},{"id":"6251","description":"آزادی نرم افزار ربطی به پول ندارد، تعداد زیادی از برنامه نویس های نرم افزارهای آزاد از شرکت های بزرگ برای توسعه این ابزارها حقوق می گیرند.","iscorrect":0},{"id":"6252","description":"آزادی نرم افزار ربطی به پول ندارد، می توان برای پشتیبانی، نصب، بهینه سازی و آموزش آن پول را دریافت کرد.","iscorrect":0},{"id":"6253","description":"همه موارد بالا صحیح هستند.","iscorrect":1}]},{"id":"1619","description":"برای یک مهندس تازه فارغ التحصیل شده که به دنبال کار است، کدام گزینه کمک خوبی برای پیشرفت شغلی نیست؟","answers":[{"id":"6254","description":"یاد گرفتن مهارت های فنی جدید مانند لینوکس به منظور متفاوت کردن خود از خیل فارغ التحصیلان","iscorrect":0},{"id":"6255","description":"معتقد بودن به اینکه ناسا باید به سراغش بیاد چون خیلی با استعداد است.","iscorrect":1},{"id":"6256","description":"بالا بردن مهارت های فردی و اجتماعی مانند مهارت صحبت کردن در جمع","iscorrect":0},{"id":"6257","description":"درست کردن یک رزومه منظم و مرتب از کارها و چیزهایی که می داند و به روز نگه داشتن آن و دادنش به شرکت ها و دوستان","iscorrect":0}]}]}]},{"name":"درس نهم- ادامه حیات در دنیای آزاد","id":"349","contentorder":"17","lesson_number":9,"type":0,"filename":"lesson349.html"},{"name":"ادامه حیات در دنیای آزاد","id":"528","contentorder":"18","type":1,"set":[{"score":"50","questions":[{"id":"1620","description":"کدام عنوان، یک عنوان خوب برای یک سوال است؟","answers":[{"id":"6258","description":"کمک به دادم برسید.","iscorrect":0},{"id":"6259","description":"مشکل با درایور کارت گرافیکی بعد از آپدیت به نسخه جدید","iscorrect":1},{"id":"6260","description":"تو رو جون هر کی دوست دارین بهم کمک کنین/ فوری","iscorrect":0},{"id":"6261","description":"یک سوال خفن. فقط حرفه ای ها بخونن!","iscorrect":0}]},{"id":"1621","description":"اولین قدم بعد از پیش آمدن یک مشکل چه چیزی است؟","answers":[{"id":"6262","description":"جستجو در اینترنت","iscorrect":1},{"id":"6263","description":"مطرح کردن سوال در فروم","iscorrect":0},{"id":"6264","description":"مطرح کردن در چت های آی آر سی (IRC)","iscorrect":0},{"id":"6265","description":"ایمیل زدن به یک لینوکس کار حرفه ای و سوال کردن","iscorrect":0}]},{"id":"1622","description":"چرا داشتن اشتباه املایی و انشایی در متن سوال خوب نیست؟","answers":[{"id":"6266","description":"چون داشتن اشتباه املایی و انشایی هیچ جا خوب نیست، از جمله در متن سوال.","iscorrect":0},{"id":"6267","description":"چون باید به جواب دهندگان احتمالی نشان بدهیم که خودمان برای سوال مان ارزش قائلیم.","iscorrect":0},{"id":"6268","description":"چون دیگران ممکن است از نوشته های غلط ما (مثلا اینکه املای صحیح توزیع را نمی دانیم) به اشتباه بیافتند و یک غلط دائما تکرار شود.","iscorrect":0},{"id":"6269","description":"همه موارد","iscorrect":1}]},{"id":"1623","description":"کدام عکس العمل بعد از سه روز که از مطرح کردن سوال گذشت و کسی به آن جواب نداد صحیح است؟","answers":[{"id":"6270","description":"تکمیل سوال با جزییات بیشتر","iscorrect":0},{"id":"6271","description":"نوشتن اینکه دیگر هرگز سوال نمی پرسید و لینوکس را هم پاک می کنید.","iscorrect":0},{"id":"6272","description":"اضافه کردن کشفیات خودمان در این دو روز به سوال اصلی و حتی نوشتن راه حل اگر آن را در جایی دیگر پیدا کرده ایم.","iscorrect":0},{"id":"6273","description":"موارد اول و سوم صحیح هستند.","iscorrect":1}]}]},{"score":"60","questions":[{"id":"1624","description":"چرا حرفه ای ها کمتر در انجمن ها سوال می پرسند؟","answers":[{"id":"6274","description":"چون همه چیز را بلدند.","iscorrect":0},{"id":"6275","description":"چون با اینکار معلوم می شود که همه چیز را بلد نیستند.","iscorrect":0},{"id":"6276","description":"چون فروم های خاص خودشان را دارند.","iscorrect":0},{"id":"6277","description":"چون معمولا از طریق جستجو و خواندن راهنماها به جواب شان می رسند.","iscorrect":1}]},{"id":"1625","description":"شما یک لینوکس آرچ نصب کرده اید و در جایی از آن سوال دارید. سه ساعتی مشغول سرچ و تلاش بوده اید اما جواب را پیدا نکرده اید و تصمیم دارید مساله را در فروم فارسی اوبونتو مطرح کنید. کدام شکلک برای طرح این سوال مناسب است؟","answers":[{"id":"6278","description":"شکلک کوبیدن سر به دیوار چون سه ساعتی هست که تلاش کرده اید و نتیجه نگرفته اید.","iscorrect":0},{"id":"6279","description":"شکلک کابوی چون شما آرچ نصب کرده اید و این نشان می دهد شما کابوی لینوکس هستید.","iscorrect":0},{"id":"6280","description":"شکلک بوس تا نشان دهید که هر کس به شما کمک کند را بوس می کنید.","iscorrect":0},{"id":"6281","description":"هیچکدام چون اصولا یک سوال حرفه ای نیازی به استفاده از شکلک ها ندارد.","iscorrect":1}]},{"id":"1626","description":"کدام روش مناسبی برای بازگرداندن کمکی است که جامعه گنو/لینوکس به یک نفر کرده است؟","answers":[{"id":"6282","description":"تلاش برای کمک به دیگران وقتی که جواب سوالی را به شکل دقیق می دانیم.","iscorrect":0},{"id":"6283","description":"کارهای غیرفنی مانند ترجمه راهنماها و مستندات یا اهدای طرح های گرافیکی آزاد به پروژه ها","iscorrect":0},{"id":"6284","description":"تلاش برای تبلیغ فرهنگ آزادی نرم افزار از طریق کارهای فرهنگی مانند داشتن یک برچسب آزادی نرم افزار در پشت لپ تاپ یا ماگ لینوکس در محل کار","iscorrect":1},{"id":"6285","description":"همه موارد بالا","iscorrect":0}]}]}]},{"name":"دوره آشنایی مقدماتی با نرم افزار آزاد و گنو/لینوکس- آزمون نهایی","id":"530","contentorder":"19","type":1,"set":[{"score":"50","questions":[{"id":"1627","description":"سوسن یک کپی از لینوکس فدورا روی لپ تاپش نصب کرده. محمود آن را می بیند و علاقمند می شود سی دی آن را کپی کند. کدام گزینه صحیح است؟","answers":[{"id":"6286","description":"سوسن بدون نقض کپی رایت، می تواند سی دی را کپی کند و به محمود بدهد.","iscorrect":1},{"id":"6287","description":"محمود اجازه دارد اینکار را بکند چون لینوکس یک نرم افزار خارجی است و در ایران کپی رایت آن مهم نیست.","iscorrect":0},{"id":"6288","description":"سوسن می تواند سی دی خودش را برای نصب به محمود بدهد ولی نباید آن را تکثیر کند.","iscorrect":0},{"id":"6289","description":"کپی لینوکس روی سی دی مشکلی ندارد اما محمود باید شخصا آن را از سایت فدورا دانلود کرده باشد.","iscorrect":0}]},{"id":"1628","description":"فرض کنید هنرمندی که علاقمند به حمایت از او هستید سریالی ساخته و شما می خواهید «بنا به قانون کپی رایت» از او حمایت کنید. کدام از یک موارد زیر از نظر حقوقی اشکالی ندارد؟","answers":[{"id":"6290","description":"دعوت دوستان به خانه و دیدن دسته جمعی سریالی که خریده اید.","iscorrect":0},{"id":"6291","description":"خریدن یک سی دی و دیدن آن با خانواده","iscorrect":0},{"id":"6292","description":"قرض دادن سی دی ای که خریده اید به دوستانتان","iscorrect":0},{"id":"6293","description":"کپی کردن سی دی برای دوستان","iscorrect":1}]},{"id":"1629","description":"بعضی ها اصرار می کنند که باید به جای لینوکس از عبارت گنو/لینوکس استفاده کرد. کدام گزینه در این مورد اشتباه بیان شده است؟","answers":[{"id":"6294","description":"در صورتی که فقط بخواهیم به هسته سیستم عامل اشاره کنیم، استفاده از عبارت لینوکس کاملا صحیح است.","iscorrect":0},{"id":"6295","description":"در صورتی که بخواهیم به کل سیستم عامل اشاره کنیم عبارت گنو/لینوکس صحیح تر است چون لینوکس تنها هسته سیستم عامل است و بقیه اجزای یک توزیع، از پروژه گنو برداشته شده اند.","iscorrect":0},{"id":"6296","description":"در صورتی که بخواهیم به توزیع هایی مانند اوبونتو اشاره کنیم این حرف صحیح نیست.","iscorrect":1},{"id":"6297","description":"در صورتی که خودمان سیستم عاملی متشکل از هسته و ابزارهای گنو/لینوکس ساخته باشیم، این حرف صحیح است.","iscorrect":0}]},{"id":"1630","description":"توزیع های گنو/لینوکس چه تفاوتی با یکدیگر دارند؟","answers":[{"id":"6298","description":"تنها نرم افزارهای پیش فرض فرق می کنند.","iscorrect":0},{"id":"6299","description":"از تم ها و تصاویر متفاوت برای مجزا کردن شرکت ها استفاده می کنند.","iscorrect":0},{"id":"6300","description":"ممکن است در آنها مدیریت نرم افزارها، برنامه های نصب شده و محیط های گرافیکی فرق کنند.","iscorrect":1},{"id":"6301","description":"هیچ فرقی ندارند و بسیار هم خوشحالند!","iscorrect":0}]},{"id":"1631","description":"برای استفاده از لینوکس به عنوان سیستم عامل دسکتاپ، بیشترین مشکل از کدام جانب ممکن است بروز کند؟","answers":[{"id":"6302","description":"ناتوانی در تایپ فارسی","iscorrect":0},{"id":"6303","description":"ویروس ها و بدافزارها","iscorrect":0},{"id":"6304","description":"ارائه نشدن درایور بعضی سخت افزارها برای لینوکس توسط کارخانه سازنده","iscorrect":1},{"id":"6305","description":"عدم وجود محیط گرافیک","iscorrect":0}]},{"id":"1632","description":"لینوکس نقش مهم در سیستم های امبد دارد. کدام گزینه به این جمله نامرتبط است:","answers":[{"id":"6306","description":"لینوکس آزاد و رایگان بوده و در نتیجه هزینه تولید را پایین می آورد.","iscorrect":0},{"id":"6307","description":"لینوکس آزاد است پس تولید کننده می تواند آن را بنا به نیاز خود تغییر دهد.","iscorrect":0},{"id":"6308","description":"لینوکس یک سیستم اروپایی است و استفاده از آن کم خطر از سیستم های آمریکایی است.","iscorrect":1},{"id":"6309","description":"لینوکس پایدارتر و امن تر از دیگر سیستم‌ عامل های امبد است.","iscorrect":0}]},{"id":"1633","description":"بعضی ها می گویند بهتر است در هنگام نصب لینوکس، به اینترنت متصل نباشید. چرا؟","answers":[{"id":"6310","description":"چون ممکن است لینوکس بخواهد حین نصب بسته های اضافی یا به روزرسانی ها را از اینترنت دریافت کند و اینکار روند نصب را کند می کند.","iscorrect":1},{"id":"6311","description":"چون ممکن است لینوکس قبل از نصب، ویروسی شود.","iscorrect":0},{"id":"6312","description":"چون ممکن است هکرها بتوانند قبل از نصب کامل لینوکس به کامپیوتر شما نفوذ کنند.","iscorrect":0},{"id":"6313","description":"چون اینترنت کند می شود.","iscorrect":0}]},{"id":"1634","description":"در مورد انتخاب توزیع، کدام گزینه صحیح نیست؟","answers":[{"id":"6314","description":"ساکنان هر کشور بهتر است از توزیع های همان کشور استفاده کنند.","iscorrect":1},{"id":"6315","description":"توزیع های مختلف با اهداف مختلف توسعه پیدا کرده اند.","iscorrect":0},{"id":"6316","description":"در استفاده معمول همیشه بهتر است جدیدترین نسخه هر توزیعی را استفاده کنیم.","iscorrect":0},{"id":"6317","description":"می توانیم چند توزیع را به شکل زنده تست و جذابترین را نصب کنیم.","iscorrect":0}]},{"id":"1635","description":"کدام گزینه صحیح است؟","answers":[{"id":"6318","description":"لینوکس برای تمام برنامه های ویندوزی، یک معادل دارد که از آن بهتر است.","iscorrect":0},{"id":"6319","description":"لینوکس برای تمام برنامه های ویندوزی، یک معادل دارد که گاهی بهتر و گاهی بدتر است.","iscorrect":0},{"id":"6320","description":"لینوکس برای هر کاری بهترین سیستم عامل دنیا است.","iscorrect":0},{"id":"6321","description":"لینوکس برای بعضی برنامه های ویندوزی، معادلی ندارد.","iscorrect":1}]},{"id":"1636","description":"ریپوزیتوری یا منابع به چه معنا هستند؟","answers":[{"id":"6322","description":"مجموعه حافظه، دیسک و سی پی یو","iscorrect":0},{"id":"6323","description":"برنامه ای که وظیفه اش آپدیت دیگر برنامه ها است.","iscorrect":0},{"id":"6324","description":"سیستمی برای مدیریت مرکزی برنامه های نصب شده در لینوکس یا حذف و اضافه برنامه های موجود برای هر توزیع","iscorrect":1},{"id":"6325","description":"ریپوزیتوری یا منابع، کلمه ای در دنیای گنو است برای اشاره به برنامه های کامپیوتری","iscorrect":0}]}]},{"score":"50","questions":[{"id":"1637","description":"در یک انجمن لینوکسی سوالی درباره کرش کردن یک برنامه خاص مطرح کرده اید و یک نفر پاسخ داده «آیا سیستم خود را کاملا آپدیت کرده اید؟». دلیل این پاسخ چیست؟","answers":[{"id":"6326","description":"افراد جواب سوال را نمی دانند اما می خواهند شما را آزار بدهند.","iscorrect":0},{"id":"6327","description":"این فرد احتمالا در آی اس پی کار می کند و می خواهد پهنای باند شما را حرام کند.","iscorrect":0},{"id":"6328","description":"این فرد شوخی کرده است و آپدیت یک برنامه هیچ ارتباطی به کرش کردن نسخه قدیمی شما ندارد.","iscorrect":0},{"id":"6329","description":"احتمال زیادی دارد که مشکلات مرسوم در آپدیت های جدید حل شده باشند پس تلاش برای حل آنها روی یک نسخه قدیمی نرم افزار غیرمعقول است.","iscorrect":1}]},{"id":"1638","description":"۱۲- فرض کنید می خواهید ساعت خود را از شکل نمایش ۱۲ ساعته به شکل نمایش ۲۴ ساعته تغییر دهید. بهترین کار چیست؟","answers":[{"id":"6330","description":"تلاش کنید با باز کردن منوها و نگاه کردن به گزینه های موجود، پیدا کنید که از کجا می شود این تنظیم را انجام داد.","iscorrect":1},{"id":"6331","description":"در یک فروم این سوال را مطرح کنید.","iscorrect":0},{"id":"6332","description":"در گوگل سرچ کنید.","iscorrect":0},{"id":"6333","description":"سعی کنید در یک کتاب مربوط به آموزش لینوکس به دنبال روش انجام اینکار بگردید.","iscorrect":0}]},{"id":"1639","description":"کدام میز کار از بقیه بهتر است و چرا؟","answers":[{"id":"6334","description":"XFCE چون سریع است و از منطقی مشابه منطق ویندوز استفاده می‌کند و منابع ارزشمند سیستم را صرف زرق و برق نمی کند.","iscorrect":0},{"id":"6335","description":"Gnome چون تلاش می کند چیزهای غیر ضروری را از جلوی چشم کاربر دور کند و تمرکز را افزایش دهد.","iscorrect":0},{"id":"6336","description":"KDE چون مانند یک شاتل فضایی پر از تنظیمات و برنامه های مخصوص به خود است و کاربر با استفاده از آن احساس کنترل سفینه خواهد داشت.","iscorrect":0},{"id":"6337","description":"این سوال بی معنی است چون هر کس بنا به سلیقه چیزی را انتخاب می کند و چیزی تحت عنوان «بهترین» وجود ندارد.","iscorrect":1}]},{"id":"1640","description":"نسبت لینوکس فدورا به لینوکس اوبونتو مانند نسبت:","answers":[{"id":"6338","description":"دوچرخه است به هواپیما: کندتر ولی سالم تر","iscorrect":0},{"id":"6339","description":"یک انسان باهوش است به یک انسان خنگ: از یک نژاد ولی اعصاب خورد کن تر","iscorrect":0},{"id":"6340","description":"یک سگ است به گوشت توی فریزر: زنده و وفادار در مقابل مرده ولی آماده مصرف","iscorrect":0},{"id":"6341","description":"یوزپلنگ است به ببر: دو موجود جذاب که نیازی نیست یکی دیگری را طبق انتخاب اصلح حذف کرده باشد.","iscorrect":1}]},{"id":"1641","description":"بر روی یک کامپیوتر دسکتاپ و زندگی روزمره چقدر به خط فرمان نیاز خواهید داشت؟","answers":[{"id":"6342","description":"همانقدر که یک خلبان به تعمیر موتور هواپیما نیاز دارد.","iscorrect":0},{"id":"6343","description":"همانقدر که یک راننده به بالا زدن کاپوت ماشین نیاز دارد.","iscorrect":1},{"id":"6344","description":"همانقدر که یک فیل به تعمیر تلویزیون نیاز دارد.","iscorrect":0},{"id":"6345","description":"همانقدر که یک مرغابی به شنا نیاز دارد.","iscorrect":0}]},{"id":"1642","description":"در فیلم های هالیوود، هکرها معمولا در ترمینال مشغول تایپ سریع دستورات هستند. کدام عوامل در این مورد موثرند؟","answers":[{"id":"6346","description":"هکرها نیاز به کنترل کامل بر روی کامپیوترشان دارند، پس ترمینال ابزار مناسب تری برای آنها است.","iscorrect":0},{"id":"6347","description":"ترمینال زیبا است و در فیلم تایپ کردن «وارد سیستم بشو» بسیار هیجان انگیز تر از کلیک کردن روی آیکون «ورود»‌ است.","iscorrect":0},{"id":"6348","description":"هکرها باید سریع باشند و ترمینال سریع تر از کار با ماوس و منوها است.","iscorrect":0},{"id":"6349","description":"همه موارد بالا","iscorrect":1}]},{"id":"1643","description":"کدام گزینه صحیح است؟","answers":[{"id":"6350","description":"هر کس از ابزار خوب استفاده کند هکر است.","iscorrect":0},{"id":"6351","description":"اگر کسی از لینوکس استفاده کند هکر است.","iscorrect":0},{"id":"6352","description":"هکرها از ابزارهای خوب استفاده می کنند.","iscorrect":1},{"id":"6353","description":"استفاده از ابزار خوب به معنی کار خوب کردن است.","iscorrect":0}]},{"id":"1644","description":"بعضی ها معتقد هستند یادگیری نرم افزار آزاد ارزشی ندارد چرا که زندگی نیازمند کسب و خرج پول است. چرا این فکر اشتباه است؟","answers":[{"id":"6354","description":"آزادی نرم افزار ربطی به پول ندارد، نرم افزار آزاد قابل خرید و فروش است.","iscorrect":0},{"id":"6355","description":"آزادی نرم افزار ربطی به پول ندارد، تعداد زیادی از برنامه نویس های نرم افزارهای آزاد از شرکت های بزرگ برای توسعه این ابزارها حقوق می گیرند.","iscorrect":0},{"id":"6356","description":"آزادی نرم افزار ربطی به پول ندارد، می توان برای پشتیبانی، نصب، بهینه سازی و آموزش آن پول را دریافت کرد.","iscorrect":0},{"id":"6357","description":"همه موارد بالا صحیح هستند.","iscorrect":1}]},{"id":"1645","description":"اولین قدم بعد از پیش آمدن یک مشکل چه چیزی است؟","answers":[{"id":"6358","description":"جستجو در اینترنت","iscorrect":1},{"id":"6359","description":"مطرح کردن سوال در فروم","iscorrect":0},{"id":"6360","description":"مطرح کردن در چت های آی آر سی (IRC)","iscorrect":0},{"id":"6361","description":"ایمیل زدن به یک لینوکس کار حرفه ای و سوال کردن","iscorrect":0}]},{"id":"1646","description":"چرا حرفه ای ها کمتر در انجمن ها سوال می پرسند؟","answers":[{"id":"6362","description":"چون همه چیز را بلدند.","iscorrect":0},{"id":"6363","description":"چون با اینکار معلوم می شود که همه چیز را بلد نیستند.","iscorrect":0},{"id":"6364","description":"چون فروم های خاص خودشان را دارند.","iscorrect":0},{"id":"6365","description":"چون معمولا از طریق جستجو و خواندن راهنماها به جواب شان می رسند.","iscorrect":1}]}]}]}]}