{"courseId":"59","contents":[{"name":"درس اول- تجهیزات مورد نیاز برای راه اندازی استودیوی خانگی ضبط صدا","id":"485","contentorder":"1","lesson_number":1,"type":0,"filename":"lesson485.html"},{"name":"تجهیزات مورد نیاز برای راه اندازی استودیوی خانگی ضبط صدا","id":"794","contentorder":"2","type":1,"set":[{"score":"60","questions":[{"id":"2967","description":"کدامیک از موارد زیر مشخصات کارت های صدای رایج در بازار که برای مصرف کننده های معمولی تولید می شوند است؟","answers":[{"id":"11313","description":"قابلیت پخش و ضبط صدا با کیفیت ۲۴ بیت","iscorrect":0},{"id":"11314","description":"قابلیت پخش صدا در قالب استریو و ضبط صدا با کیفیت ۱۶ بیت","iscorrect":1},{"id":"11315","description":"قابلیت پخش صدا در قالب استریو و ضبط صدا از طریق ورودی های متعدد برای ضبط هم زمان اجراهای گروهی","iscorrect":0},{"id":"11316","description":"قابلیت پخش صدا در قالب استریو و ضبط صدا با کیفیت ۳۲ بیت","iscorrect":0}]},{"id":"2968","description":"برای تقویت سیگنال ضعیفی که از میکروفون یا سازهای مجهز به پیک آپ (Pickup) و از طریق کارت صدا به رایانه فرستاده می شود به چه وسیله ای نیاز هست؟","answers":[{"id":"11317","description":"میکسر (Mixer) یا پری امپ (Pre-amp)","iscorrect":1},{"id":"11318","description":"همه کارت های صدا این کار را انجام می دهند.","iscorrect":0},{"id":"11319","description":"نرم افزار دی ای دبلیو (DAW)","iscorrect":0},{"id":"11320","description":"فانتوم پاور (Phantom Power)","iscorrect":0}]},{"id":"2969","description":"کدام گزینه به متداول ترین انواع میکروفون ها اشاره می کند؟","answers":[{"id":"11321","description":"داینمیک (Dynamic) و کاندنسر (Condenser)","iscorrect":1},{"id":"11322","description":"کاندنسر (Condenser) و فانتوم پاور (Phantom Power)","iscorrect":0},{"id":"11323","description":"پیک آپ (Pickup)","iscorrect":0},{"id":"11324","description":"هیچکدام","iscorrect":0}]},{"id":"2970","description":"موارد استفاده کابل هایی که رابط اکس ال آر (XLR) دارند کدام است؟","answers":[{"id":"11325","description":"برای وصل کردن میکروفون به پری امپ یا میکسر به این کابل ها نیاز است.","iscorrect":1},{"id":"11326","description":"برای وصل کردن پری امپ یا میکسر به کارت صدا به این کابل ها نیاز است.","iscorrect":0},{"id":"11327","description":"این کابل ها برای راه اندازی استودیوی خانگی ضبط صدا کاربردی ندارند.","iscorrect":0},{"id":"11328","description":"هیچکدام","iscorrect":0}]},{"id":"2971","description":"بلندگوهای مانیتور میدان نزدیک (Near Field) باید با چه زاویه ای نسبت به شنونده نصب شوند؟","answers":[{"id":"11329","description":"طوری که با شنونده یک مثلث قائم الزاویه تشکیل دهند.","iscorrect":0},{"id":"11330","description":"طوری که با شنونده یک مثلث متساوی الاضلاع تشکیل دهند.","iscorrect":1},{"id":"11331","description":"طوری که با شنونده یک مثلث متساوی الساقین تشکیل دهند.","iscorrect":0},{"id":"11332","description":"فرقی نمی کند.","iscorrect":0}]}]},{"score":"60","questions":[{"id":"2972","description":"کدامیک از کارت های صوتی زیر از توانایی ضبط صدا با کیفیت بالاتر برخوردارند؟","answers":[{"id":"11333","description":"کارت صدای ۸ بیتی","iscorrect":0},{"id":"11334","description":"کارت صدای ۱۶ بیتی","iscorrect":0},{"id":"11335","description":"کارت صدای ۲۴ بیتی","iscorrect":0},{"id":"11336","description":"کارت صدای ۳۲ بیتی","iscorrect":1}]},{"id":"2973","description":"با استفاده از نرم افزار دی ای دبلیو (DAW) کدامیک از کارهای زیر را می توان انجام داد؟","answers":[{"id":"11337","description":"ضبط یک یا چند لایه صدا به طور هم زمان و با کیفیت های متفاوت","iscorrect":0},{"id":"11338","description":"جابه جا کردن، بریدن، چسباندن، پاک کردن، تکرار کردن و... صداهای ضبط شده","iscorrect":0},{"id":"11339","description":"تولید خروجی نهایی صدا در قالب یک فایل صوتی واحد","iscorrect":0},{"id":"11340","description":"همه موارد","iscorrect":1}]},{"id":"2974","description":"کدام نوع میکروفون برای تامین انرژی الکتریکی خود احتیاج به سیستمی به نام فانتوم پاور (Phantom Power) دارند؟","answers":[{"id":"11341","description":"میکروفون های داینمیک (Dynamic)","iscorrect":0},{"id":"11342","description":"میکروفون های کاندنسر (Condenser)","iscorrect":1},{"id":"11343","description":"میکروفون های داینمیک (Dynamic) و کاندنسر (Condenser)","iscorrect":0},{"id":"11344","description":"میکروفون های پیک آپ (Pickup)","iscorrect":0}]},{"id":"2975","description":"کدامیک از پایه های میکروفون قابلیت خم شدن از وسط را برای نزدیک کردن میکروفون به منابع مختلف صدایی را می دهد؟","answers":[{"id":"11345","description":"پایه صاف","iscorrect":0},{"id":"11346","description":"پایه بوم","iscorrect":1},{"id":"11347","description":"پایه کوتاه","iscorrect":0},{"id":"11348","description":"هر سه مورد","iscorrect":0}]},{"id":"2976","description":"کدامیک از بلندگوهای زیر به گونه ای طراحی شده اند تا صدایی خنثی داشته باشند؟","answers":[{"id":"11349","description":"بلندگوهای خودرو","iscorrect":0},{"id":"11350","description":"بلندگوهای رایانه های شخصی","iscorrect":0},{"id":"11351","description":"بلندگوهای دستگاه پخش استریوی خانگی","iscorrect":0},{"id":"11352","description":"بلندگوهای مانیتور (Monitor Speakers)","iscorrect":1}]}]}]},{"name":"درس دوم- خصوصیات صدای اتاق ضبط و جای گذاری میکروفون","id":"486","contentorder":"3","lesson_number":2,"type":0,"filename":"lesson486.html"},{"name":"خصوصیات صدای اتاق ضبط و جای گذاری میکروفون","id":"796","contentorder":"4","type":1,"set":[{"score":"50","questions":[{"id":"2977","description":"کدامیک از موارد زیر از منابع اصلی نشت صداهای ناخواسته به اتاق ضبط نیست؟","answers":[{"id":"11353","description":"درها","iscorrect":0},{"id":"11354","description":"پنجره ها","iscorrect":0},{"id":"11355","description":"کانال های تهویه هوا","iscorrect":0},{"id":"11356","description":"کمدهای دیواری","iscorrect":1}]},{"id":"2978","description":"به امواج صدایی تولید شده از منابع صوتی (مثل سازها و صدای انسان) که با دیوارها، سقف و زمین برخورد می کند و به صورت طنین و پژواک به میکروفون باز می گردد چه می گویند؟","answers":[{"id":"11357","description":"ای کیو (EQ) یا ریورب (Reverb)","iscorrect":0},{"id":"11358","description":"ریورب (Reverb) یا اکو (Echo)","iscorrect":1},{"id":"11359","description":"اکو (Echo) یا ای کیو (EQ)","iscorrect":0},{"id":"11360","description":"هیچکدام","iscorrect":0}]},{"id":"2979","description":"برای کاستن از صداهای ناخواسته محیطی در هنگام ضبط سازها چه باید کرد؟","answers":[{"id":"11361","description":"باید میکروفون را تا حد ممکن به قسمتی از ساز که صدای آن از همه بلندتر است نزدیک کرد.","iscorrect":1},{"id":"11362","description":"باید از دو میکروفون برای ضبط صدای ساز استفاده کرد.","iscorrect":0},{"id":"11363","description":"باید میکروفون را در بالای سر نوازنده قرار داد تا صدا به طور مستقیم وارد آن شود.","iscorrect":0},{"id":"11364","description":"باید از میکروفون های گرانقیمت برای ضبط صدای سازها استفاده کرد.","iscorrect":0}]},{"id":"2980","description":"در هنگام ضبط کردن صدای آمپلی فایر گیتارها هر چه میکروفون را نزدیک تر به مرکز بلندگوی مخروطی شکل آن قرار دهید چه اتفاقی می افتد؟","answers":[{"id":"11365","description":"امکان به وجود آمدن مشکل باز خورد صدا (Feedback) افزایش خواهد یافت.","iscorrect":0},{"id":"11366","description":"امکان به وجود آمدن مشکل باز خورد صدا (Feedback) کاهش خواهد یافت.","iscorrect":0},{"id":"11367","description":"صدای نرم تر و آرام تری خواهید داشت.","iscorrect":0},{"id":"11368","description":"صدای واضح و گزنده تری خواهید داشت.","iscorrect":1}]},{"id":"2981","description":"صدابرداری کدامیک از بقیه پیچیده تر است؟","answers":[{"id":"11369","description":"صدای گیتار الکتریک","iscorrect":0},{"id":"11370","description":"صدای گیتار بیس","iscorrect":0},{"id":"11371","description":"صدای درامز (Drums)","iscorrect":1},{"id":"11372","description":"صدای خواننده","iscorrect":0}]},{"id":"2982","description":"برای برداشتن صدای سنج ها از چه میکروفونی باید استفاده کرد؟","answers":[{"id":"11373","description":"میکروفونی که از توانایی خوبی برای برداشتن فرکانس های بالا برخوردار باشد.","iscorrect":1},{"id":"11374","description":"میکروفونی که از توانایی خوبی برای برداشتن فرکانس های میانی برخوردار باشد.","iscorrect":0},{"id":"11375","description":"میکروفونی که از توانایی خوبی برای برداشتن فرکانس های پایین برخوردار باشد.","iscorrect":0},{"id":"11376","description":"فرقی نمی کند از چه میکروفونی استفاده شود.","iscorrect":0}]}]},{"score":"50","questions":[{"id":"2983","description":"نشت صداهای ناخواسته به اتاق در هنگام ضبط کدامیک از موارد زیر بیشتر ایجاد مشکل خواهد کرد؟","answers":[{"id":"11377","description":"در هنگام ضبط صدای خواننده","iscorrect":1},{"id":"11378","description":"در هنگام ضبط صدای درامز (Drums)","iscorrect":0},{"id":"11379","description":"در هنگام ضبط صدای گیتار الکتریک","iscorrect":0},{"id":"11380","description":"در هنگام ضبط صدای گیتار بیس","iscorrect":0}]},{"id":"2984","description":"کدام گزینه در مورد جایگذاری میکروفون ها برای ضبط در استودیوی خانگی درست است؟","answers":[{"id":"11381","description":"در جایگذاری میکروفون ها تنها یک روش وجود دارد که به کار نگرفتن آن کار ضبط را ناممکن می کند.","iscorrect":0},{"id":"11382","description":"در جایگذاری میکروفون ها هیچ روش و قانونی وجود ندارد که دانستن آن کار ضبط را بهبود بخشد.","iscorrect":0},{"id":"11383","description":"در جایگذاری میکروفون ها هیچ روش ایده آلی وجود ندارد. اما داشتن آگاهی در مورد روش های مختلف و خصوصیات ابزار موجود، رسیدن به نتیجه دلخواه را راحت تر خواهد کرد.","iscorrect":1},{"id":"11384","description":"هیچکدام","iscorrect":0}]},{"id":"2985","description":"زاویه قرار گرفتن میکروفون نسبت به خواننده باید چه طور باشد؟","answers":[{"id":"11385","description":"میان چشم های او را نشانه گرفته باشد.","iscorrect":0},{"id":"11386","description":"میان بینی و دهان او را نشانه گرفته باشد.","iscorrect":1},{"id":"11387","description":"چانه او را نشانه گرفته باشد.","iscorrect":0},{"id":"11388","description":"گردن او را نشانه گرفته باشد.","iscorrect":0}]},{"id":"2986","description":"برای ضبط صدای گیتار آکوستیک بهتر است میکروفون را در چه فاصله ای از ساز قرار داد؟","answers":[{"id":"11389","description":"بهتر است میکروفون را تا حد ممکن به ساز نزدیک کرد.","iscorrect":0},{"id":"11390","description":"بهتر است میکروفون را در فاصله ۷ تا ۱۵ سانتیمتری ساز قرار داد.","iscorrect":1},{"id":"11391","description":"بهتر است میکروفون را در فاصله ۲ تا ۳ متری ساز قرار داد.","iscorrect":0},{"id":"11392","description":"فاصله میکروفون نسبت به ساز تاثیری در صدای ضبط شده ندارد.","iscorrect":0}]},{"id":"2987","description":"کدامیک از موارد زیر روی صدای آمپلی فایرها تاثیر زیادی ندارد؟","answers":[{"id":"11393","description":"قرار دادن جسم پلاستیکی بر روی آمپلی فایر","iscorrect":1},{"id":"11394","description":"قرار دادن آمپلی فایر بر روی فرش یا موکت","iscorrect":0},{"id":"11395","description":"قرار دادن آمپلی فایر بالاتر از سطح زمین","iscorrect":0},{"id":"11396","description":"قرار دادن آمپلی فایر با فاصله کم رو به روی دیوار","iscorrect":0}]},{"id":"2988","description":"برای برداشتن صدای کیک درام (Kick Drum) از چه میکروفونی باید استفاده کرد؟","answers":[{"id":"11397","description":"میکروفونی که از توانایی خوبی برای برداشتن فرکانس های بالا برخوردار باشد.","iscorrect":0},{"id":"11398","description":"میکروفونی که از توانایی خوبی برای برداشتن فرکانس های میانی برخوردار باشد.","iscorrect":0},{"id":"11399","description":"میکروفونی که از توانایی خوبی برای برداشتن فرکانس های پایین برخوردار باشد.","iscorrect":1},{"id":"11400","description":"فرقی نمی کند از چه میکروفونی استفاده شود.","iscorrect":0}]}]}]},{"name":"درس سوم- ضبط چند کاناله صدا","id":"487","contentorder":"5","lesson_number":3,"type":0,"filename":"lesson487.html"},{"name":"ضبط چند کاناله صدا","id":"798","contentorder":"6","type":1,"set":[{"score":"60","questions":[{"id":"2989","description":"ضبط چند کاناله صدا (Multitrack Recording) چه امکاناتی را به شما می دهد؟","answers":[{"id":"11401","description":"قابلیت اعمال تغییرات مختلف روی صدای سازها به طور مجزا","iscorrect":0},{"id":"11402","description":"امکان کم و زیاد کردن و تنظیم قدرت صدای هر کدام از سازها یا صداهای ضبط شده نسبت به بقیه سازها","iscorrect":0},{"id":"11403","description":"خلق اجرای موسیقی ای که در حقیقت هرگز اتفاق نیفتاده است.","iscorrect":0},{"id":"11404","description":"هر سه مورد","iscorrect":1}]},{"id":"2990","description":"کدامیک از اصطلاحات زیر به کیفیت صدای دیجیتال ربطی ندارد؟","answers":[{"id":"11405","description":"نرخ نمونه گیری (Sample Rate)","iscorrect":0},{"id":"11406","description":"عمق بیت (Bit Depth)","iscorrect":0},{"id":"11407","description":"زنجیره سیگنال (Signal Chain)","iscorrect":1},{"id":"11408","description":"هیچکدام","iscorrect":0}]},{"id":"2991","description":"نرخ نمونه گیری (Sample Rate) متداول برای سی دی های صوتی (Audio CD) کدام است؟","answers":[{"id":"11409","description":"۱۹۲ کیلوهرتز","iscorrect":0},{"id":"11410","description":"۳۲ کیلوهرتز","iscorrect":0},{"id":"11411","description":"۴۴.۱ کیلوهرتز","iscorrect":1},{"id":"11412","description":"۴۸ کیلوهرتز","iscorrect":0}]},{"id":"2992","description":"در هنگام ضبط کردن صدای گیتار بیس (Bass Guitar) و کیک درام (Kick Drum)، بهتر است با استفاده از ای کیو (EQ) از چه دامنه فرکانسی کاست؟","answers":[{"id":"11413","description":"خوب است مقداری از فرکانس های بالا (High Frequencies) حذف شود.","iscorrect":0},{"id":"11414","description":"خوب است مقداری از فرکانس های میانی (Mid-Range Frequencies) حذف شود.","iscorrect":1},{"id":"11415","description":"خوب است مقداری از فرکانس های پایین (Low Frequencies) حذف شود.","iscorrect":0},{"id":"11416","description":"بهتر است همه فرکانس ها را دست نخورده نگه داشت.","iscorrect":0}]},{"id":"2993","description":"انجام تنظیمات درست مانیتورینگ (Monitoring) در هنگام ضبط، شما را قادر به انجام چه کاری می کند؟","answers":[{"id":"11417","description":"شنیدن صدای سازی که در حال ضبط شدن است برای جلوگیری از پیش آمدن مشکلاتی از قبیل دیستورت شدن صدا (Distortion)","iscorrect":0},{"id":"11418","description":"شنیدن صدای سازهایی که از قبل ضبط شده برای ضبط چند لایه و اووردابینگ (Overdubbing)","iscorrect":0},{"id":"11419","description":"کم یا زیاد کردن صدای سازی که از قبل ضبط شده برای جلوگیری از تداخل با کار نوازنده یا خواننده دیگر","iscorrect":0},{"id":"11420","description":"هر سه مورد","iscorrect":1}]}]},{"score":"60","questions":[{"id":"2994","description":"موقع گوش دادن به یک سی دی موسیقی بر روی دستگاه پخش استریوی خانگی کدام یک از کارهای زیر را می توانید انجام دهید؟","answers":[{"id":"11421","description":"کم و زیاد کردن صدای یکی از سازها به طور جداگانه","iscorrect":0},{"id":"11422","description":"قطع کردن صدای یکی از سازها","iscorrect":0},{"id":"11423","description":"تغییر دادن جنس صدای همه سازها با استفاده از اکولایزر","iscorrect":1},{"id":"11424","description":"اعمال تغییرات مختلف روی صدای سازها به طور مجزا","iscorrect":0}]},{"id":"2995","description":"کدام یک از عددهای زیر نشان دهنده نرخ نمونه گیری (Sample Rate) در فایل های صوتی دیجیتال هستند؟","answers":[{"id":"11425","description":"۳۲، ۴۴.۱، ۴۸، ۸۸.۲، ۹۶، ۱۷۶.۴ و ۱۹۲ کیلوهرتز","iscorrect":1},{"id":"11426","description":"۱۶، ۲۴، ۳۲ کیلوهرتز","iscorrect":0},{"id":"11427","description":"۱۶، ۲۴، ۳۲ بیت","iscorrect":0},{"id":"11428","description":"هر سه مورد","iscorrect":0}]},{"id":"2996","description":"با استفاده از کدامیک از ابزار زیر می توان محیط نرم افزار ضبط دیجیتال را در حالت آماده ضبط قرار داد؟","answers":[{"id":"11429","description":"دکمه آرم (Arm)","iscorrect":1},{"id":"11430","description":"پیچ دریافت صدا (Gain Knob)","iscorrect":0},{"id":"11431","description":"فیدر صدا (Fader)","iscorrect":0},{"id":"11432","description":"ای کیو (EQ)","iscorrect":0}]},{"id":"2997","description":"زیاد یا کم بودن بیش از حد سطح سیگنال در قسمت های مختلف زنجیره سیگنال (Signal Chain) چه تاثیری بر روی صدا خواهد گذاشت؟","answers":[{"id":"11433","description":"باعث قطع شدن ناگهانی صدا در هنگام ضبط خواهد شد.","iscorrect":0},{"id":"11434","description":"باعث صدمه دیدن میکروفون و کارت صدا و نهایتا پایین آمدن کیفیت صدا خواهد شد.","iscorrect":0},{"id":"11435","description":"به کیفیت سیگنال و در نهایت کیفیت صدایی که به نرم افزار ضبط دیجیتال می رسد صدمه خواهد زد.","iscorrect":1},{"id":"11436","description":"تاثیر خاصی بر روی صدا نخواهد داشت.","iscorrect":0}]},{"id":"2998","description":"صدابرداران حرفه ای و مهندسان صدا در مورد به کار بردن افکت های صدایی چه عقیده ای دارند؟","answers":[{"id":"11437","description":"بهتر است افکت های صدایی را موقع میکس کردن بر روی صدا اعمال کرد.","iscorrect":1},{"id":"11438","description":"بهتر است افکت های صدایی را موقع ضبط کردن بر روی صدا اعمال کرد.","iscorrect":0},{"id":"11439","description":"فرقی نمی کند افکت های صدایی را موقع ضبط کردن یا موقع میکس کردن روی صدا اعمال کرد.","iscorrect":0},{"id":"11440","description":"بهتر است تا حد ممکن از اعمال افکت های صدایی خودداری کرد.","iscorrect":0}]}]}]},{"name":"درس چهارم- ترکیب کردن صداها یا میکس","id":"488","contentorder":"7","lesson_number":4,"type":0,"filename":"lesson488.html"},{"name":"ترکیب کردن صداها یا میکس","id":"800","contentorder":"8","type":1,"set":[{"score":"60","questions":[{"id":"2999","description":"مهمترین هدف از انجام میکس صدا چیست؟","answers":[{"id":"11441","description":"به وجود آوردن ترکیبی از صداهای ضبط شده به گونه که در آن صداهای ضبط شده بدون اینکه دیگری را بپوشانند یا مختل کنند، به خوبی شنیده شوند.","iscorrect":1},{"id":"11442","description":"اضافه کردن افکت های صدایی متداول (Sound Effects) به آهنگ برای کمک به تاثیرگذاری آن و جلو راندن روایتی که مد نظر هنرمند است.","iscorrect":0},{"id":"11443","description":"انجام پنینگ استریو (Stereo Panning) با راندن صداهای مختلف به بلندگوی چپ و راست","iscorrect":0},{"id":"11444","description":"هیچکدام","iscorrect":0}]},{"id":"3000","description":"انجام کدامیک از موارد زیر قبل از دست به کار شدن برای میکس مفید است؟","answers":[{"id":"11445","description":"گوش دادن به آهنگ هایی که به همان سبک یا استایل آهنگی هستند که در حال ضبط کردن آنها هستید.","iscorrect":0},{"id":"11446","description":"درست کردن یک نمونه میکس بدون استفاده از ای کیو (EQ) و افکت های صوتی (Sound Effects)","iscorrect":0},{"id":"11447","description":"قرار دادن خود به جای مخاطب یا شنونده عام در موقع میکس","iscorrect":0},{"id":"11448","description":"هر سه مورد","iscorrect":1}]},{"id":"3001","description":"چه قسمتی از دامنه فرکانس های صدایی معمولا برای گیتار، پیانو، صدای خواننده مرد، طبل ها و... در نظر گرفته می شود؟","answers":[{"id":"11449","description":"فرکانس های پایین","iscorrect":0},{"id":"11450","description":"فرکانس های میانی","iscorrect":1},{"id":"11451","description":"فرکانس های بالا","iscorrect":0},{"id":"11452","description":"تمام دامنه فرکانس ها","iscorrect":0}]},{"id":"3002","description":"کدام بازه فرکانسی زیر وضوح و شفافیت صدا را تقویت می کند؟","answers":[{"id":"11453","description":"۲۰ تا ۱۰۰ هرتز","iscorrect":0},{"id":"11454","description":"۳۵۰ تا ۴۵۰ هرتز","iscorrect":0},{"id":"11455","description":"۲ تا ۵ کیلوهرتز","iscorrect":0},{"id":"11456","description":"۸ کیلوهرتز و بالاتر","iscorrect":1}]},{"id":"3003","description":"برای اینکه در هنگام میکس، صدای سازی را به سمت چپ یا راست میدان صوتی بلندگوها هدایت کنید از چه چیزی باید استفاده کنید؟","answers":[{"id":"11457","description":"ریورب (Reverb) و دیلی (Delay)","iscorrect":0},{"id":"11458","description":"ای کیو (EQ)","iscorrect":0},{"id":"11459","description":"پن کردن (Panning)","iscorrect":1},{"id":"11460","description":"هیچکدام","iscorrect":0}]}]},{"score":"60","questions":[{"id":"3004","description":"به کار ترکیب صداها و تبدیل تکه های جدای صوتی به موسیقی در ادبیات ضبط صدا چه می گویند؟","answers":[{"id":"11461","description":"ای کیو کردن (EQing)","iscorrect":0},{"id":"11462","description":"میکس کردن (Mixing)","iscorrect":1},{"id":"11463","description":"پن استریو (Stereo Panning)","iscorrect":0},{"id":"11464","description":"هیچکدام","iscorrect":0}]},{"id":"3005","description":"برای قرار دادن صداها در سمت چپ یا راست زمینه استریو (Stereo Field) در موقع میکس از چه وسیله ای استفاده می شود؟","answers":[{"id":"11465","description":"پن استریو (Stereo Panning)","iscorrect":1},{"id":"11466","description":"ای کیو (EQ)","iscorrect":0},{"id":"11467","description":"ریورب (Reverb)","iscorrect":0},{"id":"11468","description":"دیلی (Delay)","iscorrect":0}]},{"id":"3006","description":"اشغال شدن بخش مشخصی از دامنه فرکانس ها توسط صدای دو یا چند ساز باعث چه چیزی می شود؟","answers":[{"id":"11469","description":"باعث می شود که این فرکانس ها با هم تداخل کنند و نتیجه کار صدایی شفاف و واضح شود.","iscorrect":0},{"id":"11470","description":"باعث می شود که این فرکانس ها با هم تداخل کنند و نتیجه کار صدایی کدر و غیر واضح شود.","iscorrect":1},{"id":"11471","description":"باعث می شود که این فرکانس ها با هم تداخل کنند ولی مشکلی برای صدا به وجود نخواهد آورد.","iscorrect":0},{"id":"11472","description":"باعث می شود که این فرکانس ها همدیگر را تقویت کرده و کیفیت صدا بهتر شود.","iscorrect":0}]},{"id":"3007","description":"تقویت کدام بازه فرکانسی صدا را گرم می کند و به بم بودن آن می افزاید؟","answers":[{"id":"11473","description":"۲۰ تا ۱۰۰ هرتز","iscorrect":1},{"id":"11474","description":"۳۵۰ تا ۴۵۰ هرتز","iscorrect":0},{"id":"11475","description":"۲ تا ۵ کیلوهرتز","iscorrect":0},{"id":"11476","description":"۸ کیلوهرتز و بالاتر","iscorrect":0}]},{"id":"3008","description":"برای اینکه در هنگام میکس، صدای سازی را جلو یا عقب میدان صوتی بلندگوها قرار دهید از چه چیزی باید استفاده کنید؟","answers":[{"id":"11477","description":"پن کردن (Panning)","iscorrect":0},{"id":"11478","description":"ریورب (Reverb) و دیلی (Delay)","iscorrect":1},{"id":"11479","description":"ای کیو (EQ)","iscorrect":0},{"id":"11480","description":"هیچکدام","iscorrect":0}]}]}]},{"name":"درس پنجم- نهایی کردن محصول صدایی یا مسترینگ","id":"489","contentorder":"9","lesson_number":5,"type":0,"filename":"lesson489.html"},{"name":"نهایی کردن محصول صدایی یا مسترینگ","id":"802","contentorder":"10","type":1,"set":[{"score":"60","questions":[{"id":"3009","description":"کدامیک از موارد زیر تعریف درست مسترینگ (Mastering) است؟","answers":[{"id":"11481","description":"به چیدن آهنگ ها به بهترین ترتیب ممکن برای قرار گرفتن در یک مجموعه (یا همان آلبوم موسیقی) مسترینگ گفته می شود.","iscorrect":0},{"id":"11482","description":"به عملیاتی که موزیک ضبط شده شما را آماده تکثیر و پخش می کند مسترینگ می گویند.","iscorrect":1},{"id":"11483","description":"به تکثیر و رساندن آلبوم موسیقی به دست شنونده و مخاطب و با استفاده از قالبی مناسب مسترینگ گفته می شود.","iscorrect":0},{"id":"11484","description":"هیچکدام","iscorrect":0}]},{"id":"3010","description":"به تصمیم گیری در مورد تقدم و تاخر آهنگ ها و چیدن آنها به بهترین ترتیب ممکن برای قرار گرفتن در یک مجموعه (یا همان آلبوم موسیقی) چه می گویند؟","answers":[{"id":"11485","description":"سیکوانسینگ (Sequencing)","iscorrect":1},{"id":"11486","description":"مسترینگ (Mastering)","iscorrect":0},{"id":"11487","description":"ای کیو کردن (EQing)","iscorrect":0},{"id":"11488","description":"هم آهنگ کردن سطح صداها (Levelling)","iscorrect":0}]},{"id":"3011","description":"اگر میزان کمپرشن استفاده شده بر روی آهنگ خیلی پایین باشد چه تاثیری بر روی آن خواهد گذاشت؟","answers":[{"id":"11489","description":"باعث می شود آهنگ صدای ضعیف و کم قدرتی به خود بگیرد.","iscorrect":1},{"id":"11490","description":"باعث خواهد شد آهنگ شما خیلی تخت به نظر برسد.","iscorrect":0},{"id":"11491","description":"باعث از بین رفتن فرکانس های پایین در آهنگ شما خواهد شد.","iscorrect":0},{"id":"11492","description":"تاثیر خاصی ندارد.","iscorrect":0}]},{"id":"3012","description":"با استفاده از چه ابزاری در هنگام مسترینگ می توان تفاوت بین بلندترین صدای میکس و سطح میانی آن را متعادل کرد و در حد مطلوب نگه داشت؟","answers":[{"id":"11493","description":"ای کیو (EQ)","iscorrect":0},{"id":"11494","description":"کمپرشن (Compression)","iscorrect":0},{"id":"11495","description":"لیمیتر (Limiter)","iscorrect":1},{"id":"11496","description":"همه موارد","iscorrect":0}]},{"id":"3013","description":"متداول ترین و محبوب ترین روش تکثیر آلبوم موسیقی کدام است؟","answers":[{"id":"11497","description":"دی وی دی صوتی (Audio DVD)","iscorrect":0},{"id":"11498","description":"سی دی صوتی (Audio CD)","iscorrect":1},{"id":"11499","description":"نوار کاست","iscorrect":0},{"id":"11500","description":"صفحه","iscorrect":0}]}]},{"score":"60","questions":[{"id":"3014","description":"کدام یک از ابزارهای زیر برای نهایی کردن محصول صدایی یا مسترینگ (Mastering) به کار برده می شود؟","answers":[{"id":"11501","description":"کمپرشن (Compression)","iscorrect":0},{"id":"11502","description":"لیمیتر (Limiter)","iscorrect":0},{"id":"11503","description":"ای کیو (EQ)","iscorrect":0},{"id":"11504","description":"هر سه مورد","iscorrect":1}]},{"id":"3015","description":"اضافه کردن بیش از حد کمپرشن چه تاثیری بر روی آهنگ خواهد گذاشت؟","answers":[{"id":"11505","description":"باعث می شود آهنگ صدای ضعیف و کم قدرتی به خود بگیرد.","iscorrect":0},{"id":"11506","description":"باعث خواهد شد آهنگ شما خیلی تخت به نظر برسد.","iscorrect":1},{"id":"11507","description":"باعث از بین رفتن فرکانس های بالا در آهنگ شما خواهد شد.","iscorrect":0},{"id":"11508","description":"تاثیر خاصی ندارد.","iscorrect":0}]},{"id":"3016","description":"برای اینکه آهنگ های شما در یک مجموعه یا آلبوم، صدایی یک پارچه داشته باشند:","answers":[{"id":"11509","description":"باید خصوصیات صدایی آنها تقریبا شبیه به هم باشد.","iscorrect":1},{"id":"11510","description":"باید از تنظیمات یکسان ای کیو (EQ)، کمپرشن (Compression) و لیمیتر (Limiter) بر روی همه آهنگ ها استفاده کرد.","iscorrect":0},{"id":"11511","description":"باید در هنگام ضبط آهنگ های مختلف از سازهای یکسان استفاده کرد.","iscorrect":0},{"id":"11512","description":"باید با استفاده از ای کیو (EQ) صدایی شفاف به آنها داد.","iscorrect":0}]},{"id":"3017","description":"برای اینکه شنونده موقع گوش دادن به آلبوم مجبور نباشد صدای دستگاه پخش موسیقی خود را برای آهنگ های مختلف مدام زیاد یا کم کند باید چه کرد؟","answers":[{"id":"11513","description":"باید سطح صدای آهنگ ها را تا حد ممکن بالا برد.","iscorrect":0},{"id":"11514","description":"باید سطح صدای آهنگ ها را تراز کرد که به آن لولینگ (Levelling) گفته می شود.","iscorrect":1},{"id":"11515","description":"باید ترتیب آهنگ ها به دقت انتخاب شده باشد.","iscorrect":0},{"id":"11516","description":"باید از تنظیمات یکسان ای کیو (EQ)، کمپرشن (Compression) و لیمیتر (Limiter) بر روی همه آهنگ ها استفاده کرد.","iscorrect":0}]},{"id":"3018","description":"قالب متداول برای قرار دادن آلبوم موسیقی بر روی اینترنت کدام است؟","answers":[{"id":"11517","description":"ام پی تری (MP3)","iscorrect":1},{"id":"11518","description":"سی دی صوتی (Audio CD)","iscorrect":0},{"id":"11519","description":"ام پی تری (MP3) و سی دی صوتی (Audio CD)","iscorrect":0},{"id":"11520","description":"هیچکدام","iscorrect":0}]}]}]},{"name":"درس ششم- انتشار محصول صدایی و موسیقی از طریق از اینترنت","id":"490","contentorder":"11","lesson_number":6,"type":0,"filename":"lesson490.html"},{"name":"انتشار محصول صدایی و موسیقی از طریق از اینترنت","id":"804","contentorder":"12","type":1,"set":[{"score":"60","questions":[{"id":"3019","description":"کدام یک از موارد زیر از مزایای انتشار اینترنتی موسیقی است؟","answers":[{"id":"11521","description":"رساندن موسیقی به دست علاقه مندان بدون واگذاری حق تالیف آن به ناشر","iscorrect":0},{"id":"11522","description":"کمک به انتشار موسیقی تازه کارها بدون نیاز به گرفتن قرارداد از ناشر","iscorrect":0},{"id":"11523","description":"بی نیاز کردن موزیسین ها از انجام کاغذبازی های ادارای برای دریافت مجوز نشر","iscorrect":0},{"id":"11524","description":"هر سه مورد","iscorrect":1}]},{"id":"3020","description":"کدامیک از روش های فروش موسیقی با استفاده از اینترنت امکان پذیر است؟","answers":[{"id":"11525","description":"فروش موسیقی در قالب دیجیتال","iscorrect":0},{"id":"11526","description":"فروش موسیقی در قالب سی دی","iscorrect":0},{"id":"11527","description":"فروش موسیقی در قالب صفحه","iscorrect":0},{"id":"11528","description":"هر سه مورد","iscorrect":1}]},{"id":"3021","description":"استفاده از کدامیک از ارائه دهندگان سرویس پخش اینترنتی موسیقی زیر رایگان است؟","answers":[{"id":"11529","description":"تون کر (TuneCore)","iscorrect":0},{"id":"11530","description":"سی دی بیبی (CD Baby)","iscorrect":0},{"id":"11531","description":"ساوند کلاود (SoundCloud) و بند کمپ (Bandcamp)","iscorrect":1},{"id":"11532","description":"تون کر (TuneCore) و سی دی بیبی (CD Baby)","iscorrect":0}]},{"id":"3022","description":"کدام یک از وب سایت های ارائه کننده خدمات نشر اینترنتی موسیقی مایکروسایتی را برای فروش مستقیم آهنگ ها در اختیارتان می گذارد؟","answers":[{"id":"11533","description":"ساوند کلاود (SoundCloud)","iscorrect":0},{"id":"11534","description":"سی دی بیبی (CD Baby)","iscorrect":0},{"id":"11535","description":"تون کر (TuneCore)","iscorrect":0},{"id":"11536","description":"بند کمپ (Bandcamp)","iscorrect":1}]},{"id":"3023","description":"کدام یک از ارائه دهندگان سرویس پخش اینترنتی موسیقی امکان فروش موسیقی به صورت فیزیکی (بر روی سی دی، صفحه و...) را به شما می دهند؟","answers":[{"id":"11537","description":"تون کر (TuneCore) و سی دی بیبی (CD Baby)","iscorrect":0},{"id":"11538","description":"سی دی بیبی (CD Baby) و ساوند کلاود (SoundCloud)","iscorrect":0},{"id":"11539","description":"ساوند کلاود (SoundCloud) و بند کمپ (Bandcamp)","iscorrect":0},{"id":"11540","description":"سی دی بیبی (CD Baby) و بند کمپ (Bandcamp)","iscorrect":1}]}]},{"score":"60","questions":[{"id":"3024","description":"کدامیک از موارد زیر از مزایای انتشار اینترنتی موسیقی است؟","answers":[{"id":"11541","description":"سرعت بالای انتشار اطلاعات از طریق اینترنت","iscorrect":0},{"id":"11542","description":"کیفیت بالای فایل ها صوتی بر روی شبکه جهانی اینترنت","iscorrect":0},{"id":"11543","description":"رساندن موسیقی به دست علاقه مندان بدون واگذاری حق تالیف آن به ناشر","iscorrect":1},{"id":"11544","description":"هیچکدام از موارد عنوان شده","iscorrect":0}]},{"id":"3025","description":"کدامیک از موارد زیر جز ارائه دهندگان سرویس پخش و فروش اینترنتی موسیقی نیست؟","answers":[{"id":"11545","description":"آی تونز (iTunes)","iscorrect":0},{"id":"11546","description":"یوتیوب (YouTube)","iscorrect":1},{"id":"11547","description":"آمازون ام پی تری (Amazon MP3)","iscorrect":0},{"id":"11548","description":"اسپاتیفای (Spotify)","iscorrect":0}]},{"id":"3026","description":"با استفاده از کدامیک از وب سایت های زیر می توانید موسیقی تان را بر روی وب سایت های معروف فروش و پخش موسیقی مثل آی تونز (iTunes) عرضه کنید؟","answers":[{"id":"11549","description":"تون کر (TuneCore) و سی دی بیبی (CD Baby)","iscorrect":1},{"id":"11550","description":"سی دی بیبی (CD Baby) و ساوند کلاود (SoundCloud)","iscorrect":0},{"id":"11551","description":"ساوند کلاود (SoundCloud) و بند کمپ (Bandcamp)","iscorrect":0},{"id":"11552","description":"سی دی بیبی (CD Baby) و بند کمپ (Bandcamp)","iscorrect":0}]},{"id":"3027","description":"کدامیک از ارائه دهندگان سرویس انتشار اینترنتی فایل های صوتی زیر امکان فروش را به شما نمی دهند؟","answers":[{"id":"11553","description":"ساوند کلاود (SoundCloud)","iscorrect":1},{"id":"11554","description":"تون کر (TuneCore)","iscorrect":0},{"id":"11555","description":"سی دی بیبی (CD Baby)","iscorrect":0},{"id":"11556","description":"بند کمپ (Bandcamp)","iscorrect":0}]},{"id":"3028","description":"کدامیک از سایت های زیر برای هر فایل صوتی ای که بر روی آن آپلود می کنید به شما یک لینک اینترنتی مشخص (URL) که قابل امبد کردن (Embed) در وب سایت های دیگر است را می دهد؟","answers":[{"id":"11557","description":"تون کر (TuneCore)","iscorrect":0},{"id":"11558","description":"سی دی بیبی (CD Baby)","iscorrect":0},{"id":"11559","description":"ساوند کلاود (SoundCloud)","iscorrect":1},{"id":"11560","description":"بند کمپ (Bandcamp)","iscorrect":0}]}]}]},{"name":"دوره استودیوی خانگی ضبط صدا- آزمون نهایی","id":"806","contentorder":"13","type":1,"set":[{"score":"50","questions":[{"id":"3029","description":"با استفاده از نرم افزار دی ای دبلیو (DAW) کدام یک از کارهای زیر را می توان انجام داد؟","answers":[{"id":"11561","description":"ضبط یک یا چند لایه صدا به طور هم زمان و با کیفیت های متفاوت","iscorrect":0},{"id":"11562","description":"جابه جا کردن، بریدن، چسباندن، پاک کردن، تکرار کردن و... صداهای ضبط شده","iscorrect":0},{"id":"11563","description":"تولید خروجی نهایی صدا در قالب یک فایل صوتی واحد","iscorrect":0},{"id":"11564","description":"همه موارد","iscorrect":1}]},{"id":"3030","description":"کدام گزینه به متداول ترین انواع میکروفون ها اشاره می کند؟","answers":[{"id":"11565","description":"داینمیک (Dynamic) و کاندنسر (Condenser)","iscorrect":1},{"id":"11566","description":"کاندنسر (Condenser) و فانتوم پاور (Phantom Power)","iscorrect":0},{"id":"11567","description":"پیک آپ (Pickup)","iscorrect":0},{"id":"11568","description":"هیچکدام","iscorrect":0}]},{"id":"3031","description":"کدام یک از موارد زیر از منابع اصلی نشت صداهای ناخواسته به اتاق ضبط نیست؟","answers":[{"id":"11569","description":"درها","iscorrect":0},{"id":"11570","description":"پنجره ها","iscorrect":0},{"id":"11571","description":"کانال های تهویه هوا","iscorrect":0},{"id":"11572","description":"کمدهای دیواری","iscorrect":1}]},{"id":"3032","description":"صدابرداری کدام یک از بقیه پیچیده تر است؟","answers":[{"id":"11573","description":"صدای گیتار الکتریک","iscorrect":0},{"id":"11574","description":"صدای گیتار بیس","iscorrect":0},{"id":"11575","description":"صدای درامز (Drums)","iscorrect":1},{"id":"11576","description":"صدای خواننده","iscorrect":0}]},{"id":"3033","description":"ضبط چند کاناله صدا (Multitrack Recording) چه امکاناتی را به شما می دهد؟","answers":[{"id":"11577","description":"قابلیت اعمال تغییرات مختلف بر روی صدای سازها به طور مجزا","iscorrect":0},{"id":"11578","description":"امکان کم و زیاد کردن و تنظیم قدرت صدای هر کدام از سازها یا صداهای ضبط شده نسبت به بقیه سازها","iscorrect":0},{"id":"11579","description":"خلق اجرای موسیقی ای که در حقیقت هرگز اتفاق نیفتاده است.","iscorrect":0},{"id":"11581","description":"هر سه مورد","iscorrect":1}]},{"id":"3034","description":"زیاد یا کم بودن بیش از حد سطح سیگنال در قسمت های مختلف زنجیره سیگنال (Signal Chain) چه تاثیری بر روی صدا خواهد گذاشت؟","answers":[{"id":"11582","description":"باعث قطع شدن ناگهانی صدا در هنگام ضبط خواهد شد.","iscorrect":0},{"id":"11583","description":"باعث صدمه دیدن میکروفون و کارت صدا و نهایتا پایین آمدن کیفیت صدا خواهد شد.","iscorrect":0},{"id":"11584","description":"به کیفیت سیگنال و در نهایت کیفیت صدایی که به نرم افزار ضبط دیجیتال می رسد صدمه خواهد زد.","iscorrect":1},{"id":"11585","description":"تاثیر خاصی بر روی صدا نخواهد داشت.","iscorrect":0}]},{"id":"3035","description":"مهمترین هدف از انجام میکس صدا چیست؟","answers":[{"id":"11586","description":"به وجود آوردن ترکیبی از صداهای ضبط شده به گونه ای که در آن صداهای ضبط شده بدون اینکه دیگری را بپوشانند یا مختل کنند، به خوبی شنیده شوند.","iscorrect":1},{"id":"11587","description":"اضافه کردن افکت های صدایی متداول (Sound Effects) به آهنگ برای کمک به تاثیرگذاری آن و جلو راندن روایتی که مد نظر هنرمند است.","iscorrect":0},{"id":"11588","description":"انجام پنینگ استریو (Stereo Panning) با راندن صداهای مختلف به بلندگوی چپ و راست","iscorrect":0},{"id":"11589","description":"هیچکدام","iscorrect":0}]},{"id":"3036","description":"کدام بازه فرکانسی زیر وضوح و شفافیت صدا را تقویت می کند؟","answers":[{"id":"11590","description":"۲۰ تا ۱۰۰ هرتز","iscorrect":0},{"id":"11591","description":"۳۵۰ تا ۴۵۰ هرتز","iscorrect":0},{"id":"11592","description":"۲ تا ۵ کیلوهرتز","iscorrect":0},{"id":"11593","description":"۸ کیلوهرتز و بالاتر","iscorrect":1}]},{"id":"3037","description":"کدامیک از موارد زیر تعریف درست مسترینگ (Mastering) است؟","answers":[{"id":"11594","description":"به چیدن آهنگ ها به بهترین ترتیب ممکن برای قرار گرفتن در یک مجموعه (یا همان آلبوم موسیقی) مسترینگ گفته می شود.","iscorrect":0},{"id":"11595","description":"به عملیاتی که موزیک ضبط شده شما را آماده تکثیر و پخش می کند مسترینگ می گویند.","iscorrect":1},{"id":"11596","description":"به تکثیر و رساندن آلبوم موسیقی به دست شنونده و مخاطب و با استفاده از قالبی مناسب مسترینگ گفته می شود.","iscorrect":0},{"id":"11597","description":"هیچکدام","iscorrect":0}]},{"id":"3038","description":"کدام یک از ارائه دهندگان سرویس انتشار اینترنتی فایل های صوتی امکان فروش را به شما نمی دهند؟","answers":[{"id":"11598","description":"ساوند کلاود (SoundCloud)","iscorrect":1},{"id":"11599","description":"تون کر (TuneCore)","iscorrect":0},{"id":"11600","description":"سی دی بیبی (CD Baby)","iscorrect":0},{"id":"11601","description":"بند کمپ (Bandcamp)","iscorrect":0}]}]},{"score":"50","questions":[{"id":"3039","description":"برای تقویت سیگنال ضعیفی که از میکروفون یا سازهای مجهز به پیک آپ (Pickup) و از طریق کارت صدا به رایانه فرستاده می شود به چه وسیله ای نیاز است؟","answers":[{"id":"11602","description":"میکسر (Mixer) یا پری امپ (Pre-Amp)","iscorrect":1},{"id":"11603","description":"همه کارت های صدا این کار را انجام می دهند.","iscorrect":0},{"id":"11604","description":"نرم افزار دی ای دبلیو (DAW)","iscorrect":0},{"id":"11605","description":"فانتوم پاور (Phantom Power)","iscorrect":0}]},{"id":"3040","description":"کدامیک از بلندگوهای زیر جوری طراحی شده اند تا صدایی خنثی داشته باشند؟","answers":[{"id":"11606","description":"بلندگوهای خودرو","iscorrect":0},{"id":"11607","description":"بلندگوهای رایانه های شخصی","iscorrect":0},{"id":"11608","description":"بلندگوهای دستگاه پخش استریوی خانگی","iscorrect":0},{"id":"11609","description":"بلندگوهای مانیتور (Monitor Speakers)","iscorrect":1}]},{"id":"3041","description":"کدام گزینه در مورد جایگذاری میکروفون ها برای ضبط در استودیوی خانگی درست است؟","answers":[{"id":"11610","description":"در جایگذاری میکروفون ها تنها یک روش وجود دارد که به کار نگرفتن آن کار ضبط را ناممکن می کند.","iscorrect":0},{"id":"11611","description":"در جایگذاری میکروفون ها هیچ روش و قانونی وجود ندارد که دانستن آن کار ضبط را بهبود بخشد.","iscorrect":0},{"id":"11612","description":"در جایگذاری میکروفون ها هیچ روش ایده آلی وجود ندارد. اما داشتن آگاهی در مورد روش های مختلف و خصوصیات ابزار موجود، رسیدن به نتیجه دل خواه را راحت تر خواهد کرد.","iscorrect":1},{"id":"11613","description":"هیچکدام","iscorrect":0}]},{"id":"3042","description":"برای برداشتن صدای کیک درام (Kick Drum) از چه میکروفونی باید استفاده کرد؟","answers":[{"id":"11614","description":"میکروفونی که از توانایی خوبی برای برداشتن فرکانس های بالا برخوردار باشد.","iscorrect":0},{"id":"11615","description":"میکروفونی که از توانایی خوبی برای برداشتن فرکانس های میانی برخوردار باشد.","iscorrect":0},{"id":"11616","description":"میکروفونی که از توانایی خوبی برای برداشتن فرکانس های پایین برخوردار باشد.","iscorrect":1},{"id":"11617","description":"فرقی نمی کند از چه میکروفونی استفاده شود.","iscorrect":0}]},{"id":"3043","description":"با استفاده از کدام یک از ابزارهای زیر می توان محیط نرم افزار ضبط دیجیتال را در حالت آماده ضبط قرار داد؟","answers":[{"id":"11618","description":"دکمه آرم (Arm)","iscorrect":1},{"id":"11619","description":"پیچ دریافت صدا (Gain Knob)","iscorrect":0},{"id":"11620","description":"فیدر صدا (Fader)","iscorrect":0},{"id":"11621","description":"ای کیو (EQ)","iscorrect":0}]},{"id":"3044","description":"انجام تنظیمات درست مانیتورینگ (Monitoring) در هنگام ضبط شما را قادر به انجام چه کاری می کند؟","answers":[{"id":"11622","description":"شنیدن صدای سازی که در حال ضبط شدن است برای جلوگیری از پیش آمدن مشکلاتی از قبیل دیستورت شدن صدا (Distortion)","iscorrect":0},{"id":"11623","description":"شنیدن صدای سازهایی که از قبل ضبط شده اند برای ضبط چند لایه و اووردابینگ (Overdubbing)","iscorrect":0},{"id":"11624","description":"کم یا زیاد کردن صدای سازی که از قبل ضبط شده برای جلوگیری از تداخل با کار نوازنده یا خواننده دیگر","iscorrect":0},{"id":"11625","description":"هر سه مورد","iscorrect":1}]},{"id":"3045","description":"به کار ترکیب صداها و تبدیل تکه های جدای صوتی به موسیقی در ادبیات ضبط صدا چه می گویند؟","answers":[{"id":"11626","description":"ای کیو کردن (EQing)","iscorrect":0},{"id":"11627","description":"میکس کردن (Mixing)","iscorrect":1},{"id":"11628","description":"پن استریو (Stereo Panning)","iscorrect":0},{"id":"11629","description":"هیچکدام","iscorrect":0}]},{"id":"3046","description":"تقویت کدام بازه فرکانسی صدا را گرم می کند و به بم بودن آن می افزاید؟","answers":[{"id":"11630","description":"۲۰ تا ۱۰۰ هرتز","iscorrect":1},{"id":"11631","description":"۳۵۰ تا ۴۵۰ هرتز","iscorrect":0},{"id":"11632","description":"۲ تا ۵ کیلوهرتز","iscorrect":0},{"id":"11633","description":"۸ کیلوهرتز و بالاتر","iscorrect":0}]},{"id":"3047","description":"به تصمیم گیری در مورد تقدم و تاخر آهنگ ها و چیدن آنها به بهترین ترتیب ممکن برای قرار گرفتن در یک مجموعه (یا همان آلبوم موسیقی) چه می گویند؟","answers":[{"id":"11634","description":"سیکوانسینگ (Sequencing)","iscorrect":1},{"id":"11635","description":"مسترینگ (Mastering)","iscorrect":0},{"id":"11636","description":"ای کیو کردن (EQing)","iscorrect":0},{"id":"11637","description":"هم آهنگ کردن سطح صداها (Levelling)","iscorrect":0}]},{"id":"3048","description":"استفاده از کدام یک از ارائه دهندگان سرویس پخش اینترنتی موسیقی زیر رایگان است؟","answers":[{"id":"11638","description":"تون کر (TuneCore)","iscorrect":0},{"id":"11639","description":"سی دی بیبی (CD Baby)","iscorrect":0},{"id":"11640","description":"ساوند کلاود (SoundCloud) و بند کمپ (Bandcamp)","iscorrect":1},{"id":"11641","description":"تون کر (TuneCore) و سی دی بیبی (CD Baby)","iscorrect":0}]}]}]}]}