{"courseId":"69","contents":[{"name":"درس اول- مبانی بازارهای مالی","id":"492","contentorder":"1","lesson_number":1,"type":0,"filename":"lesson492.html"},{"name":"مبانی بازارهای مالی","id":"819","contentorder":"3","type":1,"set":[{"score":"60","questions":[{"id":"3103","description":"ریسک بیشتر یعنی:","answers":[{"id":"11840","description":"انتظار دریافت پول بیشتر","iscorrect":1},{"id":"11841","description":"پول کمتر","iscorrect":0},{"id":"11842","description":"جرم بیشتر","iscorrect":0}]},{"id":"3102","description":"بازار مالی:","answers":[{"id":"11839","description":"بازار بورس است.","iscorrect":0},{"id":"11837","description":"مجموعه ای از بانک ها است.","iscorrect":0},{"id":"11838","description":"بازاری است که در آن دارایی های مالی خرید و فروش می شوند.","iscorrect":1}]},{"id":"3101","description":"ارزش اسمی:","answers":[{"id":"11835","description":"مجموع پول هایی است که در نهایت به شما پرداخت می شود.","iscorrect":0},{"id":"11836","description":"ارزشی است که در ابتدای صدور اوراق قرضه بر آن نهاده شده است و با فرا رسیدن زمان سررسید و برگرداندن اوراق قرضه٬ آن مبلغ به دارنده اوراق بازگردانده می شود.","iscorrect":1},{"id":"11834","description":"ارزش واقعی اوراق قرضه است.","iscorrect":0}]},{"id":"3100","description":"خرید یک برگ از اوراق قرضه:","answers":[{"id":"11833","description":"موجب می شود که شرکت موظف باشد در آینده در زمان هایی مشخص به خریدار مبلغی معین پول بپردازد.","iscorrect":1},{"id":"11832","description":"او را مالک درصدی از سود شرکت می کند.","iscorrect":0},{"id":"11831","description":"خریدار را مالک شرکت می کند.","iscorrect":0}]},{"id":"3104","description":"Default Risk یعنی:","answers":[{"id":"11843","description":"خطر عدم پرداخت","iscorrect":1},{"id":"11844","description":"موعد بازپرداخت","iscorrect":0},{"id":"11845","description":"شرکتی که تعداد کارمندانش کم است.","iscorrect":0}]}]},{"score":"60","questions":[{"id":"3105","description":"در موعد سررسید اوراق قرضه:","answers":[{"id":"11846","description":"ورق قرضه ارزش خود را از دست می دهد.","iscorrect":0},{"id":"11847","description":"ارزش اسمی ورق قرضه به دارنده آن بازگردانده می شود.","iscorrect":1},{"id":"11848","description":"هر دو مورد درست است.","iscorrect":0}]},{"id":"3106","description":"سود به عنوان ......... پرداخت می شود.","answers":[{"id":"11849","description":"هزینه استفاده از سرمایه","iscorrect":1},{"id":"11850","description":"جریمه","iscorrect":0},{"id":"11851","description":"مالیات","iscorrect":0}]},{"id":"3107","description":"چرا پس از بحران اقتصادی در یونان نرخ بهره وام هایی که یونان می گیرد بیشتر است؟","answers":[{"id":"11852","description":"ریسک بیشتر به معنای بهره بیشتر است.","iscorrect":0},{"id":"11853","description":"چرا که احتمال عدم پرداخت وام توسط یونان زیاد است.","iscorrect":0},{"id":"11854","description":"هر دو گزینه صحیح است.","iscorrect":1}]},{"id":"3108","description":"اگر شما یک ورق قرضه با ارزش اسمی صد هزارتومان بخرید، همراه با پنج کوپن که هر یک پنج هزار تومان قیمت دارند، در موعد سررسید شما مجموعا چه مقدار پول در درست خواهید داشت؟","answers":[{"id":"11855","description":"۲۵۰۰۰ تومان","iscorrect":0},{"id":"11856","description":"۱۲۵۰۰۰ تومان","iscorrect":1},{"id":"11857","description":"۱۲۵۰۰۰۰ تومان","iscorrect":0}]},{"id":"3109","description":"دولت ها برای .......... اوراق قرضه منتشر می کنند.","answers":[{"id":"11858","description":"کاهش کسری بودجه","iscorrect":0},{"id":"11859","description":"تامین منابع مالی","iscorrect":0},{"id":"11860","description":"هر دو مورد صحیح است.","iscorrect":1}]}]}]},{"name":"درس دوم- سهام","id":"493","contentorder":"4","lesson_number":2,"type":0,"filename":"lesson493.html"},{"name":"سهام","id":"821","contentorder":"5","type":1,"set":[{"score":"60","questions":[{"id":"3110","description":"سهام نسبت به قرضه:","answers":[{"id":"11861","description":"ریسک بیشتری دارند.","iscorrect":1},{"id":"11862","description":"کم ارزش ترند.","iscorrect":0},{"id":"11863","description":"خریداران کمتری دارند.","iscorrect":0}]},{"id":"3111","description":"دارایی مالی که مالکیت یک شرکت به همراه بخشی از سود آن را به خریدار منتقل می کند:","answers":[{"id":"11864","description":"اوراق قرضه است.","iscorrect":0},{"id":"11865","description":"برگه تجاری است.","iscorrect":0},{"id":"11866","description":"سهام است.","iscorrect":1}]},{"id":"3112","description":"واژه انگلیسی سهام کدام است؟","answers":[{"id":"11867","description":"CDS","iscorrect":0},{"id":"11868","description":"Stock","iscorrect":1},{"id":"11869","description":"Bond","iscorrect":0}]},{"id":"3113","description":"در شرکت های عمومی در رم:","answers":[{"id":"11870","description":"امکان تامین سرمایه خارجی وجود داشت.","iscorrect":0},{"id":"11871","description":"یک نفر می توانست نماینده شرکت باشد.","iscorrect":0},{"id":"11872","description":"هر دو مورد صحیح است.","iscorrect":1}]},{"id":"3114","description":"دولت ها برای ..... اوراق قرضه منتشر می کنند.","answers":[{"id":"11873","description":"کاهش بودجه","iscorrect":0},{"id":"11874","description":"تامین منابع مالی","iscorrect":0},{"id":"11875","description":"هر دو مورد صحیح است.","iscorrect":1}]}]},{"score":"60","questions":[{"id":"3115","description":"پوبلیکان ها در کدام عرصه فعالیت نمی کردند؟","answers":[{"id":"11876","description":"فراهم کردن کالا و خدمات برای عموم","iscorrect":0},{"id":"11877","description":"استفاده از مکان های عمومی","iscorrect":0},{"id":"11878","description":"هیچکدام","iscorrect":1}]},{"id":"3116","description":"دلیل از میان رفتن پوبلیکان ها چه بود؟","answers":[{"id":"11879","description":"از میان رفتن جمهوری رم","iscorrect":1},{"id":"11880","description":"ضعف آنها در دادن خدمت مناسب","iscorrect":0},{"id":"11881","description":"تورم شدید","iscorrect":0}]},{"id":"3117","description":"سود به عنوان ....... پرداخت می شود.","answers":[{"id":"11882","description":"هزینه استفاده از سرمایه","iscorrect":1},{"id":"11883","description":"جریمه","iscorrect":0},{"id":"11884","description":"مالیات","iscorrect":0}]},{"id":"3118","description":"در آثار کدام ادیب رمی می توان از شرکت های سهامی عام سراغ گرفت؟","answers":[{"id":"11885","description":"کاتو","iscorrect":0},{"id":"11886","description":"سیسرو","iscorrect":1},{"id":"11887","description":"سنت آگوستین","iscorrect":0}]},{"id":"3119","description":"در رم باستان یک شرکت ساده:","answers":[{"id":"11888","description":"می توانست به اسم شرکت اموالی داشته باشد.","iscorrect":0},{"id":"11889","description":"نمی توانست به اسم شرکت اموالی داشته باشد.","iscorrect":1},{"id":"11890","description":"می توانست به نام خود شرکت به محاکم قضایی شکایت کند.","iscorrect":0}]}]}]},{"name":"درس سوم- تاریخچه بورس","id":"494","contentorder":"6","lesson_number":3,"type":0,"filename":"lesson494.html"},{"name":"درس چهارم- مالکیت و ساختار مالی شرکت","id":"495","contentorder":"7","lesson_number":4,"type":0,"filename":"lesson495.html"},{"name":"مالکیت و ساختار مالی شرکت","id":"823","contentorder":"8","type":1,"set":[{"score":"60","questions":[{"id":"3120","description":"شرکت با مسئولیت محدود در ایران:","answers":[{"id":"11891","description":"با دو شریک قابل ثبت است.","iscorrect":1},{"id":"11892","description":"وجود ندارد.","iscorrect":0},{"id":"11893","description":"نقل و انتقال سهامش ممکن نیست.","iscorrect":0}]},{"id":"3121","description":"مالکیت یگانه:","answers":[{"id":"11894","description":"ارزان ترین نوع تشکیل شرکت است.","iscorrect":1},{"id":"11895","description":"باید مالکیت شرکت ها را بپردازد.","iscorrect":0},{"id":"11896","description":"هر دو مورد صحیح است.","iscorrect":0}]},{"id":"3122","description":"یک شرکت سهامی عام:","answers":[{"id":"11897","description":"سهامدارانی با مسئولیت محدود دارد.","iscorrect":0},{"id":"11898","description":"عمر نامحدود دارد.","iscorrect":0},{"id":"11899","description":"هر دو مورد.","iscorrect":1}]},{"id":"3123","description":"در موعد سررسید اوراق قرضه:","answers":[{"id":"11900","description":"ورق قرضه ارزش خود را از دست می دهد.","iscorrect":0},{"id":"11901","description":"ارزش اسمی ورق قرضه به دارنده آن بازگردانده می شود.","iscorrect":1},{"id":"11902","description":"هر دو مورد.","iscorrect":0}]},{"id":"3124","description":"سهام نسبت به قرضه:","answers":[{"id":"11903","description":"ریسک بیشتری دارد.","iscorrect":1},{"id":"11904","description":"کم ارزش تر است.","iscorrect":0},{"id":"11905","description":"خریداران کمتری دارد.","iscorrect":0}]}]},{"score":"60","questions":[{"id":"3125","description":"در صورت فوت صاحب یک شریک با مسئولیت نامحدود:","answers":[{"id":"11906","description":"شراکت نامحدود به هم می خورد.","iscorrect":1},{"id":"11907","description":"شراکت نامحدود می تواند ادامه یابد.","iscorrect":0},{"id":"11908","description":"شراکت نامحدود به شراکت محدود تبدیل می شود.","iscorrect":0}]},{"id":"3126","description":"در مالکیت یگانه، اموال شرکت:","answers":[{"id":"11909","description":"متعلق به مالک است.","iscorrect":1},{"id":"11910","description":"متعلق به مالک و خانواده اش است.","iscorrect":0},{"id":"11911","description":"متعلق به همه شرکا است.","iscorrect":0}]},{"id":"3127","description":"در یک شراکت٬ یک شریک با مسئولیت محدود:","answers":[{"id":"11912","description":"می تواند سهمش را به هر کس که خواست بفروشد.","iscorrect":1},{"id":"11913","description":"تنها در صورت اجازه باقی شرکا می تواند سهمش را بفروشد.","iscorrect":0},{"id":"11914","description":"نمی تواند سهمش را بفروشد.","iscorrect":0}]},{"id":"3128","description":"ساختار مناسب برای آغاز به کار شرکت ها کدام است؟","answers":[{"id":"11915","description":"مالکیت یگانه","iscorrect":0},{"id":"11916","description":"شراکت","iscorrect":0},{"id":"11917","description":"هر دو مورد صحیح است.","iscorrect":1}]},{"id":"3129","description":"سهام شرکت سهامی خاص:","answers":[{"id":"11918","description":"در بازار بورس قابل انتقال نیست.","iscorrect":1},{"id":"11919","description":"در بازار بورس قابل انتقال است.","iscorrect":0},{"id":"11920","description":"به هیچ وجه قابل انتقال نیست.","iscorrect":0}]}]}]},{"name":"درس پنجم- نقش بازارهای مالی در اقتصاد","id":"496","contentorder":"9","lesson_number":5,"type":0,"filename":"lesson496.html"},{"name":"نقش بازارهای مالی در اقتصاد","id":"825","contentorder":"10","type":1,"set":[{"score":"60","questions":[{"id":"3130","description":"یک کارکرد بازارهای مالی:","answers":[{"id":"11921","description":"حذف ریسک است.","iscorrect":0},{"id":"11922","description":"رساندن منابع مالی از پس انداز کنندگان به سرمایه گذاران است.","iscorrect":1},{"id":"11923","description":"تشویق مردم به پس انداز است.","iscorrect":0}]},{"id":"3131","description":"چندسان سازی:","answers":[{"id":"11924","description":"ریسک را کاهش می دهد.","iscorrect":1},{"id":"11925","description":"ریسک را افزایش می دهد.","iscorrect":0},{"id":"11926","description":"اثری بر ریسک ندارد.","iscorrect":0}]},{"id":"3132","description":"در مالکیت یگانه، اموال شرکت:","answers":[{"id":"11927","description":"متعلق به مالک است.","iscorrect":1},{"id":"11928","description":"متعلق به مالک و خانواده اش است.","iscorrect":0},{"id":"11929","description":"متعلق به همه شرکا است.","iscorrect":0}]},{"id":"3133","description":"در یک شراکت، یک شریک با مسئولیت محدود:","answers":[{"id":"11930","description":"می تواند سهمش را به هر که خواست بفروشد.","iscorrect":1},{"id":"11931","description":"تنها در صورت اجازه باقی شرکا می تواند سهمش را بفروشد.","iscorrect":0},{"id":"11932","description":"نمی تواند سهمش را بفروشد.","iscorrect":0}]},{"id":"3134","description":"سهام شرکت سهامی خاص:","answers":[{"id":"11933","description":"در بازار بورس قابل انتقال نیست.","iscorrect":1},{"id":"11934","description":"در بازار بورس قابل انتقال است.","iscorrect":0},{"id":"11935","description":"به هیچ وجه قابل انتقال نیست.","iscorrect":0}]}]},{"score":"60","questions":[{"id":"3135","description":"در اصطلاح اقتصاددانان پس انداز کننده کسی است که:","answers":[{"id":"11936","description":"کمتر از آن چه به دست می آورد خرج می کند.","iscorrect":1},{"id":"11937","description":"حساب بانکی دارد.","iscorrect":0},{"id":"11938","description":"صرفه جو است.","iscorrect":0}]},{"id":"3136","description":"در اصطلاح اقتصاددانان سرمایه گذار کسی است که:","answers":[{"id":"11939","description":"حساب بانکی دارد.","iscorrect":0},{"id":"11940","description":"سهام می خرد.","iscorrect":0},{"id":"11941","description":"کسب و کاری را از طریق ساخت کارخانه، خرید تجهیزات و استخدام کارگر آغاز می کند یا گسترش می دهد.","iscorrect":1}]},{"id":"3137","description":"درآمدهای حاصل از صندق ۴۰۱:","answers":[{"id":"11942","description":"معاف از مالیات هستند.","iscorrect":1},{"id":"11943","description":"مالیات مضاعف دارند.","iscorrect":0},{"id":"11944","description":"متعلق به دولتند.","iscorrect":0}]},{"id":"3138","description":"انرون در چه سالی ورشکست شد؟","answers":[{"id":"11945","description":"۲۰۰۰","iscorrect":0},{"id":"11946","description":"۲۰۰۱","iscorrect":1},{"id":"11947","description":"۲۰۰۳","iscorrect":0}]},{"id":"3139","description":"بازارهای مالی:","answers":[{"id":"11948","description":"خطر را تقسیم می کنند.","iscorrect":1},{"id":"11949","description":"خطر را کم می کنند.","iscorrect":0},{"id":"11950","description":"خطر را افزایش می دهند.","iscorrect":0}]}]}]},{"name":"درس ششم- اطلاعات نامتقارن","id":"497","contentorder":"11","lesson_number":6,"type":0,"filename":"lesson497.html"},{"name":"اطلاعات نامتقارن","id":"827","contentorder":"12","type":1,"set":[{"score":"60","questions":[{"id":"3140","description":"وقتی فروشنده اوراق بهادار اطلاعات بیشتری نسبت به خریدار دارد٬ پدیده نامطلوبی که اتفاق می افتد ........ نام دارد.","answers":[{"id":"11951","description":"اطلاعات نامتقارن","iscorrect":1},{"id":"11952","description":"انتخاب بد","iscorrect":0},{"id":"11953","description":"کلاهبرداری","iscorrect":0}]},{"id":"3141","description":"در اصطلاح اقتصاددانان سرمایه گذار کسی است که:","answers":[{"id":"11954","description":"حساب بانکی دارد.","iscorrect":0},{"id":"11955","description":"سهام می خرد.","iscorrect":0},{"id":"11956","description":"کسب و کاری را از طریق ساخت کارخانه، خرید تجهیزات و استخدام کارگر آغاز کرده یا گسترش می دهد.","iscorrect":1}]},{"id":"3142","description":"انتخاب بد اشاره به وضعیتی دارد که در آن:","answers":[{"id":"11957","description":"کسانی که بیش از همه مایل به قرض گرفتن هستند کمتر از همه مطلوبند.","iscorrect":1},{"id":"11958","description":"سرمایه گذاران نمی توانند چندسان سازی کنند.","iscorrect":0},{"id":"11959","description":"بازارهای مالی نمی توانند سرمایه گذاران را به پس انداز کنندگان وصل کنند.","iscorrect":0}]},{"id":"3143","description":"کژمنشی به وضعیتی گفته می شود که:","answers":[{"id":"11960","description":"قرض گیرنده پول قرض دهنده را به شکلی نامناسب خرج می کند.","iscorrect":1},{"id":"11961","description":"سرمایه گذاران نمی توانند چندسان سازی کنند.","iscorrect":0},{"id":"11962","description":"بازارهای مالی نمی توانند سرمایه گذاران را به پس انداز کنندگان وصل کنند.","iscorrect":0}]},{"id":"3144","description":"ساختار مناسب برای آغاز شرکت ها کدام است؟","answers":[{"id":"11963","description":"مالکیت یگانه","iscorrect":0},{"id":"11964","description":"شراکت","iscorrect":0},{"id":"11965","description":"هر دو مورد صحیح است.","iscorrect":1}]}]},{"score":"60","questions":[{"id":"3145","description":"در یک شراکت یک شریک با مسئولیت محدود:","answers":[{"id":"11966","description":"می تواند سهمش را به هر کس که خواست بفروشد.","iscorrect":1},{"id":"11967","description":"تنها در صورت اجازه باقی شرکا می تواند سهمش را بفروشد.","iscorrect":0},{"id":"11968","description":"نمی تواند سهمش را بفروشد.","iscorrect":0}]},{"id":"3146","description":"عدم تقارن اطلاعات به این معنی است که:","answers":[{"id":"11969","description":"یک طرف معامله اطلاعات کمتری نسبت به طرف دیگر دارد.","iscorrect":1},{"id":"11970","description":"اطلاعات موجود نیست.","iscorrect":0},{"id":"11971","description":"اطلاعات نادرست است.","iscorrect":0}]},{"id":"3147","description":"کژمنشی به این معنی است که:","answers":[{"id":"11972","description":"افرد اعمال غیراخلاقی انجام می دهند.","iscorrect":0},{"id":"11973","description":"قرض گیرنده پول قرض دهنده را به شکلی نادرست خرج کند.","iscorrect":1},{"id":"11974","description":"هر دو مورد صحیح است.","iscorrect":0}]},{"id":"3148","description":"لیلا پول آرش را خرج سفر به اروپا می کند. چه اتفاقی در این میان افتاده است؟","answers":[{"id":"11975","description":"اطلاعات نامتقارن","iscorrect":0},{"id":"11976","description":"کژمنشی","iscorrect":1},{"id":"11977","description":"چندسان سازی","iscorrect":0}]},{"id":"3149","description":"علی صاحب یک شرکت کامپیوتری است، او مدیر بدی است و شرکتش در وضعیت بدی است. او نیاز دارد که به سرعت تامین منابع کند. در این مثال ما شاهد کدام مشکل هستیم؟","answers":[{"id":"11978","description":"اطلاعات نامتقارن","iscorrect":0},{"id":"11979","description":"انتخاب بد","iscorrect":1},{"id":"11980","description":"چندسان سازی","iscorrect":0}]}]}]},{"name":"درس هفتم- بانک چیست؟","id":"498","contentorder":"13","lesson_number":7,"type":0,"filename":"lesson498.html"},{"name":"بانک چیست؟","id":"829","contentorder":"14","type":1,"set":[{"score":"60","questions":[{"id":"3150","description":"ویژگی لازم برای یک بانک کدام است؟","answers":[{"id":"11981","description":"سپرده پذیری","iscorrect":0},{"id":"11982","description":"قرض دادن سپرده ها به سرمایه گذاران","iscorrect":1},{"id":"11983","description":"هر دو مورد صحیح است.","iscorrect":0}]},{"id":"3151","description":"تفاوت بازارهای مالی با بانک ها در این است که:","answers":[{"id":"11984","description":"بانک ها سرمایه را به صورت غیرمستقیم از پس اندازکنندگان به سرمایه گذاران منتقل می کنند.","iscorrect":0},{"id":"11985","description":"انتقال سرمایه توسط بانک ها نسبت به انتقال سرمایه توسط بازارهای مالی گران تر است.","iscorrect":0},{"id":"11986","description":"هر دو مورد صحیح است.","iscorrect":1}]},{"id":"3152","description":"کژمنشی به این معنی است که:","answers":[{"id":"11987","description":"افراد اعمال غیراخلاقی انجام دهند.","iscorrect":0},{"id":"11988","description":"قرض گیرنده پول قرض دهنده را به شکلی نادرست خرج کند.","iscorrect":1},{"id":"11989","description":"هر دو مورد صحیح است.","iscorrect":0}]},{"id":"3153","description":"بازارهای مالی:","answers":[{"id":"11990","description":"موجب رشد اقتصادی می شوند.","iscorrect":1},{"id":"11991","description":"موجب کندی رشد اقتصادی می شوند.","iscorrect":0},{"id":"11992","description":"ارتباطی با رشد اقتصادی ندارند.","iscorrect":0}]},{"id":"3154","description":"قانون بانک واحد برای چه وضع شده بود؟","answers":[{"id":"11993","description":"تقویت سرمایه گذاری","iscorrect":0},{"id":"11994","description":"جلوگیری از قدرتمند شدن زیاد بانک ها","iscorrect":1},{"id":"11995","description":"تقویت صنعت","iscorrect":0}]}]},{"score":"60","questions":[{"id":"3155","description":"کژمنشی توسط بانک ها:","answers":[{"id":"11996","description":"افزایش می یابد.","iscorrect":0},{"id":"11997","description":"کاهش می یابد.","iscorrect":1},{"id":"11998","description":"تغییر نمی کند.","iscorrect":0}]},{"id":"3156","description":"انتخاب بد توسط بانک ها:","answers":[{"id":"11999","description":"افزایش می یابد.","iscorrect":0},{"id":"12000","description":"کاهش می یابد.","iscorrect":1},{"id":"12001","description":"تغییر نمی کند.","iscorrect":0}]},{"id":"3157","description":"چه شرکت هایی برای تامین سرمایه نیازمند بانک هستند؟","answers":[{"id":"12002","description":"شرکت های قدیمی","iscorrect":0},{"id":"12003","description":"شرکت های جدید و کوچک","iscorrect":1},{"id":"12004","description":"شرکت های شناخته شده","iscorrect":0}]},{"id":"3158","description":"علی صاحب یک شرکت کامپیوتری است، او مدیر بدی است و شرکتش در وضعیت بدی است. او نیاز دارد که به سرعت منابع تامین کند. در این مثال٬ ما شاهد کدام مشکل هستیم؟","answers":[{"id":"12005","description":"کژمنشی","iscorrect":0},{"id":"12006","description":"انتخاب بد","iscorrect":1},{"id":"12007","description":"چندسان سازی","iscorrect":0}]},{"id":"3159","description":"یک کارکرد بازارهای مالی:","answers":[{"id":"12008","description":"حذف ریسک است.","iscorrect":0},{"id":"12009","description":"رساندن منابع مالی از پس انداز کنندگان به سرمایه گذاران است.","iscorrect":1},{"id":"12010","description":"تشویق مردم به پس انداز است.","iscorrect":0}]}]}]},{"name":"درس هشتم- بازیگران بازارهای اوراق بهادار","id":"499","contentorder":"15","lesson_number":8,"type":0,"filename":"lesson499.html"},{"name":"بازیگران بازارهای اوراق بهادار","id":"831","contentorder":"16","type":1,"set":[{"score":"60","questions":[{"id":"3160","description":"موسسه مالی که به شرکت ها برای انتشار سهام برای ورود به بازارهای مالی کمک می کند چه نام دارد؟","answers":[{"id":"12011","description":"بانک تجاری","iscorrect":0},{"id":"12012","description":"بانک سرمایه گذاری","iscorrect":1},{"id":"12013","description":"هج فاند","iscorrect":0}]},{"id":"3161","description":"سرمایه گذاری مستقیم زمانی رخ می دهد که:","answers":[{"id":"12014","description":"بانک به سرمایه گذاران قرض می دهد.","iscorrect":0},{"id":"12015","description":"یک پس انداز کننده در بازار بورس سهام می خرد.","iscorrect":1},{"id":"12016","description":"یک پس انداز کننده در بانک سپرده می گذارد.","iscorrect":0}]},{"id":"3162","description":"بانک های سرمایه گذاری:","answers":[{"id":"12017","description":"درباره ادغام و تصاحب مشاوره می دهند.","iscorrect":0},{"id":"12018","description":"پذیره نویسی می کنند.","iscorrect":0},{"id":"12019","description":"هر دو گزینه صحیح است.","iscorrect":1}]},{"id":"3163","description":"کدام یک بازیگر بازارهای مالی هستند؟","answers":[{"id":"12020","description":"اشخاص حقیقی","iscorrect":0},{"id":"12021","description":"بانک ها","iscorrect":0},{"id":"12022","description":"هج فاندها","iscorrect":0},{"id":"12023","description":"هر سه گزینه صحیح است.","iscorrect":1}]},{"id":"3164","description":"چه شرکت هایی برای تامین سرمایه نیازمند بانک هستند؟","answers":[{"id":"12024","description":"شرکت های قدیمی","iscorrect":0},{"id":"12025","description":"شرکت های جدید و کوچک","iscorrect":1},{"id":"12026","description":"شرکت های شناخته شده","iscorrect":0}]}]},{"score":"60","questions":[{"id":"3165","description":"بانک انتخاب بد را از طریق ....... کاهش می دهد.","answers":[{"id":"12027","description":"تحت نظر گرفتن قرض گیرنده های بالقوه","iscorrect":0},{"id":"12028","description":"فراهم آوردن اطلاعات","iscorrect":0},{"id":"12029","description":"هر دو گزینه صحیح است.","iscorrect":1}]},{"id":"3166","description":"بانک ها کژمنشی را از طریق ....... کاهش می دهند.","answers":[{"id":"12030","description":"تحت نظر گرفتن قرض گیرنده های بالقوه","iscorrect":1},{"id":"12031","description":"محدود کردن استفاده قرض گیرنده از سرمایه با قرارداد","iscorrect":0},{"id":"12032","description":"دادن وام به افرادی با تیپ های مختلف","iscorrect":0}]},{"id":"3167","description":"رشد اقتصادی یعنی:","answers":[{"id":"12033","description":"افزایش تولید ناخالص داخلی","iscorrect":1},{"id":"12034","description":"افزایش قیمت","iscorrect":0},{"id":"12035","description":"کاهش بیکاری","iscorrect":0}]},{"id":"3168","description":"سهم معمول بانک های سرمایه گذاری از پذیره نویسی چند درصد است؟","answers":[{"id":"12036","description":"۲ درصد","iscorrect":0},{"id":"12037","description":"۲۵ درصد","iscorrect":0},{"id":"12038","description":"۵ الی ۱۰ درصد","iscorrect":1}]},{"id":"3169","description":"گوگل برای پذیره نویسی چند درصد پرداخت می کند؟","answers":[{"id":"12039","description":"۱ درصد","iscorrect":0},{"id":"12040","description":"۷ درصد","iscorrect":0},{"id":"12041","description":"۵ درصد","iscorrect":1}]}]}]},{"name":"درس نهم- بازارهای ثانویه","id":"500","contentorder":"17","lesson_number":9,"type":0,"filename":"lesson500.html"},{"name":"بازارهای ثانویه","id":"833","contentorder":"18","type":1,"set":[{"score":"60","questions":[{"id":"3170","description":"به بازار مالی ای که مکان مشخصی ندارد و در آن ابزارهای مالی معامله می شوند ........ می گویند.","answers":[{"id":"12042","description":"بازار بورس","iscorrect":0},{"id":"12043","description":"بازار فرابورس","iscorrect":1},{"id":"12044","description":"بانک","iscorrect":0}]},{"id":"3171","description":"معامله گران از ....... سود می کنند.","answers":[{"id":"12045","description":"کلاهبرداری","iscorrect":0},{"id":"12046","description":"تفاوت میان قیمت خرید و فروش","iscorrect":1},{"id":"12047","description":"سرمایه گذاری بلند مدت","iscorrect":0}]},{"id":"3172","description":"رشد اقتصادی یعنی:","answers":[{"id":"12048","description":"افزایش تولید ناخالص داخلی","iscorrect":1},{"id":"12049","description":"افزایش قیمت","iscorrect":0},{"id":"12050","description":"کاهش بیکاری","iscorrect":0}]},{"id":"3173","description":"در این گونه بازار٬ نهادهای مالی و کارگزاران به صورت مستقیم با هم معامله می کنند. نام این بازار:","answers":[{"id":"12051","description":"بانک است.","iscorrect":0},{"id":"12052","description":"بورس است.","iscorrect":0},{"id":"12053","description":"شبکه ارتباطات الکترونیکی","iscorrect":1}]},{"id":"3174","description":"در قرارداد آتی از طریق کارگزار٬ چرا دو طرف باید مبلغی را نزد کارگزار ودیعه بگذراند؟","answers":[{"id":"12054","description":"به عنوان سود کارگزار","iscorrect":0},{"id":"12055","description":"به عنوان ضمانت اجرای تعهدات شان","iscorrect":1},{"id":"12056","description":"به عنوان جریمه","iscorrect":0}]}]},{"score":"60","questions":[{"id":"3175","description":"توافقنامه ای برای خريد يا فروش دارايی در زمان معينی در آينده، زمان تحویل، با قیمت مشخص را ...... می گویند.","answers":[{"id":"12057","description":"قرارداد آتی","iscorrect":1},{"id":"12058","description":"آپشن","iscorrect":0},{"id":"12059","description":"سهام","iscorrect":0}]},{"id":"3176","description":"کدام یک بازیگر بازارهای مالی هستند؟","answers":[{"id":"12060","description":"اشخاص حقیقی","iscorrect":0},{"id":"12061","description":"بانک ها","iscorrect":0},{"id":"12062","description":"هج فاندها","iscorrect":0},{"id":"12063","description":"هر سه گزینه صحیح است.","iscorrect":1}]},{"id":"3177","description":"عدم تقارن اطلاعات به این معنی است که:","answers":[{"id":"12064","description":"یک طرف معامله اطلاعات کمتری از طرف دیگر دارد.","iscorrect":1},{"id":"12065","description":"اطلاعات موجود نیست.","iscorrect":0},{"id":"12066","description":"اطلاعات نادرست است.","iscorrect":0}]},{"id":"3178","description":"بورس شیکاگو در چه سالی تاسیس شد؟","answers":[{"id":"12067","description":"۱۸۳۱","iscorrect":0},{"id":"12068","description":"۱۹۰۱","iscorrect":0},{"id":"12069","description":"۱۸۴۸","iscorrect":1}]},{"id":"3179","description":"اولین بازار شبکه ارتباطات الکترونیکی چه سالی و کجا به راه افتاد؟","answers":[{"id":"12070","description":"۱۹۶۹ آمریکا","iscorrect":1},{"id":"12071","description":"۱۹۷۳ فرانسه","iscorrect":0},{"id":"12072","description":"۱۹۶۴ آمریکا","iscorrect":0}]}]}]},{"name":"درس دهم- آپشن (Options)","id":"501","contentorder":"19","lesson_number":10,"type":0,"filename":"lesson501.html"},{"name":"آپشن (Options)","id":"835","contentorder":"20","type":1,"set":[{"score":"60","questions":[{"id":"3180","description":"فروشنده قرارداد اختیار فروش:","answers":[{"id":"12073","description":"سودی ثابت دارد.","iscorrect":1},{"id":"12074","description":"زیانی نامحدود دارد.","iscorrect":0},{"id":"12075","description":"سودی نامحدود دارد.","iscorrect":0}]},{"id":"3181","description":"خریدار قرارداد اختیار خرید:","answers":[{"id":"12076","description":"سود ثابت دارد.","iscorrect":0},{"id":"12077","description":"می تواند سودی نامحدود داشته باشد.","iscorrect":1},{"id":"12078","description":"در معرض زیانی نامحدود است.","iscorrect":0}]},{"id":"3182","description":"خریدار قرارداد اختیار فروش:","answers":[{"id":"12079","description":"در معرض زیانی ثابت است.","iscorrect":1},{"id":"12080","description":"سودی ثابت دارد.","iscorrect":0},{"id":"12081","description":"زیانی نامحدود دارد.","iscorrect":0}]},{"id":"3183","description":"فرض کنید شما یک قرارداد اختیار خرید را به قیمت ۱۰ تومان با قیمت کاربست ۱۱۰ تومان سری دوم برای تاریخ اول آذر خریده اید. در تاریخ اول آذر قیمت سهام ۱۰۰ تومان است. شما:","answers":[{"id":"12082","description":"۲۰ تومان زیان کرده اید.","iscorrect":0},{"id":"12083","description":"۱۰ تومان سود کرده اید.","iscorrect":0},{"id":"12084","description":"۱۰ تومان زیان کرده اید.","iscorrect":1}]},{"id":"3184","description":"فرض کنید شما یک قرارداد اختیار خرید را به قیمت ۱۵ تومان با قیمت کاربست ۱۱۰ تومان برای تاریخ اول آذر خریده اید. در تاریخ اول آذر قیمت سهام ۱۳۰ تومان است. شما:","answers":[{"id":"12085","description":"۱۰ تومان سود کرده اید.","iscorrect":0},{"id":"12086","description":"۲۰ تومان سود کرده اید.","iscorrect":0},{"id":"12087","description":"۵ تومان سود کرده اید.","iscorrect":1}]}]},{"score":"60","questions":[{"id":"3185","description":"توافق نامه ای برای خريد يا فروش دارايی را در زمان معينی در آينده، زمان تحویل، با قیمت مشخص را ...... می گویند.","answers":[{"id":"12088","description":"قرارداد آتی","iscorrect":1},{"id":"12089","description":"آپشن","iscorrect":0},{"id":"12090","description":"سهام","iscorrect":0}]},{"id":"3186","description":"رشد اقتصادی یعنی:","answers":[{"id":"12091","description":"افزایش تولید ناخالص داخلی","iscorrect":1},{"id":"12092","description":"افزایش قیمت","iscorrect":0},{"id":"12093","description":"کاهش بیکاری","iscorrect":0}]},{"id":"3187","description":"آپشن:","answers":[{"id":"12094","description":"خریدار را ملزم به خرید یا فروش می کند.","iscorrect":0},{"id":"12095","description":"به خریدار اختیار خرید یا فروش می دهد.","iscorrect":1},{"id":"12096","description":"قراردادی گران قیمت است.","iscorrect":0}]},{"id":"3188","description":"فرض کنید شما یک قرارداد اختیار خرید را به قیمت ۱۰ تومان با قیمت کاربست ۱۱۰ تومان سری دوم برای تاریخ اول آذر فروخته اید. در تاریخ اول آذر قیمت سهام ۱۰۰ تومان است. شما:","answers":[{"id":"12097","description":"۲۰ تومان زیان کرده اید.","iscorrect":0},{"id":"12098","description":"۱۰ تومان سود کرده اید.","iscorrect":1},{"id":"12099","description":"۱۰ تومان زیان کرده اید.","iscorrect":0}]},{"id":"3189","description":"معامله گران از ....... سود می کنند.","answers":[{"id":"12100","description":"کلاهبرداری","iscorrect":0},{"id":"12101","description":"تفاوت میان قیمت خرید و فروش","iscorrect":1},{"id":"12102","description":"سرمایه گذاری بلند مدت","iscorrect":0}]}]}]},{"name":"دوره مبانی بازارهای مالی- آزمون نهایی","id":"837","contentorder":"21","type":1,"set":[{"score":"70","questions":[{"id":"3190","description":"خرید یک برگ از اوراق قرضه:","answers":[{"id":"12103","description":"خریدار را مالک شرکت می کند.","iscorrect":0},{"id":"12104","description":"او را مالک درصدی از سود شرکت می کند.","iscorrect":0},{"id":"12105","description":"موجب می شود که شرکت موظف باشد در آینده در زمان هایی مشخص به او مبلغی معین پول بپردازد.","iscorrect":1}]},{"id":"3191","description":"Default Risk:","answers":[{"id":"12106","description":"یعنی خطر عدم پرداخت","iscorrect":1},{"id":"12107","description":"یعنی موعد بازپرداخت","iscorrect":0},{"id":"12108","description":"یعنی شرکت هایی با کارمندان کم","iscorrect":0}]},{"id":"3192","description":"چرا پس از بحران اقتصادی در یونان نرخ بهره وام هایی که یونان می گیرد بیشتر شده است؟","answers":[{"id":"12109","description":"ریسک بیشتر به معنای بهره بیشتر است.","iscorrect":0},{"id":"12110","description":"چرا که احتمال پرداخت نکردن وام از طرف یونان زیاد است.","iscorrect":0},{"id":"12111","description":"هر دو گزینه صحیح است.","iscorrect":1}]},{"id":"3193","description":"اگر شما یک ورق قرضه با ارزش اسمی ۱۰۰ هزار تومان بخرید، همراه با پنج کوپن که هر یک ۵ هزار تومان قیمت دارند، در موعد سررسید شما مجموعا چه مقدار پول در دست خواهید داشت؟","answers":[{"id":"12112","description":"۲۵۰۰۰ تومان","iscorrect":0},{"id":"12113","description":"۱۲۵۰۰۰ تومان","iscorrect":1},{"id":"12114","description":"۱۲۵۰۰۰۰ تومان","iscorrect":0}]},{"id":"3194","description":"بازار مالی:","answers":[{"id":"12115","description":"مجموعه ای از بانک ها است.","iscorrect":0},{"id":"12116","description":"بازاری است که در آن دارایی های مالی خرید و فروش می شود.","iscorrect":1},{"id":"12117","description":"بازار بورس است.","iscorrect":0}]},{"id":"3195","description":"سهام نسبت به قرضه:","answers":[{"id":"12118","description":"ریسک بیشتری دارد.","iscorrect":1},{"id":"12119","description":"کم ارزش تر است.","iscorrect":0},{"id":"12120","description":"خریداران کمتری دارد.","iscorrect":0}]},{"id":"3196","description":"واژه انگلیسی سهام کدام است؟","answers":[{"id":"12121","description":"CDS","iscorrect":0},{"id":"12122","description":"Stock","iscorrect":1},{"id":"12123","description":"Bond","iscorrect":0}]},{"id":"3197","description":"در شرکت های عمومی در رم:","answers":[{"id":"12124","description":"امکان تامین سرمایه خارجی وجود داشت.","iscorrect":0},{"id":"12125","description":"یک نفر می توانست نماینده شرکت باشد.","iscorrect":0},{"id":"12126","description":"هر دو مورد صحیح است.","iscorrect":1}]},{"id":"3198","description":"دارایی مالی که مالکیت یک شرکت به همراه بخشی از سود آن را به خریدار منتقل می کند:","answers":[{"id":"12127","description":"اوراق قرضه نام دارد.","iscorrect":0},{"id":"12128","description":"برگه تجاری است.","iscorrect":0},{"id":"12129","description":"سهام است.","iscorrect":1}]},{"id":"3199","description":"دلیل از میان رفتن پوبلیکان ها چه بود؟","answers":[{"id":"12130","description":"از میان رفتن جمهوری رم","iscorrect":1},{"id":"12131","description":"ضعف آنها در دادن خدمات مناسب","iscorrect":0},{"id":"12132","description":"تورم شدید","iscorrect":0}]},{"id":"3200","description":"در رم باستان یک شرکت ساده:","answers":[{"id":"12133","description":"می توانست به اسم شرکت اموالی داشته باشد.","iscorrect":0},{"id":"12134","description":"نمی توانست به اسم شرکت اموالی داشته باشد.","iscorrect":1},{"id":"12135","description":"می توانست به نام خود شرکت به محاکم قضایی شکایت کند.","iscorrect":0}]},{"id":"3201","description":"یک شرکت سهامی عام:","answers":[{"id":"12136","description":"سهام دارانی با مسئولیت محدود دارد.","iscorrect":0},{"id":"12137","description":"عمر نامحدود دارد.","iscorrect":0},{"id":"12138","description":"هر دو مورد","iscorrect":1}]},{"id":"3202","description":"در مالکیت یگانه٬ اموال شرکت:","answers":[{"id":"12139","description":"متعلق به مالک است.","iscorrect":1},{"id":"12140","description":"متعلق به مالک و خانواده اش است.","iscorrect":0},{"id":"12141","description":"متعلق به همه شرکا است.","iscorrect":0}]}]},{"score":"70","questions":[{"id":"3203","description":"ساختار مناسب برای آغاز به کار شرکت ها کدام است؟","answers":[{"id":"12142","description":"مالکیت یگانه","iscorrect":0},{"id":"12143","description":"شراکت","iscorrect":0},{"id":"12144","description":"هر دو مورد صحیح است.","iscorrect":1}]},{"id":"3204","description":"یک کارکرد بازارهای مالی:","answers":[{"id":"12145","description":"حذف ریسک است.","iscorrect":0},{"id":"12146","description":"رساندن منابع مالی از پس انداز کنندگان به سرمایه گذاران است.","iscorrect":1},{"id":"12147","description":"تشویق مردم به پس انداز است.","iscorrect":0}]},{"id":"3205","description":"چندسان سازی:","answers":[{"id":"12148","description":"ریسک را کاهش می دهد.","iscorrect":1},{"id":"12149","description":"ریسک را افزایش می دهد.","iscorrect":0},{"id":"12150","description":"اثری بر ریسک ندارد.","iscorrect":0}]},{"id":"3206","description":"در اصطلاح اقتصاددانان سرمایه گذار کسی است که:","answers":[{"id":"12151","description":"حساب بانکی دارد.","iscorrect":0},{"id":"12152","description":"سهام می خرد.","iscorrect":0},{"id":"12153","description":"کسب و کاری را از طریق ساخت کارخانه، خرید تجهیزات و استخدام کارگر آغاز می کند یا گسترش می دهد.","iscorrect":1}]},{"id":"3207","description":"وقتی فروشنده اوراق بهادار اطلاعات بیشتری نسبت به خریدار دارد پدیده نامطلوبی که اتفاق می افتد ...... نام دارد.","answers":[{"id":"12154","description":"اطلاعات نامتقارن","iscorrect":1},{"id":"12155","description":"انتخاب بد","iscorrect":0},{"id":"12156","description":"کلاهبرداری","iscorrect":0}]},{"id":"3208","description":"بازارهای مالی:","answers":[{"id":"12157","description":"خطر را تقسیم می کنند.","iscorrect":1},{"id":"12158","description":"خطر را کم می کنند.","iscorrect":0},{"id":"12159","description":"خطر را افزایش می دهند.","iscorrect":0}]},{"id":"3209","description":"کژمنشی به وضعیتی گفته می شود که:","answers":[{"id":"12160","description":"قرض گیرنده پول قرض دهنده را به شکلی نامناسب خرج می کند.","iscorrect":1},{"id":"12161","description":"سرمایه گذاران نمی توانند چندسان سازی کنند.","iscorrect":0},{"id":"12162","description":"بازارهای مالی نمی توانند سرمایه گذاران را به پس اندازکنندگان وصل کنند.","iscorrect":0}]},{"id":"3210","description":"تفاوت بازارهای مالی با بانک ها در این است که:","answers":[{"id":"12163","description":"بانک ها سرمایه را به صورت غیرمستقیم از پس اندازکنندگان به سرمایه گذاران منتقل می کنند.","iscorrect":0},{"id":"12164","description":"انتقال سرمایه توسط بانک ها نسبت به انتقال سرمایه توسط بازارهای مالی گران تر است.","iscorrect":0},{"id":"12165","description":"هر دو مورد صحیح است.","iscorrect":1}]},{"id":"3211","description":"موسسه مالی ای که به شرکت ها برای انتشار سهام برای ورود به بازارهای مالی کمک می کند چه نام دارد؟","answers":[{"id":"12166","description":"بانک تجاری","iscorrect":0},{"id":"12167","description":"بانک سرمایه گذاری","iscorrect":1},{"id":"12168","description":"هج فاند","iscorrect":0}]},{"id":"3212","description":"بانک های سرمایه گذاری:","answers":[{"id":"12169","description":"درباره ادغام و تصاحب مشاره می دهند.","iscorrect":0},{"id":"12170","description":"پذیره نویسی می کنند.","iscorrect":0},{"id":"12171","description":"هر دو گزینه صحیح است.","iscorrect":1}]},{"id":"3213","description":"به بازار مالی که مکان مشخصی ندارد و در آن ابزارهای مالی معامله می شوند ....... می گویند.","answers":[{"id":"12172","description":"بازار بورس","iscorrect":0},{"id":"12173","description":"بازار فرابورس","iscorrect":1},{"id":"12174","description":"بانک","iscorrect":0}]},{"id":"3214","description":"فرض کنید شما یک قرارداد اختیار خرید را به قیمت ۱۵ تومان با قیمت کاربست ۱۱۰ تومان برای تاریخ اول آذر خریده اید. در تاریخ اول آذر قیمت سهام ۱۳۰ تومان است. شما:","answers":[{"id":"12175","description":"۱۰ تومان سود کرده اید.","iscorrect":0},{"id":"12176","description":"۲۰ تومان سود کرده اید.","iscorrect":0},{"id":"12177","description":"۵ تومان سود کرده اید.","iscorrect":1}]}]}]}]}