{"courseId":"71","contents":[{"name":"مقدمه","id":"560","contentorder":"1","lesson_number":1,"type":0,"filename":"lesson560.html"},{"name":"مقدمه","id":"943","contentorder":"2","type":1,"set":[{"score":"60","questions":[{"id":"3754","description":"زبان پی اچ پی یک زبان سمت ................ است.","answers":[{"id":"14249","description":"سرویس دهنده یا سرور","iscorrect":1},{"id":"14250","description":"کاربر","iscorrect":0},{"id":"14251","description":"سرویس دهنده و کاربر","iscorrect":0},{"id":"14252","description":"هیچکدام","iscorrect":0}]},{"id":"3755","description":"منظور از Client چیست؟","answers":[{"id":"14253","description":"در سیستم های رایانه ای، به کسی که سرویس ارائه می دهد Client می گویند.","iscorrect":0},{"id":"14254","description":"یک زبان برنامه نویسی پویا را Client می گویند.","iscorrect":0},{"id":"14255","description":"یک زبان برنامه نویسی ایستا را Client می گویند.","iscorrect":0},{"id":"14256","description":"در سیستم های رایانه ای، به کسی که سرویس دریافت می کند Client می گویند.","iscorrect":1}]},{"id":"3756","description":"کدامیک از نرم افزارهای زیر، یک سرور محلی (خانگی) در رایانه شخصی ایجاد می کند؟","answers":[{"id":"14257","description":"Virtual CD","iscorrect":0},{"id":"14258","description":"Nero","iscorrect":0},{"id":"14259","description":"WampServer","iscorrect":1},{"id":"14260","description":"Clone","iscorrect":0}]},{"id":"3757","description":"در گذشته شرکت ها برای راه اندازی سیستم ها از دستورهای اچ تی ام ال استفاده می کردند که بعضا مجبور بودند صفحات زیادی کدنویسی کنند. اما اکنون برنامه هایی همچون پی اچ پی با ساخت یک ............. از صفحه، کمک زیادی به کم کردن کدها کرده اند.","answers":[{"id":"14261","description":"پایگاه داده","iscorrect":0},{"id":"14262","description":"الگو","iscorrect":1},{"id":"14263","description":"ذخیره سازی","iscorrect":0},{"id":"14264","description":"Image","iscorrect":0}]},{"id":"3758","description":"کدام یک از زبان های زیر، یک زبان سمت کاربر محسوب می شود؟","answers":[{"id":"14265","description":"JavaScript","iscorrect":0},{"id":"14266","description":"Pascal","iscorrect":0},{"id":"14267","description":"HTML","iscorrect":0},{"id":"14268","description":"گزینه های اول و سوم","iscorrect":1}]}]},{"score":"60","questions":[{"id":"3759","description":"زبان پی اچ پی در لابه لای کدامیک از کدهای زیر ارائه می شود؟","answers":[{"id":"14269","description":"asp","iscorrect":0},{"id":"14270","description":"html","iscorrect":1},{"id":"14271","description":"cms","iscorrect":0},{"id":"14272","description":"C","iscorrect":0}]},{"id":"3760","description":"کدامیک از گزینه های زیر صحیح است؟","answers":[{"id":"14273","description":"زبان پی اچ پی، یک زبان ایستا است و حالت پویایی ندارد.","iscorrect":0},{"id":"14274","description":"برای استفاده از زبان های سمت سرور نیاز به سرور و یا فراهم کردن این بستر داریم. برای پی اچ پی، Wamp Server یکی از این بستر هاست.","iscorrect":1},{"id":"14275","description":"زبان HTML یک زبان سمت کاربر نیست.","iscorrect":0},{"id":"14276","description":"زبان JavaScript یک زبان سمت کاربر نیست.","iscorrect":0}]},{"id":"3761","description":"منظور از الگو چیست؟","answers":[{"id":"14277","description":"در گذشته شرکت ها برای راه اندازی سیستم ها از دستورهای اچ تی ام ال استفاده می کردند که بعضا مجبور بودند صفحات زیادی کدنویسی کنند. اما اکنون برنامه هایی همچون پی اچ پی با ساخت یک الگو از صفحه، کمک زیادی به کم کردن کدها کرده اند.","iscorrect":1},{"id":"14278","description":"یک نرم افزار در بخش سرور","iscorrect":0},{"id":"14279","description":"یک نرم افزار در بخش کاربر","iscorrect":0},{"id":"14280","description":"یک نرم افزار در بخش سرور و کاربر","iscorrect":0}]},{"id":"3762","description":"کدام یک از زبان های زیر، یک زبان سمت سرور محسوب می شود؟","answers":[{"id":"14281","description":"JavaScript","iscorrect":0},{"id":"14282","description":"Pascal","iscorrect":0},{"id":"14283","description":"HTML","iscorrect":0},{"id":"14284","description":"PHP","iscorrect":1}]},{"id":"3763","description":"کدامیک از نرم افزارهای زیر یک سرور محلی (خانگی) در رایانه شخصی ایجاد می کند؟","answers":[{"id":"14285","description":"Virtual CD","iscorrect":0},{"id":"14286","description":"Nero","iscorrect":0},{"id":"14287","description":"WampServer","iscorrect":1},{"id":"14288","description":"Clone","iscorrect":0}]}]}]},{"name":"درس اول- سینتکس و متغیرها","id":"561","contentorder":"3","lesson_number":2,"type":0,"filename":"lesson561.html"},{"name":"سینتکس و متغیرها","id":"977","contentorder":"4","type":1,"set":[{"score":"60","questions":[{"id":"3913","description":"وظیفه تابع echo چیست؟","answers":[{"id":"14857","description":"یک پوشه در مسیر www ایجاد می کند.","iscorrect":0},{"id":"14858","description":"داده ها را به مرورگر ارسال می کند.","iscorrect":1},{"id":"14859","description":"مرورگر فایرفاکس را به عنوان مرورگر پیش فرض بر می گزیند.","iscorrect":0}]},{"id":"3914","description":"پی اچ پی اصولا فضای خالی را در نظر ........... و اگر شما می خواهید به طور مثال یک فاصله یا یک خط فصله بیاندازید، باید از کد‌های ........... در کد پی اچ پی استفاده کنید.","answers":[{"id":"14860","description":"می گیرد، سی اس اس","iscorrect":0},{"id":"14861","description":"نمی گیرد، سی اس اس","iscorrect":0},{"id":"14862","description":"نمی گیرد، اچ تی ام ال","iscorrect":1},{"id":"14863","description":"می گیرد، اچ تی ام ال","iscorrect":0}]},{"id":"3915","description":"استفاده از علامت های // ، #: و /* در یک کد پی اچ پی چه عملی انجام می دهند؟","answers":[{"id":"14864","description":"کدها را چاپ می کنند.","iscorrect":0},{"id":"14865","description":"یک دیدگاه درج می کند٬ که اگر در آینده خود شما و یا هر کس دیگری که از کد شما استفاده می کند و به سراغ آن رفت، به راحتی با دیدن این توضیحات از نحوه عملکرد آن با خبر و در صورت لازم اقدامات مورد نظر خود را انجام دهد.","iscorrect":1},{"id":"14866","description":"نوشته ها را به صورت مورب نوشته و چاپ می کنند.","iscorrect":0},{"id":"14867","description":"نوشته ها را به صورت توپر چاپ می کنند.","iscorrect":0}]},{"id":"3916","description":"کدامیک از گزینه های زیر تعریف متغیرها است؟","answers":[{"id":"14868","description":"متغیرها کدهایی هستند که برای بروز رسانی کدهای پی اچ پی استفاده می شوند.","iscorrect":0},{"id":"14869","description":"متغیر‌ها در اصطلاح فضاهایی هستند که مقداری را برای مدت کوتاهی در خود نگهداری می کنند که در صورت لازم از آن در طول مرحله اجرای کد استفاده شود.","iscorrect":1},{"id":"14870","description":"متغیرها همان تگ های اچ تی ام ال هستند.","iscorrect":0},{"id":"14871","description":"متغیرها برای درج دیدگاه ها استفاده می شوند.","iscorrect":0}]},{"id":"3966","description":"کدهای پی اچ پی به صورت کدامیک از گزینه های زیر درون تگ قرار می گیرند؟","answers":[{"id":"15066","description":"<?php<br />\nمحل قرار گرفتن کد<br />\n?>","iscorrect":1},{"id":"15067","description":"<php<br />\nمحل قرار گرفتن کد<br />\n>","iscorrect":0},{"id":"15068","description":"<<br />محل قرار گرفتن کد<br/>>","iscorrect":0},{"id":"15069","description":"<?<br />\nمحل قرار گرفتن کد<br />\n?>","iscorrect":0}]}]},{"score":"60","questions":[{"id":"3917","description":"کدامیک از گزینه های زیر تعریف یک رشته است؟","answers":[{"id":"14872","description":"رشته در اصل همان مجموعه ای از کاراکترها است.","iscorrect":1},{"id":"14873","description":"رشته ها در اصطلاح فضاهایی هستند که مقداری را برای مدت کوتاهی در خود نگهداری می کنند که در صورت لازم از آن در طول مرحله اجرای کد استفاده شود.","iscorrect":0},{"id":"14874","description":"رشته ها همان تگ های اچ تی ام ال هستند.","iscorrect":0},{"id":"14875","description":"رشته ها برای درج دیدگاه ها استفاده می شوند.","iscorrect":0}]},{"id":"3918","description":"اگر مقداری را در بین علامت قرار دهید، پی اچ پی این مقدار را یک مقدار ............. در نظر می گیرد در صورتی که مقدار بین علامت \" \" یک مقداری است که پی اچ پی آن را .................. می کند.","answers":[{"id":"14876","description":"متنی، ترجمه","iscorrect":1},{"id":"14877","description":"متنی، چاپ","iscorrect":0},{"id":"14878","description":"اچ تی ام ال، ترجمه","iscorrect":0},{"id":"14879","description":"اچ تی ام ال، چاپ","iscorrect":0}]},{"id":"3919","description":"کدامیک از توابع زیر، داده ها را به مرورگر ارسال می کند؟","answers":[{"id":"14880","description":"echo","iscorrect":0},{"id":"14881","description":"www","iscorrect":0},{"id":"14882","description":"print","iscorrect":0},{"id":"14883","description":"موارد اول و سوم","iscorrect":1}]},{"id":"3920","description":"کدامیک از علامت های زیر برای درج یک دیدگاه یا comments در لابلای کدهای پی اچ پی به کار می رود؟","answers":[{"id":"14884","description":"//","iscorrect":0},{"id":"14885","description":"#:","iscorrect":0},{"id":"14886","description":"/*","iscorrect":0},{"id":"14887","description":"همه موارد","iscorrect":1}]},{"id":"3967","description":"از کدامیک از برچسب های زیر برای انداختن خط فاصله استفاده می شود؟","answers":[{"id":"15070","description":"<br />","iscorrect":1},{"id":"15071","description":"<it />","iscorrect":0},{"id":"15072","description":"<bold />","iscorrect":0},{"id":"15073","description":"<I />","iscorrect":0}]}]}]},{"name":"درس دوم- ساخت فرم و انتقال داده از فرم به برگه نمایش","id":"562","contentorder":"5","lesson_number":3,"type":0,"filename":"lesson562.html","attachments":[{"name":"Attachement 1","filename":"form.zip","file_type":"application/zip"}]},{"name":"ساخت فرم و انتقال داده از فرم به برگه نمایش","id":"979","contentorder":"6","type":1,"set":[{"score":"60","questions":[{"id":"3921","description":"کدام یک از گزینه های زیر مربوط به ویژگی action است؟","answers":[{"id":"14888","description":"این ویژگی تعیین می کند که داده ها به کدام فایل که کد پی اچ پی در آن قرار دارد، ارجاع داده شود.","iscorrect":1},{"id":"14889","description":"این ویژگی نحوه عملکرد در ارسال داده ها را تعیین می کند.","iscorrect":0},{"id":"14890","description":"وقتی از این ویژگی استفاده می کنیم٬ داده ها به صورت نام = مقدار به مرورگر شما داده‌ می شود.","iscorrect":0},{"id":"14891","description":"از این ویژگی در مواردی که امنیت نیاز باشد استفاده می کنیم.","iscorrect":0}]},{"id":"3922","description":"به طور کلی از کدام ویژگی برای زمانی استفاده می‌کنیم که امنیت بیشتری لازم داریم٬ چرا که این متد داده ها را در مرورگر نشان نمی دهد؟","answers":[{"id":"14892","description":"method","iscorrect":0},{"id":"14893","description":"get","iscorrect":0},{"id":"14894","description":"post","iscorrect":1},{"id":"14895","description":"form","iscorrect":0}]},{"id":"3923","description":"به این نوع متغیر، فرا جهانی می گویند که اطلاعات فرستاده شده از فرم را ذخیره می کند.","answers":[{"id":"14896","description":"DEMAND","iscorrect":0},{"id":"14897","description":"$_REQUEST","iscorrect":1},{"id":"14898","description":"GLOBAL","iscorrect":0},{"id":"14899","description":"POST-GLOBAL","iscorrect":0}]},{"id":"3924","description":"به خاطر پدیدار شدن داده ها در محل نشانی مرورگر، ما از ویژگی ............. در مواردی که امنیت نیاز باشد، به هیچ وجه استفاده نمی کنیم.","answers":[{"id":"14900","description":"get","iscorrect":1},{"id":"14901","description":"method","iscorrect":0},{"id":"14902","description":"post","iscorrect":0},{"id":"14903","description":"form","iscorrect":0}]},{"id":"3925","description":"کدامیک از فایل های زیر کار دریافت و سازماندهی داده ها را انجام می دهد؟","answers":[{"id":"14904","description":"stylesheet","iscorrect":0},{"id":"14905","description":"content-type","iscorrect":0},{"id":"14906","description":"form_handler","iscorrect":1},{"id":"14907","description":"media","iscorrect":0}]}]},{"score":"60","questions":[{"id":"3926","description":"منظور از ویژگی method چیست؟","answers":[{"id":"14908","description":"این ویژگی تعیین می کند که داده ها به کدام فایل که کد پی اچ پی در آن قرار دارد ارجاع داده شود.","iscorrect":0},{"id":"14909","description":"این ویژگی نحوه عملکرد در ارسال داده ها را تعیین می کند.","iscorrect":1},{"id":"14910","description":"وقتی از این ویژگی استفاده می کنیم٬ داده ها به صورت نام = مقدار به مرورگر شما داده‌ می شوتد.","iscorrect":0},{"id":"14911","description":"از این ویژگی در مواردی که امنیت نیاز باشد استفاده می کنیم.","iscorrect":0}]},{"id":"3927","description":"وقتی از این ویژگی استفاده می کنیم٬ داده ها به صورت نام = مقدار به مرورگر شما داده‌ می شوند.","answers":[{"id":"14912","description":"method","iscorrect":0},{"id":"14913","description":"get","iscorrect":1},{"id":"14914","description":"post","iscorrect":0},{"id":"14915","description":"form","iscorrect":0}]},{"id":"3928","description":"وظیفه فایل form_handler.php چیست؟","answers":[{"id":"14916","description":"وقتی از این فایل استفاده می کنیم٬ داده ها به صورت نام = مقدار به مرورگر شما داده‌ می شود.","iscorrect":0},{"id":"14917","description":"به طور کلی از این فایل برای زمانی استفاده می کنیم که امنیت بیشتری لازم داریم.","iscorrect":0},{"id":"14918","description":"این فایل کار دریافت و سازماندهی داده ها را انجام می دهد.","iscorrect":1},{"id":"14919","description":"هیچکدام","iscorrect":0}]},{"id":"3929","description":"متغیر $_REQUEST یک متغیر ............. است که اطلاعات فرستاده شده از فرم را ............... می کند.","answers":[{"id":"14920","description":"سیستماتیک، ذخیره","iscorrect":0},{"id":"14921","description":"پویا، چاپ","iscorrect":0},{"id":"14922","description":"فراجهانی، چاپ","iscorrect":0},{"id":"14923","description":"فراجهانی، ذخیره","iscorrect":1}]},{"id":"3930","description":"کدام یک از گزینه های زیر مربوط به ویژگی action است؟","answers":[{"id":"14924","description":"این ویژگی تعیین می کند که داده ها به کدام فایل که کد پی اچ پی در آن قرار دارد ارجاع داده شود.","iscorrect":1},{"id":"14925","description":"این ویژگی نحوه عملکرد در ارسال داده ها را تعیین می کند.","iscorrect":0},{"id":"14926","description":"وقتی از این ویژگی استفاده می کنیم٬ داده ها به صورت نام = مقدار به مرورگر شما داده‌ می شود.","iscorrect":0},{"id":"14927","description":"از این ویژگی در مواردی که امنیت نیاز باشد استفاده می کنیم.","iscorrect":0}]}]}]},{"name":"درس سوم- آشنایی با شرط ها و عملگرها","id":"563","contentorder":"7","lesson_number":4,"type":0,"filename":"lesson563.html","attachments":[{"name":"Attachement 1","filename":"form3.zip","file_type":"application/zip"}]},{"name":"آشنایی با شرط ها و عملگرها","id":"982","contentorder":"8","type":1,"set":[{"score":"60","questions":[{"id":"3936","description":"از کدامیک از عبارت های زیر در شرط استفاده نمی شود؟","answers":[{"id":"14948","description":"if","iscorrect":0},{"id":"14949","description":"else","iscorrect":0},{"id":"14950","description":"else if","iscorrect":0},{"id":"14951","description":"condition","iscorrect":1}]},{"id":"3937","description":"کدامیک از عملگرهای زیر عدم برابری دو طرف را بررسی می کند؟","answers":[{"id":"14952","description":"==","iscorrect":0},{"id":"14953","description":"=!","iscorrect":1},{"id":"14954","description":">","iscorrect":0},{"id":"14955","description":"<","iscorrect":0}]},{"id":"3938","description":"خروجی کدام عملگر زمانی درست است که فقط یکی از دو طرف درست باشد؟","answers":[{"id":"14956","description":"C","iscorrect":0},{"id":"14957","description":"J","iscorrect":0},{"id":"14958","description":"XOR","iscorrect":1},{"id":"14959","description":"YJOR","iscorrect":0}]},{"id":"3939","description":"در دستور شرطی switch مقدار متغیر با هر کدام از عبارات مقابل case مقایسه می شود. وقتی این مقدار برابر با هر کدام از عبارات شد، دستورات داخل آن case انجام می شود و بعد با کمک دستور ............ از داخل شرط خارج می شود.","answers":[{"id":"14960","description":"handle","iscorrect":0},{"id":"14961","description":"formula","iscorrect":0},{"id":"14962","description":"break","iscorrect":1},{"id":"14963","description":"character","iscorrect":0}]},{"id":"3940","description":"کدامیک از عبارت های زیر یک عملگر منطقی نیست؟","answers":[{"id":"14964","description":"+","iscorrect":1},{"id":"14965","description":"&&","iscorrect":0},{"id":"14966","description":"||","iscorrect":0},{"id":"14967","description":"XOR","iscorrect":0}]}]},{"score":"60","questions":[{"id":"3941","description":"کدامیک از عبارت های زیر یک عبارت شرطی است؟","answers":[{"id":"14968","description":"if","iscorrect":1},{"id":"14969","description":"condition_else","iscorrect":0},{"id":"14970","description":"condition","iscorrect":0},{"id":"14971","description":"condition-case","iscorrect":0}]},{"id":"3942","description":"کدام عملگر برای ارزیابی برابری دو طرف عملگر است که در صورت برابری پاسخ درست می شود؟","answers":[{"id":"14972","description":"==","iscorrect":1},{"id":"14973","description":"=!","iscorrect":0},{"id":"14974","description":">","iscorrect":0},{"id":"14975","description":"<","iscorrect":0}]},{"id":"3943","description":"کدامیک از عملگرهای زیر یک عملگر منطقی است؟","answers":[{"id":"14976","description":"C","iscorrect":0},{"id":"14977","description":"J","iscorrect":0},{"id":"14978","description":"XOR","iscorrect":1},{"id":"14979","description":"YJOR","iscorrect":0}]},{"id":"3944","description":"کدام عملگر عبارت را منفی یا برعکس می کند؟ مثلا درست می شود غلط.","answers":[{"id":"14980","description":"!","iscorrect":1},{"id":"14981","description":"&&","iscorrect":0},{"id":"14982","description":"||","iscorrect":0},{"id":"14983","description":"XOR","iscorrect":0}]},{"id":"3945","description":"خروجی کدام عملگر زمانی درست است که فقط یکی از دو طرف درست باشد؟","answers":[{"id":"14984","description":"C","iscorrect":0},{"id":"14985","description":"J","iscorrect":0},{"id":"14986","description":"XOR","iscorrect":1},{"id":"14987","description":"YJOR","iscorrect":0}]}]}]},{"name":"درس چهارم- آشنایی با آرایه ها","id":"564","contentorder":"9","lesson_number":5,"type":0,"filename":"lesson564.html","attachments":[{"name":"Attachement 1","filename":"array.php","file_type":"text/plain"}]},{"name":"آشنایی با آرایه ها","id":"984","contentorder":"10","type":1,"set":[{"score":"60","questions":[{"id":"3946","description":".................. یک نوعی از متغیر‌ها هستند که می توانند چند داده را در قالب یک نام ذخیره کنند.","answers":[{"id":"14988","description":"شرط ها","iscorrect":0},{"id":"14989","description":"سی اس اس ها","iscorrect":0},{"id":"14990","description":"آرایه ها","iscorrect":1},{"id":"14991","description":"کاراکترهای جانبی","iscorrect":0}]},{"id":"3947","description":"پی اچ پی دو نوع آرایه را حمایت می‌کند٬ یکی آرایه با ............... و دیگری آرایه با ................... .","answers":[{"id":"14992","description":"اندیس عددی و اندیس متغیری","iscorrect":0},{"id":"14993","description":"اندیس عددی و اندیس کاراکتری","iscorrect":1},{"id":"14994","description":"اندیس کاراکتری و اندیس اچ تی ام ال","iscorrect":0},{"id":"14995","description":"اندیس عددی و اندیس اچ تی ام ال","iscorrect":0}]},{"id":"3948","description":"از کدامیک از توابع زیر می توانیم برای ایجاد آرایه ای متشکل از یک سری اعداد پشت سر هم استفاده کنیم؟","answers":[{"id":"14996","description":"variables","iscorrect":0},{"id":"14997","description":"range","iscorrect":1},{"id":"14998","description":"row","iscorrect":0},{"id":"14999","description":"in row","iscorrect":0}]},{"id":"3949","description":"کدامیک از گزینه های زیر از عبارت های یک حلقه است؟","answers":[{"id":"15000","description":"for و while","iscorrect":1},{"id":"15001","description":"XOR و XNOR","iscorrect":0},{"id":"15002","description":"Z و S","iscorrect":0},{"id":"15003","description":"Role و Circle","iscorrect":0}]},{"id":"3950","description":"از کدام تابع برای مرتب کردن آرایه ها استفاده می شود؟","answers":[{"id":"15004","description":"foreach","iscorrect":0},{"id":"15005","description":"range","iscorrect":0},{"id":"15006","description":"row","iscorrect":0},{"id":"15007","description":"sort","iscorrect":1}]}]},{"score":"60","questions":[{"id":"3951","description":"........................ ساختاری در زبان برنامه نویسی هستند که به شما اجازه دسترسی به همه مقادیر را به طور مرتب می دهند.","answers":[{"id":"15008","description":"پوشه ها","iscorrect":0},{"id":"15009","description":"حلقه ها","iscorrect":1},{"id":"15010","description":"متغیرها","iscorrect":0},{"id":"15011","description":"کدهای داخلی","iscorrect":0}]},{"id":"3952","description":"از کدامیک از توابع زیر برای دسترسی همزمان به همه آرایه ها استفاده می شود؟","answers":[{"id":"15012","description":"foreach","iscorrect":1},{"id":"15013","description":"range","iscorrect":0},{"id":"15014","description":"row","iscorrect":0},{"id":"15015","description":"in row","iscorrect":0}]},{"id":"3953","description":"کدامیک از تعاریف زیر، تعریف یک آرایه است؟","answers":[{"id":"15016","description":"آرایه ها یک نوعی از متغیر‌ها هستند که می توانند چند داده را در قالب یک نام ذخیره کنند.","iscorrect":1},{"id":"15017","description":"آرایه ها دستوراتی اند که قادر به چاپ کدهای پی اچ پی هستند.","iscorrect":0},{"id":"15018","description":"آرایه ها برای ارتباط پی اچ پی با مای اسکیوال به کار می روند.","iscorrect":0},{"id":"15019","description":"آرایه ها برای به روزرسانی کدهای پی اچ پی به کار می روند.","iscorrect":0}]},{"id":"3954","description":"پی اچ پی خود از آرایه های از قبل تعریف شده به نام .......................... استفاده می کند.","answers":[{"id":"15020","description":"XOR","iscorrect":0},{"id":"15021","description":"ZOR","iscorrect":0},{"id":"15022","description":"Super Global Variables","iscorrect":1},{"id":"15023","description":"Variables","iscorrect":0}]},{"id":"3955","description":"از کدام تابع برای مرتب کردن آرایه ها استفاده می شود؟","answers":[{"id":"15024","description":"foreach","iscorrect":0},{"id":"15025","description":"range","iscorrect":0},{"id":"15026","description":"row","iscorrect":0},{"id":"15027","description":"sort","iscorrect":1}]}]}]},{"name":"درس پنجم- استفاده از فایل های متفاوت (فایل های خارجی)","id":"565","contentorder":"11","lesson_number":6,"type":0,"filename":"lesson565.html","attachments":[{"name":"Attachement 1","filename":"Including Files.zip","file_type":"application/zip"}]},{"name":"استفاده از فایل های متفاوت (فایل های خارجی)","id":"986","contentorder":"12","type":1,"set":[{"score":"60","questions":[{"id":"3956","description":"در کدامیک از تارنماهای زیر شما می توانید محتوا را بر اساس پاسخی به درخواست کاربر تعیین کنید؟","answers":[{"id":"15028","description":"تارنمایی که با طرح های فتوشاپ درست شده باشد.","iscorrect":0},{"id":"15029","description":"تارنمای پویا","iscorrect":1},{"id":"15030","description":"تارنمای ایستا","iscorrect":0},{"id":"15031","description":"تارنمایی که با طرح های نرم افزار کورل درست شده باشد.","iscorrect":0}]},{"id":"3957","description":"از کدامیک از توابع زیر برای وارد کردن یک فایل در فایل دیگر استفاده نمی شود؟","answers":[{"id":"15032","description":"include","iscorrect":0},{"id":"15033","description":"include_once","iscorrect":0},{"id":"15034","description":"require","iscorrect":0},{"id":"15035","description":"launch","iscorrect":1}]},{"id":"3958","description":"شیوه نمایش محتوا را را معمولا در کدامیک از فایل های زیر قرار می دهند؟","answers":[{"id":"15036","description":"way.php","iscorrect":0},{"id":"15037","description":"way.css","iscorrect":0},{"id":"15038","description":"style.css","iscorrect":1},{"id":"15039","description":"way_style.php","iscorrect":0}]},{"id":"3959","description":"استفاده از کدامیک از توابع زیر باعث می شود که در صورت بروز خطا یا درست وارد نشدن آن به ما هشدار دهد و از اجرای باقی کد‌ها جلوگیری شود؟","answers":[{"id":"15040","description":"include","iscorrect":0},{"id":"15041","description":"include_once","iscorrect":0},{"id":"15042","description":"require","iscorrect":1},{"id":"15043","description":"launch","iscorrect":0}]},{"id":"3960","description":"برای نوشتن نشانی فایل در قسمت ابتدایی پرانتز توابع داخل کردن فایل در فایل‌های دیگر، ما می‌توانیم به دو صورت آدرس دهی کنیم:","answers":[{"id":"15044","description":"آدرس دهی مستقیم و آدرس دهی جانبی","iscorrect":0},{"id":"15045","description":"آدرس دهی مطلق و آدرس دهی نسبی","iscorrect":1},{"id":"15046","description":"آدرس دهی مرکزی و آدرس دهی مستقیم","iscorrect":0},{"id":"15047","description":"آدرس دهی مرکزی و آدرس دهی جانبی","iscorrect":0}]}]},{"score":"60","questions":[{"id":"3961","description":"کدام گزینه زیر یک تابعی است که می توان از آن برای وارد کردن یک فایل در فایل دیگر استفاده کرد؟","answers":[{"id":"15048","description":"include","iscorrect":1},{"id":"15049","description":"function","iscorrect":0},{"id":"15050","description":"enter","iscorrect":0},{"id":"15051","description":"sortie","iscorrect":0}]},{"id":"3962","description":"کدامیک از تعاریف زیر می‌تواند مربوط به یک تارنمای پویا باشد؟","answers":[{"id":"15052","description":"تارنمای پویا،‌ تارنمایی است که با طرح های فتوشاپ درست شده باشد.","iscorrect":0},{"id":"15053","description":"تارنمای پویا، تارنمایی است که با طرح های نرم افزار درست شده باشد.","iscorrect":0},{"id":"15054","description":"تارنمای پویا، تارنمایی است که شما می توانید محتوا را براساس پاسخی به درخواست کاربر تعیین کنید.","iscorrect":1},{"id":"15055","description":"تارنمای پویا، تارنمایی است که مطلقا با کدهای اچ تی ام ال ایجاد شده باشد.","iscorrect":0}]},{"id":"3963","description":"استفاده از کدامیک از توابع زیر باعث می شود که در صورت بروز خطا یا درست وارد نشدن آن به ما هشدار دهد و از اجرای باقی کد‌ها جلوگیری شود؟","answers":[{"id":"15056","description":"include","iscorrect":0},{"id":"15057","description":"include_once","iscorrect":0},{"id":"15058","description":"require","iscorrect":1},{"id":"15059","description":"launch","iscorrect":0}]},{"id":"3964","description":"آیا یک کاربر تارنما با باز کردن مرورگر خود از قراردادن فایل های متفاوت در داخل یک فایل آگاهی پیدا می کند؟","answers":[{"id":"15060","description":"خیر","iscorrect":1},{"id":"15061","description":"بله","iscorrect":0}]},{"id":"3965","description":"شیوه نمایش محتوا را را معمولا در کدامیک از فایل های زیر قرار می دهند؟","answers":[{"id":"15062","description":"way.php","iscorrect":0},{"id":"15063","description":"way.css","iscorrect":0},{"id":"15064","description":"style.css","iscorrect":1},{"id":"15065","description":"way_style.php","iscorrect":0}]}]}]},{"name":"درس ششم- ساخت و کار با فرم ها (پیشرفته)","id":"566","contentorder":"13","lesson_number":7,"type":0,"filename":"lesson566.html","attachments":[{"name":"Attachement 1","filename":"Register.zip","file_type":"application/zip"}]},{"name":"ساخت و کار با فرم ها (پیشرفته)","id":"963","contentorder":"14","type":1,"set":[{"score":"60","questions":[{"id":"3864","description":"منظور از فرم چسبنده چیست؟","answers":[{"id":"14653","description":"فرمی که کدهای اچ تی ام ال و سی اس اس را به یکدیگر می چسباند.","iscorrect":0},{"id":"14654","description":"فرم چسبنده در همان فرم استاندارد در اچ تی ام ال است منتها با این تفاوت که در این فرم قابلیت نگهداری مقادیر نوشته شده در کادر اضافه می شود.","iscorrect":1},{"id":"14655","description":"فرمی که کدهای سی اس اس و پی اچ پی را به یکدیگر می چسباند.","iscorrect":0},{"id":"14656","description":"فرمی که کدهای اچ تی ام ال و پی اچ پی را به یکدیگر می چسباند.","iscorrect":0}]},{"id":"3968","description":"کد زیر چه عملی را انجام می دهد؟\n <?php echo $page_title; ?>","answers":[{"id":"15077","description":"تیتر در مرورگر با توجه به عمل برگه نمایش داده می شود.","iscorrect":1},{"id":"15076","description":"تیتر مرورگر را پاک می کند.","iscorrect":0},{"id":"15075","description":"آخرین عبارت به عنوان تیتر مرورگر انتخاب می شود.","iscorrect":0},{"id":"15074","description":"نخستین عبارت به عنوان تیتر مرورگر انتخاب می شود.","iscorrect":0}]},{"id":"3969","description":"استفاده از کدامیک از کدهای زیر باعث اضافه کردن پیوند به برگه ثبت نام می شود؟","answers":[{"id":"15078","description":"if ( isset($_POST['name']) ) { echo $_POST['name']; }","iscorrect":0},{"id":"15079","description":"<input type=\"text\" name=\"password\" />","iscorrect":0},{"id":"15080","description":"<?php echo $page_title; ?>","iscorrect":0},{"id":"15081","description":"ثبت نام","iscorrect":1}]},{"id":"3970","description":"قطعه کد زیر چه دستوری صادر می کند؟\n\nif ( isset($_POST['name']) ) { echo $_POST['name']; }","answers":[{"id":"15083","description":"اگر نوشته ای وارد این کادر شد، آن نوشته را در همین کادر چاپ کن.","iscorrect":1},{"id":"15084","description":"محتویات name را به جدول echo ببر و در آنجا درج کن.","iscorrect":0},{"id":"15085","description":"محتویات echo را به جدول name ببر و در آنجا درج کن.","iscorrect":0},{"id":"15086","description":"فایل isset را در بخش echo چاپ کن.","iscorrect":0}]}]},{"score":"60","questions":[{"id":"3865","description":"منظور از فرم چسبنده چیست؟","answers":[{"id":"14661","description":"فرمی که کدهای اچ تی ام ال و سی اس اس را به یکدیگر می چسباند.","iscorrect":0},{"id":"14662","description":"فرم چسبنده در همان فرم استاندارد در اچ تی ام ال است منتها با این تفاوت که در این فرم قابلیت نگهداری مقادیر نوشته شده در کادر اضافه می شود.","iscorrect":1},{"id":"14663","description":"فرمی که کدهای سی اس اس و پی اچ پی را به یکدیگر می چسباند.","iscorrect":0},{"id":"14664","description":"فرمی که کدهای اچ تی ام ال و پی اچ پی را به یکدیگر می چسباند.","iscorrect":0}]},{"id":"3971","description":"استفاده از کدامیک از دستورات زیر باعث می شود که تیتر در مرورگر با توجه به عمل برگه نمایش یابد؟","answers":[{"id":"15087","description":"if ( isset($_POST['name']) ) { echo $_POST['name']; }","iscorrect":0},{"id":"15088","description":"<input type=\"text\" name=\"password\" />","iscorrect":0},{"id":"15089","description":"<input type=\"submit\" name=\"submit\" value=\"ارسال\" class=\"submit\"/>","iscorrect":0},{"id":"15090","description":"<?php echo $page_title; ?>","iscorrect":1}]},{"id":"3972","description":"اجرای کد زیر باعث چه عملیاتی می شود؟\n ثبت نام","answers":[{"id":"15091","description":"اضافه کردن پیوند به برگه ثبت نام","iscorrect":1},{"id":"15092","description":"برگه ثبت نام را چاپ می کند.","iscorrect":0},{"id":"15093","description":"یک دکمه به نام ثبت نام ایجاد می کند.","iscorrect":0},{"id":"15094","description":"از کاربر می خواهد که تمام داده های فرم را وارد کند.","iscorrect":0}]},{"id":"3973","description":"قطعه کد زیر چه دستوری صادر می کند؟\nif ( isset($_POST['name']) ) { echo $_POST['name']; }","answers":[{"id":"15095","description":"اگر نوشته ای وارد این کادر شد، آن نوشته را در همین کادر چاپ کن.","iscorrect":1},{"id":"15096","description":"فایل isset را در بخش echo چاپ کن.","iscorrect":0},{"id":"15097","description":"محتویات echo را به جدول name ببر و در آنجا درج کن.","iscorrect":0},{"id":"15098","description":"محتویات name را به جدول echo ببر و در آنجا درج کن.","iscorrect":0}]}]}]},{"name":"درس هفتم- توابع","id":"567","contentorder":"15","lesson_number":8,"type":0,"filename":"lesson567.html","attachments":[{"name":"Attachement 1","filename":"Function.zip","file_type":"application/zip"}]},{"name":"توابع","id":"961","contentorder":"16","type":1,"set":[{"score":"60","questions":[{"id":"3854","description":"منظور از تابع چیست؟","answers":[{"id":"14609","description":"به ترکیب کدهای اچ تی ام ال و سی اس اس تابع می گویند.","iscorrect":0},{"id":"14610","description":"تابع مجموعه ای از چند دستور است که برای انجام کار مشخصی نوشته شده است.","iscorrect":1},{"id":"14611","description":"تابع یک دستور برای به روز رسانی پی اچ پی است.","iscorrect":0},{"id":"14612","description":"تابع یک دستور برای به روز رسانی اچ تی ام ال است.","iscorrect":0}]},{"id":"3855","description":"شیوه نوشتن تابع به این صورت است که ابتدا واژه .................. را نوشته و سپس دستورات آن را در داخل بلوک قرار می دهیم.","answers":[{"id":"14613","description":"add","iscorrect":0},{"id":"14614","description":"print","iscorrect":0},{"id":"14615","description":"function","iscorrect":1},{"id":"14616","description":"XOR","iscorrect":0}]},{"id":"3856","description":"تابع str_replace() سه پارامتر را قبول می کند که عبارتند از:","answers":[{"id":"14617","description":"اعداد انگلیسی، اعداد فارسی و عبارت هایی که به تابع convert فرستاده شده اند.","iscorrect":1},{"id":"14618","description":"اعداد، حروف و نمادها","iscorrect":0},{"id":"14619","description":"اعداد، حروف و عملگرها","iscorrect":0},{"id":"14620","description":"اعداد انگلیسی، فارسی و عملگرها","iscorrect":0}]},{"id":"3857","description":"کدامیک از گزاره های زیر صحیح است؟","answers":[{"id":"14621","description":"توابع برعکس متغیرها به بزرگی و کوچکی نام تابع اهمیت نمی دهند.","iscorrect":1},{"id":"14622","description":"تابع convert مقدار خروجی را چاپ می کند.","iscorrect":0},{"id":"14623","description":"در هنگام فراخوانی تابع نمی توان پارامترها را به صورت متغیر به تابع ارسال کرد.","iscorrect":0},{"id":"14624","description":"همه موارد صحیح هستند.","iscorrect":0}]},{"id":"3858","description":"برای بازگشت مقدار از تابع از عبارت ............... استفاده می کنیم.","answers":[{"id":"14625","description":"print","iscorrect":0},{"id":"14626","description":"add","iscorrect":0},{"id":"14627","description":"return","iscorrect":1},{"id":"14628","description":"function","iscorrect":0}]}]},{"score":"60","questions":[{"id":"3859","description":"کدامیک از دلایل زیر دلیل اصلی ساخت و استفاده از تابع به شمار می رود؟","answers":[{"id":"14629","description":"به روز رسانی پی اچ پی","iscorrect":0},{"id":"14630","description":"به روز رسانی اچ تی ام ال","iscorrect":0},{"id":"14631","description":"جلوگیری از تکرار در نوشتن کدها در برنامه","iscorrect":1},{"id":"14632","description":"به روز رسانی سی اس اس","iscorrect":0}]},{"id":"3860","description":"برای فراخوانی یک تابع از کدامیک از عبارت های زیر استفاده می کنیم؟","answers":[{"id":"14633","description":"add","iscorrect":1},{"id":"14634","description":"print","iscorrect":0},{"id":"14635","description":"function","iscorrect":0},{"id":"14636","description":"XOR","iscorrect":0}]},{"id":"3861","description":"کدام گزینه نادرست است؟","answers":[{"id":"14637","description":"توابع برعکس متغیرها به بزرگی و کوچکی نام تابع اهمیت نمی دهند.","iscorrect":0},{"id":"14638","description":"تابع convert مقدار خروجی را چاپ نمی کند.","iscorrect":0},{"id":"14639","description":"در هنگام فراخوانی تابع می توان پارامترها را به صورت متغیر به تابع ارسال کرد.","iscorrect":0},{"id":"14640","description":"شیوه نوشتن تابع به این صورت است که ابتدا واژه print را نوشته و سپس دستورات آن را در داخل بلوک قرار می دهیم.","iscorrect":1}]},{"id":"3862","description":"وظیفه توابع با پارامتر پیش فرض چیست؟","answers":[{"id":"14641","description":"این توابع برای اتصال با MySQL استفاده می شوند.","iscorrect":0},{"id":"14642","description":"این توابع برای اتصال به اینترنت استفاده می شوند.","iscorrect":0},{"id":"14643","description":"در صورتی که هنگام فراخوانی مقداری را به پارامتر نفرستید از مقدار پیش فرض استفاده می کند.","iscorrect":1},{"id":"14644","description":"این توابع برای به روز رسانی پی اچ پی مورد استفاده قرار می گیرند.","iscorrect":0}]},{"id":"3863","description":"برای بازگشت مقدار از تابع از عبارت ............... استفاده می کنیم.","answers":[{"id":"14645","description":"print","iscorrect":0},{"id":"14646","description":"add","iscorrect":0},{"id":"14647","description":"return","iscorrect":1},{"id":"14648","description":"function","iscorrect":0},{"id":"14649","description":"این تابع رنگ دکمه Submit را تغییر می دهد.","iscorrect":0},{"id":"14650","description":"این تابع بررسی می کند که آیا دکمه ارسال یا Submit فشار داده شده یا نه.","iscorrect":0},{"id":"14651","description":"این تابع محتوای جدول Submit را بررسی می کند.","iscorrect":1},{"id":"14652","description":"این تابع محتوای بخش Submit را به پوشه ای به نام isset پست می کند.","iscorrect":0}]}]}]},{"name":"درس هشتم- پایگاه داده ها (مقدماتی)","id":"568","contentorder":"17","lesson_number":9,"type":0,"filename":"lesson568.html"},{"name":"پایگاه داده ها (مقدماتی)","id":"965","contentorder":"18","type":1,"set":[{"score":"60","questions":[{"id":"3866","description":"نحوه کار تارمای پویا به این روش است که، کل سیستم بر پایه دو فاکتور اساسی و تعامل آنها عمل می کند:.................. و ..................... .","answers":[{"id":"14665","description":"زبان اچ تی ام ال و سرویس دهنده","iscorrect":0},{"id":"14666","description":"زبان پی اچ پی و پایگاه داده ها","iscorrect":1},{"id":"14667","description":"زبان پی اچ پی و سرویس دهنده","iscorrect":0},{"id":"14668","description":"زبان پی اچ پی و زبان اچ تی ام ال","iscorrect":0}]},{"id":"3867","description":"در یک جدول، در هر سطر داده های مربوط به یک کاربر نوشته شده است که به آن در اصطلاح رکورد ............. گفته می شود و به هر خانه از جدول، رشته یا ............... گفته می شود.","answers":[{"id":"14669","description":"cell و field","iscorrect":0},{"id":"14670","description":"cell و record","iscorrect":0},{"id":"14671","description":"record و field","iscorrect":1},{"id":"14672","description":"field و cell","iscorrect":0}]},{"id":"3868","description":"نامگذاری جدول باید طبق قوانین از قبل نوشته شده صورت گیرد. کدامیک از گزینه های زیر جزو این قوانین نیست؟","answers":[{"id":"14673","description":"بزرگی یا کوچکی حروف برای نام گذاری مورد توجه است و تفاوت ایجاد می کند.","iscorrect":0},{"id":"14674","description":"باید در محیط و حوزه خود منحصر به فرد باشد؛ دو جدول با یک نام نمی توانند ساخته شوند.","iscorrect":0},{"id":"14675","description":"نباید از نام های از قبل تعریف شده در پایگاه داده ها استفاده کرد.","iscorrect":0},{"id":"14676","description":"هر نام نمی تواند بیشتر از ۱۰۲۴ کاراکتر باشد.","iscorrect":1}]},{"id":"3869","description":"نوع داده VARCHAR درست مانند CHAR است با این تفاوت که از ۰ تا ............. کاراکتر را نگهداری می کند.","answers":[{"id":"14677","description":"۶۴","iscorrect":0},{"id":"14678","description":"۶۵۵۳۵","iscorrect":1},{"id":"14679","description":"۲۵۶","iscorrect":0},{"id":"14680","description":"۵۱۲۰","iscorrect":0}]},{"id":"3870","description":"برای نگهداری اعداد صحیح از کدام عبارت استفاده می شود؟","answers":[{"id":"14681","description":"Text","iscorrect":0},{"id":"14682","description":"Date","iscorrect":0},{"id":"14683","description":"INT","iscorrect":1},{"id":"14684","description":"Char","iscorrect":0}]}]},{"score":"60","questions":[{"id":"3871","description":"پی اچ پی داده ها را در اختیار گرفته و بعد آنها را با ارتباط با زبان ................. در پایگاه داده ها انبار می کند.","answers":[{"id":"14685","description":"CSS","iscorrect":0},{"id":"14686","description":"HTML","iscorrect":0},{"id":"14687","description":"SQL","iscorrect":1},{"id":"14688","description":"ASP","iscorrect":0}]},{"id":"3872","description":"برای نگهداری رشته ها از ۰ تا ۲۵۵ کاراکتر از کدام عبارت استفاده می شود؟","answers":[{"id":"14689","description":"Text","iscorrect":0},{"id":"14690","description":"Date","iscorrect":0},{"id":"14691","description":"INT","iscorrect":0},{"id":"14692","description":"CHAR","iscorrect":1}]},{"id":"3873","description":"در نامگذاری برای یک جدول هر نام نمی تواند بیش از چند کاراکتر باشد؟","answers":[{"id":"14693","description":"۶۴","iscorrect":1},{"id":"14694","description":"۱۲۸","iscorrect":0},{"id":"14695","description":"۲۵۶","iscorrect":0},{"id":"14696","description":"۵۱۲","iscorrect":0}]},{"id":"3874","description":"نحوه کار تارنمای پویا به این صورت است که کل سیستم بر پایه دو فاکتور اساسی و تعامل آنها عمل می کند: ............... و .................. .","answers":[{"id":"14697","description":"زبان اچ تی ام ال و سرویس دهنده","iscorrect":0},{"id":"14698","description":"زبان پی اچ پی و پایگاه داده ها","iscorrect":1},{"id":"14699","description":"زبان پی اچ پی و سرویس دهنده","iscorrect":0},{"id":"14700","description":"زبان پی اچ پی و زبان اچ تی ام ال","iscorrect":0}]},{"id":"3875","description":"Attributes به ما کمک می کند که:","answers":[{"id":"14701","description":"یک دیتابیس در phpMyAdmin ایجاد کنیم.","iscorrect":0},{"id":"14702","description":"به پایگاه اطلاع دهیم ستون مورد توجه باید منحصر به فرد باشد و یا برای انجام عملیات هایی مانند جستجو مناسب است.","iscorrect":1},{"id":"14703","description":"phpMyAdmin را به روز رسانی کنیم.","iscorrect":0},{"id":"14704","description":"تاریخ آپلود فایل ها را به صورت خودکار تعیین کنیم.","iscorrect":0}]}]}]},{"name":"درس نهم- پایگاه داده ها (پیشرفته)","id":"569","contentorder":"19","lesson_number":10,"type":0,"filename":"lesson569.html"},{"name":"پایگاه داده ها (پیشرفته)","id":"967","contentorder":"20","type":1,"set":[{"score":"60","questions":[{"id":"3876","description":"کدامیک از گزینه های زیر یک زبان برنامه نویسی ویژه ای است که به منظور مدیریت داده ها در سیستم های مدیریتی پایگاه داده های ارتباطی (RDBSM) نوشته شده است؟","answers":[{"id":"14705","description":"CSS","iscorrect":0},{"id":"14706","description":"ASP","iscorrect":0},{"id":"14707","description":"SQL","iscorrect":1},{"id":"14708","description":"Java","iscorrect":0}]},{"id":"3877","description":"کدامیک از داده های زیر بدون علامت و همه مثبت هستند؟","answers":[{"id":"14709","description":"INT","iscorrect":0},{"id":"14710","description":"AUTO_INCREMENT","iscorrect":0},{"id":"14711","description":"UNSIGNED","iscorrect":1},{"id":"14712","description":"PRIMARY KEY","iscorrect":0}]},{"id":"3878","description":"برای نوشتن داده ای در پایگاه می توان به دو صورت عمل کرد:","answers":[{"id":"14713","description":"استفاده از محیط و دستورات SQL/ استفاده از پی اچ پی برای ثبت داده ها","iscorrect":1},{"id":"14714","description":"استفاده از سی اس اس/ استفاده از اچ تی ام ال","iscorrect":0},{"id":"14715","description":"استفاده از اچ تی ام ال/ استفاده از ای اس پی","iscorrect":0},{"id":"14716","description":"استفاده از ای اس پی/ استفاده از سی اس اس","iscorrect":0}]}]},{"score":"60","questions":[{"id":"3879","description":"کدام گزینه یک نوع داده است که خانه ای در آن نمی تواند خالی بماند و حتما باید مقدار داشته باشد؟","answers":[{"id":"14717","description":"INT","iscorrect":0},{"id":"14718","description":"AUTO_INCREMENT","iscorrect":0},{"id":"14719","description":"NOT NULL","iscorrect":1},{"id":"14720","description":"PRIMARY KEY","iscorrect":0}]},{"id":"3880","description":"از ........................ و ................. می توان برای نوشتن داده ای در پایگاه استفاده کرد.","answers":[{"id":"14721","description":"CSS/HTML","iscorrect":0},{"id":"14722","description":"HTML/ASP","iscorrect":0},{"id":"14723","description":"ASP/CSS","iscorrect":0},{"id":"14724","description":"محیط و دستورات SQL/ استفاده از پی اچ پی برای ثبت داده ها","iscorrect":1}]},{"id":"3881","description":"در کدامیک از محیط های زیر می توان یک دسترسی کاربری ایجاد کرد؟","answers":[{"id":"14725","description":"phpMyAdmin","iscorrect":0},{"id":"14726","description":"CMD","iscorrect":0},{"id":"14727","description":"هر دو","iscorrect":1},{"id":"14728","description":"هیچکدام","iscorrect":0}]}]}]},{"name":"درس دهم- استفاده از پی اچ پی با پایگاه داده ها","id":"570","contentorder":"21","lesson_number":11,"type":0,"filename":"lesson570.html","attachments":[{"name":"Attachement 1","filename":"DatabaseConnecion.zip","file_type":"application/zip"}]},{"name":"استفاده از پی اچ پی با پایگاه داده ها","id":"969","contentorder":"22","type":1,"set":[{"score":"60","questions":[{"id":"3882","description":"کدامیک از پارامترهای زیر در تابع عمل ارتباط با پایگاه داده، وجود ندارد؟","answers":[{"id":"14729","description":"hostname","iscorrect":0},{"id":"14730","description":"username","iscorrect":0},{"id":"14731","description":"db_name","iscorrect":0},{"id":"14732","description":"OXR","iscorrect":1}]},{"id":"3883","description":"در هنگام ساخت فایل ارتباط با پایگاه، عمل ارتباط در داخل متغیری با نام ................. ذخیره می شود.","answers":[{"id":"14733","description":"data_null","iscorrect":0},{"id":"14734","description":"data_connection","iscorrect":0},{"id":"14735","description":"$dbc","iscorrect":1},{"id":"14736","description":"data_xor","iscorrect":0}]},{"id":"4293","description":"وظیفه تابع زیر چیست؟<br />\n\n die (' به پایگاه متصل نشد: ' . mysqli_connect_error() )","answers":[{"id":"14737","description":"این تابع در صورت بروز خطا و عدم ارتباط با پایگاه، یک متن «به پایگاه متصل نشد» را به همراه متن خطا چاپ می کند.","iscorrect":1},{"id":"14738","description":"این تابع به برنامه نویس هشدار می دهد که برای اطمینان از اتصال پایگاه داده ها، کدهای بخش «به پایگاه متصل نشد» را بررسی کند.","iscorrect":0},{"id":"14739","description":"از این تابع برای زمان های خطای اچ تی ام ال استفاده می شود.","iscorrect":0},{"id":"14740","description":"از این تابع برای به روز رسانی پایگاه داده ها استفاده می شود.","iscorrect":0}]}]},{"score":"60","questions":[{"id":"3884","description":"عمل ارتباط با پایگاه داده در کدامیک از گزینه های زیر قرار می گیرد؟","answers":[{"id":"14741","description":"data_null","iscorrect":0},{"id":"14742","description":"data_connection","iscorrect":0},{"id":"14743","description":"$dbc","iscorrect":1},{"id":"14744","description":"data_xor","iscorrect":0}]},{"id":"3885","description":"در کدامیک از محیط های زیر می توان با یک پایگاه داده ارتباط برقرار کرد؟","answers":[{"id":"14745","description":"phpMyAdmin","iscorrect":0},{"id":"14746","description":"CMD","iscorrect":0},{"id":"14747","description":"هر دو","iscorrect":1},{"id":"14748","description":"هیچکدام","iscorrect":0}]},{"id":"3886","description":"کدامیک از پارامترهای زیر در تابع عمل ارتباط با پایگاه داده، وجود ندارد؟","answers":[{"id":"14749","description":"hostname","iscorrect":0},{"id":"14750","description":"username","iscorrect":0},{"id":"14751","description":"dn_name","iscorrect":0},{"id":"14752","description":"XOR","iscorrect":1}]}]}]},{"name":"درس یازدهم- ارتباط با پایگاه داده ها و دریافت داده ها","id":"571","contentorder":"23","lesson_number":12,"type":0,"filename":"lesson571.html","attachments":[{"name":"Attachement 1","filename":"GetData.zip","file_type":"application/zip"}]},{"name":"ارتباط با پایگاه داده ها و دریافت داده ها","id":"971","contentorder":"24","type":1,"set":[{"score":"60","questions":[{"id":"3887","description":"دستوراتی که در Query یا پرسوجو استفاده می شوند، همان دستورات زبان .................. هستند.","answers":[{"id":"14753","description":"PHP","iscorrect":0},{"id":"14754","description":"SQL","iscorrect":1},{"id":"14755","description":"CSS","iscorrect":0},{"id":"14756","description":"HTML","iscorrect":0}]},{"id":"3888","description":"در دستور «SELECT نام ستون ها FROM نام جدول\nSELECT * FROM نام جدول» منظور از علامت * چیست؟","answers":[{"id":"14757","description":"منظور از این علامت انتخاب همه ستون ها است.","iscorrect":1},{"id":"14758","description":"منظور از این علامت انتخاب همه سطرها است.","iscorrect":0},{"id":"14759","description":"منظور از این علامت انتخاب همه Queryها است.","iscorrect":0},{"id":"14760","description":"منظور از این علامت چاپ دستورات Select است.","iscorrect":0}]}]},{"score":"60","questions":[{"id":"3889","description":"وظیفه دستور زیر چیست؟\n$q = \"SELECT * FROM users ORDER BY register_date ASC\";","answers":[{"id":"14761","description":"بررسی متغیر ASC","iscorrect":0},{"id":"14762","description":"ارتباط ACS با پایگاه داده ها","iscorrect":0},{"id":"14763","description":"این دستور SQL تمام رکوردهای جدول را انتخاب و بعد براساس تاریخ ثبت نام مرتب می کند.","iscorrect":1},{"id":"14764","description":"این دستور، داده ها را برحسب تاریخ ثبت نام به صورت خودکار یا اتوماتیک مرتب می کند.","iscorrect":0}]},{"id":"3890","description":"در دستور «SELECT نام ستون ها FROM نام جدول\nSELECT * FROM نام جدول» منظور از علامت * چیست؟","answers":[{"id":"14765","description":"منظور از این علامت انتخاب همه ستون ها است.","iscorrect":1},{"id":"14766","description":"منظور از این علامت انتخاب همه سطرها است.","iscorrect":0},{"id":"14767","description":"منظور از این علامت انتخاب همه Queryها است.","iscorrect":0},{"id":"14768","description":"منظور از این علامت چاپ دستورات Select است.","iscorrect":0}]},{"id":"3974","description":"شرط زیر چه چیزی را بررسی می کند؟\n\nif ($num > 0) { <br />// اگر دریافتی وجود داشت<br />\n // چاپ تعداد کاربرها<br />\n echo \" در حال حاضر کاربر $num وجود دارد \\n\";<br />}","answers":[{"id":"15099","description":"این شرط بررسی می کند که آیا متغیر $num دارای مقدار هست یا نه؟","iscorrect":1},{"id":"15100","description":"این شرط بررسی می کند که آیا متغیر echo دارای مقدار هست یا نه؟","iscorrect":0},{"id":"15101","description":"این شرط بررسی می کند که آیا کاربر $num با کاربر echo ارتباط برقرار کرده است یا نه.","iscorrect":0},{"id":"15102","description":"این شرط بررسی میکند که آیا متغیر $num به پایگاه دادهها وصل میشود یا نه.","iscorrect":0}]}]}]},{"name":"درس دوازدهم- استفاده از پی اچ پی با پایگاه داده ها در به روزرسانی داده ها","id":"572","contentorder":"25","lesson_number":13,"type":0,"filename":"lesson572.html","attachments":[{"name":"Attachement 1","filename":"PasswordChange.zip","file_type":"application/zip"}]},{"name":"درس سیزدهم- انواع دیگر فرستادن داده ها به پی اچ پی","id":"573","contentorder":"26","lesson_number":14,"type":0,"filename":"lesson573.html","attachments":[{"name":"Attachement 1","filename":"Delete.zip","file_type":"application/zip"}]},{"name":"انواع دیگر فرستادن داده ها به پی اچ پی","id":"973","contentorder":"27","type":1,"set":[{"score":"60","questions":[{"id":"3891","description":"استفاده از برچسب پنهان و یا Hidden Input به چه دلیلی صورت می گیرد؟","answers":[{"id":"14769","description":"برچسب پنهان یک راه برای فرستادن مقدار به کد اجرایی است.","iscorrect":1},{"id":"14770","description":"استفاده از این برچسب باعث ارتباط پایگاه داده با سرویس میزبان یا Server می شود.","iscorrect":0},{"id":"14771","description":"استفاده از این برچسب باعث به روز رسانی پی اچ پی می شود.","iscorrect":0},{"id":"14772","description":"استفاده از این برچسب باعث گرفتن خطاهای کدنویسی می شود.","iscorrect":0}]},{"id":"3892","description":"یکی از راه های فرستادن مقدار به مقدار اجرایی، اضافه کردن آنها به انتهای آدرس URL است که البته نام و مقدار در آدرس صفحه در انتهای آن پدیدار می شوند. برای استفاده از این شیوه باید از متد ............... در فرم استفاده شود.","answers":[{"id":"14773","description":"Send_Data","iscorrect":0},{"id":"14774","description":"OS","iscorrect":0},{"id":"14775","description":"GET","iscorrect":1},{"id":"14776","description":"XOR","iscorrect":0}]},{"id":"3893","description":"کدامیک از خصوصیت های زیر از خصوصیات برچسب پنهان یا Hidden Input نیست؟","answers":[{"id":"14777","description":"type","iscorrect":0},{"id":"14778","description":"name","iscorrect":0},{"id":"14779","description":"function","iscorrect":1},{"id":"14780","description":"value","iscorrect":0}]}]},{"score":"60","questions":[{"id":"3894","description":"کدامیک از گزینه های زیر یک روش برای فرستادن کد به مقدار اجرایی است؟","answers":[{"id":"14781","description":"استفاده از برچسب پنهان و یا Hidden Input","iscorrect":1},{"id":"14782","description":"استفاده از تابع array","iscorrect":0},{"id":"14783","description":"استفاده از حلقه ها","iscorrect":0},{"id":"14784","description":"استفاده از آرایه ها","iscorrect":0}]},{"id":"3895","description":"خصوصیت value از خصوصیت های برچسب پنهان به چه معناست؟","answers":[{"id":"14785","description":"نوع برچسب را تعیین می کند.","iscorrect":0},{"id":"14786","description":"نام برچسب را تعیین می کند.","iscorrect":0},{"id":"14787","description":"مقداری که توسط برچسب فرستاده می شود را تعیین می کند.","iscorrect":1},{"id":"14788","description":"تعداد برچسب ها را مشخص می کند.","iscorrect":0}]},{"id":"3896","description":"یکی از راه های فرستادن کد به مقدار اجرایی، اضافه کردن آنها به انتهای آدرس URL است که البته نام و مقدار در آدرس صفحه در انتهای آن پدیدار می شوند. برای استفاده از این شیوه باید از متد .................. در فرم استفاده شود.","answers":[{"id":"14789","description":"Send_Data","iscorrect":0},{"id":"14790","description":"OS","iscorrect":0},{"id":"14791","description":"GET","iscorrect":1},{"id":"14792","description":"XOR","iscorrect":0}]}]}]},{"name":"درس چهاردهم- ویرایش داده ها","id":"574","contentorder":"28","lesson_number":15,"type":0,"filename":"lesson574.html","attachments":[{"name":"Attachement 1","filename":"Edit.zip","file_type":"application/zip"}]},{"name":"دوره پی اچ پی مقدماتی- آزمون نهایی","id":"975","contentorder":"29","type":1,"set":[{"score":"50","questions":[{"id":"3897","description":"کدامیک از گزینه های زیر صحیح است؟","answers":[{"id":"14793","description":"زبان پی اچ پی یک زبان ایستاست و حالت پویایی ندارد.","iscorrect":0},{"id":"14794","description":"برای استفاده از زبان های سمت سرور نیاز به سرور و یا فراهم کردن این بستر داریم. برای پی اچ پی، Wamp Server یکی از این بسترهاست.","iscorrect":1},{"id":"14795","description":"زبان HTML یک زبان سمت کاربر نیست.","iscorrect":0},{"id":"14796","description":"زبان JavaScript یک زبان سمت کاربر نیست.","iscorrect":0}]},{"id":"3898","description":"وظیفه تابع echo چیست؟","answers":[{"id":"14797","description":"یک پوشه در مسیر www ایجاد می کند.","iscorrect":0},{"id":"14798","description":"داده ها را به مرورگر ارسال می کند.","iscorrect":1},{"id":"14799","description":"مرورگر فایرفاکس را به عنوان مرورگر پیش فرض بر می گزیند.","iscorrect":0},{"id":"14800","description":"مرورگر اینترنت اکسپلور را به عنوان مرورگر پیش فرض بر می گزیند.","iscorrect":0}]},{"id":"3899","description":"اگر مقداری را در بین علامت قرار دهید، پی اچ پی این مقدار را یک مقدار ............. در نظر می گیرد در صورتی که مقدار بین علامت \" \" باشد، یک مقداری است که پی اچ پی آن را .................. می کند.","answers":[{"id":"14801","description":"متنی، ترجمه","iscorrect":1},{"id":"14802","description":"متنی، چاپ","iscorrect":0},{"id":"14803","description":"اچ تی ام ال، ترجمه","iscorrect":0},{"id":"14804","description":"اچ تی ام ال، چاپ","iscorrect":0}]},{"id":"3900","description":"کدام یک از گزینه های زیر، مربوط به ویژگی action است؟","answers":[{"id":"14805","description":"این ویژگی تعیین می کند که داده ها به کدام فایل که کد پی اچ پی در آن قرار دارد ارجاع داده شود.","iscorrect":1},{"id":"14806","description":"این ویژگی نحوه عملکرد در ارسال داده ها را تعیین می کند.","iscorrect":0},{"id":"14807","description":"وقتی از این ویژگی استفاده می کنیم٬ داده ها به صورت نام = مقدار به مرورگر شما داده‌ می شود.","iscorrect":0},{"id":"14808","description":"از ویژگی در مواردی که امنیت نیاز باشد استفاده می کنیم.","iscorrect":0}]},{"id":"3901","description":"متغیر $_REQUEST یک متغیر ............. است که اطلاعات فرستاده شده از فرم را ............... می کند.","answers":[{"id":"14809","description":"سیستماتیک، ذخیره","iscorrect":0},{"id":"14810","description":"پویا، چاپ","iscorrect":0},{"id":"14811","description":"فراجهانی، چاپ","iscorrect":0},{"id":"14812","description":"فراجهانی، ذخیره","iscorrect":1}]},{"id":"3902","description":".................. یک نوعی از متغیر‌ها هستند که می توانند چند داده را در قالب یک نام ذخیره کنند.","answers":[{"id":"14813","description":"شرط ها","iscorrect":0},{"id":"14814","description":"سی اس اس ها","iscorrect":0},{"id":"14815","description":"آرایه ها","iscorrect":1},{"id":"14816","description":"کاراکترهای جانبی","iscorrect":0}]},{"id":"3903","description":"کدامیک از گزینه های زیر از عبارت های یک حلقه است؟","answers":[{"id":"14817","description":"for و while","iscorrect":1},{"id":"14818","description":"XOR و XNOR","iscorrect":0},{"id":"14819","description":"Z و S","iscorrect":0},{"id":"14820","description":"ROLE و Circle","iscorrect":0}]},{"id":"3904","description":"شیوه نوشتن تابع به این صورت است که ابتدا واژه .................. را نوشته و سپس دستورات آن را در داخل بلوک قرار می دهیم.","answers":[{"id":"14821","description":"Add","iscorrect":0},{"id":"14822","description":"Print","iscorrect":0},{"id":"14823","description":"Function","iscorrect":1},{"id":"14824","description":"XOR","iscorrect":0}]},{"id":"3975","description":"کد زیر چه عملی را انجام می دهد؟\n\n <?php echo $page_title; ?>","answers":[{"id":"15103","description":"نخستین عبارت به عنوان تیتر مرورگر انتخاب می شود.","iscorrect":0},{"id":"15104","description":"آخرین عبارت به عنوان تیتر مرورگر انتخاب می شود.","iscorrect":0},{"id":"15105","description":"تیتر در مرورگر با توجه به عمل برگه نمایش می یابد.","iscorrect":1}]},{"id":"3976","description":"استفاده از کدامیک از کدهای زیر باعث اضافه کردن پیوند به برگه ثبت نام می شود؟","answers":[{"id":"15106","description":"if ( isset($_POST['name']) ) { echo $_POST['name']; }","iscorrect":0},{"id":"15107","description":"<input type=\"text\" name=\"password\" />","iscorrect":0},{"id":"15108","description":"ثبت نام","iscorrect":1},{"id":"15109","description":"<?php echo $page_title; ?>","iscorrect":0}]}]},{"score":"50","questions":[{"id":"3905","description":"پی اچ پی داده ها را در اختیار گرفته و بعد آنها را با ارتباط با زبان ................. در پایگاه داده ها انبار می کند.","answers":[{"id":"14825","description":"CSS","iscorrect":0},{"id":"14826","description":"HTML","iscorrect":0},{"id":"14827","description":"SQL","iscorrect":1},{"id":"14828","description":"ASP","iscorrect":0}]},{"id":"3906","description":"نام گذاری جدول باید طبق قوانین از قبل نوشته شده صورت گیرد. کدامیک از گزینه های زیر جز‌ این قوانین نیست؟","answers":[{"id":"14829","description":"بزرگی یا کوچکی حروف برای نام گذاری مورد توجه است و تفاوت ایجاد می کند.","iscorrect":0},{"id":"14830","description":"باید در محیط و حوزه خود منحصر به فرد باشد. دو جدول با یک نام نمی توانند ساخته شوند.","iscorrect":0},{"id":"14831","description":"نباید از نام های از قبل تعریف شده در پایگاه‌ داده ها استفاده کرد.","iscorrect":0},{"id":"14832","description":"هر نام نمی تواند بیشتر از ۱۰۲۴ کاراکتر باشد.","iscorrect":1}]},{"id":"3907","description":"در کدامیک از محیط های زیر می توان یک دسترسی کاربری ایجاد کرد؟","answers":[{"id":"14833","description":"phpMyAdmin","iscorrect":0},{"id":"14834","description":"CMD","iscorrect":0},{"id":"14835","description":"هر دو مورد","iscorrect":1},{"id":"14836","description":"هیچکدام","iscorrect":0}]},{"id":"3908","description":"کدامیک از گزینه های زیر یک زبان برنامه نویسی ویژه ای است که به منظور مدیریت داده ها در سیستم های مدیریتی پایگاه داده های ارتباطی (RDBSM) نوشته شده است؟","answers":[{"id":"14837","description":"CSS","iscorrect":0},{"id":"14838","description":"ASP","iscorrect":0},{"id":"14839","description":"SQL","iscorrect":1},{"id":"14840","description":"Java","iscorrect":0}]},{"id":"3909","description":"در هنگام ساخت فایل ارتباط با پایگاه، عمل ارتباط در داخل متغیری با نام ................. ذخیره می شود.","answers":[{"id":"14841","description":"data_null","iscorrect":0},{"id":"14842","description":"data_connection","iscorrect":0},{"id":"14843","description":"$dbc","iscorrect":1},{"id":"14844","description":"data_xor","iscorrect":0}]},{"id":"3910","description":"یکی از راه های فرستادن کد به مقدار اجرایی اضافه کردن آنها به انتهای آدرس URL است که البته نام و مقدار در آدرس صفحه در انتهای آن پدیدار می شوند. برای استفاده از این شیوه باید از متد .................. در فرم استفاده شود.","answers":[{"id":"14845","description":"Send_Data","iscorrect":0},{"id":"14846","description":"OS","iscorrect":0},{"id":"14847","description":"Get","iscorrect":1},{"id":"14848","description":"OXR","iscorrect":0}]},{"id":"3911","description":"استفاده از برچسب پنهان و یا Hidden Input به چه دلیلی صورت می گیرد؟","answers":[{"id":"14849","description":"برچسب پنهان یک راه برای فرستادن کد به مقدار اجرایی است.","iscorrect":1},{"id":"14850","description":"استفاده از این برچسب باعث ارتباط پایگاه داده با سرویس میزبان یا Server می شود.","iscorrect":0},{"id":"14851","description":"استفاده از این برچسب باعث به روز رسانی پی اچ پی می شود.","iscorrect":0},{"id":"14852","description":"استفاده از این برچسب باعث گرفتن خطاهای کدنویسی می شود.","iscorrect":0}]},{"id":"3912","description":"خصوصیت value از خصوصیت های برچسب پنهان به چه معناست؟","answers":[{"id":"14853","description":"نوع برچسب را تعیین می کند.","iscorrect":0},{"id":"14854","description":"نام برچسب را تعیین می کند.","iscorrect":0},{"id":"14855","description":"مقداری که توسط برچسب فرستاده می شود را تعیین می کند.","iscorrect":1},{"id":"14856","description":"تعداد برچسب ها را مشخص می کند.","iscorrect":0}]},{"id":"3977","description":"وظیفه دستور زیر چیست؟\n<br />\n\n$q = \"SELECT * FROM users ORDER BY register_date ASC\";","answers":[{"id":"15110","description":"بررسی متغیر ASC","iscorrect":0},{"id":"15111","description":"ارتباط ACS با پایگاه داده ها","iscorrect":0},{"id":"15112","description":"این دستور داده ها را بر حسب تاریخ ثبت نام به صورت خودکار یا اتوماتیک مرتب می کند.","iscorrect":0},{"id":"15113","description":"این دستور SQL تمام رکورد‌های جدول را انتخاب و بعد براساس تاریخ ثبت نام مرتب می کند.","iscorrect":1}]},{"id":"3978","description":"در دستور زیر\n\nSELECT * FROM نام جدول\n\nمنظور از علامت * چیست؟","answers":[{"id":"15114","description":"منظور از این علامت انتخاب همه ستون‌ها است.","iscorrect":1},{"id":"15115","description":"منظور از این علامت انتخاب همه سطرها است.","iscorrect":0},{"id":"15116","description":"منظور از این علامت چاپ دستورات Select است.","iscorrect":0},{"id":"15117","description":"منظور از این علامت انتخاب همه Queryها است.","iscorrect":0}]}]}]}]}