{"courseId":"113","contents":[{"name":"مقدمه- منظور از سخنرانی چیست؟","id":"937","contentorder":"1","lesson_number":1,"type":0,"filename":"lesson937.html"},{"name":"درس ۱- طراحی اهداف سخنرانی","id":"938","contentorder":"2","lesson_number":2,"type":0,"filename":"lesson938.html"},{"name":"درس ۲- طراحی اشخاص سخنرانی","id":"939","contentorder":"3","lesson_number":3,"type":0,"filename":"lesson939.html"},{"name":"درس ۳- طراحی ساختار سخنرانی","id":"940","contentorder":"4","lesson_number":4,"type":0,"filename":"lesson940.html"},{"name":"درس ۴- نگارش متن سخنرانی","id":"941","contentorder":"5","lesson_number":5,"type":0,"filename":"lesson941.html"},{"name":"درس ۵- تمرین سخنرانی","id":"942","contentorder":"6","lesson_number":6,"type":0,"filename":"lesson942.html"},{"name":"سخنرانی و فن بیان","id":"1551","contentorder":"7","type":1,"set":[{"score":"50","questions":[{"id":"6750","description":"اولین گام برای شروع یک سخنرانی چیست؟","answers":[{"id":"25467","description":"طراحی هدف","iscorrect":1},{"id":"25470","description":"کنترل استرس سخنرانی","iscorrect":0},{"id":"25468","description":"جمع‌آوری محتوا","iscorrect":0},{"id":"25469","description":"تمرین فن بیان","iscorrect":0}]},{"id":"6751","description":"کدام موضوع برای شناخت مخاطبان مهم نیست؟","answers":[{"id":"25471","description":"موضوعاتی که به آنها علاقه‌مند هستند.","iscorrect":0},{"id":"25472","description":"دانش قبلی آنها در مورد موضوع","iscorrect":0},{"id":"25473","description":"محل برگزاری","iscorrect":1},{"id":"25474","description":"سن مخاطبان","iscorrect":0}]},{"id":"6752","description":"کدامیک جزو اجزایاصلیساختار یک سخنرانی نیست؟","answers":[{"id":"25475","description":"خوش‌ آمدگویی","iscorrect":0},{"id":"25476","description":"شروع صحبت","iscorrect":0},{"id":"25477","description":"میانه صحبت","iscorrect":1},{"id":"25478","description":"پایان صحبت","iscorrect":0}]},{"id":"6753","description":"اولین تمرینی که برای سخنرانی باید انجام دهیم چیست؟","answers":[{"id":"25479","description":"تمرین به تنهایی","iscorrect":0},{"id":"25480","description":"تمرین ذهنی","iscorrect":1},{"id":"25481","description":"تمرین جلوی جمع آزمایشی","iscorrect":0},{"id":"25482","description":"تمرین با پاورپوینت","iscorrect":0}]},{"id":"6754","description":"بیشترین میزان توجه چه زمانی در سخنرانی است؟","answers":[{"id":"25483","description":"بعد از مقدمه","iscorrect":0},{"id":"25484","description":"انتهای سخنرانی","iscorrect":0},{"id":"25485","description":"ابتدای سخنرانی","iscorrect":1},{"id":"25486","description":"بعد از طنز","iscorrect":0}]}]},{"score":"50","questions":[{"id":"6755","description":"کدامیک روش مناسبی برای شروع سخنرانی است؟","answers":[{"id":"25487","description":"استفاده از داستان","iscorrect":1},{"id":"25488","description":"بیان رزومه خودمان","iscorrect":0},{"id":"25489","description":"معرفی شرکت و یا خدمات‌مان","iscorrect":0},{"id":"25490","description":"تشکر و عذرخواهی از حضار","iscorrect":0}]},{"id":"6756","description":"نقش کدام قسمت در ایجاد حس مخاطب نسبت به سخنرانی ما بیشتر است؟","answers":[{"id":"25491","description":"شروع صحبت","iscorrect":0},{"id":"25492","description":"میان صحبت","iscorrect":0},{"id":"25493","description":"محتوای علمی","iscorrect":0},{"id":"25494","description":"پایان صحبت","iscorrect":1}]},{"id":"6757","description":"کدامیک از ویژگی‌های اصلی دست‌نوشته سخنرانی نیستند؟","answers":[{"id":"25495","description":"بزرگ نوشته شوند.","iscorrect":0},{"id":"25496","description":"تمام جملات کامل نوشته شوند.","iscorrect":1},{"id":"25497","description":"با خط خوانا نوشته شوند.","iscorrect":0},{"id":"25498","description":"دارای سیر منطقی و مشخص باشند.","iscorrect":0}]},{"id":"6758","description":"کدام تمرین، برای سخنرانی توصیه نمی‌شود؟","answers":[{"id":"25499","description":"تمرین تصویرسازی ذهنی","iscorrect":0},{"id":"25500","description":"تمرین به تنهایی","iscorrect":0},{"id":"25501","description":"تمرین جلوی افراد نمونه","iscorrect":0},{"id":"25502","description":"تمرین حفظ کردن متن سخنرانی","iscorrect":1}]},{"id":"6759","description":"کدام جمله صحیح است؟","answers":[{"id":"25503","description":"هیچگاه یک سخنرانی همیشه خوب نیست.","iscorrect":1},{"id":"25504","description":"علایق سخنران بر علایق مخاطبان اولویت دارد.","iscorrect":0},{"id":"25505","description":"کسانی که در جمع‌های کوچک خوب صحبت می‌کنند، سخنرانان قوی خواهند بود.","iscorrect":0},{"id":"25506","description":"میانه صحبت از آغاز صحبت اهمیت بیشتری دارد.","iscorrect":0}]}]}]}]}