{"courseId":"52","contents":[{"name":"درس اول- آشنایی با اکسل","id":"371","contentorder":"1","lesson_number":1,"type":0,"filename":"lesson371.html"},{"name":"آشنایی با اکسل","id":"612","contentorder":"2","type":1,"set":[{"score":"60","questions":[{"id":"2051","description":"از کدام زبانه برای درج فرمول ها و توابع ریاضی استفاده می شود؟","answers":[{"id":"7783","description":"Home","iscorrect":0},{"id":"7782","description":"Insert","iscorrect":0},{"id":"7781","description":"Formulas","iscorrect":1},{"id":"7780","description":"Review","iscorrect":0}]},{"id":"2050","description":"کدام تعریف برای دکمه Microsoft Office Button صحیح است؟","answers":[{"id":"7779","description":"با استفاده از این دکمه می توان به سایت شرکت مایکروسافت آفیس متصل شد.","iscorrect":0},{"id":"7778","description":"به طور کلی گزینه های موجود در این پنجره دستورات اصلی برای مدیریت فایل مانند ذخیره، چاپ، بستن سند و... را در بر دارد.","iscorrect":1},{"id":"7777","description":"این دکمه نشانگر همان صفحه ای است که اطلاعات شما را در قالب جدول نگهداری می کند.","iscorrect":0},{"id":"7776","description":"با استفاده از این دکمه می توانید تصحیح گر واژگان را به دلخواه خودتان تنظیم کنید، از مترجم اسناد اکسل برای بهبود کیفیت متون درج شده در سلول ها استفاده کنید، متن تان را با متون دیگر مقایسه کنید و...","iscorrect":0}]},{"id":"2049","description":"از کدام زبانه میتوان مواردی از قبیل جدول، عکس، نمودار و... را در یک سند اکسل درج کرد؟","answers":[{"id":"7773","description":"Mailing","iscorrect":0},{"id":"7774","description":"Insert","iscorrect":1},{"id":"7775","description":"Home","iscorrect":0},{"id":"7772","description":"Review","iscorrect":0}]},{"id":"2048","description":"کدام گزینه تعریف یک کاربرگ یا Worksheet است؟","answers":[{"id":"7771","description":"به کوچک ترین بخش هر برگه یک Worksheet گفته می شود که داده ها در آن قرار می گیرند.","iscorrect":0},{"id":"7770","description":"گزینه ای که برای وارد کردن اطلاعات از نرم افزارهایی مانند اکسس و پاورپوینت به نرم افزار اکسل استفاده می شود.","iscorrect":0},{"id":"7769","description":"صفحه ای که اطلاعات ما را در قالب جدول نگهداری می کند.","iscorrect":1},{"id":"7768","description":"هر سند Excel را یک کاربرگ می گویند.","iscorrect":0}]},{"id":"2047","description":"مهمترین کاربرد نرم افزار اکسل چیست؟","answers":[{"id":"7767","description":"ارسال و دریافت نامه الکترونیکی و مدیریت نامه ها","iscorrect":0},{"id":"7766","description":"ایجاد و مدیریت پایگاه های اطلاعاتی","iscorrect":0},{"id":"7765","description":"ارائه بهتر سمینارها و سخنرانی ها","iscorrect":0},{"id":"7764","description":"انجام محاسبات ریاضی و حسابداری","iscorrect":1}]}]},{"score":"60","questions":[{"id":"2054","description":"تعریف مقابل مربوط به کدام زبانه است: «با استفاده از گزینه های این زبانه می توانید تغییرات خاصی در نرم افزار ایجاد کنید. مثلا تصحیح گر واژگان را به دلخواه خودتان تنظیم کنید، از مترجم اسناد اکسل برای بهبود کیفیت متون درج شده در سلول ها استفاده کنید، متن تان را با متون دیگر مقایسه کنید، از پروژه اکسل تان به طور امنیتی محافظت کنید و...»","answers":[{"id":"7792","description":"Review","iscorrect":1},{"id":"7793","description":"Mailing","iscorrect":0},{"id":"7794","description":"Insert","iscorrect":0},{"id":"7795","description":"Home","iscorrect":0}]},{"id":"2053","description":"کدام گزینه تعریف یک سلول است؟","answers":[{"id":"7790","description":"سلول گزینه ای است که برای وارد کردن اطلاعات از نرم افزارهایی مانند اکسس و پاورپوینت به نرم افزار اکسل استفاده می شود.","iscorrect":0},{"id":"7789","description":"سلول همان صفحه ای است که اطلاعات شما را در قالب جدول نگهداری می کند. هر کدام از سلول ها داری سطرها و ستون هایی هستند که با اعداد و حروف نمایان می شوند.","iscorrect":0},{"id":"7788","description":"هر سند Excel را یک سلول می گویند.","iscorrect":0},{"id":"7791","description":"به کوچک ترین بخش هر برگه یک سلول گفته می شود که داده ها در آن قرار می گیرند.","iscorrect":1}]},{"id":"2052","description":"با استفاده از کدام گزینه می توان ابزارهای دلخواهی به بخش بالا و سمت چپ نرم افزار اکسل اضافه کرد به طوری که دسترسی به آن ساده تر و سریع تر باشد؟","answers":[{"id":"7787","description":"Access Toolbar","iscorrect":1},{"id":"7784","description":"Microsoft Office Button","iscorrect":0},{"id":"7785","description":"Insert","iscorrect":0},{"id":"7786","description":"Page Layout","iscorrect":0}]},{"id":"2055","description":"از گزینه های کدام زبانه می توان اطلاعات مندرج در نرم افزارهای دیگر و یا منابع اطلاعاتی در اینترنت را به نرم افزار اکسل وارد کرد و بر روی آن تغییراتی انجام داد؟","answers":[{"id":"7796","description":"Data","iscorrect":1},{"id":"7797","description":"Mailing","iscorrect":0},{"id":"7798","description":"Insert","iscorrect":0},{"id":"7799","description":"Home","iscorrect":0}]},{"id":"2056","description":"با استفاده از کدام گزینه می توان ابزارهای دلخواه را جهت دسترسی ساده تر و سریع تر در گوشه بالای سمت چپ نرم افزار اکسل درج کرد؟","answers":[{"id":"7800","description":"Sheet","iscorrect":0},{"id":"7801","description":"Workbook","iscorrect":0},{"id":"7802","description":"Access Toolbar","iscorrect":1},{"id":"7803","description":"Desktop Application","iscorrect":0}]}]}]},{"name":"درس دوم- آشنایی با صفحه‌ گسترده و انواع داده ها","id":"372","contentorder":"3","lesson_number":2,"type":0,"filename":"lesson372.html"},{"name":"آشنایی با صفحه‌ گسترده و انواع داده ها","id":"614","contentorder":"4","type":1,"set":[{"score":"60","questions":[{"id":"2057","description":"به طور کلی به صفحات جدول بندی شده ای که قابلیت انجام محاسبات ریاضی را دارند چه گفته می شود؟","answers":[{"id":"7804","description":"صفحه گسترده","iscorrect":1},{"id":"7805","description":"سلول","iscorrect":0},{"id":"7806","description":"الگو","iscorrect":0},{"id":"7807","description":"نوار ابزار","iscorrect":0}]},{"id":"2058","description":"نمادهای خاص مانند و – و ، و . و $ و % جزء گروه نمادهای ....... هستند.","answers":[{"id":"7808","description":"عددی","iscorrect":1},{"id":"7809","description":"متنی","iscorrect":0},{"id":"7810","description":"تاریخ","iscorrect":0},{"id":"7811","description":"ساعت","iscorrect":0}]},{"id":"2059","description":"اگر عددی طولانی تر از عرض ستون در سلول وارد کنیم، چه اتفاقی می افتد؟","answers":[{"id":"7812","description":"ادامه عدد در سلول بعدی نوشته می شود.","iscorrect":0},{"id":"7813","description":"نرم افزار پیغام خطا می دهد.","iscorrect":0},{"id":"7814","description":"عدد مورد نظر یا به صورت نماد علمی نشان داده می شود، یا گرد می شود و یا سلول با علامت # پر می شود.","iscorrect":1},{"id":"7815","description":"ادامه عدد گرد می شود.","iscorrect":0}]},{"id":"2060","description":"وقتی یک مقدار یا یک فرمول را در یک سلول تایپ می کنید و سپس آن را پاک می کنید، می توانید مقدار وارد شده را با انجام عملی که به آن ............. می گویند، بازگردانید.","answers":[{"id":"7816","description":"Undo","iscorrect":1},{"id":"7817","description":"Redo","iscorrect":0},{"id":"7818","description":"Mailing","iscorrect":0},{"id":"7819","description":"Review","iscorrect":0}]},{"id":"2061","description":"کدام عملگر ریاضی، بالاترین تقدم را دارد؟","answers":[{"id":"7820","description":"^","iscorrect":0},{"id":"7821","description":"+","iscorrect":0},{"id":"7822","description":"()","iscorrect":1},{"id":"7823","description":"%","iscorrect":0}]}]},{"score":"60","questions":[{"id":"2062","description":"اطلاعاتی که می توان در یک سلول وارد کرد از دو حالت خارج نیست. این دو حالت عبارتند از:","answers":[{"id":"7824","description":"مقدار و شی","iscorrect":0},{"id":"7825","description":"فرمول و شی","iscorrect":0},{"id":"7826","description":"مقدار و فرمول","iscorrect":1},{"id":"7827","description":"شی و فرمول","iscorrect":0}]},{"id":"2063","description":"داده های ثابتی را که در یک سلول وارد می کنید را «مقدار» گویند. مقدارها به چهار بخش تقسیم می شوند:","answers":[{"id":"7828","description":"«عدد»، «عکس»، «تاریخ» و «ساعت»","iscorrect":0},{"id":"7829","description":"«عدد»، «متن»، «تاریخ» و «ساعت»","iscorrect":1},{"id":"7830","description":"«عدد»، «عکس»، «تاریخ» و «متن»","iscorrect":0},{"id":"7831","description":"«عدد»، «متن»، «عکس» و «ساعت»","iscorrect":0}]},{"id":"2064","description":"کدام عملگر ریاضی، بالاترین تقدم را دارد؟","answers":[{"id":"7832","description":"^","iscorrect":1},{"id":"7833","description":"+","iscorrect":0},{"id":"7834","description":"/","iscorrect":0},{"id":"7835","description":"%","iscorrect":0}]},{"id":"2065","description":"کدامیک از کلیدهای زیر دستور Redo را انجام می دهند؟","answers":[{"id":"7836","description":"Ctrl+Z","iscorrect":0},{"id":"7837","description":"Alt+Z","iscorrect":0},{"id":"7838","description":"Alt+Y","iscorrect":0},{"id":"7839","description":"Ctrl+Y","iscorrect":1}]},{"id":"2066","description":"کدامیک از تعاریف زیر، تعریف یک «صفحه گسترده» است؟","answers":[{"id":"7840","description":"داده های ثابتی که در یک سلول وارد می شوند را «صفحه گسترده» گویند.","iscorrect":0},{"id":"7841","description":"به طور کلی به صفحات جدول بندی شده ای که قابلیت انجام محاسبات ریاضی را دارند صفحه گسترده می گویند.","iscorrect":1},{"id":"7842","description":"یک عملیات به منظور انجام محاسباتی که در نتیجه انجام آن یک مقدار بدست می آید را صفحه گسترده گویند.","iscorrect":0},{"id":"7843","description":"صفحه گسترده یک قابلیت اکسل است که با استفاده از آن می توان به نرم افزارهای دیگر مجموعه آفیس دسترسی داشت.","iscorrect":0}]}]}]},{"name":"درس سوم- کار با سلول ها","id":"373","contentorder":"5","lesson_number":3,"type":0,"filename":"lesson373.html"},{"name":"کار با سلول ها","id":"616","contentorder":"6","type":1,"set":[{"score":"60","questions":[{"id":"2067","description":"یکی از روش های ویرایش سلول این است که ابتدا بر روی سلول کلیک کنید و با استفاده از ................، داده موجود در سلول را تغییر دهید.","answers":[{"id":"7844","description":"Address Bar","iscorrect":0},{"id":"7845","description":"صفحه گسترده","iscorrect":0},{"id":"7846","description":"نوار فرمول","iscorrect":1},{"id":"7847","description":"سلول مجاور","iscorrect":0}]},{"id":"2068","description":"برای انتخاب دسته ای از سلول هایی که در کنار یکدیگر نیستند:","answers":[{"id":"7848","description":"باید از ماوس و صفحه کلید (کلید Ctrl) استفاده کرد.","iscorrect":1},{"id":"7849","description":"باید از کلید Ctrl استفاده کرد.","iscorrect":0},{"id":"7850","description":"باید از صفحه کلید استفاده کرد.","iscorrect":0},{"id":"7851","description":"سلول هایی که در کنار یکدیگر نیستند را نمی توان انتخاب کرد.","iscorrect":0}]},{"id":"2069","description":"وظیفه گزینه Shift Cell Left چیست؟","answers":[{"id":"7852","description":"سلول سمت راست را جایگزین سلول پاک شده می کند.","iscorrect":1},{"id":"7853","description":"سلول زیرین را جایگزین سلول پاک شده می کند.","iscorrect":0},{"id":"7854","description":"سطر زیرین سلول پاک شده را به جای سطری که سلول پاک شده در آن قرار دارد، منتقل می کند.","iscorrect":0},{"id":"7855","description":"ستون سمت راست سلول پاک شده را به جای ستونی که خانه پاک شده در آن قرار دارد، منتقل می کند.","iscorrect":0}]},{"id":"2070","description":"برای جایگزینی یک سلول کپی شده از کدام گزینه استفاده می کنید؟","answers":[{"id":"7856","description":"Cut","iscorrect":0},{"id":"7857","description":"Paste","iscorrect":1},{"id":"7858","description":"Delete","iscorrect":0},{"id":"7859","description":"Copy","iscorrect":0}]},{"id":"2071","description":"وظیفه گزینه های Insert Sheet Row و Insert Sheet Columns به ترتیب ............ و ............ است.","answers":[{"id":"7860","description":"اضافه کردن سطر، اضافه کردن خط عمودی","iscorrect":0},{"id":"7861","description":"اضافه کردن خط عمودی، اضافه کردن سطر","iscorrect":0},{"id":"7862","description":"اضافه کردن ستون، اضافه کردن سطر","iscorrect":0},{"id":"7863","description":"اضافه کردن سطر، اضافه کردن ستون","iscorrect":1}]}]},{"score":"60","questions":[{"id":"2072","description":"از کدام دستگیره، برای افزایش و یا کاهش عددها در یک صفحه گسترده استفاده می شود؟","answers":[{"id":"7864","description":"Worksheet","iscorrect":0},{"id":"7865","description":"Cells","iscorrect":0},{"id":"7866","description":"Digit","iscorrect":0},{"id":"7867","description":"Auto Fill","iscorrect":1}]},{"id":"2073","description":"برای انتخاب دسته ای از سلول هایی که در کنار یکدیگر هستند:","answers":[{"id":"7868","description":"باید از ماوس و صفحه کلید (کلید Ctrl) با هم استفاده کرد.","iscorrect":0},{"id":"7869","description":"هیچ بایدی برای استفاده همزمان از ماوس و صفحه کلید وجود ندارد. می توان فقط از ماوس یا فقط از صفحه کلید استفاده کرد.","iscorrect":1},{"id":"7870","description":"باید فقط از صفحه کلید استفاده کرد.","iscorrect":0},{"id":"7871","description":"سلول هایی که در کنار یکدیگر هستند را نمی توان انتخاب کرد.","iscorrect":0}]},{"id":"2074","description":"برای رونویسی یک سلول، ابتدا آن را انتخاب کنید، سپس بر روی سلول انتخابی کلیک راست و از گزینه های موجود، گزینه .......... را انتخاب می کنیم.","answers":[{"id":"7872","description":"Cut","iscorrect":0},{"id":"7873","description":"Paste","iscorrect":0},{"id":"7874","description":"Delete","iscorrect":0},{"id":"7875","description":"Copy","iscorrect":1}]},{"id":"2075","description":"وظیفه گزینه Row Insert Sheet چیست؟","answers":[{"id":"7876","description":"اضافه کردن سطر","iscorrect":1},{"id":"7877","description":"اضافه کردن خط عمودی","iscorrect":0},{"id":"7878","description":"اضافه کردن ستون","iscorrect":0},{"id":"7879","description":"اضافه کردن خط افقی","iscorrect":0}]},{"id":"2076","description":"با استفاده از بخش Clipboard از زبانه Home می توان:","answers":[{"id":"7880","description":"سلول انتخاب شده را رنگ آمیزی کرد.","iscorrect":0},{"id":"7881","description":"عملیات فرمول نویسی را در سلول انتخاب شده وارد کرد.","iscorrect":0},{"id":"7882","description":"عملیات رونویسی، برش و جایگزینی را از از طریق این بخش می توان انجام داد.","iscorrect":1},{"id":"7883","description":"هیچکدام","iscorrect":0}]}]}]},{"name":"درس چهارم- قالب بندی، ترازبندی و کارهای بیشتر با سلول ها","id":"374","contentorder":"7","lesson_number":4,"type":0,"filename":"lesson374.html"},{"name":"قالب بندی، ترازبندی و کارهای بیشتر با سلول ها","id":"618","contentorder":"9","type":1,"set":[{"score":"60","questions":[{"id":"2077","description":"به تنظیمات درون یک سلول .................. می گویند. این تنظیمات می تواند شامل رنگ، اندازه و نوع داده باشند.","answers":[{"id":"7884","description":"برجسته سازی سلول","iscorrect":0},{"id":"7885","description":"قالب بندی سلول","iscorrect":1},{"id":"7886","description":"ویرایش سلول","iscorrect":0},{"id":"7887","description":"تقسیم بندی سلول","iscorrect":0}]},{"id":"2078","description":"کاربرد گزینه Accounting Number Format چیست؟","answers":[{"id":"7888","description":"از این گزینه برای ادغام سلول ها استفاده می شود.","iscorrect":0},{"id":"7889","description":"با استفاده از این گزینه می توان سلول های غیر مجاور را انتخاب کرد.","iscorrect":0},{"id":"7890","description":"از این گزینه برای نمایش مقادیر حسابداری استفاده می شود.","iscorrect":1},{"id":"7891","description":"این گزینه برای نمایش فرمول ها کاربرد دارد.","iscorrect":0}]},{"id":"2079","description":"استفاده از کدام گزینه باعث می شود که اعداد به صورت «سه رقم به سه رقم» از یکدیگر جدا شوند؟","answers":[{"id":"7892","description":"Comma Style","iscorrect":1},{"id":"7893","description":"Mailings","iscorrect":0},{"id":"7894","description":"References","iscorrect":0},{"id":"7895","description":"Digit","iscorrect":0}]},{"id":"2080","description":"گاهی لازم است با قرار دادن کادری به دور یک سلول، آن را از سلول های دیگر متمایز کرد. بدین منظور از گزینه ................. استفاده می شود.","answers":[{"id":"7896","description":"Merge","iscorrect":0},{"id":"7897","description":"Underline","iscorrect":0},{"id":"7898","description":"Percent Style","iscorrect":0},{"id":"7899","description":"Border","iscorrect":1}]},{"id":"2081","description":"از گزینه های Grow Font و Shrink Font برای .................... استفاده می شود.","answers":[{"id":"7900","description":"رنگ آمیزی سلول ها و محتویات آنها","iscorrect":0},{"id":"7901","description":"ادغام سلول ها و خارج کردن آنها از حالت اقدام","iscorrect":0},{"id":"7902","description":"کوچک کردن و بزرگ کردن سریع واژه ها","iscorrect":1},{"id":"7903","description":"تغییر شکل فونت نوشته شده در یک سلول","iscorrect":0}]}]},{"score":"60","questions":[{"id":"2082","description":"منظور از قالب بندی یک سلول چیست؟","answers":[{"id":"7904","description":"به تنظیمات درون یک سلول قالب بندی آن سلول می گویند. این تنظیمات می تواند شامل رنگ، اندازه و نوع داده باشند.","iscorrect":1},{"id":"7905","description":"وقتی یک سلول را ویرایش می کنیم، آن را به نوعی قالب بندی کرده ایم.","iscorrect":0},{"id":"7906","description":"به تقسیم بندی سلول ها قالب بندی سلول می گویند.","iscorrect":0},{"id":"7907","description":"به انتخاب سلول های مجاور و ادغام آنها با یکدیگر، قالب بندی سلول می گویند.","iscorrect":0}]},{"id":"2083","description":"با استفاده از کدام گزینه می توان یک عدد را به صورت درصد نشان داد؟","answers":[{"id":"7908","description":"Merge","iscorrect":0},{"id":"7909","description":"Underline","iscorrect":0},{"id":"7910","description":"Percent Style","iscorrect":1},{"id":"7911","description":"Digit","iscorrect":0}]},{"id":"2084","description":"برای رنگ آمیزی سلول، از گزینه ............. که در بخش Font از زبانه Home قرار دارد استفاده می شود.","answers":[{"id":"7912","description":"Comma Style","iscorrect":0},{"id":"7913","description":"Mailings","iscorrect":0},{"id":"7914","description":"References","iscorrect":0},{"id":"7915","description":"Fill Color","iscorrect":1}]},{"id":"2085","description":"وظیفه گزینه Border چیست؟","answers":[{"id":"7916","description":"گاهی لازم است با قرار دادن کادری به دور یک سلول، آن را از سلول های دیگر متمایز کرد. بدین منظور از گزینه Border استفاده می شود.","iscorrect":1},{"id":"7917","description":"از این گزینه برای ادغام سلول ها استفاده می شود.","iscorrect":0},{"id":"7918","description":"با استفاده از این گزینه می توان سلول های غیر مجاور را انتخاب کرد.","iscorrect":0},{"id":"7919","description":"از این گزینه برای نمایش مقادیر حسابداری استفاده می شود.","iscorrect":0}]},{"id":"2086","description":"از گزینه Format Painter برای .................... استفاده می شود.","answers":[{"id":"7920","description":"رنگ آمیزی سلول ها و محتویات آنها","iscorrect":0},{"id":"7921","description":"ادغام سلول ها و خارج کردن آنها از حالت اقدام","iscorrect":0},{"id":"7922","description":"استفاده از قالب یک سلول برای سلول های دیگر","iscorrect":1},{"id":"7923","description":"تغییر شکل فونت نوشته شده در یک سلول","iscorrect":0}]}]}]},{"name":"درس پنجم- کار با برگه ها","id":"375","contentorder":"10","lesson_number":5,"type":0,"filename":"lesson375.html"},{"name":"کار با برگه ها","id":"620","contentorder":"11","type":1,"set":[{"score":"60","questions":[{"id":"2087","description":"برای حرکت در بین برگه ها از کدام کلید میانبر استفاده می شود؟","answers":[{"id":"7924","description":"Ctrl+Page Down و Ctrl+Page Up","iscorrect":1},{"id":"7925","description":"Shift+Space","iscorrect":0},{"id":"7926","description":"Ctrl+Alt","iscorrect":0},{"id":"7927","description":"Ctrl+C","iscorrect":0}]},{"id":"2088","description":"از کدام گزینه برای انتخاب چند برگه غیرمجاور استفاده می شود؟","answers":[{"id":"7928","description":"برای انتخاب این برگه ها کافیست که برگه نخست را انتخاب کرده و با نگه داشتن کلید Ctrl بر روی برگه هایی که می خواهید انتخاب شوند، کلیک کنید.","iscorrect":1},{"id":"7929","description":"برای انتخاب این برگه ها، کافیست که برگه نخست را انتخاب کرده و با نگه داشتن کلید Alt از صفحه کلید، بر روی آخرین برگه کلیک کنید.","iscorrect":0},{"id":"7930","description":"برای انتخاب این برگه ها باید به طور همزمان کلیدهای Alt و Shift را نگه داشته و بر روی برگه هایی که می خواهید انتخاب شوند، کلیک کنید.","iscorrect":0},{"id":"7931","description":"برگه های غیرمجاور غیر قابل انتخاب هستند.","iscorrect":0}]},{"id":"2089","description":"برای اضافه کردن برگه، از زبانه Home و از بخش Cells گزینه Insert را کلیک کنید و از منوی باز شده گزینه ................. را انتخاب کنید.","answers":[{"id":"7932","description":"References","iscorrect":0},{"id":"7933","description":"Workbook","iscorrect":0},{"id":"7934","description":"Insert Sheet","iscorrect":1},{"id":"7935","description":"Cut","iscorrect":0}]},{"id":"2090","description":"از کدام گزینه برای ثابت کردن سلول ها استفاده می شود؟","answers":[{"id":"7936","description":"Freeze Panes","iscorrect":1},{"id":"7937","description":"Cells Style","iscorrect":0},{"id":"7938","description":"Cells Center","iscorrect":0},{"id":"7939","description":"Freeze Style","iscorrect":0}]},{"id":"2091","description":"وظیفه گزینه Split چیست؟","answers":[{"id":"7940","description":"ادغام کردن سلول ها با یکدیگر","iscorrect":0},{"id":"7941","description":"حذف گروهی از سلول های انتخاب شده","iscorrect":0},{"id":"7942","description":"جابه جایی سلول های انتخاب شده","iscorrect":0},{"id":"7943","description":"تقسیم کردن صفحه برای نمایش سلول های «دور از دسترس»","iscorrect":1}]}]},{"score":"60","questions":[{"id":"2092","description":"کدام یک از گزینه های زیر جزو قوانین نام گذاری در یک برگه نیست؟","answers":[{"id":"7944","description":"نام باید حداكثر ۳۱ كاراكتر باشد.","iscorrect":0},{"id":"7945","description":"از کاراکترهای غیرمجاز در نامگذاری استفاده نشود. این کاراکتر‌ها عبارتند از؟ / \\ [] *:","iscorrect":0},{"id":"7946","description":"استفاده از اعداد و سایر کاراکتر‌ها و کاراک‌تر فاصله در نامگذاری مجاز است.","iscorrect":0},{"id":"7947","description":"استفاده از واژه فارسی برای نام مجاز نیست.","iscorrect":1}]},{"id":"2093","description":"از کدام گزینه برای انتخاب چند برگه مجاور استفاده می شود؟","answers":[{"id":"7948","description":"برای انتخاب این برگه ها کافیست که برگه نخست را انتخاب کرده و با نگهداشتن کلید Alt بر روی برگهایی که می خواهید انتخاب شوند، کلیک کنید.","iscorrect":0},{"id":"7949","description":"برای انتخاب این برگه ها، کافیست که برگه نخست را انتخاب کرده و با نگه داشتن کلید Shift از صفحه کلید، بر روی آخرین برگه کلیک کنید.","iscorrect":1},{"id":"7950","description":"برای انتخاب این برگه ها باید به طور همزمان کلیدهای Alt و Shift را نگه داشته و بر روی برگه هایی که می خواهید انتخاب شوند، کلیک کنید.","iscorrect":0},{"id":"7951","description":"برگه های مجاور غیر قابل انتخاب هستند.","iscorrect":0}]},{"id":"2094","description":"برای حذف برگه، ابتدا برگه یا برگه های مورد نظر را انتخاب می کنیم. سپس از زبانه Home و از بخش Cells گزینه ................ را کلیک می کنیم.","answers":[{"id":"7952","description":"Copy","iscorrect":0},{"id":"7953","description":"Paste","iscorrect":0},{"id":"7954","description":"Delete","iscorrect":1},{"id":"7955","description":"Cut","iscorrect":0}]},{"id":"2095","description":"برای ثابت کردن سلول ها کافیست که از زبانه View و از بخش Windows گزینه .......... را انتخاب کنید.","answers":[{"id":"7956","description":"Freeze Panes","iscorrect":1},{"id":"7957","description":"Cells Style","iscorrect":0},{"id":"7958","description":"Cells Center","iscorrect":0},{"id":"7959","description":"Freeze Style","iscorrect":0}]},{"id":"2096","description":"در برخی از پروژه ها، ممکن است اطلاعات زیادی در صفحه گسترده داشته باشید و نیاز داشته باشید که سلول های پراکنده ای که در یک صفحه نیستند را همزمان مشاهده کنید. در این مواقع از قابلیت ..................... یا تقسیم کردن استفاده می شود.","answers":[{"id":"7960","description":"References","iscorrect":0},{"id":"7961","description":"Workbook","iscorrect":0},{"id":"7962","description":"Insert Sheet","iscorrect":0},{"id":"7963","description":"Split","iscorrect":1}]}]}]},{"name":"درس ششم- ادامه کار با برگه ها","id":"376","contentorder":"12","lesson_number":6,"type":0,"filename":"lesson376.html"},{"name":"ادامه کار با برگه ها","id":"622","contentorder":"13","type":1,"set":[{"score":"60","questions":[{"id":"2097","description":"از کدام گزینه به منظور ارتباط بین دو برگه استفاده می شود؟ (راهنمایی: این گزینه در نماد Smart Tag وجود دارد.)","answers":[{"id":"7964","description":"Link Cells","iscorrect":1},{"id":"7965","description":"Workbook","iscorrect":0},{"id":"7966","description":"Insert Sheet","iscorrect":0},{"id":"7967","description":"References","iscorrect":0}]},{"id":"2098","description":"برای اینکه یک کاربرگ را طوری تنظیم کنید که چندین نفر قادر باشند همزمان بر روی آن کار کنند، از زبانه Review و از بخش Changes بر روی گزینه .......... کلیک می کنیم.","answers":[{"id":"7968","description":"Share","iscorrect":0},{"id":"7969","description":"Share Workbook","iscorrect":1},{"id":"7970","description":"Workbook","iscorrect":0},{"id":"7971","description":"Share Cells","iscorrect":0}]},{"id":"2099","description":"کسانی که رمز Password to open از یک سند اکسل را در اختیار داشته باشند:","answers":[{"id":"7972","description":"می توانند یک Workbook و اسناد مشابه آن در آفیس را باز کرده و در آن تغییر ایجاد کنند.","iscorrect":0},{"id":"7973","description":"می توانند یک Workbook و اسناد مشابه آن را باز کرده و فقط آنها را مشاهده کنند.","iscorrect":0},{"id":"7974","description":"می توانند یک Workbook را باز کرده و در آن تغییرات اعمال کنند.","iscorrect":0},{"id":"7975","description":"تنها قادر به باز كردن Workbook و مشاهده اطلاعات موجود در آن خواهند بود.","iscorrect":1}]},{"id":"2100","description":"برای حفاظت از یک Worksheet از کدام گزینه استفاده می کنیم؟ (راهنمایی: این گزینه را وقتی بر روی یک برگه راست کلیک می کنیم، مشاهده می کنیم.)","answers":[{"id":"7976","description":"Protect sheet","iscorrect":1},{"id":"7977","description":"Protect workbook","iscorrect":0},{"id":"7978","description":"Worksheet","iscorrect":0},{"id":"7979","description":"Workbook","iscorrect":0}]},{"id":"2101","description":"برای ایجاد یک رمز عبور، به هنگام ذخیره سازی، گزینه Save as را انتخاب می کنیم و سپس در پنجره باز شده، بر روی دکمه Tools کلیک کرده و گزینه ........... را انتخاب می کنیم.","answers":[{"id":"7980","description":"Mailing","iscorrect":0},{"id":"7981","description":"Page Layout","iscorrect":0},{"id":"7982","description":"General Option","iscorrect":1},{"id":"7983","description":"Password","iscorrect":0}]}]},{"score":"60","questions":[{"id":"2102","description":"به چه دلیل دو برگه را با یکدیگر مرتبط می کنند؟","answers":[{"id":"7984","description":"به این دلیل که صفحه به دو بخش تقسیم شود و هر دو برگه به کاربر نشان داده شود.","iscorrect":0},{"id":"7985","description":"به این دلیل که سلول ها به صورت ثابت و برگه ها به صورت متحرک درآیند.","iscorrect":0},{"id":"7986","description":"به این دلیل که هر تغییری در مقادیر سلول های یک برگه اعمال گردید، این تغییرات به طور خودکار در برگه مرتبط با آن نیز اعمال شود.","iscorrect":1},{"id":"7987","description":"هیچکدام","iscorrect":0}]},{"id":"2103","description":"وظیفه گزینه Share Workbook چیست؟","answers":[{"id":"7988","description":"این گزینه باعث می شود که چندین کاربر قادر باشند همزمان بر روی یک کاربرگ کار کنند.","iscorrect":1},{"id":"7989","description":"از این گزینه برای حذف گروهی از سلول های انتخاب شده استفاده می شود.","iscorrect":0},{"id":"7990","description":"این گزینه برای جابه جایی سلول های انتخاب شده استفاده می شود.","iscorrect":0},{"id":"7991","description":"این گزینه برای تقسیم کردن صفحه برای نمایش سلول های «دور از دسترس» کاربرد دارد.","iscorrect":0}]},{"id":"2104","description":"کسانی که رمز Password to modify از یک سند اکسل را در اختیار داشته باشند:","answers":[{"id":"7992","description":"می توانند یک Workbook و اسناد مشابه آن در آفیس را باز کرده و در آن تغییر ایجاد کنند.","iscorrect":0},{"id":"7993","description":"می توانند یک Workbook و اسناد مشابه آن را باز کرده و فقط آنها را مشاهده کنند.","iscorrect":0},{"id":"7994","description":"می توانند یک Workbook را باز کرده و در آن تغییرات اعمال کنند.","iscorrect":1},{"id":"7995","description":"تنها قادر به باز كردن Workbook و مشاهده اطلاعات موجود در آن خواهند بود.","iscorrect":0}]},{"id":"2105","description":"وظیفه گزینه Protect Sheet چیست؟","answers":[{"id":"7996","description":"حفاظت از Worksheet","iscorrect":1},{"id":"7997","description":"حفاظت از سلول","iscorrect":0},{"id":"7998","description":"باز کردن اسناد دارای رمز در اکسل","iscorrect":0},{"id":"7999","description":"باز کردن و ویرایش اسناد دارای رمز در اکسل","iscorrect":0}]},{"id":"2106","description":"از کدام گزینه برای خارج کردن یک Worksheet از حالت حفاظت شده استفاده می کنیم؟","answers":[{"id":"8000","description":"Unprotect Sheet","iscorrect":1},{"id":"8001","description":"Protect Workbook","iscorrect":0},{"id":"8002","description":"Worksheet","iscorrect":0},{"id":"8003","description":"Workbook","iscorrect":0}]}]}]},{"name":"درس هفتم- ورود مراجع و اطلاعات خارجی به اکسل","id":"377","contentorder":"14","lesson_number":7,"type":0,"filename":"lesson377.html"},{"name":"ورود مراجع و اطلاعات خارجی به اکسل","id":"624","contentorder":"15","type":1,"set":[{"score":"60","questions":[{"id":"2107","description":"از کدامیک از بخش های زیر برای متمایز کردن سلول های داخلی با یکدیگر استفاده می شود؟","answers":[{"id":"8004","description":"Table Styles Option","iscorrect":1},{"id":"8005","description":"Table Insert","iscorrect":0},{"id":"8006","description":"Smart Art","iscorrect":0},{"id":"8007","description":"Shape Filling","iscorrect":0}]},{"id":"2108","description":"از کدام گزینه برای درج اشکال گرافیکی استفاده می شود؟","answers":[{"id":"8008","description":"Smart Art","iscorrect":0},{"id":"8009","description":"Table","iscorrect":0},{"id":"8010","description":"Picture","iscorrect":0},{"id":"8011","description":"Shape","iscorrect":1}]},{"id":"2109","description":"برای وارد کردن اطلاعات از منابع خارجی، از گزینه های بخش ......... از زبانه Data استفاده می کنیم.","answers":[{"id":"8012","description":"Connections","iscorrect":0},{"id":"8013","description":"Sort and Filter","iscorrect":0},{"id":"8014","description":"Data Tools","iscorrect":0},{"id":"8015","description":"Get External Data","iscorrect":1}]},{"id":"2110","description":"وظیفه گزینه Hide Rows چیست؟","answers":[{"id":"8016","description":"ادغام سلول ها با یکدیگر","iscorrect":0},{"id":"8017","description":"مخفی کردن سطر","iscorrect":1},{"id":"8018","description":"پاک کردن دسته ای از سلول های انتخاب شده","iscorrect":0},{"id":"8019","description":"درج جدول","iscorrect":0}]},{"id":"2111","description":"برای مخفی کردن سطر، ستون و یا کاربرگ ها، ابتدا باید سطر، ستون و یا کاربرگ مورد نظر را انتخاب کرده، سپس از زبانه Home و از بخش Cells بر روی گزینه ........... کلیک کرد.","answers":[{"id":"8020","description":"Connection","iscorrect":0},{"id":"8021","description":"Filter","iscorrect":0},{"id":"8022","description":"Format","iscorrect":1},{"id":"8023","description":"Data","iscorrect":0}]}]},{"score":"60","questions":[{"id":"2112","description":"از کدام گزینه برای درج یک جدول استفاده می شود؟","answers":[{"id":"8024","description":"Smart Art","iscorrect":0},{"id":"8025","description":"Table","iscorrect":1},{"id":"8026","description":"Picture","iscorrect":0},{"id":"8027","description":"Shape","iscorrect":0}]},{"id":"2113","description":"وظیفه گزینه Symbol چیست؟","answers":[{"id":"8028","description":"درج جدول در یک صفحه گسترده","iscorrect":0},{"id":"8029","description":"درج نمادهای موجود در اکسل","iscorrect":1},{"id":"8030","description":"درج متن به صورت برجسته","iscorrect":0},{"id":"8031","description":"درج تصویر","iscorrect":0}]},{"id":"2114","description":"از کدامیک از بخش های زیر برای تفکیک رنگی سلول ها استفاده می شود؟","answers":[{"id":"8032","description":"Table Styles","iscorrect":1},{"id":"8033","description":"Table Insert","iscorrect":0},{"id":"8034","description":"Smart Art","iscorrect":0},{"id":"8035","description":"Shape Filling","iscorrect":0}]},{"id":"2115","description":"وظیفه گزینه Hide Sheets چیست؟","answers":[{"id":"8036","description":"ادغام سلول ها با یکدیگر","iscorrect":0},{"id":"8037","description":"مخفی کردن برگه","iscorrect":1},{"id":"8038","description":"پاک کردن دسته ای از سلول های انتخاب شده","iscorrect":0},{"id":"8039","description":"درج جدول","iscorrect":0}]},{"id":"2116","description":"پاسخ مناسب برای مکان های خالی کدام گزینه است: «برای آشکار کردن سطرها، ستون ها و برگه ها مراحل بالا را طی کنید، اما در آخرین مرحله و به جای انتخاب گزینه های مخفی کردن (.................) گزینه های در آوردن سطرها، ستون ها و برگه ها از حالت مخفی (..................) را انتخاب کنید تا سلول ها مجددا آشکار شوند.","answers":[{"id":"8040","description":"Hide و Unhide","iscorrect":1},{"id":"8041","description":"Secure و Unsecure","iscorrect":0},{"id":"8042","description":"View و Unviewed","iscorrect":0},{"id":"8043","description":"Hide و Unsecure","iscorrect":0}]}]}]},{"name":"درس هشتم- کار با توابع و فرمول ها","id":"378","contentorder":"16","lesson_number":8,"type":0,"filename":"lesson378.html"},{"name":"کار با توابع و فرمول ها","id":"626","contentorder":"17","type":1,"set":[{"score":"60","questions":[{"id":"2117","description":"برای درج فرمول در یک سلول، ابتدا کاراکتر ............... را تایپ می کنیم و سپس فرمول را طبق قواعدی که در این درس آموختیم، به سلول وارد می کنیم.","answers":[{"id":"8044","description":"&","iscorrect":0},{"id":"8045","description":"=","iscorrect":1},{"id":"8046","description":"٪","iscorrect":0},{"id":"8047","description":"!","iscorrect":0}]},{"id":"2118","description":"کدامیک از تعریف های زیر برای نوشتن فرمول درست نیست؟","answers":[{"id":"8048","description":"هر فرمول ممکن است دارای اجزایی همچون مقادیر ثابت، آدرس سلول ها، عملگرها و توابع باشد.","iscorrect":0},{"id":"8049","description":"در فرمول نویسی باید مقادیر ثابت متنی را بین دو علامت \" قرار دهیم. در این صورت محاسبه ای روی این مقادیر انجام نمی شود.","iscorrect":0},{"id":"8050","description":"وقتی که از آدرس سلول ها در نوشتن فرمول استفاده می کنیم، در واقع با مقادیر متغیر کار می کنیم.","iscorrect":0},{"id":"8051","description":"در فرمول نویسی باید توابع را در داخل گیومه «» قرار داد و هر تابع را با علامت + از یکدیگر جدا کرد.","iscorrect":1}]},{"id":"2119","description":"کدامیک از عملگرهای زیر یک عملگر محاسباتی نیست؟","answers":[{"id":"8052","description":"+","iscorrect":0},{"id":"8053","description":"&","iscorrect":1},{"id":"8054","description":"^","iscorrect":0},{"id":"8055","description":"-","iscorrect":0}]},{"id":"2120","description":"کدامیک از عملگرهای زیر دارای پایین ترین اولویت است؟","answers":[{"id":"8056","description":"+","iscorrect":1},{"id":"8057","description":"()","iscorrect":0},{"id":"8058","description":"٪","iscorrect":0},{"id":"8059","description":"^","iscorrect":0}]},{"id":"2121","description":"وظیفه تابع SUM چییست؟","answers":[{"id":"8060","description":"برای ضرب دو عدد به کار می رود.","iscorrect":0},{"id":"8061","description":"برای تقسیم دو عدد به کار می رود.","iscorrect":0},{"id":"8062","description":"برای جمع اعداد به کار می رود.","iscorrect":1},{"id":"8063","description":"برای تفریق اعداد به کار می رود.","iscorrect":0}]}]},{"score":"60","questions":[{"id":"2122","description":"کدامیک از عملگرهای زیر به منظور الحاق دو رشته (عملگر رشته ای) به کار می رود؟","answers":[{"id":"8064","description":"&","iscorrect":1},{"id":"8065","description":"=","iscorrect":0},{"id":"8066","description":"٪","iscorrect":0},{"id":"8067","description":"!","iscorrect":0}]},{"id":"2123","description":"در فرمول نویسی باید مقادیر ثابت متنی را بین دو علامت ............ قرار دهیم.","answers":[{"id":"8068","description":"=","iscorrect":0},{"id":"8069","description":"\"","iscorrect":1},{"id":"8070","description":"!","iscorrect":0},{"id":"8071","description":"^","iscorrect":0}]},{"id":"2124","description":"کدامیک از عملگرهای زیر دارای بالاترین اولویت است؟","answers":[{"id":"8072","description":"+","iscorrect":0},{"id":"8073","description":"()","iscorrect":1},{"id":"8074","description":"٪","iscorrect":0},{"id":"8075","description":"^","iscorrect":0}]},{"id":"2125","description":"همانطور که می دانید، توابع در نرم افزار اکسل براساس کاربردهایشان گروه بندی شده اند. کدامیک از گروه های زیر جزء توابع اکسل نیست؟","answers":[{"id":"8076","description":"توابع مالی","iscorrect":0},{"id":"8077","description":"توابع تاریخ و ساعت","iscorrect":0},{"id":"8078","description":"توابع ریاضی و مثلثاتی","iscorrect":0},{"id":"8079","description":"توابع بانکداری","iscorrect":1}]},{"id":"2126","description":"کدام گزینه بیانگر وظیفه تابع SUM است؟","answers":[{"id":"8080","description":"برای ضرب دو عدد به کار می رود.","iscorrect":0},{"id":"8081","description":"برای تقسیم دو عدد به کار می رود.","iscorrect":0},{"id":"8082","description":"برای جمع اعداد به کار می رود.","iscorrect":1},{"id":"8083","description":"برای تفریق اعداد به کار می رود.","iscorrect":0}]}]}]},{"name":"درس نهم- معرفی برخی توابع","id":"379","contentorder":"18","lesson_number":9,"type":0,"filename":"lesson379.html"},{"name":"معرفی برخی توابع","id":"628","contentorder":"19","type":1,"set":[{"score":"60","questions":[{"id":"2127","description":"ورودی های تابع SUM:","answers":[{"id":"8084","description":"یک مقدار رشته ای است.","iscorrect":0},{"id":"8085","description":"یک مقدار متنی‌ است.","iscorrect":0},{"id":"8086","description":"یک مقدار عددی‌ است.","iscorrect":1},{"id":"8087","description":"یک مقدار با ساختار تاریخ است.","iscorrect":0}]},{"id":"2128","description":"کدام گزینه، بیانگر وظیفه تابع COUNTIF است؟","answers":[{"id":"8088","description":"این تابع سلول های حاوی مقادیر عددی را می شمارد. باید توجه داشت که توسط این تابع، سلول های متنی و سلول های خالی شمارش نمی شوند.","iscorrect":0},{"id":"8089","description":"این تابع کمترین مقدار بین اعداد را مشخص می کند.","iscorrect":0},{"id":"8090","description":"با استفاده از این تابع می توان جزء صحیح یک عدد اعشاری را تعیین کرد.","iscorrect":0},{"id":"8091","description":"از این تابع برای شمارش تعداد سلول هایی که دارای شرایط خاصی هستند، استفاده می شود.","iscorrect":1}]},{"id":"2129","description":"وظیفه تابع PMT چیست؟","answers":[{"id":"8092","description":"از این تابع برای محاسبه میزان بازپرداخت ماهانه برای وام با اقساط و بهره ثابت استفاده می شود.","iscorrect":1},{"id":"8093","description":"از این تابع برای محاسبه میانگین چند عدد استفاده می شود.","iscorrect":0},{"id":"8094","description":"از این تابع برای محاسبه میانگین چند عدد استفاده می شود.","iscorrect":0},{"id":"8095","description":"این تابع مجموع مقادیر عددی را محاسبه می کند.","iscorrect":0}]},{"id":"2130","description":"از کدام یک از توابع زیر برای گرد کردن عدد اعشار با تعداد ارقام اعشار دلخواه استفاده می شود؟","answers":[{"id":"8096","description":"SUM","iscorrect":0},{"id":"8097","description":"COUNT","iscorrect":0},{"id":"8098","description":"ROUND","iscorrect":1},{"id":"8099","description":"MAX","iscorrect":0}]},{"id":"2131","description":"ساختار تابعی با ورودی های (Range, Criteria) بیانگر کدامیک از توابع زیر است؟","answers":[{"id":"8100","description":"COUNTIF","iscorrect":1},{"id":"8101","description":"COUNT","iscorrect":0},{"id":"8102","description":"ROUND","iscorrect":0},{"id":"8103","description":"MAX","iscorrect":0}]}]},{"score":"60","questions":[{"id":"2132","description":"کدام گزینه، بیانگر وظیفه تابع SUM است؟","answers":[{"id":"8104","description":"برای ضرب دو عدد به کار می رود.","iscorrect":0},{"id":"8105","description":"برای تقسیم دو عدد به کار می رود.","iscorrect":0},{"id":"8106","description":"این تابع مجموع مقادیر عددی را محاسبه می کند.","iscorrect":1},{"id":"8107","description":"برای تفریق اعداد به کار می رود.","iscorrect":0}]},{"id":"2133","description":"ورودی های تابع INT:","answers":[{"id":"8108","description":"یک مقدار رشته ای است.","iscorrect":0},{"id":"8109","description":"یک مقدار متنی‌ است.","iscorrect":0},{"id":"8110","description":"مشخص کننده یک عدد اعشاری است.","iscorrect":1},{"id":"8111","description":"یک مقدار با ساختار تاریخ است.","iscorrect":0}]},{"id":"2134","description":"کدام گزینه، بیانگر وظیفه تابع MIN است؟","answers":[{"id":"8112","description":"این تابع، سلول های حاوی مقادیر عددی را می شمارد. باید توجه داشت که توسط این تابع، سلول های متنی و سلول های خالی شمارش نمی شوند.","iscorrect":0},{"id":"8113","description":"این تابع کمترین مقدار بین اعداد را مشخص می کند.","iscorrect":1},{"id":"8114","description":"با استفاده از این تابع می توان جزء صحیح یک عدد اعشاری را تعیین کرد.","iscorrect":0},{"id":"8115","description":"از این تابع برای شمارش تعداد سلول هایی که دارای شرایط خاصی هستند، استفاده می شود.","iscorrect":0}]},{"id":"2135","description":"ساختار تابعی با ورودی های (Number,Num_digits) بیانگر کدامیک از توابع زیر است؟","answers":[{"id":"8116","description":"COUNTIF","iscorrect":0},{"id":"8117","description":"COUNT","iscorrect":0},{"id":"8118","description":"ROUND","iscorrect":1},{"id":"8119","description":"MAX","iscorrect":0}]},{"id":"2136","description":"کدام گزینه، بیانگر وظیفه تابع COUNT است؟","answers":[{"id":"8120","description":"این تابع، سلول های حاوی مقادیر عددی را می شمارد. باید توجه داشت که توسط این تابع، سلول های متنی و سلول های خالی شمارش نمی شوند.","iscorrect":1},{"id":"8121","description":"این تابع کمترین مقدار بین اعداد را مشخص می کند.","iscorrect":0},{"id":"8122","description":"با استفاده از این تابع می توان جزء صحیح یک عدد اعشاری را تعیین کرد.","iscorrect":0},{"id":"8123","description":"از این تابع برای شمارش تعداد سلول هایی که دارای شرایط خاصی هستند، استفاده می شود.","iscorrect":0}]}]}]},{"name":"درس دهم- کار با نمودارها","id":"380","contentorder":"20","lesson_number":10,"type":0,"filename":"lesson380.html"},{"name":"کار با نمودارها","id":"630","contentorder":"21","type":1,"set":[{"score":"60","questions":[{"id":"2137","description":"بعد از درج نمودار، سه زبانه به زبانه های اکسل اضافه می شوند. این زبانه ها عبارتند از:","answers":[{"id":"8124","description":"Design و View و Format","iscorrect":0},{"id":"8125","description":"View و Layout و Format","iscorrect":0},{"id":"8126","description":"Design و Layout و Format","iscorrect":1},{"id":"8127","description":"Design و Layout و View","iscorrect":0}]},{"id":"2138","description":"گزینه Save as Templates نمودار درج شده را در پوشه ای به نام ............. ذخیره می‌ کند تا در صورتی که دفعات بعدی مجددا به این نمودار احتیاج پیدا کردید، از آن استفاده کنید.","answers":[{"id":"8128","description":"Temporary","iscorrect":0},{"id":"8129","description":"Templates","iscorrect":1},{"id":"8130","description":"Temp","iscorrect":0},{"id":"8131","description":"Document","iscorrect":0}]},{"id":"2139","description":"وظیفه گزینه Format Selection چیست؟","answers":[{"id":"8132","description":"این گزینه برای تغییر نمودار درج شده به کار می رود.","iscorrect":0},{"id":"8133","description":"از این گزینه برای درج ستون به نمودار استفاده می شود.","iscorrect":0},{"id":"8134","description":"این گزینه سلول های یک صفحه گسترده را با یکدیگر ادغام می کند.","iscorrect":0},{"id":"8135","description":"با کلیک بر روی گزینه Format Selection، پنجره ای باز می شود که با استفاده از آن می توان ساختار نمودار را به شکل دلخواه نمایش داد.","iscorrect":1}]},{"id":"2140","description":"با استفاده از این بخش می توان نوشته های روی نمودار را به صورت «هنری» تغییر داد.","answers":[{"id":"8136","description":"Word Art Style","iscorrect":1},{"id":"8137","description":"Smart Art","iscorrect":0},{"id":"8138","description":"Symbols","iscorrect":0},{"id":"8139","description":"Citation","iscorrect":0}]},{"id":"2141","description":"برای نمایش درجه بندی محورهای نمودار از گزینه ……………… از بخش ………………. استفاده می شود.","answers":[{"id":"8140","description":"Gridlines و Data","iscorrect":0},{"id":"8141","description":"Gridlines و Axes","iscorrect":1},{"id":"8142","description":"Data و Axes","iscorrect":0},{"id":"8143","description":"Data و Gridlines","iscorrect":0}]}]},{"score":"60","questions":[{"id":"2142","description":"وظیفه گزینه Change Chart Type از زبانه Design چیست؟","answers":[{"id":"8144","description":"این گزینه برای تغییر نمودار درج شده به کار می رود.","iscorrect":1},{"id":"8145","description":"از این گزینه برای درج ستون به نمودار استفاده می شود.","iscorrect":0},{"id":"8146","description":"این گزینه سلول های یک صفحه گسترده را با یکدیگر ادغام می کند.","iscorrect":0},{"id":"8147","description":"از این گزینه برای تغییر رنگ نمودار استفاده می شود.","iscorrect":0}]},{"id":"2143","description":"وظیفه گزینه Switch Row/Columns چیست؟","answers":[{"id":"8148","description":"از این گزینه برای تغییر شکل نمودار جاری استفاده می شود.","iscorrect":0},{"id":"8149","description":"‌این گزینه سطرها و ستون های نمودار را به رنگ دلخواه تغییر می دهد.","iscorrect":0},{"id":"8150","description":"این گزینه جای سطرها و ستون های نمودار را با یکدیگر عوض می کند.","iscorrect":1},{"id":"8151","description":"با کلیک بر روی این گزینه پنجره ای باز می شود که با استفاده از آن می توان ساختار نمودار را به شکل دلخواه نمایش داد.","iscorrect":0}]},{"id":"2144","description":"گزینه ........... رنگ و ظاهر نمودار را تغییر می دهد و تغییری در ساختار آن نمی دهد.","answers":[{"id":"8152","description":"Temporary","iscorrect":0},{"id":"8153","description":"Templates","iscorrect":0},{"id":"8154","description":"Temp","iscorrect":0},{"id":"8155","description":"Chart Style","iscorrect":1}]},{"id":"2145","description":"با استفاده از این بخش می توان نوشته های روی نمودار را به صورت «هنری» تغییر داد.","answers":[{"id":"8156","description":"Word Art Style","iscorrect":1},{"id":"8157","description":"Smart Art","iscorrect":0},{"id":"8158","description":"Symbols","iscorrect":0},{"id":"8159","description":"Citation","iscorrect":0}]},{"id":"2146","description":"کدامیک از گزینه های زیر برای ایجاد یک نمودار ستونی به کار می رود؟","answers":[{"id":"8160","description":"Row","iscorrect":0},{"id":"8161","description":"Circle","iscorrect":0},{"id":"8162","description":"Column","iscorrect":1},{"id":"8163","description":"Square","iscorrect":0}]}]}]},{"name":"درس یازدهم- كار با ليست ها","id":"381","contentorder":"22","lesson_number":11,"type":0,"filename":"lesson381.html"},{"name":"كار با ليست ها","id":"632","contentorder":"23","type":1,"set":[{"score":"60","questions":[{"id":"2147","description":"منظور از لیست، جدول حاوی اطلاعات است که معمولا سطرهای آن را ............... و ستون های آن را .................. می نامند.","answers":[{"id":"8164","description":"رکورد، دیتا","iscorrect":0},{"id":"8165","description":"دیتا، فیلد","iscorrect":0},{"id":"8166","description":"رکورد، فیلد","iscorrect":1},{"id":"8167","description":"دیتا، رکورد","iscorrect":0}]},{"id":"2148","description":"با استفاده از کدام قابلیت زیر می توان داده های متنی تکراری یا مشابه را در اکسل وارد کرد؟","answers":[{"id":"8168","description":"AutoFill","iscorrect":0},{"id":"8169","description":"AutoComplete","iscorrect":1},{"id":"8170","description":"Auto Cells","iscorrect":0},{"id":"8171","description":"Filling repeated cells","iscorrect":0}]},{"id":"2149","description":"برای مرتب کردن یک لیست به ترتیب حروف الفبا، ابتدا یکی از سلول های ستون را انتخاب کرده و سپس از زبانه Data و در بخش Sort & Filter روی دکمه ................ کلیک می کنیم.","answers":[{"id":"8172","description":"Sort A to Z","iscorrect":1},{"id":"8173","description":"Filter A to Z","iscorrect":0},{"id":"8174","description":"Sort Z to A","iscorrect":0},{"id":"8175","description":"Filter Z to A","iscorrect":0}]},{"id":"2150","description":"منظور از فیلتر کردن (Filter) چیست؟","answers":[{"id":"8176","description":"مرتب سازی سلول ها براساس حروف الفبا","iscorrect":0},{"id":"8177","description":"مرتب سازی براساس تاریخ و ساعت درج سلول در صفحه گسترده","iscorrect":0},{"id":"8178","description":"محدود کردن نمایش اطلاعات براساس یک یا چند داده خاص","iscorrect":1},{"id":"8179","description":"مخفی کردن اطلاعات","iscorrect":0}]},{"id":"2151","description":"برای کنترل اعتبار داده های ورودی، از زبانه Data بر روی گزینه .................. کلیک و از منوی باز شده گزينه Data Validation… را انتخاب می کنیم.","answers":[{"id":"8180","description":"Data Filtering","iscorrect":0},{"id":"8181","description":"Data Validation","iscorrect":1},{"id":"8182","description":"Filtering Validation","iscorrect":0},{"id":"8183","description":"Filtering Data","iscorrect":0}]}]},{"score":"60","questions":[{"id":"2152","description":"سطرهای یک جدول حاوی اطلاعات را .............. می نامند.","answers":[{"id":"8184","description":"رکورد","iscorrect":1},{"id":"8185","description":"فیلد","iscorrect":0},{"id":"8186","description":"دیتابیس","iscorrect":0},{"id":"8187","description":"دیتا","iscorrect":0}]},{"id":"2153","description":"برای مرتب کردن یک لیست از حرف ی تا الف، ابتدا یکی از سلول های ستون را انتخاب کرده و سپس از زبانه Data و در بخش Sort & Filter روی دکمه .............. کلیک می کنیم.","answers":[{"id":"8188","description":"Sort A to Z","iscorrect":0},{"id":"8189","description":"Filter A to Z","iscorrect":0},{"id":"8190","description":"Sort Z to A","iscorrect":1},{"id":"8191","description":"Filter Z to A","iscorrect":0}]},{"id":"2154","description":"در لیست های طولانی برای مشاهده داده های خاص می توان از قابلیت ............... استفاده کرده و نمایش اطلاعات را براساس یک یا چند داده خاص محدود کرد.","answers":[{"id":"8192","description":"Mailing","iscorrect":0},{"id":"8193","description":"Sort","iscorrect":0},{"id":"8194","description":"Filter","iscorrect":1},{"id":"8195","description":"View","iscorrect":0}]},{"id":"2155","description":"منظور از فیلتر کردن (Filter) چیست؟","answers":[{"id":"8196","description":"مرتب سازی سلول ها بر اساس حروف الفبا","iscorrect":0},{"id":"8197","description":"مرتب سازی براساس تاریخ و ساعت درج سلول در صفحه گسترده","iscorrect":0},{"id":"8198","description":"محدود کردن نمایش اطلاعات براساس یک یا چند داده خاص","iscorrect":1},{"id":"8199","description":"مخفی کردن اطلاعات","iscorrect":0}]},{"id":"2156","description":"در پنجره Data Validation از کدام زبانه می توان یک پیغام را تعریف کرد که در حین ورود داده ها، شرایط مجاز را به کاربر یادآوری کند؟","answers":[{"id":"8200","description":"Setting","iscorrect":0},{"id":"8201","description":"Input Message","iscorrect":1},{"id":"8202","description":"Error Alert","iscorrect":0},{"id":"8203","description":"Data","iscorrect":0}]}]}]},{"name":"درس دوازدهم- چاپ اطلاعات و تنظیمات مربوط به آن","id":"382","contentorder":"24","lesson_number":12,"type":0,"filename":"lesson382.html"},{"name":"چاپ اطلاعات و تنظیمات مربوط به آن","id":"634","contentorder":"25","type":1,"set":[{"score":"60","questions":[{"id":"2157","description":"با استفاده از کدامیک از دکمه های زیر (که در زبانه Page Layout و در بخش Page Setup قرار دارد) می توان ناحیه چاپ را مشخص کرد؟","answers":[{"id":"8204","description":"Print Screen","iscorrect":0},{"id":"8205","description":"Print Setting","iscorrect":0},{"id":"8206","description":"Print Area","iscorrect":1},{"id":"8207","description":"Print Cells","iscorrect":0}]},{"id":"2158","description":"هنگام چاپ یک صفحه گسترده، خطوط خاکستری رنگی که به عنوان کادر اطراف سلول در برگه مشاهده می شوند، به طور پیش فرض چاپ نمی شوند. برای چاپ این خطوط از زبانه Page Layout گروه Sheet Options گزینه ………….. از قسمت ………………. را انتخاب می کنیم.","answers":[{"id":"8208","description":"Print و Options","iscorrect":0},{"id":"8209","description":"Option و Print","iscorrect":0},{"id":"8210","description":"Print و Gridlines","iscorrect":1},{"id":"8211","description":"Option و Gridlines","iscorrect":0}]},{"id":"2159","description":"کدام گزینه برای جدا کردن صفحات از یکدیگر کاربرد دارد؟","answers":[{"id":"8212","description":"Page Break","iscorrect":1},{"id":"8213","description":"Page Setup","iscorrect":0},{"id":"8214","description":"Page Separate","iscorrect":0},{"id":"8215","description":"Page Layout","iscorrect":0}]},{"id":"2160","description":"نرم افزار اکسل به طور پیش فرض اندازه کاغذ را به حالتی که آن را .............. تعریف کرده، تعیین می کند.","answers":[{"id":"8216","description":"A4","iscorrect":0},{"id":"8217","description":"A3","iscorrect":0},{"id":"8218","description":"A5","iscorrect":0},{"id":"8219","description":"Letter","iscorrect":1}]},{"id":"2161","description":"در پنجره Print با استفاده از گزینه Copies می توان:","answers":[{"id":"8220","description":"تعداد نسخه های چاپی را مشخص کرد.","iscorrect":1},{"id":"8221","description":"ناحیه چاپ تعیین شده را نادیده گرفت.","iscorrect":0},{"id":"8222","description":"تمام صفحات را چاپ کرد.","iscorrect":0},{"id":"8223","description":"صفحات را به صورت خالی (Blank) چاپ کرد.","iscorrect":0}]}]},{"score":"60","questions":[{"id":"2162","description":"منظور از گزینه Print Area چیست؟","answers":[{"id":"8224","description":"با استفاده از این گزینه می توان پرینتر را به دلخواه کاربر تنظیم کرد.","iscorrect":0},{"id":"8225","description":"این گزینه سلول ها را در برگه A4 مرتب سازی می کند.","iscorrect":0},{"id":"8226","description":"با استفاده از این گزینه می توان محدوده چاپ را مشخص کرد.","iscorrect":1},{"id":"8227","description":"این گزینه برای جدا کردن صفحات از یکدیگر به کار می رود.","iscorrect":0}]},{"id":"2163","description":"وظیفه گزینه Page Break چیست؟","answers":[{"id":"8228","description":"با استفاده از این گزینه می توان پرینتر را به دلخواه کاربر تنظیم کرد.","iscorrect":0},{"id":"8229","description":"این گزینه سلول ها را در برگه A4 مرتب سازی می کند.","iscorrect":0},{"id":"8230","description":"با استفاده از این گزینه می توان محدوده چاپ را مشخص کرد.","iscorrect":0},{"id":"8231","description":"این گزینه برای جدا کردن صفحات از یکدیگر به کار می رود.","iscorrect":1}]},{"id":"2164","description":"در پنجره Print با استفاده از گزینه Ignore print areas می توان:","answers":[{"id":"8232","description":"تعداد نسخه های چاپی را مشخص کرد.","iscorrect":0},{"id":"8233","description":"ناحیه چاپ تعیین شده را نادیده گرفت.","iscorrect":1},{"id":"8234","description":"تمام صفحات را چاپ کرد.","iscorrect":0},{"id":"8235","description":"صفحات را به صورت خالی (Blank) چاپ کرد.","iscorrect":0}]},{"id":"2165","description":"نرم افزار اکسل به طور پیش فرض اندازه کاغذ را به حالتی که آن را ............. تعریف کرده، تعیین می کند.","answers":[{"id":"8236","description":"A4","iscorrect":0},{"id":"8237","description":"A3","iscorrect":0},{"id":"8238","description":"A5","iscorrect":0},{"id":"8239","description":"Letter","iscorrect":1}]},{"id":"2166","description":"برای پیش نمایش چاپ از کدام گزینه استفاده می شود؟","answers":[{"id":"8240","description":"Print Preview","iscorrect":1},{"id":"8241","description":"Print Setting","iscorrect":0},{"id":"8242","description":"Print Area","iscorrect":0},{"id":"8243","description":"Print Cells","iscorrect":0}]}]}]},{"name":"دوره مایکروسافت آفیس- اکسل- آزمون نهایی","id":"636","contentorder":"26","type":1,"set":[{"score":"50","questions":[{"id":"2167","description":"مهمترین کاربرد نرم افزار اکسل چیست؟","answers":[{"id":"8244","description":"انجام محاسبات ریاضی و حسابداری","iscorrect":1},{"id":"8245","description":"ارائه بهتر سمینارها و سخنرانی ها","iscorrect":0},{"id":"8246","description":"ایجاد و مدیریت پایگاه های اطلاعاتی","iscorrect":0},{"id":"8247","description":"ارسال و دریافت نامه الکترونیکی و مدیریت نامه ها","iscorrect":0}]},{"id":"2168","description":"تعریف زیر مربوط به کدام زبانه در نرم افزار اکسل است: «با استفاده از گزینه های این زبانه می توانید تغییرات خاصی در نرم افزار ایجاد کنید. مثلا تصحیح گر واژگان را به دلخواه خودتان تنظیم کنید، از مترجم اسناد اکسل برای بهبود کیفیت متون درج شده در سلول ها استفاده کنید، متن تان را با متون دیگر مقایسه کنید، از پروژه اکسل تان به طور امنیتی محافظت کنید و...»","answers":[{"id":"8248","description":"Review","iscorrect":1},{"id":"8249","description":"Mailing","iscorrect":0},{"id":"8250","description":"Insert","iscorrect":0},{"id":"8251","description":"Home","iscorrect":0}]},{"id":"2169","description":"داده های ثابتی را که در یک سلول وارد می کنید را «مقدار» گویند. مقدارها به چهار بخش ...................... تقسیم می شوند.","answers":[{"id":"8252","description":"«عدد»، «عکس»، «تاریخ» و «ساعت»","iscorrect":0},{"id":"8253","description":"«عدد»، «متن»، «تاریخ» و «ساعت»","iscorrect":1},{"id":"8254","description":"«عدد»، «عکس»، «تاریخ» و «متن»","iscorrect":0},{"id":"8255","description":"«عدد»، «متن»، «عکس» و «ساعت»","iscorrect":0}]},{"id":"2170","description":"کدام عملگر ریاضی، بالاترین تقدم را دارد؟","answers":[{"id":"8256","description":"^","iscorrect":1},{"id":"8257","description":"+","iscorrect":0},{"id":"8258","description":"/","iscorrect":0},{"id":"8259","description":"٪","iscorrect":0}]},{"id":"2171","description":"وظیفه گزینه Row Insert Sheet چیست؟","answers":[{"id":"8260","description":"اضافه کردن سطر","iscorrect":1},{"id":"8261","description":"اضافه کردن خط عمودی","iscorrect":0},{"id":"8262","description":"اضافه کردن ستون","iscorrect":0},{"id":"8263","description":"اضافه کردن خط افقی","iscorrect":0}]},{"id":"2172","description":"استفاده از کدام گزینه باعث می شود که اعداد به صورت «سه رقم به سه رقم» از یکدیگر جدا شوند؟","answers":[{"id":"8264","description":"Comma Style","iscorrect":1},{"id":"8265","description":"Mailings","iscorrect":0},{"id":"8266","description":"References","iscorrect":0},{"id":"8267","description":"Digit","iscorrect":0}]},{"id":"2173","description":"از گزینه های Grow Font و Shrink Font برای ........................ استفاده می شوند.","answers":[{"id":"8268","description":"رنگ آمیزی سلول ها و محتویات آنها","iscorrect":0},{"id":"8269","description":"ادغام سلول ها و خارج کردن آنها از حالت اقدام","iscorrect":0},{"id":"8270","description":"کوچک کردن و بزرگ کردن سریع واژه ها","iscorrect":1},{"id":"8271","description":"تغییر شکل فونت نوشته شده در یک سلول","iscorrect":0}]},{"id":"2174","description":"در برخی از پروژه ها، ممکن است اطلاعات زیادی در صفحه گسترده داشته باشید و نیاز داشته باشید که سلول هایی پراکنده ای که در یک صفحه نیستند را همزمان مشاهده کنید. در این مواقع از قابلیت .................... یا تقسیم کردن استفاده می شود.","answers":[{"id":"8272","description":"References","iscorrect":0},{"id":"8273","description":"Workbook","iscorrect":0},{"id":"8274","description":"Insert Sheet","iscorrect":0},{"id":"8275","description":"Split","iscorrect":1}]},{"id":"2175","description":"کدام یک از گزینه های زیر جزو قوانین نام گذاری در یک برگه نیست؟","answers":[{"id":"8276","description":"نام باید حداكثر ۳۱ كاراكتر باشد.","iscorrect":0},{"id":"8277","description":"از کاراکترهای غیرمجاز در نامگذاری استفاده نشود. این کاراکتر‌ها عبارتند از: ؟ / \\ [] *","iscorrect":0},{"id":"8278","description":"استفاده از اعداد، سایر کاراکتر‌ها و کاراکتر فاصله در نامگذاری مجاز است.","iscorrect":0},{"id":"8279","description":"استفاده از واژه فارسی برای نام مجاز نیست.","iscorrect":1}]},{"id":"2176","description":"برای حفاظت از یک Worksheet از کدام گزینه استفاده می کنیم؟ (این گزینه را وقتی بر روی یک برگه راست کلیک می کنیم، مشاهده می کنیم.)","answers":[{"id":"8280","description":"Protect Sheet","iscorrect":1},{"id":"8281","description":"Protect Workbook","iscorrect":0},{"id":"8282","description":"Worksheet","iscorrect":0},{"id":"8283","description":"Workbook","iscorrect":0}]}]},{"score":"50","questions":[{"id":"2177","description":"برای وارد کردن اطلاعات از منابع خارجی، از گزینه های بخش .................. از زبانه Data استفاده می کنیم.","answers":[{"id":"8284","description":"Connections","iscorrect":0},{"id":"8285","description":"Sort and Filter","iscorrect":0},{"id":"8286","description":"Data Tools","iscorrect":0},{"id":"8287","description":"Get External Data","iscorrect":1}]},{"id":"2178","description":"وظیفه گزینه Hide Rows چیست؟","answers":[{"id":"8288","description":"ادغام سلول ها با یکدیگر","iscorrect":0},{"id":"8289","description":"مخفی کردن سطر","iscorrect":1},{"id":"8290","description":"پاک کردن دسته ای از سلول های انتخاب شده","iscorrect":0},{"id":"8291","description":"درج جدول","iscorrect":0}]},{"id":"2179","description":"کدامیک از عملگرهای زیر به منظور الحاق دو رشته (عملگر رشته ای) به کار می رود؟","answers":[{"id":"8292","description":"&","iscorrect":1},{"id":"8293","description":"=","iscorrect":0},{"id":"8294","description":"%","iscorrect":0},{"id":"8295","description":"!","iscorrect":0}]},{"id":"2180","description":"کدام گزینه بیانگر وظیفه تابع COUNT است؟","answers":[{"id":"8296","description":"این تابع سلول های حاوی مقادیر عددی را می شمارد. باید توجه داشت که توسط این تابع، سلول های متنی و سلول های خالی شمارش نمی شوند.","iscorrect":1},{"id":"8297","description":"این تابع کمترین مقدار بین اعداد را مشخص می کند.","iscorrect":0},{"id":"8298","description":"با استفاده از این تابع می توان جزء صحیح یک عدد اعشاری را تعیین کرد.","iscorrect":0},{"id":"8299","description":"از این تابع برای شمارش تعداد سلول هایی که دارای شرایط خاصی هستند، استفاده می شود.","iscorrect":0}]},{"id":"2181","description":"ورودی های تابع INT:","answers":[{"id":"8300","description":"یک مقدار رشته ای است.","iscorrect":0},{"id":"8301","description":"یک مقدار متنی است.","iscorrect":0},{"id":"8302","description":"مشخص کننده یک عدد اعشاری است.","iscorrect":1},{"id":"8303","description":"یک مقدار با ساختار تاریخ است.","iscorrect":0}]},{"id":"2182","description":"وظیفه تابع PMT چیست؟","answers":[{"id":"8304","description":"از این تابع برای محاسبه میزان بازپرداخت ماهانه برای وام با اقساط و بهره ثابت استفاده می شود.","iscorrect":1},{"id":"8305","description":"از این تابع برای محاسبه میانگین چند عدد استفاده می شود.","iscorrect":0},{"id":"8306","description":"از این تابع برای گرد کردن عدد اعشار با تعداد ارقام اعشار دلخواه استفاده می شود.","iscorrect":0},{"id":"8307","description":"این تابع مجموع مقادیر عددی را محاسبه می کند.","iscorrect":0}]},{"id":"2183","description":"وظیفه گزینه Switch Row/Columns چیست؟","answers":[{"id":"8308","description":"از این گزینه برای تغییر شکل نمودار جاری استفاده می شود.","iscorrect":0},{"id":"8309","description":"این گزینه سطرها و ستون های نمودار را به رنگ دلخواه تغییر می دهد.","iscorrect":0},{"id":"8310","description":"این گزینه جای سطرها و ستون های نمودار را با یکدیگر عوض می کند.","iscorrect":1},{"id":"8311","description":"با کلیک بر روی این گزینه پنجره ای باز می شود که با استفاده از آن می توان ساختار نمودار را به شکل دلخواه نمایش داد.","iscorrect":0}]},{"id":"2184","description":"وظیفه گزینه Change Chart Type از زبانه Design چیست؟","answers":[{"id":"8312","description":"این گزینه برای تغییر نمودار درج شده به کار می رود.","iscorrect":1},{"id":"8313","description":"از این گزینه برای درج ستون به نمودار استفاده می شود.","iscorrect":0},{"id":"8314","description":"این گزینه سلول های یک صفحه گسترده را با یکدیگر ادغام می کند.","iscorrect":0},{"id":"8315","description":"از این گزینه برای تغییر رنگ نمودار استفاده می شود.","iscorrect":0}]},{"id":"2185","description":"منظور از فیلتر کردن (Filter) چیست؟","answers":[{"id":"8316","description":"مرتب سازی سلول ها براساس حروف الفبا","iscorrect":0},{"id":"8317","description":"مرتب سازی براساس تاریخ و ساعت درج سلول در صفحه گسترده","iscorrect":0},{"id":"8318","description":"محدود کردن نمایش اطلاعات براساس یک یا چند داده خاص","iscorrect":1},{"id":"8319","description":"مخفی کردن اطلاعات","iscorrect":0}]},{"id":"2186","description":"برای پیش نمایش چاپ از کدام گزینه استفاده می شود؟","answers":[{"id":"8320","description":"Print Preview","iscorrect":1},{"id":"8321","description":"Print Setting","iscorrect":0},{"id":"8322","description":"Print Area","iscorrect":0},{"id":"8323","description":"Print Cells","iscorrect":0}]}]}]}]}