{"courseId":"80","contents":[{"name":"درس اول- آشنایی با وردپرس و پوسته‌ها در آن","id":"583","contentorder":"1","lesson_number":1,"type":0,"filename":"lesson583.html"},{"name":"آشنایی با وردپرس و پوسته‌ها در آن","id":"1014","contentorder":"2","type":1,"set":[{"score":"60","questions":[{"id":"4165","description":"پیش نیازهای یادگیری وردپرس عبارتند از:","answers":[{"id":"15859","description":"محیط کاربری وردپرس، اچ تی ام ال، سی اس اس و دانش اندکی در زبان برنامه نویسی پی اچ پی","iscorrect":1},{"id":"15861","description":"زبان برنامه نویسی جاوا اسکریپت، اچ تی ام ال و سی اس اس","iscorrect":0},{"id":"15862","description":"سیستم مدیریت محتوا وردپرس و برنامه نویسی به زبان پی اچ پی","iscorrect":0},{"id":"15860","description":"زبان برنامه نویسی جاوا، پی اچ پی و سی اس اس","iscorrect":0}]},{"id":"4169","description":"دلیل ساخت پوسته با وجود تعداد زیاد پوسته‌های آماده و رایگان در وردپرس چیست؟","answers":[{"id":"15878","description":"قیمت بالای پوسته‌های آماده در سیستم وردپرس","iscorrect":0},{"id":"15877","description":"نیاز به داشتن پوسته کاملا شخصی سازی شده برای ساخت تارنما","iscorrect":1},{"id":"15876","description":"خرابی بسیاری از پوسته‌های آماده","iscorrect":0},{"id":"15875","description":"پوسته‌های آماده استاندارد نیستند","iscorrect":0}]},{"id":"4168","description":"در ساخت پوسته در محیط محلی به چه ابزارهایی نیاز داریم؟","answers":[{"id":"15873","description":"مرورگر، سیستم وردپرس و ویرایشگر متن","iscorrect":0},{"id":"15874","description":"ویرایشگر متن، سیستم وردپرس، سرور محلی و مرورگر","iscorrect":1},{"id":"15871","description":"سرور محلی، سیستم وردپرس و ویرایشگر متن","iscorrect":0},{"id":"15872","description":"سیستم وردپرس، سرور محلی و مرورگر","iscorrect":0}]},{"id":"4167","description":"برای شروع یادگیری نحوه کار و ساخت پوسته در وردپرس ابتدا می‌توانید:","answers":[{"id":"15870","description":"یک پوسته ساده و رایگان دریافت کنید و با ایجاد تغییرات به چگونگی کار پوسته‌ها پی‌ببرید.","iscorrect":1},{"id":"15868","description":"چندین پوسته بخرید و آنها را مقایسه کنید.","iscorrect":0},{"id":"15869","description":"از پوسته‌های Premium استفاده کنید.","iscorrect":0},{"id":"15867","description":"یک پوسته ساده بخرید و آن را تغییر دهید.","iscorrect":0}]},{"id":"4166","description":"وردپرس با زبان برنامه‌نویسی ......... نوشته شده است.","answers":[{"id":"15866","description":"ویژوال بیسیک","iscorrect":0},{"id":"15865","description":"اچ تی ام ال و سی اس اس","iscorrect":0},{"id":"15863","description":"جاوا اسکریپت","iscorrect":0},{"id":"15864","description":"پی اچ پی","iscorrect":1}]}]},{"score":"60","questions":[{"id":"4170","description":"منابع یادگیری نحوه کار و ساخت پوسته در وردپرس چیست؟","answers":[{"id":"15882","description":"تارنمای پارسی و انگلیسی وردپرس، کتاب‌هایی که در این زمینه هستند و دیگر تارنماهای آموزشی که در اینترنت وجود دارند.","iscorrect":1},{"id":"15880","description":"تنها منبع یادگیری موجود، تارنمای انگلیسی وردپرس است.","iscorrect":0},{"id":"15881","description":"برای یادگیری وردپرس نیاز به منبع نیست.","iscorrect":0},{"id":"15879","description":"متاسفانه هیچ منبعی وجود ندارد.","iscorrect":0}]},{"id":"4174","description":"وظیفه فایل index.php چیست؟","answers":[{"id":"15895","description":"به نمایش گذاشتن داده‌ها به صورت دسته‌بندی شده","iscorrect":0},{"id":"15896","description":"فایل نمای اصلی تارنماست که وظیفه برگشت هم با آن است.","iscorrect":1},{"id":"15897","description":"وظیفه Fall-back را دارد.","iscorrect":0},{"id":"15898","description":"چیدمان اصلی تارنما را نشان می‌دهد.","iscorrect":0}]},{"id":"4172","description":"پوسته چیست؟","answers":[{"id":"15890","description":"ابزاری است برای استفاده بهتر از افزونه‌ها که ساخته و نصب می‌شود.","iscorrect":0},{"id":"15889","description":"بخش کنترل تعداد کاربران که بر نحوه عملکرد آنها نظارت می‌کند.","iscorrect":0},{"id":"15888","description":"قسمت هدایت کننده سیستم وردپرس است.","iscorrect":0},{"id":"15887","description":"لایه رویی یا نمایی برای نمایش محتوای تارنما که از مجموعه فایل‌ها تشکیل شده است.","iscorrect":1}]},{"id":"4173","description":"اجزای ضروری هر پوسته عبارتند از:","answers":[{"id":"15892","description":"سرایند، پانوشت و ایندکس","iscorrect":0},{"id":"15893","description":"index.php و style.css","iscorrect":1},{"id":"15894","description":"header.php و index.php و footer.php","iscorrect":0},{"id":"15891","description":"سرایند، پانوشت","iscorrect":0}]},{"id":"4171","description":"دلیل تاکید در استفاده از تارنماهای پارسی و انگلیسی وردپرس چیست؟","answers":[{"id":"15883","description":"دسترسی کامل به «برچسب»ها، رایگان بودن، به روز ماندن اطلاعات و عدم نیاز به حافظه سپردن دستورات وردپرس","iscorrect":1},{"id":"15886","description":"این دو تارنما توسط سازنده‌های وردپرس کنترل می‌شوند.","iscorrect":0},{"id":"15885","description":"دستوراتی که در کتاب‌ها نوشته می‌شوند با دستورات این دو تارنما متفاوت هستند.","iscorrect":0},{"id":"15884","description":"به دلیل نبود دیگر منابع، تنها منبع یادگیری هستند.","iscorrect":0}]}]}]},{"name":"درس دوم- فایل‌های الگو در پوسته وردپرس","id":"584","contentorder":"3","lesson_number":2,"type":0,"filename":"lesson584.html"},{"name":"فایل‌های الگو در پوسته وردپرس","id":"1016","contentorder":"4","type":1,"set":[{"score":"60","questions":[{"id":"4179","description":"با استفاده از کدام گزینه (الگو) می‌توانیم برگه «تماس با ما» بسازیم؟","answers":[{"id":"15915","description":"single.php و سرایند","iscorrect":0},{"id":"15916","description":"سرایند، پانوشت و comments.php","iscorrect":0},{"id":"15917","description":"page.php","iscorrect":1},{"id":"15918","description":"tag.php","iscorrect":0}]},{"id":"4177","description":"کدام یک از فایل‌های زیر همگی از الگوهای وردپرس هستند؟","answers":[{"id":"15907","description":"header.php و index.php و style.php","iscorrect":0},{"id":"15908","description":"style.css و home.php و tag.php","iscorrect":0},{"id":"15909","description":"index.php و style.css و footer.php","iscorrect":0},{"id":"15910","description":"home.php و tag.php و category.php","iscorrect":1}]},{"id":"4178","description":"برای نمایش یک مطلب جداگانه در هر برگه از چه الگویی استفاده می‌کنیم؟","answers":[{"id":"15911","description":"سرایند","iscorrect":0},{"id":"15912","description":"پانوشت","iscorrect":0},{"id":"15913","description":"home.php","iscorrect":0},{"id":"15914","description":"single.php","iscorrect":1}]},{"id":"4176","description":"دلیل استفاده از سرایند و پانوشت در وردپرس چیست؟","answers":[{"id":"15903","description":"استفاده از فایل‌های سرایند و پانوشت از بکارگیری کدهای تکراری در برگه‌ها جلوگیری می‌کند.","iscorrect":1},{"id":"15904","description":"زیبایی در هر تارنما را با سرایند و پانوشت افزایش می‌دهیم.","iscorrect":0},{"id":"15905","description":"چیدمان درست داده‌ها توسط سرایند و پانوشت انجام می‌شود.","iscorrect":0},{"id":"15906","description":"فایل‌های سرایند و پانوشت مدیریت داده‌ها را آسان‌تر می‌کنند.","iscorrect":0}]},{"id":"4175","description":"الگو در ورپرس چیست؟","answers":[{"id":"15899","description":"مجموعه کدهایی که سازنده ابزارک‌ها هستند.","iscorrect":0},{"id":"15900","description":"الگو به فایل‌هایی گفته می‌شود که نما و چگونگی نمایش داده‌‌ها در تارنمای ساخته شده در وردپرس را می‌سازند.","iscorrect":1},{"id":"15901","description":"صفحات وردپرس در اینترنت را الگو می‌نامند.","iscorrect":0},{"id":"15902","description":"ستون‌های کناری وردپرس را الگو می‌گویند.","iscorrect":0}]}]},{"score":"60","questions":[{"id":"4184","description":"فایل ........... شامل دستوراتی است که می‌خواهیم در هنگام بالا آمدن تارنما، ابتدا آن دستورات اجرا شوند.","answers":[{"id":"15935","description":"home.php","iscorrect":0},{"id":"15936","description":"index.php","iscorrect":0},{"id":"15937","description":"front-page.php","iscorrect":0},{"id":"15938","description":"functions.php","iscorrect":1}]},{"id":"4183","description":"برای داشتن برگه نخست متفاوت با ایندکس از چه الگوهایی کمک می‌گیریم؟","answers":[{"id":"15931","description":"index.php و home.php","iscorrect":0},{"id":"15932","description":"home.php و 404.php","iscorrect":0},{"id":"15933","description":"home.php و header.php","iscorrect":0},{"id":"15934","description":"home.php و front-page.php","iscorrect":1}]},{"id":"4182","description":"تفاوت الگوی tag.php و category.php در چیست؟","answers":[{"id":"15927","description":"tag.php برای ساماندهی داده‌ها بر حسب تاریخ است اما category.php داده‌ها را بر حسب برچسب دسته‌بندی می‌کند.","iscorrect":0},{"id":"15928","description":"category.php نوشته‌ها را براساس دسته آنها ساماندهی می‌کند ولی tag.php براساس برچسب‌های هر نوشته.","iscorrect":1},{"id":"15929","description":"tag.php برای نمایش نتیجه جستجو است اما category.php برای دسته‌بندی نوشته‌ها.","iscorrect":0},{"id":"15930","description":"tag.php برای جلوگیری از تکرار کدها استفاده می‌شود اما category.php برای دسته‌بندی نوشته‌ها است.","iscorrect":0}]},{"id":"4180","description":"استفاده از الگوی category.php برای:","answers":[{"id":"15919","description":"چیدمان بهتر داده‌ها در ستون‌های تارنما است.","iscorrect":0},{"id":"15920","description":"دسته‌بندی محتوای تارنما براساس سلیقه و نیازهای صاحب تارنما است.","iscorrect":1},{"id":"15921","description":"بالا بردن زیبایی سرایند و پانوشت است.","iscorrect":0},{"id":"15922","description":"استفاده بهینه از افزونه‌ها است.","iscorrect":0}]},{"id":"4181","description":"برای نمایش نتیجه مطالب جستجو شده و بایگانی نوشته‌ها به ترتیب از ............ و ............. استفاده می‌کنیم.","answers":[{"id":"15923","description":"archive.php و category.php","iscorrect":0},{"id":"15924","description":"search.php و tag.php","iscorrect":0},{"id":"15925","description":"search.php و archive.php","iscorrect":1},{"id":"15926","description":"category.php و search.php","iscorrect":0}]}]}]},{"name":"درس سوم- ساختار وردپرس، ساخت فایل شیوه‌دهی","id":"585","contentorder":"5","lesson_number":3,"type":0,"filename":"lesson585.html"},{"name":"ساختار وردپرس، ساخت فایل شیوه دهی","id":"1018","contentorder":"6","type":1,"set":[{"score":"60","questions":[{"id":"4189","description":"ابتدایی‌ترین کار در ساخت پوسته چیست؟","answers":[{"id":"15955","description":"ایجاد فایل شیوه‌دهی","iscorrect":1},{"id":"15956","description":"ایجاد فایل ایندکس","iscorrect":0},{"id":"15957","description":"ایجاد فایل سرایند","iscorrect":0},{"id":"15958","description":"ایجاد فایل پانوشت","iscorrect":0}]},{"id":"4187","description":"اگر بخواهیم پوسته‌ای بسازیم پوشه آن را باید در پوشه ............... قرار دهیم.","answers":[{"id":"15947","description":"upgrades","iscorrect":0},{"id":"15948","description":"plugins","iscorrect":0},{"id":"15949","description":"themes","iscorrect":1},{"id":"15950","description":"languages","iscorrect":0}]},{"id":"4188","description":"برچسب‌های الگو چه هستند؟","answers":[{"id":"15951","description":"الگوهایی هستند برای ساخت برگه‌های تارنما.","iscorrect":0},{"id":"15952","description":"دستوراتی هستند که سازندگان وردپرس آنها را جایگزین دستورات پی‌اچ‌پی کرده‌اند.","iscorrect":1},{"id":"15953","description":"دستورات پی‌اچ‌پی هستند که در وردپرس استفاده می‌شوند.","iscorrect":0},{"id":"15954","description":"مجموعه کدهای سازنده برگه نخست هستند.","iscorrect":0}]},{"id":"4186","description":"پوسته‌های پیش‌فرض و دریافتی در پوشه ................. قرار دارند.","answers":[{"id":"15943","description":"themes","iscorrect":1},{"id":"15944","description":"plugins","iscorrect":0},{"id":"15945","description":"languages","iscorrect":0},{"id":"15946","description":"uploads","iscorrect":0}]},{"id":"4185","description":"پوشه‌ای که برای ساخت یک پوسته به آن نیاز داریم پوشه ................ است؟","answers":[{"id":"15939","description":"wp-admin","iscorrect":0},{"id":"15940","description":"wp-content","iscorrect":1},{"id":"15941","description":"wp-includes","iscorrect":0},{"id":"15942","description":"wp-themes","iscorrect":0}]}]},{"score":"60","questions":[{"id":"4192","description":"برای اضافه کردن تصویر نماد پوسته در بخش مدیریت پوسته‌ها کافی است که عکسی را با نام ................ اضافه کنیم.","answers":[{"id":"15967","description":"screenshot.png","iscorrect":1},{"id":"15968","description":"screenshot.jpg","iscorrect":0},{"id":"15969","description":"screen.jpg","iscorrect":0},{"id":"15970","description":"screen.png","iscorrect":0}]},{"id":"4191","description":"مهم‌ترین بخش آغازین فایل شیوه‌دهی که مشخصات پوسته را شامل می‌شود .............. است.","answers":[{"id":"15963","description":"Theme Name","iscorrect":1},{"id":"15964","description":"Theme URI","iscorrect":0},{"id":"15965","description":"Author URI","iscorrect":0},{"id":"15966","description":"Description","iscorrect":0}]},{"id":"4190","description":"وظیفه دیگر فایل شیوه‌دهی بجز چیدمان داده‌ها ............... است.","answers":[{"id":"15959","description":"شناساندن نام پوسته به سیستم وردپرس","iscorrect":1},{"id":"15960","description":"ساخت افزونه تازه برای وردپرس","iscorrect":0},{"id":"15961","description":"ساخت ستون کناری تارنما","iscorrect":0},{"id":"15962","description":"تغییر نمای قسمت مدیریت","iscorrect":0}]},{"id":"4193","description":"برای راست به چپ کردن تارنما باید فایل ................ را اضافه کنیم.","answers":[{"id":"15971","description":"ltr.css","iscorrect":0},{"id":"15972","description":"rtl.php","iscorrect":0},{"id":"15973","description":"rtl.css","iscorrect":1},{"id":"15974","description":"ltr.php","iscorrect":0}]},{"id":"4194","description":"دلیل استفاده از فایل شیوه‌دهی راست به چپ چیست؟","answers":[{"id":"15975","description":"افزودن قابلیت دیدگاه گذاری","iscorrect":0},{"id":"15976","description":"افزایش پهنای تارنما","iscorrect":0},{"id":"15977","description":"افزودن قابلیت دو زبانه بودن تارنما","iscorrect":1},{"id":"15978","description":"بالا بردن سرعت تارنما","iscorrect":0}]}]}]},{"name":"درس چهارم- ساخت header.php و footer.php و index.php","id":"586","contentorder":"7","lesson_number":4,"type":0,"filename":"lesson586.html"},{"name":"ساخت header.php و footer.php و index.php","id":"1020","contentorder":"8","type":1,"set":[{"score":"60","questions":[{"id":"4195","description":"دلیل استفاده از برچسب زیر چیست؟\n\n\nlanguage_attributes()","answers":[{"id":"15979","description":"تعیین چیدمان کلی تارنما و زبانی که باید کدها توسط مرورگر ترجمه شوند.","iscorrect":1},{"id":"15980","description":"زبان نوشته را چاپ می‌کند.","iscorrect":0},{"id":"15981","description":"نوع برچسب تیتر را برای سرایند تعیین می‌کند.","iscorrect":0},{"id":"15982","description":"داده‌های پایگاه را رمزدار می‌کند.","iscorrect":0}]},{"id":"4196","description":"کدام دو برچسب نام و توضیحات تارنما را بر می‌گردانند؟","answers":[{"id":"15983","description":"bloginfo(\"description\") , bloginfo(\"name\")","iscorrect":1},{"id":"16396","description":"bloginfo('charset') , bloginfo('html_type')","iscorrect":0},{"id":"16397","description":"bloginfo('charset') , bloginfo(\"name\")","iscorrect":0},{"id":"16398","description":"bloginfo(\"name\") , bloginfo('html_type')","iscorrect":0}]},{"id":"4197","description":"برای نمایش پیوند خوراک خوان باید از بر چسب ... استفاده کرد.","answers":[{"id":"15984","description":"bloginfo(\"name\")","iscorrect":0},{"id":"16400","description":"bloginfo('charset')","iscorrect":0},{"id":"16401","description":"bloginfo('html_type')","iscorrect":0},{"id":"16402","description":"bloginfo('rss2_url')","iscorrect":1}]},{"id":"4198","description":"از برچسب ........ برای گرفتن نشانی ریشه تارنما استفاده می‌کنیم.","answers":[{"id":"15985","description":"language_attributes()","iscorrect":0},{"id":"15986","description":"bloginfo('template_directory')","iscorrect":1},{"id":"15987","description":"bloginfo('html_type')","iscorrect":0},{"id":"15988","description":"bloginfo('charset')","iscorrect":0}]},{"id":"4385","description":"کاربرد برچسب زیر چیست؟\n\n\nbloginfo(‌'‌url‌'‌)","answers":[{"id":"16702","description":"نشانی ریشه تارنما را باز می گرداند","iscorrect":0},{"id":"16703","description":"پیوند خوراک خوان را چاپ می کند","iscorrect":0},{"id":"16704","description":"تیتر را چاپ می کند","iscorrect":0},{"id":"16705","description":"نشانی اصلی تارنما را بازمی گرداند","iscorrect":1}]}]},{"score":"60","questions":[{"id":"4199","description":"کاربرد حلقه در وردپرس چیست؟","answers":[{"id":"15990","description":"قلابی است که سرایند را بر می‌گرداند.","iscorrect":0},{"id":"15991","description":"مجموعه کدی که ویرایش صفحه را انجام می‌دهد.","iscorrect":0},{"id":"15992","description":"ابزاری در وردپرس برای گرفتن چندین نوشته از پایگاه","iscorrect":1},{"id":"15993","description":"برچسبی است برای برگرداندن نام تارنما","iscorrect":0}]},{"id":"4200","description":"برای وارد کردن سرایند در فایل بدنه (ایندکس) از .............. استفاده می‌کنیم.","answers":[{"id":"15994","description":"get_header()","iscorrect":1},{"id":"15995","description":"get_sidebar()","iscorrect":0},{"id":"15996","description":"get_footer()","iscorrect":0},{"id":"15997","description":"get_head()","iscorrect":0}]},{"id":"4201","description":"برای چاپ نوشته به صورت مختصر از ............. بهره می‌بریم.","answers":[{"id":"15998","description":"the_excerpt()","iscorrect":1},{"id":"15999","description":"the_content()","iscorrect":0},{"id":"16000","description":"get_sidebar()","iscorrect":0},{"id":"16001","description":"get_header()","iscorrect":0}]},{"id":"4202","description":"برای چاپ نوشته به صورت کامل برچسب .............. را بکار می‌بریم.","answers":[{"id":"16002","description":"get_sidebar()","iscorrect":0},{"id":"16003","description":"the_excerpt()","iscorrect":0},{"id":"16004","description":"the_title()","iscorrect":0},{"id":"16005","description":"the_content()","iscorrect":1}]},{"id":"4203","description":"برای چاپ عنوان نوشته از .............. استفاده می‌کنیم.","answers":[{"id":"16006","description":"the_content()","iscorrect":0},{"id":"16007","description":"the_title()","iscorrect":1},{"id":"16008","description":"the_excerpt()","iscorrect":0},{"id":"16009","description":"title()","iscorrect":0}]}]}]},{"name":"درس پنجم- ساخت functions.php","id":"587","contentorder":"9","lesson_number":5,"type":0,"filename":"lesson587.html"},{"name":"ساخت functions.php","id":"1022","contentorder":"10","type":1,"set":[{"score":"60","questions":[{"id":"4204","description":"دلیل استفاده از فایل توابع چیست؟","answers":[{"id":"16010","description":"تغییر نحوه عملکرد پیش فرض وردپرس و فعال‌سازی بخش‌های غیر فعال","iscorrect":1},{"id":"16011","description":"افزودن قابلیت رمزدار کردن داده‌ها","iscorrect":0},{"id":"16012","description":"بالا بردن سرعت دریافت داده‌ها از پایگاه","iscorrect":0},{"id":"16013","description":"کم کردن حجم فایل‌های تارنما","iscorrect":0}]},{"id":"4205","description":"فایل توابع از .................... تشکیل شده است.","answers":[{"id":"16014","description":"برچسب‌های دریافت‌کننده نشانی تارنما","iscorrect":0},{"id":"16015","description":"مجموعه تابع‌ها و برچسب‌هایی برای تغییر حالت پیش فرض وردپرس","iscorrect":1},{"id":"16016","description":"دستورات پی‌اچ‌پی برای راه اندازی سیستم","iscorrect":0},{"id":"16017","description":"کدهای سی‌اس‌اس برای شیوه‌دهی","iscorrect":0}]},{"id":"4206","description":"برچسب .................... برای بالا بردن امنیت از راه حذف نسخه وردپرس بکار می‌رود.","answers":[{"id":"16018","description":"add_custom_background()","iscorrect":0},{"id":"16019","description":"wp_remove_version()","iscorrect":1},{"id":"16020","description":"the_post_thumbnail()","iscorrect":0}]},{"id":"4207","description":"کاربرد register_nav_menus چیست؟","answers":[{"id":"16021","description":"برای فعال‌سازی ستون کناری است.","iscorrect":0},{"id":"16022","description":"برای اضافه کردن قابلیت فهرست است.","iscorrect":1},{"id":"16023","description":"سرایند را در بدنه اصلی تارنما وارد می‌کند.","iscorrect":0},{"id":"16024","description":"نسخه وردپرس را پنهان می‌کند.","iscorrect":0}]},{"id":"4208","description":"وظیفه تابع زیر چیست؟\n\n\nwidgets_init()","answers":[{"id":"16025","description":"با استفاده از این تابع، بخش فهرست فعال می‌شود.","iscorrect":0},{"id":"16026","description":"فعال‌سازی بخش ابزارک‌ها و نمایان کردن ستون کناری پیش فرض","iscorrect":1},{"id":"16027","description":"بالا بردن امنیت سیستم","iscorrect":0},{"id":"16028","description":"تولید توابعی برای ایجاد پانوشت","iscorrect":0}]}]},{"score":"60","questions":[{"id":"4209","description":"تابع .................... قابلیت تصاویر بند انگشتی را به سیستم می افزاید.","answers":[{"id":"16029","description":"the_post_thumbnail()","iscorrect":0},{"id":"16030","description":"widgets_init()","iscorrect":0},{"id":"16031","description":"register_nav_menus","iscorrect":0},{"id":"16403","description":"add_theme_support( 'post-thumbnails' )","iscorrect":1}]},{"id":"4210","description":"برای افزودن تصویر با اندازه «میانه» در تارنما از ............. استفاده می‌کنیم.","answers":[{"id":"16032","description":"the_post_thumbnail()","iscorrect":0},{"id":"16404","description":"the_post_thumbnail('medium')","iscorrect":1},{"id":"16405","description":"the_post_thumbnail('large')","iscorrect":0},{"id":"16406","description":"the_post_thumbnail('full')","iscorrect":0}]},{"id":"4211","description":"برای افزودن اندازه دلخواه تصویر به سیستم از .............. در فایل توابع استفاده می‌کنیم.","answers":[{"id":"16033","description":"the_post_thumbnail()","iscorrect":0},{"id":"16034","description":"register_nav_menus","iscorrect":0},{"id":"16035","description":"set_post_thumbnail_size( x, y , true )","iscorrect":1},{"id":"16407","description":"the_post_thumbnail('full')","iscorrect":0}]},{"id":"4212","description":"کاربرد کلمه true در تابع زیر چیست؟\n\n\nset_post_thumbnail_size( x, y , true )","answers":[{"id":"16036","description":"تایید بریدن عکس با توجه به اندازه های داخل پرانتز (پارامتر ایکس و وای)","iscorrect":1},{"id":"16037","description":"تغییر اندازه تصویر بدون بریدن","iscorrect":0},{"id":"16038","description":"تایید سلامت عکس ارسالی","iscorrect":0},{"id":"16039","description":"تایید رمز گذاری عکس","iscorrect":0}]},{"id":"4213","description":"دستور ................. برای فعال کردن پشتیبانی شخصی‌سازی پس زمینه و تغییر پوسته است.","answers":[{"id":"16040","description":"add_custom_background()","iscorrect":1},{"id":"16041","description":"widgets_init()","iscorrect":0},{"id":"16042","description":"register_nav_menus","iscorrect":0},{"id":"16043","description":"the_post_thumbnail()","iscorrect":0}]}]}]},{"name":"درس ششم- ساخت single.php و page.php و 404.php","id":"593","contentorder":"11","lesson_number":6,"type":0,"filename":"lesson593.html"},{"name":"ساخت single.php و page.php و 404.php","id":"1024","contentorder":"12","type":1,"set":[{"score":"60","questions":[{"id":"4214","description":"هدف از ساخت فایل single.php عبارت است از:","answers":[{"id":"16044","description":"ایجاد مطلبی بصورت «تک نوشته» به همراه اطلاعات مربوط به آن","iscorrect":1},{"id":"16045","description":"گرفتن تعدادی نوشته از پایگاه با کمک حلقه و چاپ آن در تارنما","iscorrect":0},{"id":"16046","description":"به نمایش در آوردن فرم «جستجو»","iscorrect":0},{"id":"16047","description":"وارد کردن سرایند و پانوشت در تارنما","iscorrect":0}]},{"id":"4215","description":"تفاوت فایل single.php و index.php در چیست؟","answers":[{"id":"16048","description":"single.php یک تک نوشته را نمایش می‌دهد اما index.php با کمک حلقه چندین نوشته را به نمایش می‌گذارد.","iscorrect":1},{"id":"16049","description":"single.php برای ساخت برگه‌هایی مانند «درباره ما» استفاده می‌شود اما index.php چندین نوشته را نمایش می‌دهد.","iscorrect":0},{"id":"16050","description":"single.php الگویی برای نمایش دیدگاه‌ها است اما index.php یک تک نوشته را نمایش می‌دهد.","iscorrect":0},{"id":"16051","description":"هر دو فایل برای به نمایش گذاشتن چندین نوشته کاربرد دارند.","iscorrect":0}]},{"id":"4216","description":"برای چاپ پیوند «ویرایش» سریع از ............... استفاده می‌کنیم.","answers":[{"id":"16052","description":"edit_post ()","iscorrect":0},{"id":"16053","description":"edit_post_link()","iscorrect":1},{"id":"16054","description":"the_title()","iscorrect":0},{"id":"16055","description":"edit_link()","iscorrect":0}]},{"id":"4217","description":"برچسب زیر برای .............. است.\n\n\ncomments_template( ‌'‌, true )","answers":[{"id":"16056","description":"چاپ مشخصات نویسنده مطلب","iscorrect":0},{"id":"16057","description":"چاپ ویرایش سریع","iscorrect":0},{"id":"16058","description":"نمایش بخش «دیدگاه‌ها»","iscorrect":1},{"id":"16059","description":"وارد کردن پانوشت در برگه","iscorrect":0}]},{"id":"4218","description":"کاربرد الگوی page.php چیست؟","answers":[{"id":"16060","description":"ساخت برگه‌هایی که تنها یک نوشته را منتشر می‌کنند.","iscorrect":0},{"id":"16061","description":"ایجاد ستون کناری در تارنما","iscorrect":0},{"id":"16062","description":"نمایش فهرست آخرین نوشته‌ها در ستون کناری","iscorrect":0},{"id":"16063","description":"ایجاد برگه‌ای مانند «درباره ما» که محتوای ثابتی را شامل می‌شوند.","iscorrect":1}]}]},{"score":"60","questions":[{"id":"4219","description":"تفاوت الگوی single.php و page.php چیست؟","answers":[{"id":"16064","description":"هر دو به منظور چاپ آخرین نوشته ایجاد می‌شوند.","iscorrect":0},{"id":"16065","description":"در الگوی page.php از حلقه استفاده می‌شود در صورتی که الگوی single.php تنها یک نوشته را چاپ می‌کند.","iscorrect":0},{"id":"16066","description":"الگوی single.php برای چاپ یک تک نوشته است در صورتی که از page.php برای ساخت برگه‌هایی دارای محتوای ثابت استفاده می‌شود.","iscorrect":1},{"id":"16067","description":"تعداد نوشته‌ها در page.php بیشتر از الگوی single.php است.","iscorrect":0}]},{"id":"4220","description":"هدف از ساخت الگوی 404.php چیست؟","answers":[{"id":"16068","description":"هرگاه برگه ای در دسترس نباشد، الگوی 404 پیغام عدم دسترسی را نمایش می‌دهد.","iscorrect":1},{"id":"16069","description":"این برگه برای نمایش اطلاعات مربوط به نویسندگان ساخته می‌شود.","iscorrect":0},{"id":"16070","description":"تولید فضایی برای نمایش آخرین دیدگاه‌ها را بر عهده دارد.","iscorrect":0},{"id":"16071","description":"نتیجه جستجوی کاربران را چاپ می‌کند.","iscorrect":0}]},{"id":"4221","description":"برای چاپ پیوند «ویرایش» سریع از ... استفاده می کنیم.","answers":[{"id":"16409","description":"edit_post_link()","iscorrect":1},{"id":"16408","description":"edit_post ()","iscorrect":0},{"id":"16410","description":"the_title()","iscorrect":0},{"id":"16411","description":"edit_link()","iscorrect":0}]},{"id":"4222","description":"خروجی دستور زیر چیست؟\n\n\nget_search_form()","answers":[{"id":"16074","description":"نتیجه جستجوی کاربران","iscorrect":0},{"id":"16075","description":"چاپ تعداد نوشته‌های هر کاربر","iscorrect":0},{"id":"16076","description":"خلاصه ای از آخرین مطلب نوشته شده در تارنما","iscorrect":0},{"id":"16077","description":"چاپ کادر جستجو","iscorrect":1}]},{"id":"4223","description":"از چه دستوری برای قرار دادن ستون کناری در تارنما استفاده می‌کنیم؟","answers":[{"id":"16078","description":"get_sidebar()","iscorrect":1},{"id":"16079","description":"get_search_form()","iscorrect":0},{"id":"16080","description":"comments_template( ', true )","iscorrect":0},{"id":"16081","description":"the_content()","iscorrect":0}]}]}]},{"name":"درس هفتم- ساخت loop.php و category.php و archive.php","id":"588","contentorder":"13","lesson_number":7,"type":0,"filename":"lesson588.html"},{"name":"ساخت loop.php و category.php و archive.php","id":"1028","contentorder":"14","type":1,"set":[{"score":"60","questions":[{"id":"4243","description":"دلیل ساخت فایل‌های category.php و archive.php چیست؟","answers":[{"id":"16158","description":"بدلیل غیر فعال بودن این دو قابلیت با ساختن و فعال سازی آنها را قابل استفاده می‌کنیم.","iscorrect":0},{"id":"16161","description":"کم کردن حجم داده‌های ثبت شده در پایگاه","iscorrect":0},{"id":"16160","description":"بالا بردن سرعت دریافت داده‌ها از پایگاه","iscorrect":0},{"id":"16159","description":"هر دو الگوی بالا بطور پیش فرض فعال هستند، با ساخت این دو فایل ما توانایی شخصی سازی آنها را بدست می‌آوریم.","iscorrect":1}]},{"id":"4242","description":"دستور نمایش پیوند دیدگاه ها ............... است.","answers":[{"id":"16157","description":"() comments_popup_link","iscorrect":1},{"id":"16155","description":"get_sidebar()","iscorrect":0},{"id":"16156","description":"get_footer()","iscorrect":0},{"id":"16154","description":"have_posts()","iscorrect":0}]},{"id":"4241","description":"برای استفاده کردن از فایل حلقه باید آن را ........... .","answers":[{"id":"16153","description":"نام فایل را loops.php انتخاب کنیم.","iscorrect":0},{"id":"16152","description":"در پوشه مخصوص افزونه‌ها ثبت کنیم.","iscorrect":0},{"id":"16150","description":"در مکان دلخواه خود با دستور مناسب وارد کنیم.","iscorrect":1},{"id":"16151","description":"در پوشه‌ای با نام حلقه قرار دهیم.","iscorrect":0}]},{"id":"4240","description":"دلیل استفاده از فایل «حلقه» چیست؟","answers":[{"id":"16149","description":"فایل حلقه الگویی برای دسته بندی کردن داده‌ها است که این عمل را به شکل ساده‌تری انجام می‌دهد.","iscorrect":0},{"id":"16148","description":"حلقه داده‌ها را بشکل ایستا نمایش می‌دهد.","iscorrect":0},{"id":"16147","description":"با استفاده از فایل حلقه و وارد کردن آن در مکان مناسب از تکرار کدنویسی جلوگیری می‌کنیم.","iscorrect":1},{"id":"16146","description":"فایل حلقه دریافت داده‌ها از پایگاه را با سرعت بیشتری انجام می‌دهد.","iscorrect":0}]},{"id":"4244","description":"عبارت‌های آغاز و پایان حلقه .............. و ................. هستند.","answers":[{"id":"16165","description":"the_while, end while","iscorrect":0},{"id":"16163","description":"the_post, the_excerpt","iscorrect":0},{"id":"16164","description":"endwhile , while","iscorrect":1},{"id":"16162","description":"if have, !if have","iscorrect":0}]}]},{"score":"60","questions":[{"id":"4298","description":"برچسب زیر به چه منظور است؟\n\n\nget_template_part( ‌'‌loop‌'‌, ‌'‌ category ‌'‌ )","answers":[{"id":"16380","description":"وارد کردن دسته‌های انتخابی در الگوی حلقه","iscorrect":0},{"id":"16381","description":"وارد کردن فایل دسته بندی در فایل حلقه","iscorrect":0},{"id":"16382","description":"نمایش دسته‌های انتخابی هر نوشته","iscorrect":0},{"id":"16383","description":"وارد کردن فایل حلقه در فایل دسته بندی","iscorrect":1}]},{"id":"4294","description":"کاربرد الگوی دسته‌بندی چیست؟","answers":[{"id":"16376","description":"جدا کردن و در اختیار گرفتن نوع و نحوه نمایش داده‌ها بر اساس دسته انتخابی","iscorrect":1},{"id":"16377","description":"دسته بندی دیدگاه‌های نوشته شده در زیر هر مطلب","iscorrect":0},{"id":"16378","description":"ساده‌تر کردن عملکرد حلقه در سیستم وردپرس","iscorrect":0},{"id":"16379","description":"چیدمان نوشته‌ها بر اساس برچسب هر نوشته","iscorrect":0}]},{"id":"4295","description":"کاربرد بایگانی در ................. است.","answers":[{"id":"16384","description":"چیدمان بهتر داده‌ها بر اساس برچسب","iscorrect":0},{"id":"16385","description":"در اختیار گرفتن و چاپ نوشته‌ها بر اساس زمان و تاریخ نگارش","iscorrect":1},{"id":"16386","description":"دسته بندی داده‌ها بر اساس دسته انتخاب شده","iscorrect":0},{"id":"16387","description":"گرفتن تعداد بیشتر نوشته از پایگاه","iscorrect":0}]},{"id":"4296","description":"تفاوت archive.php با category.php در چیست؟","answers":[{"id":"16388","description":"archive.php نوشته‌ها را بر اساس دسته انتخابی نمایش می‌دهد در صورتی که category.php آنها را بر اساس تاریخ می‌چیند.","iscorrect":0},{"id":"16389","description":"category.php نوشته‌ها را دسته بندی می‌کند اما archive.php آنها را وارد حلقه می‌کند.","iscorrect":0},{"id":"16390","description":"هدف archive.php نمایش نوشته‌ها بر طبق تاریخ است اما category.php آنها را بر حسب دسته انتخابی نمایش می‌دهد.","iscorrect":1},{"id":"16391","description":"category.php نوشته‌ها را بطور کامل نمایش می‌دهد اما archive.php فقط چند خط ابتدایی را چاپ می‌کند.","iscorrect":0}]},{"id":"4297","description":"دلیل ساخت فایل‌های category.php و archive.php چیست؟","answers":[{"id":"16392","description":"بدلیل غیر فعال بودن این دو قابلیت با ساختن و فعال سازی آنها را قابل استفاده می‌کنیم.","iscorrect":0},{"id":"16393","description":"هر دو الگوی بالا بطور پیش فرض فعال می‌باشند، با ساخت این دو فایل ما توانایی شخصی سازی آنها را بدست می‌آوریم.","iscorrect":1},{"id":"16394","description":"بالا بردن سرعت دریافت داده‌ها از پایگاه","iscorrect":0},{"id":"16395","description":"کم کردن حجم داده‌های ثبت شده در پایگاه","iscorrect":0}]}]}]},{"name":"درس هشتم- ساخت comments.php و tags.php و search.php","id":"589","contentorder":"15","lesson_number":8,"type":0,"filename":"lesson589.html"},{"name":"ساخت comments.php و tags.php و search.php","id":"1030","contentorder":"16","type":1,"set":[{"score":"60","questions":[{"id":"4249","description":"با توجه به فعال بودن دیدگاه‌ها در وردپرس هدف از ساختن فایل comments.php چیست؟","answers":[{"id":"16186","description":"دسته بندی دیدگاه‌ها بر اساس تاریخ","iscorrect":0},{"id":"16187","description":"الگو سازی بیشتر در وردپرس","iscorrect":0},{"id":"16188","description":"نمایش دیدگاه‌ها و فرم نوشتن دیدگاه","iscorrect":1},{"id":"16189","description":"ثبت دیدگاه‌های بیشتر در پایگاه","iscorrect":0}]},{"id":"4251","description":"خروجی برچسب comments_number کدام گزینه است؟","answers":[{"id":"16194","description":"تعداد نوشته‌های تارنما را چاپ می‌کند.","iscorrect":0},{"id":"16195","description":"تعداد نوشته‌هایی که دیدگاه دارند را بر می‌گرداند.","iscorrect":0},{"id":"16196","description":"تعداد دیدگاه‌هایی که در پایگاه هستند را نمایش می‌دهد.","iscorrect":0},{"id":"16197","description":"تعداد دیدگاه‌های نوشته را بر می‌گرداند.","iscorrect":1}]},{"id":"4252","description":"برچسب wp_list_comments برای نمایش ........... استفاده می‌شود.","answers":[{"id":"16198","description":"تعداد دیدگاه‌های هر نوشته","iscorrect":0},{"id":"16199","description":"فهرست دیدگاه‌های پاک شده","iscorrect":0},{"id":"16200","description":"دیدگاه‌های امتیاز گرفته شده","iscorrect":0},{"id":"16201","description":"دیدگاه‌های نوشته شده در مطلب","iscorrect":1}]},{"id":"4253","description":"هدف از بکارگیری دستور شرطی زیر چیست؟\n\n\nif ( ! comments_open() )","answers":[{"id":"16202","description":"بررسی دیدگاه‌های هر نوشته از نظر تعداد","iscorrect":0},{"id":"16203","description":"شمارش هرزنامه‌های هر نوشته","iscorrect":0},{"id":"16204","description":"بررسی خوانایی دیدگاه‌ها","iscorrect":0},{"id":"16205","description":"بررسی باز یا بسته بودن بخش دیدگاه‌ها","iscorrect":1}]},{"id":"4250","description":"مفهوم دستور زیر چیست؟\n\n\nif ( have_comments() )","answers":[{"id":"16190","description":"در صورت وجود نوشته در پایگاه","iscorrect":0},{"id":"16191","description":"اگر دیدگاهی وجود دارد","iscorrect":1},{"id":"16192","description":"اگر تاریخ نوشتن دیدگاه وجود دارد","iscorrect":0},{"id":"16193","description":"اگر دسته بندی دیدگاه انجام شده است","iscorrect":0}]}]},{"score":"60","questions":[{"id":"4256","description":"به منظور ساخت الگوی شخصی سازی شده «جستجو» از دو فایل ... و ... استفاده می‌کنیم.","answers":[{"id":"16218","description":"search.php و searchform.php","iscorrect":1},{"id":"16219","description":"search.php و tag.php","iscorrect":0},{"id":"16220","description":"searchform.php و tag.php","iscorrect":0},{"id":"16221","description":"searchform.php و Comments.php","iscorrect":0}]},{"id":"4255","description":"الگوی «برچسب»‌ها (tag.php) برای ... بکار گرفته می‌شود.","answers":[{"id":"16214","description":"نمایش دیدگاه‌ها بر اساس برچسب","iscorrect":0},{"id":"16215","description":"نمایش آخرین نوشته‌ها بر اساس دسته مربوط به آن","iscorrect":0},{"id":"16216","description":"نمایش نوشته‌ها بر اساس برچسب‌های داده شده به هر مطلب","iscorrect":1},{"id":"16217","description":"چاپ نوشته‌ها بر اساس برچسب‌های دیدگاه‌های آنها","iscorrect":0}]},{"id":"4254","description":"برچسب زیر چه چیزی را چاپ می‌کند؟\n\n\ncomment_form()","answers":[{"id":"16210","description":"فرم دریافت دیدگاه از طرف بازدید کننده","iscorrect":1},{"id":"16211","description":"فرم درخواست نوشته برچسب دیدگاه","iscorrect":0},{"id":"16212","description":"فرم ارسال مشخصات نویسنده مطلب","iscorrect":0},{"id":"16213","description":"فرم «تماس با ما» در برگه","iscorrect":0}]},{"id":"4257","description":"فایل‌های search.php و searchform.php به ترتیب برای ساخت الگو های ... و ... استفاده می‌شوند.","answers":[{"id":"16222","description":"نتایج جستجو و کادر جستجو","iscorrect":1},{"id":"16223","description":"برگه نتیجه جستجو و نتایج هر جستجو","iscorrect":0},{"id":"16224","description":"نتایج هر جستجو و تاریخ جستجو","iscorrect":0},{"id":"16225","description":"کادر نتیجه جستجو و کادر ثبت جستجو","iscorrect":0}]},{"id":"4299","description":"پارامتر\n\n\narray(‌'‌avatar_size‌'‌ => 35)\n\n\nدر برچسب\n\n\nwp_list_comments()\n\n\nبه چه منظور نوشته می شود؟","answers":[{"id":"16206","description":"برای بزرگتر کردن تصویر هر دیدگاه","iscorrect":0},{"id":"16207","description":"برای شمارش تعداد نویسنده‌های دیدگاه‌ها","iscorrect":0},{"id":"16208","description":"برای چاپ تصویر نویسنده مطلب","iscorrect":0},{"id":"16209","description":"برای چاپ تصویر نویسنده دیدگاه در صورت وجود عکس","iscorrect":1}]}]}]},{"name":"درس نهم- تکمیل فایل functions.php","id":"594","contentorder":"17","lesson_number":9,"type":0,"filename":"lesson594.html"},{"name":"فایل functions.php","id":"1032","contentorder":"18","type":1,"set":[{"score":"60","questions":[{"id":"4258","description":"علت استفاده از افزونه «Link Manager» چیست؟","answers":[{"id":"16230","description":"مدیریت پیوندهای قدیمی","iscorrect":0},{"id":"16231","description":"بررسی درستی پیوند‌های نوشته‌های تازه","iscorrect":0},{"id":"16232","description":"ثبت نام از کاربران تازه در سیستم","iscorrect":0},{"id":"16233","description":"فعال سازی بخش پیوندها که از نسخه ۳.۵ به بعد غیر فعال شده است","iscorrect":1}]},{"id":"4259","description":"کاربرد تابع زیر چیست؟\n\n\n(darsnameh_navigation())","answers":[{"id":"16234","description":"تاریخ نوشته را ثبت می‌کند","iscorrect":0},{"id":"16235","description":"در صورتی که نوشته‌ها بیشتر از عدد نوشته شده در تنظیمات باشد آنها را در برگه دیگری با کمک پیوند «بعدی» و «قبلی» نمایش می‌دهد","iscorrect":1},{"id":"16236","description":"نام نویسنده را چاپ می‌کند","iscorrect":0},{"id":"16237","description":"پیوند برچسب‌های نوشته را نمایش می‌دهد","iscorrect":0}]},{"id":"4260","description":"از توابع ... و ... برای نمایش پیوند «بعدی» و «قبلی» استفاده می‌شود.","answers":[{"id":"16238","description":"next_posts_link() و previous_posts_link()","iscorrect":1},{"id":"16239","description":"the_author_posts_link() و previous_posts_link()","iscorrect":0},{"id":"16240","description":"next_link() و previous_posts_link()","iscorrect":0},{"id":"16241","description":"next_posts_link() و previous _link()","iscorrect":0}]},{"id":"4261","description":"خروجی دستور زیر چیست؟\n\n\nthe_author_posts_link()","answers":[{"id":"16242","description":"نام نویسنده دیدگاه را چاپ می‌کند","iscorrect":0},{"id":"16243","description":"پیوند نوشته بعدی را نمایش می‌دهد","iscorrect":0},{"id":"16244","description":"نام نویسنده نوشته را بصورت یک پیوند به نمایش می‌گذارد","iscorrect":1},{"id":"16245","description":"پیوند نوشته قبلی را بر می‌گرداند","iscorrect":0}]},{"id":"4300","description":"کاربرد برچسب زیر چیست؟\n\n\nadd_filter(‌'‌pre_option_link_manager_enabled‌'‌,‌'‌__return_true‌'‌)","answers":[{"id":"16226","description":"این برچسب به فایل توابع برای فعال کردن بخش «پیوند ها» اضافه می‌شود","iscorrect":1},{"id":"16227","description":"برای فعال سازی بخش دیدگاه‌ها می‌باشد","iscorrect":0},{"id":"16228","description":"برای از بین بردن پیوندها از آن استفاده می‌کنیم","iscorrect":0},{"id":"16229","description":"تابع بالا پیوند نوشته‌ها را به برگه نخست می افزاید","iscorrect":0}]}]},{"score":"60","questions":[{"id":"4262","description":"از چه تابعی برای نمایش تاریخ نوشته استفاده می‌شود؟","answers":[{"id":"16246","description":"time()","iscorrect":0},{"id":"16247","description":"the_time()","iscorrect":1},{"id":"16248","description":"next_link()","iscorrect":0},{"id":"16249","description":"the_author_posts_link()","iscorrect":0}]},{"id":"4263","description":"علت قرار دادن پارامتر در تابع زیر چیست؟\n\n\nthe_time()","answers":[{"id":"16250","description":"این پارامتر برای تغییر زمان نوشته استفاده می‌شود","iscorrect":0},{"id":"16251","description":"کاربرد آن در تبدیل ثانیه به روز است","iscorrect":0},{"id":"16252","description":"برای استفاده از قالب‌های زمانی متفاوت کاربرد دارد","iscorrect":1},{"id":"16253","description":"زمان را بصورت ثانیه شمار چاپ می‌کند","iscorrect":0}]},{"id":"4264","description":"دلیل استفاده از دستور شرطی زیر چیست؟\n\n\nif ( ! function_exists( ) )","answers":[{"id":"16254","description":"از ایجاد خطا در موارد وجود توابع همنام جلوگیری می‌کند","iscorrect":1},{"id":"16255","description":"در صورت وجود تابع آن را دوباره می‌سازد","iscorrect":0},{"id":"16256","description":"در صورت وجود تابع همنام آن را پاک می‌کند","iscorrect":0},{"id":"16257","description":"اگر تابع همنام با تابع در حال ساخت باشد نام آن را تغییر می‌دهد","iscorrect":0}]},{"id":"4265","description":"عملکرد برچسب زیر چیست؟\n\n\nthe_tags()","answers":[{"id":"16262","description":"این برچسب تاریخ دیدگاه نوشته را بصورت تاریخ شمسی نشان می‌دهد","iscorrect":0},{"id":"16263","description":"برای نمایش برچسب نوشته از آن استفاده می‌شود","iscorrect":1},{"id":"16264","description":"وظیفه به نمایش گذاشتن دسته مطلب را دارد","iscorrect":0},{"id":"16265","description":"تاریخ ثبت نوشته را چاپ می‌کند","iscorrect":0}]},{"id":"4301","description":"خروجی دستور زیر چیست؟\n\n\nthe_category(‌'‌, ‌'‌)","answers":[{"id":"16258","description":"نام برچسب استفاده شده در نوشته را برمی‌گرداند","iscorrect":0},{"id":"16259","description":"پیوند بعدی نوشته را نشان می‌دهد","iscorrect":0},{"id":"16260","description":"نام دسته نوشته مورد نظر را بصورت یک پیوند چاپ می‌کند","iscorrect":1},{"id":"16261","description":"نام و مشخصات نویسنده مطلب را نمایش می‌دهد","iscorrect":0}]}]}]},{"name":"درس دهم- ساخت author.php و sitemap.php","id":"590","contentorder":"19","lesson_number":10,"type":0,"filename":"lesson590.html"},{"name":"ساخت author.php و sidemap.php","id":"1034","contentorder":"20","type":1,"set":[{"score":"60","questions":[{"id":"4266","description":"هدف از ساخت فایل author.php چیست؟","answers":[{"id":"16266","description":"چاپ دیدگاه‌های نوشته شده توسط بازدیدکنندگان","iscorrect":0},{"id":"16267","description":"ایجاد برگه نقشه تارنما","iscorrect":0},{"id":"16268","description":"ساخت فهرست تمام نوشته های تارنما","iscorrect":0},{"id":"16269","description":"چاپ نام و مشخصات نویسنده به علاوه لیست مطالب منتشر شده توسط او","iscorrect":1}]},{"id":"4267","description":"اطلاعات ذخیره شده در متغییر $curauth شامل ... می‌شود.","answers":[{"id":"16274","description":"تمام مشخصات و اطلاعات مربوط به کاربر","iscorrect":1},{"id":"16275","description":"نشانی تارنمای کاربر","iscorrect":0},{"id":"16276","description":"تصویر کاربر","iscorrect":0},{"id":"16277","description":"اطلاعات مطالب نوشته شده","iscorrect":0}]},{"id":"4268","description":"برای چاپ تصویر از برچسب .......... استفاده می‌کنیم.","answers":[{"id":"16278","description":"()get_avatar","iscorrect":1},{"id":"16279","description":"()avatar","iscorrect":0},{"id":"16280","description":"$curauth","iscorrect":0}]},{"id":"4269","description":"خروجی برچسب زیر چیست؟\n\n\n$curauth->user_url","answers":[{"id":"16281","description":"نام کاربر","iscorrect":0},{"id":"16282","description":"مشخصات کاربر","iscorrect":0},{"id":"16283","description":"نشانی تارنمای کاربر که در قسمت تنظیمات کاربران نوشته شده است","iscorrect":1},{"id":"16284","description":"لقب کاربر","iscorrect":0}]},{"id":"4302","description":"کاربرد برچسب زیر چیست؟\n\n\nget_userdata(get_query_var(‌'‌author‌'‌))","answers":[{"id":"16270","description":"دریافت نام نویسنده با توجه به لقب نوشته شده در تنظیمات","iscorrect":0},{"id":"16271","description":"دریافت نوشته‌های بازدید کنندگان در تارنما","iscorrect":0},{"id":"16272","description":"دریافت مشخصات و داده‌های مربوط به کاربر با توجه به نام او","iscorrect":1},{"id":"16273","description":"چاپ نوشته‌های کاربر","iscorrect":0}]}]},{"score":"60","questions":[{"id":"4270","description":"کاربرد برگه «نقشه تارنما» در چیست؟","answers":[{"id":"16285","description":"ایجاد برگه تماس با ما","iscorrect":0},{"id":"16286","description":"ساخت برگه ای برای معرفی تارنما به کاربران","iscorrect":0},{"id":"16287","description":"راهنمای دسترسی بهتر کاربران به نوشته‌ها بر اساس نام نویسنده","iscorrect":0},{"id":"16288","description":"بوجود آورنده فهرستی از مطالب که به موتورهای جستجوگر در ایندکس نوشته‌ها و برگه های تارنما کمک می‌کند","iscorrect":1}]},{"id":"4271","description":"برچسب\n\n\nwp_list_pages(\"title_li=\")\n\n\nبرای چاپ ............ استفاده می‌شود.","answers":[{"id":"16289","description":"فهرست نوشته‌ها","iscorrect":0},{"id":"16290","description":"فهرست کاربران","iscorrect":0},{"id":"16291","description":"فهرست برگه‌ها بر اساس عنوان","iscorrect":1},{"id":"16292","description":"فهرست دیدگاه‌ها","iscorrect":0}]},{"id":"4272","description":"برای فهرست کردن دسته‌های تارنما بر اساس نام آنها از برچسب ... بهره می‌بریم.","answers":[{"id":"16293","description":"wp_list_pages(\"title_li=\")","iscorrect":0},{"id":"16412","description":"wp_list_cats ('sort_column=name')","iscorrect":1},{"id":"16413","description":"wp_get_archives('type=monthly')","iscorrect":0},{"id":"16414","description":"list_cats ('sort_column=name')","iscorrect":0}]},{"id":"4273","description":"از برچسب ... برای فهرست کردن بایگانی بر اساس ماه استفاده می‌شود.","answers":[{"id":"16294","description":"wp_list_pages(\"title_li=\")","iscorrect":0},{"id":"16295","description":"wp_list_pages(\"type=monthly\")","iscorrect":0},{"id":"16415","description":"list_cats ('sort_column=name')","iscorrect":0},{"id":"16416","description":"wp_get_archives('type=monthly')","iscorrect":1}]},{"id":"4303","description":"کاربرد برچسب زیر چیست؟\n\n\nWP_Query(‌'‌showposts=10&cat=8‌'‌)","answers":[{"id":"16296","description":"تعداد ده نوشته را از دسته ای با شماره 8 باز می‌گرداند","iscorrect":0},{"id":"16297","description":"هشت نوشته را ده بار باز می‌گرداند","iscorrect":0},{"id":"16298","description":"ده نوشته آخر مربوط به دسته ای با شماره هشت را دریافت می‌کند","iscorrect":1},{"id":"16299","description":"هشت نوشته آخر را چاپ می‌کند","iscorrect":0}]}]}]},{"name":"درس یازدهم- ساخت افزونه","id":"591","contentorder":"21","lesson_number":11,"type":0,"filename":"lesson591.html"},{"name":"افزونه‌ها در وردپرس","id":"1036","contentorder":"22","type":1,"set":[{"score":"60","questions":[{"id":"4274","description":"تعریف افزونه کدام یک از گزینه‌های زیر است؟","answers":[{"id":"16300","description":"مجموعه ای از کدهای اچ تی ام ال برای داشتن نمای بهتر در تارنما","iscorrect":0},{"id":"16301","description":"به مجموعه‌ای از کدهای سی اس اس گفته می‌شود که هدف ویژه ای را دنبال می‌کنند.","iscorrect":0},{"id":"16302","description":"مجموعه‌ای از کدهای «پی اچ پی» که تغییراتی را در تارنما ایجاد می‌کنند.","iscorrect":1},{"id":"16303","description":"ابزارک‌هایی که در ستون کناری استفاده می‌شوند.","iscorrect":0}]},{"id":"4275","description":"نشانی محل نگهداری افزونه‌ها در وردپرس کجاست؟","answers":[{"id":"16304","description":"wp-content\\plugins","iscorrect":1},{"id":"16305","description":"wp-content\\plugin","iscorrect":0},{"id":"16306","description":"wp-content\\uploads","iscorrect":0},{"id":"16307","description":"wp-content\\themes","iscorrect":0}]},{"id":"4276","description":"هر افزونه از چند فایل تشکیل می‌شود؟","answers":[{"id":"16308","description":"هر افزونه باید از دو فایل بیشتر باشد.","iscorrect":0},{"id":"16309","description":"بر حسب سادگی یا پیچیدگی دارای یک فایل و یا بیشتر است.","iscorrect":1},{"id":"16310","description":"برای ساخت افزونه فقط از یک فایل استفاده می‌شود.","iscorrect":0},{"id":"16311","description":"هر چقدر فایل‌های افزونه بیشتر باشد کارایی آن بهتر می‌شود.","iscorrect":0}]},{"id":"4277","description":"برای معرفی افزونه به وردپرس باید از ... استفاده کرد.","answers":[{"id":"16312","description":"Plugin description","iscorrect":0},{"id":"16313","description":"Plugin URL","iscorrect":0},{"id":"16314","description":"Plugin Author","iscorrect":0},{"id":"16315","description":"Plugin Name","iscorrect":1}]},{"id":"4278","description":"قلاب چیست؟","answers":[{"id":"16316","description":"مجموعه ای از کدها که تغییراتی را در حالت پیش فرض سیستم وردپرس وارد می‌کنند.","iscorrect":1},{"id":"16317","description":"تابعی که تارنما را بروزرسانی می‌کند.","iscorrect":0},{"id":"16318","description":"نوشته ای که توسط دسته خاصی چاپ می‌شود.","iscorrect":0},{"id":"16319","description":"کدهای وردپرس برای نمایش دادن فهرست تارنما در پانوشت.","iscorrect":0}]}]},{"score":"60","questions":[{"id":"4279","description":"قلاب ... داده‌ها را از سیستم گرفته و بعد از اعمال تغییرات لازم مقادیر برگشتی را تحویل می دهد.","answers":[{"id":"16320","description":"کنش","iscorrect":0},{"id":"16321","description":"فیلتر","iscorrect":1},{"id":"16322","description":"افزونه","iscorrect":0},{"id":"16323","description":"ابزارک","iscorrect":0}]},{"id":"4280","description":"برای ایجاد یک عمل در نقاط تعیین شده سیستم در زمان خاص از قلاب ... استفاده می‌شود.","answers":[{"id":"16324","description":"فیلتر","iscorrect":0},{"id":"16325","description":"تابع","iscorrect":0},{"id":"16326","description":"پانوشت","iscorrect":0},{"id":"16327","description":"کنش","iscorrect":1}]},{"id":"4281","description":"برای افزودن یک قلاب کنش از برچسب ... استفاده می‌کنیم.","answers":[{"id":"16328","description":"افزودن برگه و پیوند آن در محیط مدیریت وردپرس","iscorrect":1},{"id":"16329","description":"افزودن فهرست به سیستم","iscorrect":0},{"id":"16330","description":"چاپ یک متن در آخر نوشته","iscorrect":0},{"id":"16331","description":"نمایش پانوشت تارنما","iscorrect":0}]},{"id":"4282","description":"انواع قلاب عبارتند از:","answers":[{"id":"16332","description":"کنش و واکنش","iscorrect":0},{"id":"16333","description":"فیلتر و واکنش","iscorrect":0},{"id":"16334","description":"فیلتر و کنش","iscorrect":1},{"id":"16335","description":"فیلتر و سرایند","iscorrect":0}]},{"id":"4304","description":"برای افزودن یک قلاب کنش از برچسب ... استفاده می کنیم","answers":[{"id":"16417","description":"add_action('نام قلاب' , 'نام تابع')","iscorrect":1},{"id":"16418","description":"add_filter('نام قلاب' , 'نام فیلتر')","iscorrect":0},{"id":"16419","description":"add_action('نام فیلتر ' , 'نام تابع')","iscorrect":0},{"id":"16420","description":"add_action('نام قلاب' , 'نام فیلتر ')","iscorrect":0}]}]}]},{"name":"درس دوازدهم- اولویت الگوها و ساخت home.php و front-page.php","id":"592","contentorder":"23","lesson_number":12,"type":0,"filename":"lesson592.html","attachments":[{"name":"Attachement 1","filename":"Darsnameh-WP-Theme-Course.zip","file_type":"application/zip"}]},{"name":"اولویت الگوها و ساخت home.php و front-page.php","id":"1038","contentorder":"24","type":1,"set":[{"score":"60","questions":[{"id":"4283","description":"پایین‌ترین اولویت در اجرای فایل‌ها با فایل ........... است.","answers":[{"id":"16336","description":"index.php","iscorrect":1},{"id":"16337","description":"header.php","iscorrect":0},{"id":"16338","description":"tag.php","iscorrect":0},{"id":"16339","description":"404.php","iscorrect":0}]},{"id":"4284","description":"در صورت نبودن فایل 404.php فایل ........... اجرا می‌شود.","answers":[{"id":"16340","description":"header.php","iscorrect":0},{"id":"16341","description":"index.php","iscorrect":1},{"id":"16342","description":"footer.php","iscorrect":0},{"id":"16343","description":"home.php","iscorrect":0}]},{"id":"4285","description":"دلیل استفاده از فایل home.php چیست؟","answers":[{"id":"16344","description":"سرعت این فایل بسیار بالا است.","iscorrect":0},{"id":"16345","description":"نمایش نوشته‌ها در این فایل زیباتر به نظر می‌آید.","iscorrect":0},{"id":"16346","description":"می‌خواهیم که صفحه ابتدایی تارنما چیزی به غیر از آنچه در index.php است نمایش دهد.","iscorrect":1},{"id":"16347","description":"این فایل برای نوشته‌های ایستا کاربرد دارد","iscorrect":0}]},{"id":"4286","description":"در صورت وجود فایل home.php و index.php کدام فایل اجرا می‌شود؟","answers":[{"id":"16348","description":"index.php","iscorrect":0},{"id":"16349","description":"footer.php","iscorrect":0},{"id":"16350","description":"header.php","iscorrect":0},{"id":"16351","description":"home.php","iscorrect":1}]},{"id":"4287","description":"خروجی برچسب مقابل چیست؟\n\n\nquery_posts(\"showposts=2&cat=1\")","answers":[{"id":"16352","description":"یک نوشته را که از دسته شماره ۲ گرفته چاپ می‌کند.","iscorrect":0},{"id":"16353","description":"دو نوشته آخر از دسته شماره ۱ را بر می‌گرداند.","iscorrect":1},{"id":"16354","description":"دو نوشته آخر که برچسب ۱ دارند را نمایش می‌دهد.","iscorrect":0},{"id":"16355","description":"یک نوشته ابتدایی دسته ۲ را بر می‌گرداند.","iscorrect":0}]}]},{"score":"60","questions":[{"id":"4288","description":"چرا باید از برچسب\n\n\nwp_reset_query()\n\n\nاستفاده کنیم؟","answers":[{"id":"16356","description":"این برچسب دارای سرعت بالا در دریافت داده‌ها است.","iscorrect":0},{"id":"16357","description":"امنیت سیستم با این برچسب بالاتر می‌رود.","iscorrect":0},{"id":"16358","description":"این برچسب درخواست‌های انجام شده را بهتر رسیدگی می‌کند.","iscorrect":0},{"id":"16359","description":"زمانی که از چند حلقه در یک برگه استفاده می‌کنیم این برچسب باید برای پاکسازی و شروع حلقه دیگر استفاده می‌شود.","iscorrect":1}]},{"id":"4289","description":"محل استفاده از برچسب زیر کجاست؟\n\n\nwp_reset_query()","answers":[{"id":"16360","description":"ابتدای حلقه","iscorrect":0},{"id":"16361","description":"در انتهای هر حلقه","iscorrect":1},{"id":"16362","description":"قبل از پایان یافتن حلقه","iscorrect":0},{"id":"16363","description":"قبل از آغاز دستورات حلقه","iscorrect":0}]},{"id":"4290","description":"تعداد مجاز استفاده از حلقه در یک برگه ...","answers":[{"id":"16364","description":"تنها یک عدد است.","iscorrect":0},{"id":"16365","description":"حداکثر سه حلقه است.","iscorrect":0},{"id":"16366","description":"به تعداد دلخواه اما با توجه به پایین آوردن سرعت بالا آمدن سیستم از یک اندازه بیشتر نشود.","iscorrect":1},{"id":"16367","description":"حداقل ۲ حلقه است.","iscorrect":0}]},{"id":"4291","description":"اگر بخواهیم صفحه ابتدایی ایستا داشته باشیم معمولا از فایل ........ بهره می‌بریم.","answers":[{"id":"16368","description":"index.php","iscorrect":0},{"id":"16369","description":"home.php","iscorrect":0},{"id":"16370","description":"front-page.php","iscorrect":1},{"id":"16371","description":"header.php","iscorrect":0}]},{"id":"4292","description":"اگر دو فایل home.php و front-page.php موجود باشند فایل ....... اجرا می‌شود.","answers":[{"id":"16372","description":"home.php","iscorrect":0},{"id":"16373","description":"front-page.php","iscorrect":1},{"id":"16374","description":"index.php","iscorrect":0},{"id":"16375","description":"tag.php","iscorrect":0}]}]}]},{"name":"دوره طراحی پوسته وردپرس- آزمون نهایی","id":"1110","contentorder":"25","type":1,"set":[{"score":"50","questions":[{"id":"4648","description":"برای راست به چپ کردن تارنما باید فایل ................ را اضافه کنیم.","answers":[{"id":"17710","description":"ltr.css","iscorrect":0},{"id":"17711","description":"rtl.php","iscorrect":0},{"id":"17712","description":"rtl.css","iscorrect":1},{"id":"17713","description":"ltr.php","iscorrect":0}]},{"id":"4647","description":"رای داشتن برگه نخست متفاوت با ایندکس از چه الگوهایی کمک می‌گیریم؟","answers":[{"id":"17706","description":"index.php و home.php","iscorrect":0},{"id":"17707","description":"home.php و 404.php","iscorrect":0},{"id":"17708","description":"home.php و header.php","iscorrect":0},{"id":"17709","description":"home.php و front-page.php","iscorrect":1}]},{"id":"4646","description":"پوسته چیست؟","answers":[{"id":"17705","description":"ابزاری است برای استفاده بهتر از افزونه‌ها که ساخته و نصب می‌شود.","iscorrect":0},{"id":"17702","description":"لایه رویی یا نمایی برای نمایش محتوای تارنما که از مجموعه فایل‌ها تشکیل شده است.","iscorrect":1},{"id":"17703","description":"قسمت هدایت کننده سیستم وردپرس است.","iscorrect":0},{"id":"17704","description":"بخش کنترل تعداد کاربران که بر نحوه عملکرد آنها نظارت می‌کند.","iscorrect":0}]},{"id":"4649","description":"برای چاپ نوشته به صورت کامل، برچسب .............. را بکار می‌بریم.","answers":[{"id":"17714","description":"get_sidebar()","iscorrect":0},{"id":"17715","description":"the_excerpt()","iscorrect":0},{"id":"17716","description":"the_title()","iscorrect":0},{"id":"17717","description":"the_content()","iscorrect":1}]},{"id":"4650","description":"کاربرد کلمه true در تابع زیر چیست؟\n\n\nset_post_thumbnail_size( x, y , true )","answers":[{"id":"17718","description":"‌تایید بریدن عکس با توجه به اندازه‌های داخل پرانتز (پارامتر ایکس و وای)","iscorrect":1},{"id":"17719","description":"تغییر اندازه تصویر بدون بریدن","iscorrect":0},{"id":"17720","description":"تایید سلامت عکس ارسالی","iscorrect":0},{"id":"17721","description":"تایید رمز گذاری عکس","iscorrect":0}]},{"id":"4651","description":"برای چاپ پیوند «ویرایش» سریع از .............. استفاده می‌کنیم.","answers":[{"id":"17722","description":"edit_post ()","iscorrect":0},{"id":"17723","description":"edit_post_link()","iscorrect":1},{"id":"17724","description":"the_title()","iscorrect":0},{"id":"17725","description":"edit_link()","iscorrect":0}]},{"id":"4652","description":"برچسب زیر چه چیزی را چاپ می‌کند؟\n\n\ncomment_form()","answers":[{"id":"17730","description":"فرم دریافت دیدگاه از طرف بازدید کننده","iscorrect":1},{"id":"17731","description":"فرم درخواست نوشته برچسب دیدگاه","iscorrect":0},{"id":"17732","description":"فرم ارسال مشخصات نویسنده مطلب","iscorrect":0},{"id":"17733","description":"فرم «تماس با ما» در برگه","iscorrect":0}]},{"id":"4653","description":"از برچسب ............... برای فهرست کردن بایگانی بر اساس ماه استفاده می‌شود.","answers":[{"id":"21011","description":"  wp_list_pages(\"type=monthly\")","iscorrect":0},{"id":"17738","description":"wp_list_pages(\"title_li=\")","iscorrect":0},{"id":"17739","description":"wp_list_pages(\"type=monthly\")","iscorrect":0},{"id":"21010","description":"wp_get_archives(‌'‌type=monthly‌'‌)","iscorrect":1}]},{"id":"4654","description":"برای افزودن یک قلاب کنش از برچسب .............. استفاده می‌کنیم.","answers":[{"id":"17740","description":"افزودن برگه و پیوند آن در محیط مدیریت وردپرس","iscorrect":1},{"id":"17741","description":"افزودن فهرست به سیستم","iscorrect":0},{"id":"17742","description":"چاپ یک متن در آخر نوشته","iscorrect":0},{"id":"17743","description":"نمایش پانوشت تارنما","iscorrect":0}]},{"id":"4655","description":"اگر بخواهیم صفحه ابتدایی ایستا داشته باشیم معمولا از فایل ................ بهره می‌بریم.","answers":[{"id":"17744","description":"index.php","iscorrect":0},{"id":"17745","description":"home.php","iscorrect":0},{"id":"17746","description":"front-page.php","iscorrect":1},{"id":"17747","description":"header.php","iscorrect":0}]}]},{"score":"50","questions":[{"id":"4656","description":"وردپرس با زبان برنامه‌نویسی ............. نوشته شده است.","answers":[{"id":"17748","description":"جاوا اسکریپت","iscorrect":0},{"id":"17749","description":"پی اچ پی","iscorrect":1},{"id":"17750","description":"اچ تی ام ال و سی اس اس","iscorrect":0},{"id":"17751","description":"ویژوال بیسیک","iscorrect":0}]},{"id":"4657","description":"کدام یک از فایل‌های زیر همگی از الگوهای وردپرس هستند؟","answers":[{"id":"17752","description":"header.php و index.php و style.php","iscorrect":0},{"id":"17753","description":"style.css و home.php و tag.php","iscorrect":0},{"id":"17754","description":"index.php و style.css و footer.php","iscorrect":0},{"id":"17755","description":"home.php و tag.php و category.php","iscorrect":1}]},{"id":"4658","description":"اگر بخواهیم پوسته‌ای بسازیم پوشه آن را باید در پوشه ................. قرار دهیم.","answers":[{"id":"17756","description":"upgrades","iscorrect":0},{"id":"17757","description":"plugins","iscorrect":0},{"id":"17758","description":"themes","iscorrect":1},{"id":"17759","description":"languages","iscorrect":0}]},{"id":"4659","description":"دلیل استفاده از برچسب زیر چیست؟\n\nlanguage_attributes()","answers":[{"id":"17760","description":"تعیین چیدمان کلی تارنما و زبانی که باید کدها توسط مرورگر ترجمه شوند.","iscorrect":1},{"id":"17761","description":"زبان نوشته را چاپ می‌کند.","iscorrect":0},{"id":"17762","description":"نوع برچسب تیتر را برای سرایند تعیین می‌کند.","iscorrect":0},{"id":"17763","description":"داده‌های پایگاه را رمزدار می‌کند.","iscorrect":0}]},{"id":"4660","description":"فایل توابع از .................... تشکیل شده است.","answers":[{"id":"17764","description":"برچسب‌های دریافت‌کننده نشانی تارنما","iscorrect":0},{"id":"17765","description":"مجموعه تابع‌ها و برچسب‌هایی برای تغییر حالت پیش فرض وردپرس","iscorrect":1},{"id":"17766","description":"دستورات پی‌اچ‌پی برای راه اندازی سیستم","iscorrect":0},{"id":"17767","description":"کدهای سی‌اس‌اس برای شیوه‌دهی","iscorrect":0}]},{"id":"4661","description":"دلیل ساخت فایل‌های category.php و archive.php چیست؟","answers":[{"id":"17772","description":"بدلیل غیر فعال بودن این دو قابلیت با ساختن و فعال سازی آنها را قابل استفاده می‌کنیم.","iscorrect":0},{"id":"17773","description":"هر دو الگوی بالا بطور پیش فرض فعال هستند، با ساخت این دو فایل ما توانایی شخصی سازی آنها را بدست می‌آوریم.","iscorrect":1},{"id":"17774","description":"بالا بردن سرعت دریافت داده‌ها از پایگاه","iscorrect":0},{"id":"17775","description":"کم کردن حجم داده‌های ثبت شده در پایگاه","iscorrect":0}]},{"id":"4662","description":"خروجی برچسب comments_number کدام گزینه است؟","answers":[{"id":"17776","description":"تعداد نوشته‌های تارنما را چاپ می‌کند.","iscorrect":0},{"id":"17777","description":"تعداد نوشته‌هایی که دیدگاه دارند را بر می‌گرداند.","iscorrect":0},{"id":"17778","description":"تعداد دیدگاه‌هایی که در پایگاه هستند را نمایش می‌دهد.","iscorrect":0},{"id":"17779","description":"تعداد دیدگاه‌های نوشته را بر می‌گرداند.","iscorrect":1}]},{"id":"4663","description":"خروجی دستور زیر چیست؟\n\nthe_author_posts_link()","answers":[{"id":"17780","description":"نام نویسنده دیدگاه را چاپ می‌کند.","iscorrect":0},{"id":"17781","description":"پیوند نوشته بعدی را نمایش می‌دهد.","iscorrect":0},{"id":"17782","description":"نام نویسنده نوشته را بصورت یک پیوند به نمایش می‌گذارد.","iscorrect":1},{"id":"17783","description":"پیوند نوشته قبلی را بر می‌گرداند.","iscorrect":0}]},{"id":"4664","description":"هر افزونه از چند فایل تشکیل می‌شود؟","answers":[{"id":"17788","description":"هر افزونه باید از دو فایل بیشتر باشد.","iscorrect":0},{"id":"17789","description":"بر حسب سادگی یا پیچیدگی دارای یک فایل و یا بیشتر است.","iscorrect":1},{"id":"17790","description":"برای ساخت افزونه فقط از یک فایل استفاده می‌شود.","iscorrect":0},{"id":"17791","description":"هر چقدر فایل‌های افزونه بیشتر باشد کارایی آن بهتر می‌شود.","iscorrect":0}]},{"id":"4665","description":"در صورت وجود فایل home.php و index.php کدام فایل اجرا می‌شود؟","answers":[{"id":"17792","description":"index.php","iscorrect":0},{"id":"17793","description":"footer.php","iscorrect":0},{"id":"17794","description":"header.php","iscorrect":0},{"id":"17795","description":"home.php","iscorrect":1}]}]}]}]}