{"courseId":"34","contents":[{"name":"مقدمه و آشنایی با نرم افزار ورد (Word)","id":"220","contentorder":"1","lesson_number":1,"type":0,"filename":"lesson220.html"},{"name":"مقدمه و آشنایی با نرم‌افزار ورد (Word)","id":"371","contentorder":"2","type":1,"set":[{"score":"60","questions":[{"id":"1102","description":"کدام گزینه جزء نرم افزارهای مجموعه آفیس نیست؟","answers":[{"id":"4206","description":"PowerPoint","iscorrect":0},{"id":"4207","description":"Photoshop","iscorrect":1},{"id":"4208","description":"Word","iscorrect":0},{"id":"4209","description":"Excel","iscorrect":0}]},{"id":"1103","description":"از کدام زبانه می توان مواردی از قبیل جدول، عکس، نمودار و... را در یک سند درج کرد؟","answers":[{"id":"4210","description":"Review","iscorrect":0},{"id":"4211","description":"Mailings","iscorrect":0},{"id":"4212","description":"Insert","iscorrect":1},{"id":"4213","description":"Home","iscorrect":0}]},{"id":"1104","description":"کدام گزینه برای «تغییر نام» یک سند به کار می رود؟","answers":[{"id":"4214","description":"Rename","iscorrect":1},{"id":"4215","description":"Cut","iscorrect":0},{"id":"4216","description":"Paste","iscorrect":0},{"id":"4217","description":"Copy","iscorrect":0}]}]},{"score":"60","questions":[{"id":"1105","description":"با استفاده از کدام گزینه می توان ابزارهای دلخواهی به بخش بالا و سمت چپ نرم افزار Word اضافه کرد به طوری که دسترسی به آن ساده تر و سریع تر باشد؟","answers":[{"id":"4218","description":"Microsoft Office Button","iscorrect":0},{"id":"4219","description":"Insert","iscorrect":0},{"id":"4220","description":"Page Layout","iscorrect":0},{"id":"4221","description":"Access toolbar","iscorrect":1}]},{"id":"1106","description":"از گزینه های کدام زبانه می توان برای تایپ متن و ویرایش نوشته استفاده کرد؟","answers":[{"id":"4222","description":"Home","iscorrect":1},{"id":"4223","description":"View","iscorrect":0},{"id":"4224","description":"Review","iscorrect":0},{"id":"4225","description":"References","iscorrect":0}]},{"id":"1107","description":"برای حذف یک سند از گزینه ........ استفاده می کنیم.","answers":[{"id":"4226","description":"Copy","iscorrect":0},{"id":"4227","description":"Cut","iscorrect":0},{"id":"4228","description":"Paste","iscorrect":0},{"id":"4229","description":"Delete","iscorrect":1}]}]}]},{"name":"شروع یک تایپ ساده","id":"221","contentorder":"3","lesson_number":2,"type":0,"filename":"lesson221.html"},{"name":"شروع یک تایپ ساده","id":"373","contentorder":"4","type":1,"set":[{"score":"60","questions":[{"id":"1108","description":"کدام یک از دکمه های زیر از صفحه کلید، برای «انتخاب» یک بخش از متن استفاده می شود؟","answers":[{"id":"4230","description":"Back Space","iscorrect":0},{"id":"4231","description":"Space","iscorrect":0},{"id":"4232","description":"Shift","iscorrect":1},{"id":"4233","description":"Enter","iscorrect":0}]},{"id":"1109","description":"گزینه Replace از زبانه Home در زمانی استفاده می شود که بخواهیم:","answers":[{"id":"4234","description":"به جای یک واژه ای، از واژه جایگزینی در تمام سند استفاده کنیم.","iscorrect":1},{"id":"4235","description":"یک واژه را در سند پیدا کنیم.","iscorrect":0},{"id":"4236","description":"زبان سند را به حالت «فارسی» تغییر دهیم.","iscorrect":0},{"id":"4237","description":"صفحه را به صورت «راست چین» تنظیم کنیم.","iscorrect":0}]},{"id":"1110","description":"در یک سند Word چنانچه عملیاتی انجام داده باشیم و سپس از آن عملیات پشیمان شده باشیم می توانیم با استفاده از چه گزینه ای تغییر مورد نظر را حذف و سند را به حالت اولیه بازگردانیم؟","answers":[{"id":"4238","description":"Redo","iscorrect":0},{"id":"4239","description":"Undo","iscorrect":1},{"id":"4240","description":"Find","iscorrect":0},{"id":"4241","description":"Replace","iscorrect":0}]}]},{"score":"60","questions":[{"id":"1111","description":"برای تغییر زبان ویندوز از حالت فارسی به انگلیسی و برعکس می توان از چه دکمه هایی استفاده کرد؟","answers":[{"id":"4242","description":"Alt+Ctrl","iscorrect":0},{"id":"4243","description":"Ctrl+Shift","iscorrect":0},{"id":"4244","description":"Alt+Shift","iscorrect":1},{"id":"4245","description":"Alt+Enter","iscorrect":0}]},{"id":"1112","description":"بعد از آنکه از گزینه Undo برای لغو آخرین دستور انجام شده استفاده کردیم، ممکن است باز پشیمان شویم و بخواهیم عملی را که لغو کرده ایم مجددا انجام دهیم. در این صورت از چه گزینه ای استفاده می کنیم؟","answers":[{"id":"4246","description":"Find","iscorrect":0},{"id":"4247","description":"Replace","iscorrect":0},{"id":"4248","description":"Redo","iscorrect":1},{"id":"4249","description":"Clipboard","iscorrect":0}]},{"id":"1113","description":"گزینه Cut به منظور:","answers":[{"id":"4250","description":"برش و انتقال یک واژه از یک محل به محل دیگر استفاده می شود.","iscorrect":1},{"id":"4251","description":"کپی کردن و برداشتن نسخه ای از واژه و انتقال آن به محل دیگر استفاده می شود.","iscorrect":0},{"id":"4252","description":"جایگزینی متن کپی شده در سند استفاده می شود.","iscorrect":0},{"id":"4253","description":"پاک کردن واژه یا متن انتخاب شده استفاده می شود.","iscorrect":0}]}]}]},{"name":"زیباسازی متن- بخش اول","id":"222","contentorder":"5","lesson_number":3,"type":0,"filename":"lesson222.html"},{"name":"زیباسازی متن- بخش اول","id":"375","contentorder":"6","type":1,"set":[{"score":"60","questions":[{"id":"1114","description":"با استفاده از دو گزینه Grow Font و Shrink Font می توان:","answers":[{"id":"4254","description":"رنگ واژه های انتخابی را تغییر داد.","iscorrect":0},{"id":"4255","description":"واژه ها را به سمت «بالا» و «پایین» سند هدایت کرد.","iscorrect":0},{"id":"4256","description":"اندازه واژه ها را به طور سریع کوچک و بزرگ کرد.","iscorrect":1},{"id":"4257","description":"واژه ها را به سمت «چپ» و «راست» سند هدایت کرد.","iscorrect":0}]},{"id":"1115","description":"کدام گزینه یک خط بر روی واژه رسم می کند؟","answers":[{"id":"4258","description":"Strikethrough","iscorrect":1},{"id":"4259","description":"Paragraph","iscorrect":0},{"id":"4260","description":"Line","iscorrect":0},{"id":"4261","description":"هیچکدام","iscorrect":0}]},{"id":"1116","description":"Highlight کردن یک واژه یعنی:","answers":[{"id":"4262","description":"قرار دادن خطی در زیر واژه","iscorrect":0},{"id":"4263","description":"پر رنگ یا بولد کردن واژه","iscorrect":0},{"id":"4264","description":"تغییر واژه به صورت نوشتاری کج (ایتالیک)","iscorrect":0},{"id":"4265","description":"نمایش واژه با رنگی مشخص و معمولا ملایم","iscorrect":1}]}]},{"score":"60","questions":[{"id":"1117","description":"گزینه های بولد (Bold)، ایتالیک (Italic) و آندرلاین (Underline) به ترتیب:","answers":[{"id":"4266","description":"واژه را پر رنگ می کند، خطی بر زیر واژه می اندازد و واژه را به صورت نوشتاری کج تغییر می دهد.","iscorrect":0},{"id":"4267","description":"خطی بر زیر واژه می اندازد، واژه را به صورت نوشتاری کج تغییر می دهد و واژه را پر رنگ می کند.","iscorrect":0},{"id":"4268","description":"واژه را به صورت نوشتاری کج تغییر می دهد، واژه را پر رنگ می کند و خطی بر زیر واژه می اندازد.","iscorrect":0},{"id":"4269","description":"واژه را پر رنگ می کند، واژه را به صورت نوشتاری کج تغییر می دهد و خطی بر زیر واژه می اندازد.","iscorrect":1}]},{"id":"1118","description":"در سیستم عامل ویندوز، فونت ها در کدام بخش ذخیره می شوند؟","answers":[{"id":"4270","description":"در درایوی به جز درایو ویندوز و در پوشه Microsoft Office.","iscorrect":0},{"id":"4271","description":"در درایوی که ویندوز در آن نصب شده و در پوشه Fonts.","iscorrect":1},{"id":"4272","description":"در درایوی به جز درایو ویندوز و در پوشه Fonts.","iscorrect":0},{"id":"4273","description":"در درایوی که ویندوز در آن نصب شده و در پوشه Microsoft Office.","iscorrect":0}]},{"id":"1119","description":"گزینه Change Case:","answers":[{"id":"4274","description":"حروف انگلیسی را بزرگ و کوچک می کند.","iscorrect":1},{"id":"4275","description":"واژه ها را به سمت «بالا» و «پایین» سند هدایت می کند.","iscorrect":0},{"id":"4276","description":"اندازه واژه ها را به طور سریع کوچک و بزرگ می کند.","iscorrect":0},{"id":"4277","description":"واژه ها را به سمت «چپ» و «راست» سند هدایت می کند.","iscorrect":0}]}]}]},{"name":"زیباسازی متن- بخش دوم","id":"226","contentorder":"7","lesson_number":4,"type":0,"filename":"lesson226.html"},{"name":"زیباسازی متن- بخش دوم","id":"379","contentorder":"8","type":1,"set":[{"score":"60","questions":[{"id":"1126","description":"با استفاده از کدام گزینه زیر می توان خطوط نوشته شده را به صورت یک لیست با نماد گرافیکی مشخص تنظیم کرد؟","answers":[{"id":"4302","description":"Alignment","iscorrect":0},{"id":"4303","description":"Bullet","iscorrect":1},{"id":"4304","description":"Numbering","iscorrect":0},{"id":"4305","description":"Indent","iscorrect":0}]},{"id":"1127","description":"گزینه Line Spacing برای:","answers":[{"id":"4306","description":"تغییر رنگ پس زمینه استفاده می شود.","iscorrect":0},{"id":"4307","description":"تغییر اندازه بین خط ها استفاده می شود.","iscorrect":1},{"id":"4308","description":"درج لیست استفاده می شود.","iscorrect":0},{"id":"4309","description":"فعال کردن خط کش استفاده می شود.","iscorrect":0}]},{"id":"1128","description":"کدام یک از گزینه های زیر از کاربردهای خط کش در نرم افزار Word است؟","answers":[{"id":"4310","description":"رسم خط با اندازه به صورت سانتی متر","iscorrect":0},{"id":"4311","description":"تنظیم دقیق تر فاصله پاراگراف ها با کناره های صفحه","iscorrect":1},{"id":"4312","description":"هر دو","iscorrect":0},{"id":"4313","description":"هیچکدام","iscorrect":0}]}]},{"score":"60","questions":[{"id":"1129","description":"از گزینه های بخش Paragraph در زبانه Home عمدتا برای ............ استفاده می شود.","answers":[{"id":"4314","description":"پاراگراف بندی و شکل دهی به متن، به منظور زیباتر شدن متن نوشته شده.","iscorrect":1},{"id":"4315","description":"رنگ آمیزی متون","iscorrect":0},{"id":"4316","description":"درج نمودار و تصاویر","iscorrect":0},{"id":"4317","description":"تنظیمات صفحه و شیوه نمایش یک سند","iscorrect":0}]},{"id":"1130","description":"کدام گزینه بخشی از متن نوشته شده یا پاراگراف را با فاصله ای مجزا از متون دیگر به سمت چپ یا راست صفحه منتقل می کند؟","answers":[{"id":"4318","description":"Alignment","iscorrect":0},{"id":"4319","description":"Bullet","iscorrect":0},{"id":"4320","description":"Numbering","iscorrect":0},{"id":"4321","description":"Indent","iscorrect":1}]},{"id":"1131","description":"از منوی Border در بخش Paragraph:","answers":[{"id":"4322","description":"برای درج خط در زیر، بالا، سمت چپ و یا سمت راست یک پاراگراف استفاده می شود.","iscorrect":1},{"id":"4323","description":"برای درج لیست استفاده می شود.","iscorrect":0},{"id":"4324","description":"برای مرتب سازی پاراگراف های یک سند استفاده می شود.","iscorrect":0},{"id":"4325","description":"برای فعال کردن خط کش استفاده می شود.","iscorrect":0}]}]}]},{"name":"کار با صفحات و شیوه های نمایش یک سند","id":"227","contentorder":"9","lesson_number":5,"type":0,"filename":"lesson227.html"},{"name":"کار با صفحات و شیوه های نمایش یک سند","id":"381","contentorder":"10","type":1,"set":[{"score":"60","questions":[{"id":"1132","description":"کدام یک از گزینه های زیر یک پاراگراف را به «صفحه بعدی» منتقل می کند؟","answers":[{"id":"4326","description":"Blank Page","iscorrect":0},{"id":"4327","description":"Next Page","iscorrect":0},{"id":"4328","description":"Previous Page","iscorrect":0},{"id":"4329","description":"Page Break","iscorrect":1}]},{"id":"1133","description":"کدامیک از شیوه های نمایشی، متن را به صورت بزرگتر و واضح تری نشان می دهد و برای خواندن متون در نرم‌افزار Word مناسب است؟","answers":[{"id":"4330","description":"Full Screen","iscorrect":1},{"id":"4331","description":"Print Layout","iscorrect":0},{"id":"4332","description":"Outline","iscorrect":0},{"id":"4333","description":"Draft","iscorrect":0}]},{"id":"1134","description":"با استفاده از چه گزینه ای می توان سندهای باز شده را در کنار یکدیگر مشاهده کرد؟","answers":[{"id":"4334","description":"Split","iscorrect":0},{"id":"4335","description":"Switch Windows","iscorrect":0},{"id":"4336","description":"View Side by Side","iscorrect":1},{"id":"4337","description":"هیچکدام","iscorrect":0}]}]},{"score":"60","questions":[{"id":"1135","description":"بخش Page از زبانه Insert برای:","answers":[{"id":"4338","description":"کار با صفحات استفاده می شود.","iscorrect":1},{"id":"4339","description":"درج تصاویر و نمودارها استفاده می شود.","iscorrect":0},{"id":"4340","description":"تنظیم شیوه های نمایش یک سند استفاده می شود.","iscorrect":0},{"id":"4341","description":"هیچکدام","iscorrect":0}]},{"id":"1136","description":"کدامیک از شیوه های نمایشی، متدوال ترین شیوه نمایشی در نرم‌افزار Word به حساب می آید و نشان می دهد که یک سند هنگام چاپ، به چه صورتی چاپ خواهد شد؟","answers":[{"id":"4342","description":"Full Screen","iscorrect":0},{"id":"4343","description":"Print Layout","iscorrect":1},{"id":"4344","description":"Outline","iscorrect":0},{"id":"4345","description":"Draft","iscorrect":0}]},{"id":"1137","description":"کدام گزینه زمانی به کار می رود که بخواهید از یک پاراگراف دلخواه، سندتان را در پشت صفحه موجود مشاهده کنید؟","answers":[{"id":"4346","description":"Split","iscorrect":1},{"id":"4347","description":"Switch Windows","iscorrect":0},{"id":"4348","description":"View Side by Side","iscorrect":0},{"id":"4349","description":"Outline","iscorrect":0}]}]}]},{"name":"کار با جدول ها","id":"228","contentorder":"11","lesson_number":6,"type":0,"filename":"lesson228.html"},{"name":"کار با تصاویر","id":"245","contentorder":"13","lesson_number":7,"type":0,"filename":"lesson245.html"},{"name":"کار با تصاویر","id":"400","contentorder":"14","type":1,"set":[{"score":"60","questions":[{"id":"1189","description":"از کدام گزینه برای تنظیم روشنایی تصویر استفاده می شود به طوری که هر چه درصد بالاتر باشد، تصویر روشن تر و هر چه درصد پایین تر باشد (درصد منفی) تصویر تاریک تر می شود؟","answers":[{"id":"4554","description":"Contrast","iscorrect":0},{"id":"4555","description":"Brightness","iscorrect":1},{"id":"4556","description":"Recolor","iscorrect":0},{"id":"4557","description":"Dark Variation","iscorrect":0}]},{"id":"1190","description":"با استفاده از کدامیک از گزینه های زیر می توان از کلیه تنظیمات انجام شده بر روی تصویر صرف نظر کرد و آن را به حالت اولیه اش برگرداند؟","answers":[{"id":"4558","description":"Reset Picture","iscorrect":1},{"id":"4559","description":"Change Picture","iscorrect":0},{"id":"4560","description":"Compress Picture","iscorrect":0},{"id":"4561","description":"Set Transparent Color","iscorrect":0}]},{"id":"1191","description":"با استفاده از گزینه Align:","answers":[{"id":"4562","description":"می توان تصویر را در حالت بک گراند (Background) صفحه تنظیم کرد.","iscorrect":0},{"id":"4563","description":"می توان متن را به جلوی تصویر منتقل کرد.","iscorrect":0},{"id":"4564","description":"می توان متن را به پشت تصویر منتقل کرد.","iscorrect":0},{"id":"4565","description":"می توان تصویر را به سمت راست، چپ، وسط، بالا، پایین و مرکز صفحه منتقل کرد.","iscorrect":1}]}]},{"score":"60","questions":[{"id":"1192","description":"با استفاده از کدامیک از گزینه های زیر می توان «شدت نور» را در تصویر تنظیم کرد؟","answers":[{"id":"4566","description":"Contrast","iscorrect":1},{"id":"4567","description":"Brightness","iscorrect":0},{"id":"4568","description":"Recolor","iscorrect":0},{"id":"4569","description":"Dark Variation","iscorrect":0}]},{"id":"1193","description":"کدام گزینه پشت صحنه تصویر را به رنگ های گوناگون «تیره» می کند؟","answers":[{"id":"4570","description":"Reset Picture","iscorrect":0},{"id":"4571","description":"Change Picture","iscorrect":0},{"id":"4572","description":"Compress Picture","iscorrect":0},{"id":"4573","description":"Dark Variation","iscorrect":1}]},{"id":"1194","description":"از کدام گزینه برای چرخاندن تصویر استفاده می شود؟","answers":[{"id":"4574","description":"Crop","iscorrect":0},{"id":"4575","description":"Rotate","iscorrect":1},{"id":"4576","description":"Adjustment","iscorrect":0},{"id":"4577","description":"Contrast","iscorrect":0}]}]}]},{"name":"درج اشکال گرافیکی","id":"246","contentorder":"15","lesson_number":8,"type":0,"filename":"lesson246.html"},{"name":"درج اشکال گرافیکی","id":"402","contentorder":"16","type":1,"set":[{"score":"60","questions":[{"id":"1195","description":"با استفاده از گزینه های کدام بخش، می توان شکل گرافیکی درج شده را رنگ آمیزی کرد و یا حالت نمایشی آن را تغییر داد؟","answers":[{"id":"4578","description":"Shape Fill","iscorrect":0},{"id":"4579","description":"Shape Outline","iscorrect":0},{"id":"4580","description":"Shape Style","iscorrect":1},{"id":"4581","description":"Change Shape","iscorrect":0}]},{"id":"1196","description":"گزینه Promote در بخش Smart Art:","answers":[{"id":"4582","description":"یک مرحله از شکل انتخاب شده را به مرحله بالاتر ارتقا می دهد.","iscorrect":1},{"id":"4583","description":"یک مرحله از شکل انتخاب شده را به مرحله پایین تر کاهش می دهد.","iscorrect":0},{"id":"4584","description":"شکل گرافیکی را ۴۵ درجه می چرخاند.","iscorrect":0},{"id":"4585","description":"شکل گرافیکی را ۹۰ درجه می چرخاند.","iscorrect":0}]},{"id":"1197","description":"کدامیک از گزینه های زیر در زبانه Design می تواند شکل نمودار درج شده در بخش Smart Art را تغییر دهد؟","answers":[{"id":"4586","description":"Size","iscorrect":0},{"id":"4587","description":"List","iscorrect":0},{"id":"4588","description":"Shape Fill","iscorrect":0},{"id":"4589","description":"Smart Art Style","iscorrect":1}]}]},{"score":"60","questions":[{"id":"1198","description":"با استفاده از کدام گزینه می توان داخل یک شکل گرافیکی درج شده در سند Word را رنگ آمیزی کرد؟","answers":[{"id":"4590","description":"Shape Fill","iscorrect":1},{"id":"4591","description":"Shape Outline","iscorrect":0},{"id":"4592","description":"Shape Stile","iscorrect":0},{"id":"4593","description":"Change Shape","iscorrect":0}]},{"id":"1199","description":"گزینه Text Plan در بخش Smart Art:","answers":[{"id":"4594","description":"یک مرحله از شکل انتخاب شده را به مرحله بالاتر ارتقا می دهد.","iscorrect":0},{"id":"4595","description":"یک مرحله از شکل انتخاب شده را به مرحله پایین تر کاهش می دهد.","iscorrect":0},{"id":"4596","description":"شکل گرافیکی را ۴۵ درجه می چرخاند.","iscorrect":0},{"id":"4597","description":"برای درج و ویرایش متن درون باکس های شکل به کار می رود.","iscorrect":1}]},{"id":"1200","description":"گزینه های Smaller و Larger به ترتیب:","answers":[{"id":"4598","description":"شکل انتخاب شده را کوچک تر و بزرگ تر می کنند.","iscorrect":1},{"id":"4599","description":"شکل انتخاب شده را بزرگ تر و کوچک تر می کنند.","iscorrect":0},{"id":"4600","description":"شکل انتخاب شده را به بالا و پایین می برند.","iscorrect":0},{"id":"4601","description":"شکل انتخاب شده را به پایین و بالا می برند.","iscorrect":0}]}]}]},{"name":"نمودارها","id":"247","contentorder":"17","lesson_number":9,"type":0,"filename":"lesson247.html"},{"name":"نمودارها","id":"404","contentorder":"18","type":1,"set":[{"score":"60","questions":[{"id":"1201","description":"از کدامیک از نرم افزارهای بسته آفیس برای درج نمودار در یک سند Word استفاده می شود؟","answers":[{"id":"4602","description":"Access","iscorrect":0},{"id":"4603","description":"Excel","iscorrect":1},{"id":"4604","description":"PowerPoint","iscorrect":0},{"id":"4605","description":"Out Look","iscorrect":0}]},{"id":"1202","description":"گزینه Insert Caption در یک نمودار برای:","answers":[{"id":"4606","description":"برای تغییر سایز نمودار به کار می رود.","iscorrect":0},{"id":"4607","description":"برای تغییر رنگ ستون ها و سطرهای نمودار به کار می رود.","iscorrect":0},{"id":"4608","description":"برای درج یک تعریف یا عبارت برای نمودار به کار می رود.","iscorrect":1},{"id":"4609","description":"برای حذف نمودار به کار می رود.","iscorrect":0}]},{"id":"1203","description":"گزینه Refresh Data:","answers":[{"id":"4610","description":"برای «به روز کردن اطلاعات» استفاده می شود.","iscorrect":1},{"id":"4611","description":"نمودار را بر عکس می کند.","iscorrect":0},{"id":"4612","description":"سایز نمودار را کوچک تر می کند.","iscorrect":0},{"id":"4613","description":"جای سطرها و ستون های نمودار را با یکدیگر عوض می کند.","iscorrect":0}]}]},{"score":"60","questions":[{"id":"1204","description":"زبانه Chart Tools از چه بخش هایی تشکیل شده است؟","answers":[{"id":"4614","description":"View و Layout و Format","iscorrect":0},{"id":"4615","description":"Design و Layout و Format","iscorrect":1},{"id":"4616","description":"Design و View و Format","iscorrect":0},{"id":"4617","description":"Design و Layout و View","iscorrect":0}]},{"id":"1205","description":"گزینه Change Chart Type:","answers":[{"id":"4618","description":"برای تغییر نمودار درج شده به کار می رود.","iscorrect":1},{"id":"4619","description":"برای حذف نمودار به کار می رود.","iscorrect":0},{"id":"4620","description":"برای رنگ آمیزی ستون ها و سطرهای نمودار به کار می رود.","iscorrect":0},{"id":"4621","description":"برای درج یک تعریف یا عبارت برای نمودار به کار می رود.","iscorrect":0}]},{"id":"1206","description":"گزینه Switch Row/Columns:","answers":[{"id":"4622","description":"نمودار را بر عکس می کند.","iscorrect":0},{"id":"4623","description":"سایز نمودار را کوچک تر می کند.","iscorrect":0},{"id":"4624","description":"جای سطرها و ستون های نمودار را با یکدیگر عوض می کند.","iscorrect":1},{"id":"4625","description":"نمودار دیگری از نرم افزار اکسل اضافه می کند.","iscorrect":0}]}]}]},{"name":"درج لینک، سربرگ، پاورقی و شماره گذاری صفحات","id":"248","contentorder":"19","lesson_number":10,"type":0,"filename":"lesson248.html"},{"name":"درج لینک، سربرگ، پاورقی و شماره گذاری صفحات","id":"406","contentorder":"20","type":1,"set":[{"score":"60","questions":[{"id":"1207","description":"اگر واژه یا متنی را اصطلاحا Hyperlink کنید در این صورت:","answers":[{"id":"4626","description":"صفحات یک سند شماره گذاری می شود.","iscorrect":0},{"id":"4627","description":"می توان به آن متن یا واژه یک «پاورقی» اضافه کرد.","iscorrect":0},{"id":"4628","description":"می توان با کلیک بر روی آن واژه یا متن، به محل جدید وارد شد.","iscorrect":1},{"id":"4629","description":"هیچکدام","iscorrect":0}]},{"id":"1208","description":"گزینه Page Number:","answers":[{"id":"4630","description":"برای شماره گذاری صفحات استفاده می شود.","iscorrect":1},{"id":"4631","description":"برای درج پاورقی استفاده می شود.","iscorrect":0},{"id":"4632","description":"برای درج یک سربرگ استفاده می شود.","iscorrect":0},{"id":"4633","description":"برای درج لینک استفاده می شود.","iscorrect":0}]},{"id":"1209","description":"اگر یک سند بلند داشته باشیم و بخواهیم خوانندگان آن را به بخش های دیگری از سند ارجاع دهیم، به کمک کدام گزینه می توان این کار را انجام داد؟","answers":[{"id":"4634","description":"Header and Footer","iscorrect":0},{"id":"4635","description":"Page Margin","iscorrect":0},{"id":"4636","description":"Page Position","iscorrect":0},{"id":"4637","description":"Cross-reference","iscorrect":1}]}]},{"score":"60","questions":[{"id":"1210","description":"بخش Header and Footer در زبانه Insert:","answers":[{"id":"4638","description":"برای درج سربرگ، پاورقی و شماره گذاری صفحات به کار می رود.","iscorrect":1},{"id":"4639","description":"برای درج لینک به کار می رود.","iscorrect":0},{"id":"4640","description":"برای درج تصویر به کار می رود.","iscorrect":0},{"id":"4641","description":"برای درج Smart Art به کار می رود.","iscorrect":0}]},{"id":"1211","description":"با استفاده از کدام گزینه می توان شماره گذاری را در بخش های دیگری از صفحات درج کرد؟ (به عنوان مثال، بالا-راست؛ پایین-چپ و...)","answers":[{"id":"4642","description":"Header and Footer","iscorrect":0},{"id":"4643","description":"Page Margin","iscorrect":1},{"id":"4644","description":"Page Position","iscorrect":0},{"id":"4645","description":"Cross-reference","iscorrect":0}]},{"id":"1212","description":"از کدام گزینه برای حذف شماره گذاری صفحات استفاده می شود؟","answers":[{"id":"4646","description":"Format Page Number","iscorrect":0},{"id":"4647","description":"Remove Page Number","iscorrect":1},{"id":"4648","description":"Header","iscorrect":0},{"id":"4649","description":"Footer","iscorrect":0}]}]}]},{"name":"درج واژه های هنری، امضای اسناد و نمادها در Word","id":"249","contentorder":"21","lesson_number":11,"type":0,"filename":"lesson249.html"},{"name":"درج واژه های هنری، امضای اسناد و نمادها در Word","id":"408","contentorder":"22","type":1,"set":[{"score":"60","questions":[{"id":"1213","description":"با استفاده از کدام گزینه می توان متن را در یک باکس (جعبه) نوشت؟ این بخش برای طراحی صفحاتی که شبیه روزنامه هستند، کاربرد دارند.","answers":[{"id":"4650","description":"Quick Parts","iscorrect":0},{"id":"4651","description":"Word Art","iscorrect":0},{"id":"4652","description":"Text Box","iscorrect":1},{"id":"4653","description":"Drop Cap","iscorrect":0}]},{"id":"1214","description":"کدامیک از کوئیک پارت های زیر (Quick Parts) چاپ کمرنگی از كلمه نوشته شده در گزینه ها را در زمینه متن سند وارد می کند؟","answers":[{"id":"4654","description":"Confidential","iscorrect":1},{"id":"4655","description":"Tiles","iscorrect":0},{"id":"4656","description":"Mode","iscorrect":0},{"id":"4657","description":"Puzzle","iscorrect":0}]},{"id":"1215","description":"کدامیک از گزینه های زیر برای درج نمادهای ریاضی به کار می رود؟","answers":[{"id":"4658","description":"Microsoft Office Excel Worksheet","iscorrect":0},{"id":"4659","description":"Object","iscorrect":0},{"id":"4660","description":"Mathematic","iscorrect":0},{"id":"4661","description":"Symbol","iscorrect":1}]}]},{"score":"60","questions":[{"id":"1216","description":"با استفاده از کدام گزینه می توانید فایل های تایپ شده یتان را امضا کنید؟","answers":[{"id":"4662","description":"Quick Parts","iscorrect":0},{"id":"4663","description":"Word Art","iscorrect":0},{"id":"4664","description":"Text Box","iscorrect":0},{"id":"4665","description":"Line Signature","iscorrect":1}]},{"id":"1217","description":"بخش Symbol از چه گزینه هایی تشکیل شده است؟","answers":[{"id":"4666","description":"Mathematic و Equation","iscorrect":0},{"id":"4667","description":"Equation و Symbol","iscorrect":1},{"id":"4668","description":"Mathematic و Symbol","iscorrect":0},{"id":"4669","description":"Equation و Quick Parts","iscorrect":0}]},{"id":"1218","description":"با استفاده از کدام گزینه می توان حرف نخستین کلمه در پاراگراف را از نظر فونت و اندازه تغییر داد؟","answers":[{"id":"4670","description":"Quick Parts","iscorrect":0},{"id":"4671","description":"Word Art","iscorrect":0},{"id":"4672","description":"Text Box","iscorrect":0},{"id":"4673","description":"Drop Cap","iscorrect":1}]}]}]},{"name":"فرمت بندی صفحات","id":"250","contentorder":"23","lesson_number":12,"type":0,"filename":"lesson250.html"},{"name":"فرمت بندی صفحات","id":"410","contentorder":"24","type":1,"set":[{"score":"60","questions":[{"id":"1219","description":"وظیفه گزینه Narrow از منوی Margin چیست؟","answers":[{"id":"4674","description":"صفحه را از حالت افقی به حالت عمودی تبدیل می کند.","iscorrect":0},{"id":"4675","description":"فاصله نوشته ها با کناره های صفحه را کم می کند.","iscorrect":1},{"id":"4676","description":"فاصله بین دو پاراگراف را تنظیم می کند.","iscorrect":0},{"id":"4677","description":"واژه های سمت راست را به سمت چپ سند منتقل می کند.","iscorrect":0}]},{"id":"1220","description":"کدام گزینه صفحه را به ستون های متفاوتی تقسیم می کند؟","answers":[{"id":"4678","description":"Columns","iscorrect":1},{"id":"4679","description":"Narrow","iscorrect":0},{"id":"4680","description":"Margin","iscorrect":0},{"id":"4681","description":"Space","iscorrect":0}]},{"id":"1221","description":"با استفاده از کدام گزینه می توان رنگ پس زمینه صفحه را تغییر داد؟","answers":[{"id":"4682","description":"Font Color","iscorrect":0},{"id":"4683","description":"Word Color","iscorrect":0},{"id":"4684","description":"View Color","iscorrect":0},{"id":"4685","description":"Page Color","iscorrect":1}]}]},{"score":"60","questions":[{"id":"1222","description":"یک صفحه از یک سند Word در حالت پیش فرض، صورت مستطیلی شکل و شبیه به یک برگه A4 است. با استفاده از کدام گزینه می توان صفحه را به حالت افقی یا عمودی تنظیم کرد؟","answers":[{"id":"4686","description":"Orientation","iscorrect":1},{"id":"4687","description":"Margin","iscorrect":0},{"id":"4688","description":"Narrow","iscorrect":0},{"id":"4689","description":"Space","iscorrect":0}]},{"id":"1223","description":"وظیفه گزینه Page Borders چیست؟","answers":[{"id":"4690","description":"صفحه را از حالت افقی به حالت عمودی تبدیل می کند.","iscorrect":0},{"id":"4691","description":"برای درج کادر به دور صفحه مورد استفاده قرار می گیرد.","iscorrect":1},{"id":"4692","description":"فاصله بین دو پاراگراف را تنظیم می کند.","iscorrect":0},{"id":"4693","description":"واژه های سمت راست را به سمت چپ سند منتقل می کند.","iscorrect":0}]},{"id":"1224","description":"گزینه Spacing:","answers":[{"id":"4694","description":"برای تغییر رنگ پس زمینه صفحه به کار می رود.","iscorrect":0},{"id":"4695","description":"برای تغییر سایز تصویر به کار می رود.","iscorrect":0},{"id":"4696","description":"برای تنظیم اندازه بین دو پاراگراف به کار می رود.","iscorrect":1},{"id":"4697","description":"برای درج پاورقی به کار می رود.","iscorrect":0}]}]}]},{"name":"ایجاد فهرست، منابع و پاورقی","id":"251","contentorder":"25","lesson_number":13,"type":0,"filename":"lesson251.html"},{"name":"ایجاد فهرست، منابع و پاورقی","id":"412","contentorder":"26","type":1,"set":[{"score":"60","questions":[{"id":"1225","description":"منظور از Heading چیست؟","answers":[{"id":"4698","description":"گزینه ای که با استفاده از آن می توان صفحه را به چهار ستون مساوی تقسیم کرد.","iscorrect":0},{"id":"4699","description":"برای اختصاص تیتر و زیر تیتر به هر کدام از عناوین، یک Heading اختصاص می دهند تا بتوان آن را در فهرست درج کرد.","iscorrect":1},{"id":"4700","description":"برای درج فهرست در یک سند Word بر روی گزینه Heading کلیک می کنیم.","iscorrect":0},{"id":"4701","description":"برای درج سربرگ فهرست در یک سند Word بر روی گزینه Heading کلیک می کنیم.","iscorrect":0}]},{"id":"1226","description":"کدامیک از گزینه های زیر همه محتویات فهرست را به روز رسانی می کند؟","answers":[{"id":"4702","description":"Update word document","iscorrect":0},{"id":"4703","description":"Update","iscorrect":0},{"id":"4704","description":"Update entire table","iscorrect":1},{"id":"4705","description":"Update page numbers only","iscorrect":0}]},{"id":"1227","description":"با استفاده از کدام گزینه می توان شماره گذاری پاورقی در هر صفحه را از ۱ شروع کرد؟","answers":[{"id":"4706","description":"Footnote page 1","iscorrect":0},{"id":"4707","description":"Restart each page","iscorrect":1},{"id":"4708","description":"Footnote numbering page 1","iscorrect":0},{"id":"4709","description":"Footnote update","iscorrect":0}]}]},{"score":"60","questions":[{"id":"1228","description":"منظور از Footnote چیست؟","answers":[{"id":"4710","description":"گزینه ای که با استفاده از آن می توان صفحه را به چهار ستون مساوی تقسیم کرد.","iscorrect":0},{"id":"4711","description":"برای اختصاص تیتر و زیر تیتر به هر کدام از عناوین، یک Footnote اختصاص می دهند تا بتوان آن را در فهرست درج کرد.","iscorrect":0},{"id":"4712","description":"برای درج فهرست در یک سند Word بر روی گزینه Footnote کلیک می کنیم.","iscorrect":0},{"id":"4713","description":"برای درج پاورقی در یک سند Word از گزینه Footnote استفاده می کنیم.","iscorrect":1}]},{"id":"1229","description":"کدام گزینه باعث درج شماره‌ صفحه ها در فهرست می شود؟","answers":[{"id":"4714","description":"Show Page Number","iscorrect":1},{"id":"4715","description":"Update","iscorrect":0},{"id":"4716","description":"Update entire table","iscorrect":0},{"id":"4717","description":"Update page numbers only","iscorrect":0}]},{"id":"1230","description":"اگر گزینه ........ را فعال کنید، شماره ها در مقابل فهرست ها قرار خواهند گرفت و غیرفعال کردن آن باعث می شود شماره هر فهرست در جلوی آن درج شود.","answers":[{"id":"4718","description":"Footnote","iscorrect":0},{"id":"4719","description":"Right align page numbers","iscorrect":1},{"id":"4720","description":"Page Numbering","iscorrect":0},{"id":"4721","description":"Restart each page","iscorrect":0}]}]}]},{"name":"سرویس های پستی و نامه نگاری در نرم افزار Word","id":"252","contentorder":"27","lesson_number":14,"type":0,"filename":"lesson252.html"},{"name":"سرویس های پستی و نامه نگاری در نرم افزار Word","id":"414","contentorder":"28","type":1,"set":[{"score":"60","questions":[{"id":"1231","description":"برای ساخت یک پاکت نامه از کدام گزینه استفاده می کنیم؟","answers":[{"id":"4722","description":"Mailing","iscorrect":0},{"id":"4723","description":"Create","iscorrect":1},{"id":"4724","description":"Delivery Address","iscorrect":0},{"id":"4725","description":"Return Address","iscorrect":0}]},{"id":"1232","description":"قسمت Feed در کادر محاوره ای Printing Options که از منوی Option قابل دسترس است به چه منظوری استفاده می شود؟","answers":[{"id":"4726","description":"با استفاده از این گزینه می توان یک تمبر مجازی بر روی پاکت ایجاد کرد.","iscorrect":0},{"id":"4727","description":"در این بخش آدرس فرستنده و گیرنده درج می شود.","iscorrect":0},{"id":"4728","description":"با استفاده از این گزینه می توان یک «ادغام پستی» انجام داد.","iscorrect":0},{"id":"4729","description":"این گزینه به شما خواهد گفت كه چگونه پاكت را در پرینتر وارد كنید.","iscorrect":1}]},{"id":"1233","description":"در قابلیت ادغام پستی در نرم‌افزار Word کدام گزینه اطلاعات داده شده بر روی بانک اطلاعاتی (که از پیش در نرم افزارهای اکسل و اکسس وارد شده) را به جای تگ ها نمایش می دهد؟","answers":[{"id":"4730","description":"Finish and Merge","iscorrect":0},{"id":"4731","description":"Preview Result","iscorrect":1},{"id":"4732","description":"Find Recipient","iscorrect":0},{"id":"4733","description":"Auto Check For Errors","iscorrect":0}]}]},{"score":"60","questions":[{"id":"1234","description":"برای درج آدرس دریافت کننده در یک پاکت نامه در سند Word از کدام یک از گزینه ها استفاده می کنیم؟","answers":[{"id":"4734","description":"Delivery Address","iscorrect":1},{"id":"4735","description":"Return Address","iscorrect":0},{"id":"4736","description":"Receiver","iscorrect":0},{"id":"4737","description":"Sender","iscorrect":0}]},{"id":"1235","description":"اگر بخواهیم به یک گروه ۱۰۰ نفره از دانش آموزان، رتبه ۱ تا ۱۰۰ تقدیرنامه با متن مشابه بدهیم که تنها در نام فرد و رتبه کسب شده متفاوت هستند، از کدام زبانه استفاده می کنیم؟","answers":[{"id":"4738","description":"Insert","iscorrect":0},{"id":"4739","description":"Review","iscorrect":0},{"id":"4740","description":"Mailing","iscorrect":1},{"id":"4741","description":"Page Layout","iscorrect":0}]},{"id":"1236","description":"برای درج یک بانک اطلاعاتی ذخیره شده از نرم افزار اکسل به نرم افزار Word از کدام گزینه استفاده می کنیم؟","answers":[{"id":"4742","description":"از زبانه Mailing گزینه Select recipients را انتخاب و بر روی Type new List کلیک می کنیم.","iscorrect":0},{"id":"4743","description":"از زبانه Mailing گزینه Select recipients را انتخاب و بر روی Use Existing List کلیک می کنیم.","iscorrect":1},{"id":"4744","description":"از زبانه Mailing گزینه Select recipients را انتخاب و بر روی Select from Outlook Contact کلیک می کنیم.","iscorrect":0},{"id":"4745","description":"نمی توان یک فایل اکسل را به نرم افزار Word وارد کرد.","iscorrect":0}]}]}]},{"name":"چند ترفند دیگر در نرم افزار Word","id":"253","contentorder":"29","lesson_number":15,"type":0,"filename":"lesson253.html"},{"name":"چند ترفند دیگر در نرم‌افزار Word","id":"416","contentorder":"30","type":1,"set":[{"score":"60","questions":[{"id":"1237","description":"وظیفه گزینه Thesaurus چیست؟","answers":[{"id":"4746","description":"با استفاده از این گزینه می توان برای افراد دیگر پیام صوتی درج کرد تا در صورت ویرایش سند، آنها متوجه تغییرات شوند.","iscorrect":0},{"id":"4747","description":"با استفاده از این گزینه می توان معنی واژه ها و همچنین واژه های مترادف کلمه انتخاب شده را از فرهنگ های جامع انگلیسی پیدا کرد.","iscorrect":1},{"id":"4748","description":"اگر یک گروه بر روی یک سند کار می کنند، می توان برای هر کدام از آنها یک نام اختصاص داد تا همه افراد متوجه شوند که هر بخش توسط چه فردی ویرایش شده است. گزینه Thesaurus این کار را انجام می دهد.","iscorrect":0},{"id":"4749","description":"این گزینه برای تغییرات در شکل کادر صفحه استفاده می شود.","iscorrect":0}]},{"id":"1238","description":"گزینه New Comment از زبانه Review برای ....... استفاده می شود.","answers":[{"id":"4750","description":"اضافه کردن جدول به صفحه","iscorrect":0},{"id":"4751","description":"اضافه کردن فرهنگ لغت به دیکشنری نرم افزار Word","iscorrect":0},{"id":"4752","description":"اضافه کردن نکته یا پیام","iscorrect":1},{"id":"4753","description":"اضافه کردن شمارنده","iscorrect":0}]},{"id":"1239","description":"کدام گزینه حالت اولیه سند پیش از ویرایش را نشان می دهد؟","answers":[{"id":"4754","description":"Original","iscorrect":1},{"id":"4755","description":"Final","iscorrect":0},{"id":"4756","description":"Final Showing Markup","iscorrect":0},{"id":"4757","description":"Reviewing Pane","iscorrect":0}]}]},{"score":"60","questions":[{"id":"1240","description":"وظیفه گزینه Word Count از زبانه Review چیست؟","answers":[{"id":"4758","description":"با استفاده از این گزینه می توان برای افراد دیگر پیام صوتی درج کرد تا در صورت ویرایش سند، آنها متوجه تغییرات شوند.","iscorrect":0},{"id":"4759","description":"با استفاده از این گزینه می توان معنی واژه ها و همچنین واژه های مترادف کلمه انتخاب شده را از فرهنگ های جامع انگلیسی پیدا کرد.","iscorrect":0},{"id":"4760","description":"اگر بخواهید از تعداد کل واژه های نوشته شده در یک سند، همچنین تعداد خط ها، پاراگراف ها و به طور کلی اطلاعات آماری از این دست در یک سند مطلع شوید از این گزینه می توان استفاده کرد.","iscorrect":1},{"id":"4761","description":"این گزینه برای تغییرات در شکل کادر صفحه استفاده می شود.","iscorrect":0}]},{"id":"1241","description":"گزینه Balloons به شما این امکان را می دهد که:","answers":[{"id":"4762","description":"یک شمارنده ویژه در نرم افزار Word نصب کنید.","iscorrect":0},{"id":"4763","description":"یک فرهنگ جامع انگلیسی به دیکشنری نرم افزار Word اضافه کنید.","iscorrect":0},{"id":"4764","description":"یک شکل گرافیکی به حالت بالون در صفحه درج کنید.","iscorrect":0},{"id":"4765","description":"تغییرات را در یک کادر در سمت راست صفحه ببینید یا اینکه این تغییرات را به صورت پشت سر هم و در خطوط تماشا کنید.","iscorrect":1}]},{"id":"1242","description":"کدام گزینه حالت نهایی سند را بعد از ویرایش و با رنگ قرمز موارد ویرایش شده نشان می دهد؟","answers":[{"id":"4766","description":"Original","iscorrect":0},{"id":"4767","description":"Original Showing Markup","iscorrect":0},{"id":"4768","description":"Final Showing Markup","iscorrect":1},{"id":"4769","description":"Reviewing Pane","iscorrect":0}]}]}]}]}