{"courseId":"31","contents":[{"name":"مقدمه","id":"212","contentorder":"1","lesson_number":1,"type":0,"filename":"lesson212.html"},{"name":"ایجاد حساب در توییتر","id":"213","contentorder":"2","lesson_number":2,"type":0,"filename":"lesson213.html"},{"name":"نگاهی کلی به صفحه اصلی توییتر","id":"214","contentorder":"3","lesson_number":3,"type":0,"filename":"lesson214.html"},{"name":"نگاهی کلی به صفحه اصلی توییتر","id":"363","contentorder":"4","type":1,"set":[{"score":"50","questions":[{"id":"1074","description":"تعداد حرف های مجاز برای توییت کردن، چه تعداد است؟","answers":[{"id":"4095","description":"۱۴۴","iscorrect":0},{"id":"4096","description":"۱۴۰","iscorrect":1},{"id":"4097","description":"۱۶۰","iscorrect":0},{"id":"4098","description":"۲۸۶","iscorrect":0}]},{"id":"1075","description":"برای ارسال پیام خصوصی به دیگر کاربران توییتر باید از طریق چه گزینه ای اقدام کرد؟","answers":[{"id":"4099","description":"@Username","iscorrect":0},{"id":"4100","description":"‏Messages","iscorrect":1},{"id":"4101","description":"‏New Tweet","iscorrect":0},{"id":"4102","description":"‏Profile","iscorrect":0}]},{"id":"1076","description":"به کمک کدام بخش در توییتر می توان پرطرفدارترین کلمات یا جملاتی توییت شده را مشاهده کرد؟","answers":[{"id":"4103","description":"‏Trends","iscorrect":1},{"id":"4104","description":"‏Settings","iscorrect":0},{"id":"4105","description":"‏Sign out","iscorrect":0},{"id":"4106","description":"‏Design","iscorrect":0}]},{"id":"1077","description":"در صورت غیرفعال کردن حساب توییتر، تا چند روز مهلت است تا از حذف کامل حساب توییتر جلوگیری کرد؟","answers":[{"id":"4107","description":"۱۵","iscorrect":0},{"id":"4108","description":"۳۰","iscorrect":1},{"id":"4109","description":"۴۵","iscorrect":0},{"id":"4110","description":"۹۰","iscorrect":0}]}]},{"score":"50","questions":[{"id":"1078","description":"حداکثر حجم عکس برای استفاده به عنوان آواتار توییتر چقدر است؟","answers":[{"id":"4111","description":"۱۷۵ کیلوبایت","iscorrect":0},{"id":"4112","description":"۳۵۰ کیلوبایت","iscorrect":0},{"id":"4113","description":"۷۰۰ کیلوبایت","iscorrect":1},{"id":"4114","description":"۱ مگابایت","iscorrect":0}]},{"id":"1079","description":"از طریق کدام گزینه می توان به برنامه هایی که به حساب توییتر وصل شده اند دسترسی پیدا کرد؟","answers":[{"id":"4115","description":"‏ Design","iscorrect":0},{"id":"4116","description":"‏Profile","iscorrect":0},{"id":"4117","description":"‏Applications","iscorrect":1},{"id":"4118","description":"‏Timeline","iscorrect":0}]},{"id":"1080","description":"تعداد حرف های مجاز برای توییت کردن، چه تعداد است؟","answers":[{"id":"4119","description":"۱۴۴","iscorrect":0},{"id":"4120","description":"۲۸۶","iscorrect":0},{"id":"4121","description":"۱۶۰","iscorrect":0},{"id":"4122","description":"۱۴۰","iscorrect":1}]},{"id":"1081","description":"از طریق کدام گزینه می توان پیشنهادات توییتر برای دنبال کردن حساب های توییتر دیگران را مشاهده کرد؟","answers":[{"id":"4123","description":"Who to follow","iscorrect":1},{"id":"4124","description":"‏Profile","iscorrect":0},{"id":"4125","description":"Applications","iscorrect":0},{"id":"4126","description":"‏Timeline","iscorrect":0}]}]}]},{"name":"نوار ابزار و تایم لاین","id":"215","contentorder":"5","lesson_number":4,"type":0,"filename":"lesson215.html"},{"name":"نوار ابزار و تایم لاین","id":"365","contentorder":"6","type":1,"set":[{"score":"60","questions":[{"id":"1082","description":"به کمک کدام قسمت می توان تعداد کسانی که یک حساب توییتر را دنبال می کنند، مشاهده کرد؟","answers":[{"id":"4127","description":"‏Following","iscorrect":0},{"id":"4128","description":"‏Follower","iscorrect":1},{"id":"4129","description":"‏Tweets","iscorrect":0},{"id":"4130","description":"‏Search","iscorrect":0}]},{"id":"1083","description":"به کمک توییتر می توان:","answers":[{"id":"4131","description":"تنها متن توییت کرد.","iscorrect":0},{"id":"4132","description":"متن و تصویر توییت کرد.","iscorrect":0},{"id":"4133","description":"متن، تصویر و موقعیت جغرافیایی را توییت کرد.","iscorrect":1},{"id":"4134","description":"هیچکدام","iscorrect":0}]},{"id":"1084","description":"اگر از توییتی خوشمان آمد، چگونه می توان آن را بازنشر کرد؟","answers":[{"id":"4135","description":"آن را کپی و پست می کنیم.","iscorrect":0},{"id":"4136","description":"ریتوییت می کنیم.","iscorrect":1},{"id":"4137","description":"آن را مجددا تایپ و منتشر می کنیم.","iscorrect":0},{"id":"4138","description":"به دلیل کپی رایت این کار غیر اخلاقی است.","iscorrect":0}]}]},{"score":"60","questions":[{"id":"1085","description":"به کمک کدام قسمت می توان کسانی که یک حساب توییتر را دنبال می کنند را مشاهده کرد؟","answers":[{"id":"4139","description":"‏Following","iscorrect":1},{"id":"4140","description":"‏Follower","iscorrect":0},{"id":"4141","description":"‏Tweets","iscorrect":0},{"id":"4142","description":"‏Search","iscorrect":0}]},{"id":"1086","description":"از طریق کدام گزینه می توان تمامی فعالیت های کاربرانی که آنها را در توییتر دنبال می کنیم را مشاهده کرد؟","answers":[{"id":"4143","description":"Activity","iscorrect":1},{"id":"4144","description":"@Username","iscorrect":0},{"id":"4145","description":"Searches","iscorrect":0},{"id":"4146","description":"Timeline","iscorrect":0}]},{"id":"1087","description":"از طریق کدام گزینه می توان از واکنش دیگران به توییت های خودتان مطلع شوید؟","answers":[{"id":"4147","description":"‏Lists","iscorrect":0},{"id":"4148","description":"‏Timeline","iscorrect":0},{"id":"4149","description":"Activity","iscorrect":0},{"id":"4150","description":"@Username","iscorrect":1}]}]}]},{"name":"توییتر به زبان اعداد و آمار","id":"216","contentorder":"7","lesson_number":5,"type":0,"filename":"lesson216.html"},{"name":"ترفندهای توییتر","id":"217","contentorder":"8","lesson_number":6,"type":0,"filename":"lesson217.html"},{"name":"ترفندهای توییتر","id":"367","contentorder":"9","type":1,"set":[{"score":"50","questions":[{"id":"1088","description":"منظور از هش تگ چیست؟","answers":[{"id":"4151","description":"برچسب زدن یک توییت","iscorrect":1},{"id":"4152","description":"ذخیره آن برای خواندن در آینده","iscorrect":0},{"id":"4153","description":"پاک کردن توییت","iscorrect":0},{"id":"4154","description":"هیچکدام","iscorrect":0}]},{"id":"1089","description":"یک توییت جذاب را می خواهید ذخیره کنید تا در آینده بتوانید آن را بخوانید؛ چه می کنید؟","answers":[{"id":"4155","description":"بر روی گزینه Reply کلیک می کنید.","iscorrect":0},{"id":"4156","description":"بر روی گزینه Retweet کلیک می کنید.","iscorrect":0},{"id":"4157","description":"باید همان لحظه بخوانید و یک نسخه از آن را در ورد کپی کنید.","iscorrect":0},{"id":"4158","description":"بر روی Favorite کلیک می کنید.","iscorrect":1}]},{"id":"1090","description":"کدامیک از گزینه های زیر یک رفتار غیر حرفه ای در دنیای توییتر است؟","answers":[{"id":"4159","description":"ارسال پیام تشکر به کسانی که شروع به دنبال کردن شما می کنند.","iscorrect":1},{"id":"4160","description":"رعایت کپی رایت و در توییت هایی که ارسال می کنید.","iscorrect":0},{"id":"4161","description":"عدم انتشار اخبار نادرست و شایعه","iscorrect":0},{"id":"4162","description":"تعداد زیاد توییت های ارسال شده از طرف شما نسبت به ریتوییت ها","iscorrect":0}]},{"id":"1091","description":"دو ویژگی یک توییت خوب عبارتند از:","answers":[{"id":"4163","description":"همراه با لینک و تصویر","iscorrect":0},{"id":"4164","description":"کوتاه و مفید","iscorrect":0},{"id":"4165","description":"جذاب و با کیفیت","iscorrect":1},{"id":"4166","description":"هیچکدام","iscorrect":0}]}]},{"score":"50","questions":[{"id":"1092","description":"یک فرد ناشناس در پاسخ به یکی از توییت های شما، یک لینک ارسال کرده، شما چه می کنید؟","answers":[{"id":"4167","description":"بر روی آن لینک کلیک می کنید.","iscorrect":0},{"id":"4168","description":"به هیچ عنوان بر روی آن کلیک نمی کنید.","iscorrect":1},{"id":"4169","description":"لینک های ارسالی از سوی دیگران اهمیتی ندارند که بخواهیم بر روی آنها کلیک کنیم.","iscorrect":0},{"id":"4170","description":"با توییتر نمی توان لینکی را برای کسی ارسال کرد.","iscorrect":0}]},{"id":"1093","description":"کدامیک از موارد زیر جز رفتارهای توییتری نیست؟","answers":[{"id":"4171","description":"رعایت کپی رایت در توییت ها","iscorrect":0},{"id":"4172","description":"عدم انتشار شایعه و اخبار نادرست","iscorrect":0},{"id":"4173","description":"پاسخگو بودن به توییت های دیگران","iscorrect":0},{"id":"4174","description":"هیچکدام","iscorrect":1}]},{"id":"1094","description":"برای افزایش تعداد دنبال کنندگان، کدامیک از گزینه های زیر نادرست است؟","answers":[{"id":"4175","description":"تکمیل پروفایل حساب توییتر","iscorrect":0},{"id":"4176","description":"دنبال کردن دوستان و آشنایان","iscorrect":0},{"id":"4177","description":"پاسخ دادن به توییت های دیگران","iscorrect":0},{"id":"4178","description":"ارسال ۲۰ توییت در یک روز","iscorrect":1}]},{"id":"1095","description":"به کمک کدام ویژگی می توان کاربران توییتر را دسته بندی کرد؟","answers":[{"id":"4179","description":"‏Reply","iscorrect":0},{"id":"4180","description":"‏Favorite","iscorrect":0},{"id":"4181","description":"‏Lists","iscorrect":1},{"id":"4182","description":"@Username","iscorrect":0}]}]}]},{"name":"جمع بندی توییتر","id":"218","contentorder":"10","lesson_number":7,"type":0,"filename":"lesson218.html"}]}