{"courseId":"70","contents":[{"name":"مقدمه- چرا نام این دوره امنیت در تلفن های هوشمند و تبلت هاست؟","id":"491","contentorder":"1","lesson_number":1,"type":0,"filename":"lesson491.html"},{"name":"درس اول- سیستم عامل","id":"502","contentorder":"2","lesson_number":2,"type":0,"filename":"lesson502.html"},{"name":"درس دوم- کلیات امنیت در گوشی های هوشمند و تبلت ها","id":"503","contentorder":"3","lesson_number":3,"type":0,"filename":"lesson503.html"},{"name":"کلیات امنیت در گوشی های هوشمند و تبلت ها","id":"808","contentorder":"4","type":1,"set":[{"score":"60","questions":[{"id":"3049","description":"کدام سیستم عامل یک سیستم عامل بسته است؟","answers":[{"id":"11642","description":"اندروید","iscorrect":0},{"id":"11643","description":"آی او اس","iscorrect":0},{"id":"11644","description":"ویندوز فون","iscorrect":0},{"id":"11645","description":"موارد دوم و سوم","iscorrect":1}]},{"id":"3050","description":"کدام مورد در امنیت گوشی هوشمند یا تبلت ها تاثیرگذار نیست؟","answers":[{"id":"11646","description":"قرض دادن تلفن هوشمندتان به دوست صمیمی تان","iscorrect":0},{"id":"11647","description":"استفاده از وی پی ان","iscorrect":0},{"id":"11648","description":"ارسال پیامک به خواهر یا برادرتان","iscorrect":1},{"id":"11649","description":"دانلود اپلیکیشن از مکان های معتبر","iscorrect":0}]},{"id":"3051","description":"معادل روت کردن سیستم عامل اندروید در آی او اس چیست؟","answers":[{"id":"11650","description":"ریشه","iscorrect":0},{"id":"11651","description":"جیلبرک","iscorrect":1},{"id":"11652","description":"نسخه پایدار","iscorrect":0},{"id":"11653","description":"معادلی در این مورد وجود ندارد.","iscorrect":0}]},{"id":"3052","description":"برای امنیت بیشتر در اتصال به حساب های حساس مانند حساب بانکی از طریق اینترنت بی سیم در مکان های عمومی از چه ابزاری می توان استفاده کرد؟","answers":[{"id":"11654","description":"وی پی ان","iscorrect":1},{"id":"11655","description":"اس اس ال","iscorrect":0},{"id":"11656","description":"اف تی پی","iscorrect":0},{"id":"11657","description":"هیچکدام","iscorrect":0}]},{"id":"3053","description":"کدام گزینه از ویژگی های یک رمز عبور مناسب نیست؟","answers":[{"id":"11658","description":"به اطلاعات شخصی ما مربوط باشد.","iscorrect":0},{"id":"11659","description":"کوتاه باشد.","iscorrect":0},{"id":"11660","description":"دارای علامت های خاص مانند درصد باشد.","iscorrect":0},{"id":"11661","description":"موارد اول و دوم","iscorrect":1}]}]},{"score":"60","questions":[{"id":"3054","description":"کدام سیستم عامل یک سیستم عامل باز است؟","answers":[{"id":"11662","description":"اندروید","iscorrect":1},{"id":"11663","description":"آی او اس","iscorrect":0},{"id":"11664","description":"ویندوز فون","iscorrect":0},{"id":"11665","description":"موارد دوم و سوم","iscorrect":0}]},{"id":"3055","description":"چرا نباید آی فون خود را جیلبرک کنید؟","answers":[{"id":"11666","description":"به دلیل وجود حفره های امنیتی در نسخه های مختلف جیلبرک","iscorrect":0},{"id":"11667","description":"امکان رصد فعالیت های شما در آی فون","iscorrect":0},{"id":"11668","description":"جیلبرک کردن آی فون هیچ مشکلی ندارد.","iscorrect":0},{"id":"11669","description":"موارد اول و دوم","iscorrect":1}]},{"id":"3056","description":"نباید گوشی هوشمند و تبلت خود را تنها بگذاریم چون:","answers":[{"id":"11670","description":"امکان گم شدن آن افزایش پیدا می کند.","iscorrect":0},{"id":"11671","description":"امکان دزدیده شدن آن افزایش پیدا می کند.","iscorrect":0},{"id":"11672","description":"امکان لو رفتن شما وجود دارد.","iscorrect":0},{"id":"11673","description":"همه موارد","iscorrect":1}]},{"id":"3057","description":"کدام مورد در امنیت گوشی هوشمند و تبلت تان تاثیرگذار است؟","answers":[{"id":"11674","description":"به روز نگه داشتن سیستم عامل","iscorrect":1},{"id":"11675","description":"دقت در اضافه کردن مشخصات تماس افراد","iscorrect":0},{"id":"11676","description":"دقت در اتصال حساب ایمیل","iscorrect":0},{"id":"11677","description":"هیچکدام","iscorrect":0}]},{"id":"3058","description":"در چه حالتی نمی توان اطلاعات گوشی هوشمند و تبلت را از راه دور پاک کرد؟","answers":[{"id":"11785","description":"این امکان تنها در اختیار سازمان های جاسوسی در سرتاسر دنیاست.","iscorrect":0},{"id":"11678","description":"روشن بودن دستگاه","iscorrect":0},{"id":"11679","description":"خاموش بودن دستگاه","iscorrect":1},{"id":"11680","description":"چنین امکانی وجود خارجی ندارد.","iscorrect":0}]}]}]},{"name":"درس سوم- امنیت در آی او اس- عمومی","id":"504","contentorder":"5","lesson_number":4,"type":0,"filename":"lesson504.html"},{"name":"درس چهارم- امنیت در آی او اس- تخصصی","id":"505","contentorder":"6","lesson_number":5,"type":0,"filename":"lesson505.html"},{"name":"امنیت در آی او اس","id":"810","contentorder":"7","type":1,"set":[{"score":"60","questions":[{"id":"3059","description":"خاموش کردن وای فای و بلوتوث چه مزیتی دارد؟","answers":[{"id":"11682","description":"از نفوذهای احتمالی به گوشی هوشمندتان جلوگیری می کند.","iscorrect":0},{"id":"11681","description":"باعث کاهش میزان مصرف باتری می شود.","iscorrect":0},{"id":"11683","description":"امکان گم شدن تلفن هوشمند یا تبلت تان را بیشتر می کند.","iscorrect":0},{"id":"11684","description":"موارد اول و دوم","iscorrect":1}]},{"id":"3060","description":"کاربرد گزینه Diagnostics & Usage چیست؟","answers":[{"id":"11685","description":"ارسال وضعیت چگونگی استفاده شما از ابزار آی او اس","iscorrect":0},{"id":"11686","description":"ارسال مشکلات و خطاهای پیش آمده در ابزار آی او اس","iscorrect":0},{"id":"11687","description":"نمایش راه حل های مشکلات پیش آمده در ابزار آی او اس","iscorrect":0},{"id":"11688","description":"موارد اول و دوم","iscorrect":1}]},{"id":"3061","description":"از طریق کدام گزینه می توان دسترسی افراد را به بخش خاصی از ابزار آی او اس محدود کرد؟","answers":[{"id":"11689","description":"Rest","iscorrect":0},{"id":"11690","description":"Passcode Lock","iscorrect":0},{"id":"11691","description":"Restrictions","iscorrect":1},{"id":"11692","description":"Privacy","iscorrect":0}]},{"id":"3062","description":"برای پشتیبان گیری از آیفون خود باید از چه امکانی استفاده کنید؟","answers":[{"id":"11693","description":"Find My iPhone","iscorrect":0},{"id":"11694","description":"Passbook","iscorrect":0},{"id":"11695","description":"iCloud","iscorrect":1},{"id":"11696","description":"Privacy","iscorrect":0}]},{"id":"3063","description":"کدام اپلیکیشن، چت را رمزگذاری می کند؟","answers":[{"id":"11697","description":"Lookup","iscorrect":0},{"id":"11698","description":"Clueful","iscorrect":0},{"id":"11699","description":"Onion Browser","iscorrect":0},{"id":"11700","description":"ChatSecure","iscorrect":1}]}]},{"score":"60","questions":[{"id":"3064","description":"فعال کردن گزینه Limit Ad Tracking در آیفون، چه کارکردی دارد؟","answers":[{"id":"11701","description":"امکان نمایش آگهی در اپلیکیشن های مختلف را از بین می برد.","iscorrect":0},{"id":"11702","description":"امکان نمایش آگهی در اپلیکیشن های مختلف را فعال می کند.","iscorrect":0},{"id":"11703","description":"امکان رهگیری فعالیت های آنلاین برای نمایش آگهی های مرتبط را از بین می برد.","iscorrect":1},{"id":"11704","description":"هیچکدام","iscorrect":0}]},{"id":"3065","description":"کارکرد گزینه Erase Data چیست؟","answers":[{"id":"11705","description":"پاک کردن اطلاعات به صورت دستی","iscorrect":0},{"id":"11706","description":"پاک کردن اطلاعات موجود بر روی دستگاه بعد از ۱۰ بار تلاش ناموفق برای ورود به دستگاه آی او اس","iscorrect":1},{"id":"11707","description":"پاک کردن اطلاعات ایمیل ثبت شده در دستگاه آی او اس","iscorrect":0},{"id":"11708","description":"پاک کردن اطلاعات حساب اپل","iscorrect":0}]},{"id":"3066","description":"کارکرد گزینه Privacy چیست؟","answers":[{"id":"11709","description":"مدیریت دسترسی هر یک از اپلیکشین های نصب شده به بخش های مختلف دستگاه آی او اس","iscorrect":0},{"id":"11710","description":"مدیریت دسترسی به عکس های مختلف","iscorrect":0},{"id":"11711","description":"مدیریت توییتر و فیس بوک","iscorrect":0},{"id":"11712","description":"همه موارد","iscorrect":1}]},{"id":"3067","description":"تفاوت iMessage با SMS در چیست؟","answers":[{"id":"11713","description":"به کمک iMessage تنها می توان بین تمامی تلفن های همراه پیامک رد و بدل کرد اما با SMS می توان تنها بین دستگاه های آی او پیامک رد و بدل کرد.","iscorrect":0},{"id":"11714","description":"به کمک iMessage تنها می توان بین دستگاه های آی او اس پیامک رد و بدل کرد اما با SMS می توان بین تمامی تلفن های همراه پیامک رد و بدل کرد.","iscorrect":1},{"id":"11715","description":"iMessage ابزاری برای مدیریت پیامک هاست اما SMS ابزاری برای ارسال پیامک.","iscorrect":0},{"id":"11716","description":"هیچ تفاوتی با یکدیگر ندارد.","iscorrect":0}]},{"id":"3068","description":"کدام مرورگر بهترین گزینه برای وبگردی به صورت ناشناس است؟","answers":[{"id":"11717","description":"Chrome","iscorrect":0},{"id":"11718","description":"Safari","iscorrect":0},{"id":"11719","description":"Opera Mini","iscorrect":0},{"id":"11720","description":"Onion Browser","iscorrect":1}]}]}]},{"name":"درس پنجم- امنیت در اندروید- عمومی","id":"506","contentorder":"8","lesson_number":6,"type":0,"filename":"lesson506.html"},{"name":"درس ششم- امنیت در اندروید- تخصصی","id":"507","contentorder":"9","lesson_number":7,"type":0,"filename":"lesson507.html"},{"name":"امنیت در اندروید","id":"812","contentorder":"10","type":1,"set":[{"score":"60","questions":[{"id":"3069","description":"برای رمزگذاری متن چت ها در اندروید کدام اپلیکیشن کاربرد دارد؟","answers":[{"id":"11721","description":"Orbot","iscorrect":0},{"id":"11722","description":"Gibberbot","iscorrect":0},{"id":"11723","description":"RedPhone","iscorrect":0},{"id":"11724","description":"موارد اول و دوم","iscorrect":1}]},{"id":"3070","description":"کارکرد TextSecure چیست؟","answers":[{"id":"11725","description":"پیامک های گوشی اندروید را رمزگذاری می کند.","iscorrect":0},{"id":"11726","description":"اگر علاوه بر شما، فرد دریافت کننده پیامک از این اپلیکیشن استفاده کند، پیامک های رد و بدل شده بین شما و او رمزگذاری می شود.","iscorrect":0},{"id":"11727","description":"کل گوشی اندروید شما را رمزگذاری می کند.","iscorrect":0},{"id":"11728","description":"موارد اول و دوم","iscorrect":1}]},{"id":"3071","description":"برای کنترل ترافیک رد و بدل شده میان دستگاه اندروید و اینترنت کدام اپلیکیشن کاربرد دارد؟","answers":[{"id":"11729","description":"Wheres My Droid","iscorrect":0},{"id":"11730","description":"Sophos Mobile Security Free Edition","iscorrect":0},{"id":"11731","description":"DroidWall - Android Firewall","iscorrect":1},{"id":"11732","description":"Gibberbot","iscorrect":0}]}]},{"score":"60","questions":[{"id":"3072","description":"برای رمزگذاری مکالمات تلفنی کدام اپلیکیشن کاربرد دارد؟","answers":[{"id":"11733","description":"Orbot","iscorrect":0},{"id":"11734","description":"Gibberbot","iscorrect":0},{"id":"11735","description":"RedPhone","iscorrect":1},{"id":"11736","description":"موارد اول و دوم","iscorrect":0}]},{"id":"3073","description":"کدام اپلیکیشن معادل امکان Find my iPhone در گوشی های اندروید است؟","answers":[{"id":"11737","description":"Lookout Security & Antivirus","iscorrect":0},{"id":"11738","description":"Android Lost","iscorrect":1},{"id":"11739","description":"DroidWall - Android Firewall","iscorrect":0},{"id":"11740","description":"Orbot","iscorrect":0}]},{"id":"3074","description":"اگر بخواهیم وبگردی ناشناس و بدون محدودیت همراه با پیام خصوصی و چت امن داشته باشیم، کدام اپلیکیشن به کارمان می آید؟","answers":[{"id":"11741","description":"Orbot","iscorrect":1},{"id":"11742","description":"Text Secure","iscorrect":0},{"id":"11743","description":"avast! Mobile Security","iscorrect":0},{"id":"11744","description":"RedPhone","iscorrect":0}]}]}]},{"name":"دوره مبانی امنیت در تلفن‌های هوشمند و تبلت‌ها- آزمون نهایی","id":"814","contentorder":"11","type":1,"set":[{"score":"60","questions":[{"id":"3075","description":"نباید گوشی هوشمند و تبلت خود را تنها بگذاریم چون:","answers":[{"id":"11745","description":"امکان گم شدن آن افزایش پیدا می کند.","iscorrect":0},{"id":"11746","description":"امکان دزدیده شدن آن افزایش پیدا می کند.","iscorrect":0},{"id":"11747","description":"امکان لو رفتن شما وجود دارد.","iscorrect":0},{"id":"11748","description":"همه موارد","iscorrect":1}]},{"id":"3076","description":"معادل روت کردن سیستم عامل اندروید در آی او اس چیست؟","answers":[{"id":"11749","description":"ریشه","iscorrect":0},{"id":"11750","description":"جیلبرک","iscorrect":1},{"id":"11751","description":"نسخه پایدار","iscorrect":0},{"id":"11752","description":"معادلی در این مورد وجود ندارد.","iscorrect":0}]},{"id":"3077","description":"کاربرد گزینه Diagnostics & Usage چیست؟","answers":[{"id":"11753","description":"ارسال وضعیت چگونگی استفاده شما از ابزار آی او اس","iscorrect":0},{"id":"11754","description":"ارسال مشکلات و خطاهای پیش آمده در ابزار آی او اس","iscorrect":0},{"id":"11755","description":"نمایش راه حل های مشکلات پیش آمده در ابزار آی او اس","iscorrect":0},{"id":"11756","description":"موارد اول و دوم","iscorrect":1}]},{"id":"3078","description":"فعال کردن گزینه Limit Ad Tracking در آیفون، چه کارکردی دارد؟","answers":[{"id":"11757","description":"امکان نمایش آگهی در اپلیکیشن های مختلف را از بین می برد.","iscorrect":0},{"id":"11758","description":"امکان نمایش آگهی در اپلیکیشن های مختلف را فعال می کند.","iscorrect":0},{"id":"11759","description":"امکان رهگیری فعالیت های آنلاین برای نمایش آگهی های مرتبط را از بین می برد.","iscorrect":1},{"id":"11760","description":"هیچکدام","iscorrect":0}]},{"id":"3079","description":"کدام اپلیکیشن معادل امکان Find my iPhone در گوشی های اندروید است؟","answers":[{"id":"11761","description":"Lookout Security & Antivirus","iscorrect":0},{"id":"11762","description":"Android Lost","iscorrect":1},{"id":"11763","description":"DroidWall - Android Firewall","iscorrect":0},{"id":"11764","description":"Orbot","iscorrect":0}]}]},{"score":"60","questions":[{"id":"3080","description":"در چه حالتی نمی توان اطلاعات گوشی هوشمند و تبلت را از راه دور پاک کرد؟","answers":[{"id":"11765","description":"روشن بودن دستگاه","iscorrect":0},{"id":"11766","description":"خاموش بودن دستگاه","iscorrect":1},{"id":"11767","description":"این امکان تنها در اختیار سازمان های جاسوسی در سرتاسر دنیاست.","iscorrect":0},{"id":"11768","description":"چنین امکانی وجود خارجی ندارد.","iscorrect":0}]},{"id":"3081","description":"کدام سیستم عامل یک سیستم عامل بسته است؟","answers":[{"id":"11769","description":"اندروید","iscorrect":0},{"id":"11770","description":"آی او اس","iscorrect":0},{"id":"11771","description":"ویندوز فون","iscorrect":0},{"id":"11772","description":"موارد دوم و سوم","iscorrect":1}]},{"id":"3082","description":"برای پشتیبان گیری از آیفون خود باید از چه امکانی استفاده کنید؟","answers":[{"id":"11773","description":"Find My iPhone","iscorrect":0},{"id":"11774","description":"Passbook","iscorrect":0},{"id":"11775","description":"iCloud","iscorrect":1},{"id":"11776","description":"Privacy","iscorrect":0}]},{"id":"3083","description":"کارکرد گزینه Privacy چیست؟","answers":[{"id":"11777","description":"مدیریت دسترسی هر یک از اپلیکشین های نصب شده به بخش های مختلف دستگاه آی او اس","iscorrect":0},{"id":"11778","description":"مدیریت دسترسی به عکس های مختلف","iscorrect":0},{"id":"11779","description":"مدیریت توییتر و فیس بوک","iscorrect":0},{"id":"11780","description":"همه موارد","iscorrect":1}]},{"id":"3084","description":"برای کنترل ترافیک رد و بدل شده میان دستگاه اندروید و اینترنت کدام اپلیکیشن کاربرد دارد؟","answers":[{"id":"11781","description":"Wheres My Droid","iscorrect":0},{"id":"11782","description":"Sophos Mobile Security Free Edition","iscorrect":0},{"id":"11783","description":"DroidWall - Android Firewall","iscorrect":1},{"id":"11784","description":"Gibberbot","iscorrect":0}]}]}]}]}