{"courseId":"112","contents":[{"name":"درس اول- آشنایی با استرس","id":"927","contentorder":"1","lesson_number":1,"type":0,"filename":"lesson927.html"},{"name":"درس دوم- ذهن خود را آرام کنید","id":"928","contentorder":"2","lesson_number":2,"type":0,"filename":"lesson928.html"},{"name":"ذهن خود را آرام کنید","id":"1530","contentorder":"3","type":1,"set":[{"score":"60","questions":[{"id":"6626","description":"تعریف آلوین تافلر از استرس چیست؟","answers":[{"id":"25197","description":"تغییرات کم در مدت زیاد","iscorrect":0},{"id":"25198","description":"تغییرات زیاد در مدت کم","iscorrect":1},{"id":"25199","description":"تغییرات زیاد در مدت زیاد","iscorrect":0}]},{"id":"6627","description":"پژوهشگران احتمال می‌دهند ممکن است تا ‌... درصد مراجعه بیماران به مراکز پزشکی به گونه ای با استرس مرتبط باشد.","answers":[{"id":"25200","description":"۷۰ درصد","iscorrect":0},{"id":"25201","description":"۸۰ درصد","iscorrect":0},{"id":"25202","description":"۹۰ درصد","iscorrect":1}]},{"id":"6628","description":"استرس با کدام موضوع ارتباطی ندارد؟","answers":[{"id":"25203","description":"با نگرش فرد به محیط","iscorrect":0},{"id":"25204","description":"با شیوه تفکر فرد","iscorrect":0},{"id":"25205","description":"با میزان درآمد فرد","iscorrect":0},{"id":"25206","description":"با میزان درآمد فرد","iscorrect":1}]},{"id":"6629","description":"در تکنیک توقف افکار استرس‌زا نخستین مورد برای شروع کدام است؟","answers":[{"id":"25207","description":"افکار استرس‌زا را بشناسیم","iscorrect":1},{"id":"25208","description":"بتوانیم در آن موقعیت روی افکار استرس‌زا تمرکز کنیم","iscorrect":0},{"id":"25209","description":"توانایی استفاده از محیط را برای استفاده از این تکنیک داشته باشیم","iscorrect":0}]},{"id":"6630","description":"در راهکارهای کاهش استرس به صورت ذهنی، مهمترین کار کدام است؟","answers":[{"id":"25210","description":"تغییر در شیوه نگرش","iscorrect":0},{"id":"25211","description":"آرام کردن ذهن","iscorrect":1},{"id":"25212","description":"بستن چشمان","iscorrect":0}]},{"id":"6631","description":"ساده‌ترین راه برای آرام کردن ذهن دارای استرس این است که ‌...","answers":[{"id":"25213","description":"افکار استرس زا را متوقف کنیم","iscorrect":0},{"id":"25214","description":"افکار استرس زا را بشناسیم","iscorrect":0},{"id":"25215","description":"حواس خود را پرت کنیم.","iscorrect":1}]}]},{"score":"60","questions":[{"id":"6632","description":"اثرات اولیه استرس بر روی کدام بخش از بدن است؟","answers":[{"id":"25216","description":"رگ‌ها","iscorrect":1},{"id":"25217","description":"عضلات","iscorrect":0},{"id":"25218","description":"مفاصل","iscorrect":0}]},{"id":"6634","description":"استرس در دستگاه گوارش سبب:","answers":[{"id":"25220","description":"حرکت کند در روده‌ها","iscorrect":0},{"id":"25221","description":"حرکت تند در روده‌ها","iscorrect":0},{"id":"25222","description":"هر دو مورد","iscorrect":1}]},{"id":"6635","description":"اگر در تغییر نگرش نسبت به موضوعات استرس‌زا تبحر نداشته باشیم، بهترین راه برای مقابله با استرس کدام است؟","answers":[{"id":"25223","description":"تغییر در گفتار","iscorrect":0},{"id":"25224","description":"بستن بند به مچ دست","iscorrect":0},{"id":"25225","description":"کاهش استرس به صورت ذهنی","iscorrect":1}]},{"id":"6636","description":"کدام موضوع از روش‌های پرت کردن حواس در صف نیست؟","answers":[{"id":"25226","description":"صحبت کردن با دیگران","iscorrect":0},{"id":"25227","description":"توجه به بازی کودکان در نزدیکی صف","iscorrect":0},{"id":"25228","description":"فکر کردن به استرس لحظه‌ای","iscorrect":1}]},{"id":"6637","description":"کدامیک از روش‌های زیر قوی‌ترین راهکار برای کاهش استرس به صورت ذهنی است؟","answers":[{"id":"25229","description":"پرت کردن حواس","iscorrect":0},{"id":"25230","description":"بستن چشمان و تجسم فضای مطبوع","iscorrect":0},{"id":"25231","description":"متوقف کردن افکار استرس‌زا","iscorrect":1}]}]}]},{"name":"درس سوم- از بین بردن استرس با فعالیت فیزیکی","id":"929","contentorder":"4","lesson_number":3,"type":0,"filename":"lesson929.html"},{"name":"درس چهارم- نظم را به زندگی خود بازگردانید","id":"930","contentorder":"5","lesson_number":4,"type":0,"filename":"lesson930.html"},{"name":"نظم را به زندگی خود بازگردانید","id":"1532","contentorder":"6","type":1,"set":[{"score":"60","questions":[{"id":"6638","description":"اثرات فیزیکی استرس در چه شرایطی در بدن بوجود می‌آید؟","answers":[{"id":"25232","description":"هنگامی که مدت زیادی در برابر استرس باشیم.","iscorrect":0},{"id":"25233","description":"اثرات فیزیکی استرس همواره وجود دارد","iscorrect":1},{"id":"25234","description":"اثرات فیزیکی استرس تنها در استرس‌های شدید در بدن بوجود می‌آیند","iscorrect":0}]},{"id":"6640","description":"در مدل تنفس درست، حرکت دستی که بر روی شکم قرار می‌گیرد چگونه است؟","answers":[{"id":"25238","description":"حرکت جزیی دارد","iscorrect":1},{"id":"25239","description":"حرکتی ندارد","iscorrect":0},{"id":"25240","description":"حرکتش نسبت به دست دیگر زیاد است.","iscorrect":0}]},{"id":"6642","description":"در تمرین تنفس درست عمل دم از چه قسمتی از بدن صورت می‌گیرد؟","answers":[{"id":"25241","description":"از دهان","iscorrect":0},{"id":"25242","description":"از بینی","iscorrect":0},{"id":"25243","description":"از بینی و دهان","iscorrect":1}]},{"id":"6643","description":"برنامه‌ریزی امور چگونه در کاهش استرس به کمک شما خواهد آمد؟","answers":[{"id":"25244","description":"افزایش وقت در دسترس","iscorrect":0},{"id":"25245","description":"کاهش نگرانی بابت گم شدن وسایل","iscorrect":0},{"id":"25246","description":"هر دو مورد","iscorrect":1}]},{"id":"6644","description":"نخستین کار برای کاهش بی‌نظمی کدام است؟","answers":[{"id":"25247","description":"شناخت بی‌نظمی","iscorrect":0},{"id":"25248","description":"نظم دادن بخش‌های کوچک","iscorrect":0},{"id":"25249","description":"هر دو مورد","iscorrect":1}]}]},{"score":"60","questions":[{"id":"6646","description":"بهترین روش برای یافتن تنش استرس در بدن:","answers":[{"id":"25252","description":"انجام تمرین آرام کردن ذهن","iscorrect":0},{"id":"25251","description":"انجام تمرین تنفس درست","iscorrect":1},{"id":"25250","description":"صحبت با دوستان درباره استرس","iscorrect":0}]},{"id":"6647","description":"در حالت نفس کشیدن در خندق، باید تا چه مدتی برای بیرون دادن تنفس صبر کرد؟","answers":[{"id":"25253","description":"شش ثانیه","iscorrect":0},{"id":"25254","description":"شمردن شش شماره","iscorrect":1},{"id":"25255","description":"شش دقیقه","iscorrect":0}]},{"id":"6648","description":"بهترین راه برای جمع‌آوری کاعذهای اضافه چیست؟","answers":[{"id":"25256","description":"اسکن آن‌ها","iscorrect":0},{"id":"25257","description":"عکسبرداری از آن‌ها","iscorrect":0},{"id":"25258","description":"هر دو مورد","iscorrect":1}]},{"id":"6649","description":"در هنگام تمیز کردن خانه و روبرو شدن با وسایل کم مصرف، بهتر است آن‌ها را‌...","answers":[{"id":"25259","description":"تمیز کنیم","iscorrect":0},{"id":"25260","description":"به انبار منتقل کنیم","iscorrect":0},{"id":"25261","description":"دور بیندازیم","iscorrect":1}]},{"id":"6650","description":"بهترین مکان برای سبد پرداختنی کجاست؟","answers":[{"id":"25262","description":"روی سبد انجام دادنی","iscorrect":0},{"id":"25263","description":"روی میز کار","iscorrect":1},{"id":"25264","description":"روی سبد فایل‌بندی","iscorrect":0}]}]}]},{"name":"درس پنجم- وقت بیشتری برای کارهای خود بیابید","id":"931","contentorder":"7","lesson_number":5,"type":0,"filename":"lesson931.html"},{"name":"درس ششم- اهمیت خواب کافی، تغذیه مناسب و ورزش","id":"932","contentorder":"8","lesson_number":6,"type":0,"filename":"lesson932.html"},{"name":"اهمیت خواب کافی، تغذیه مناسب و ورزش","id":"1535","contentorder":"9","type":1,"set":[{"score":"50","questions":[{"id":"6651","description":"سریع غذا خوردن چه مشکلاتی را برای شما به وجود می‌آورد؟","answers":[{"id":"25265","description":"سبب افزایش وزن می‌شود.","iscorrect":1},{"id":"25266","description":"سبب دیر هضم شدن غذا می‌شود.","iscorrect":0},{"id":"25267","description":"هر دو مورد","iscorrect":0}]},{"id":"6652","description":"کم شدن استرس با ترشح چه ماده‌ای در مغز انجام می‌شود؟","answers":[{"id":"25268","description":"انسولین","iscorrect":0},{"id":"25269","description":"سروتونین","iscorrect":1},{"id":"25270","description":"اندورفین","iscorrect":0}]},{"id":"6653","description":"کدام گزینه درباره غذاها برای کاهش استرس درست نیست؟","answers":[{"id":"25271","description":"انواع کربوهیدرات‌ها برای کاهش استرس مفید هستند.","iscorrect":1},{"id":"25272","description":"مصرف سبزیجات پخته نیز در کاهش استرس مفید هستند.","iscorrect":0},{"id":"25273","description":"الکل از نوشیدنی‌هایی است که باید از نوشیدن آن پیش از خواب اجتناب کنید.","iscorrect":0}]},{"id":"6654","description":"پیش از خواب باید از کدام مورد اجتناب کرد؟","answers":[{"id":"25274","description":"ورزش کردن","iscorrect":0},{"id":"25275","description":"نوشیدن قهوه","iscorrect":0},{"id":"25276","description":"هر دو مورد","iscorrect":1}]},{"id":"6659","description":"برای شروع برنامه‌ریزی زمان چه باید کرد؟","answers":[{"id":"25290","description":"کارها را اولویت‌بندی کرد.","iscorrect":1},{"id":"25291","description":"کارهای بی‌اهمیت را مشخص و حذف کرد.","iscorrect":0},{"id":"25292","description":"مشخش کرد که چه مدت زمانی را به چه کاری اختصاص می‌دهیم.","iscorrect":0}]},{"id":"6661","description":"هنگامی که کاری را به فردی واگذار می‌کنیم، چه کاری را نبایدانجام دهیم؟","answers":[{"id":"25298","description":"شرح دقیق انجام کار","iscorrect":0},{"id":"25297","description":"با لحن مناسب صحبت کردن","iscorrect":0},{"id":"25296","description":"چک کردن لحظه‌ای او","iscorrect":1}]},{"id":"6662","description":"برای مدیریت وقت کدام راهکار مناسب نیست؟","answers":[{"id":"25299","description":"انجام خریدهای اینترنتی","iscorrect":0},{"id":"25300","description":"پاسخ دادن یکبارهایمیل‌ها","iscorrect":0},{"id":"25301","description":"پرداخت حضوری صورتحساب‌ها","iscorrect":1}]}]},{"score":"50","questions":[{"id":"6655","description":"کدامیک از گزینه‌های زیر سبب ترشح اندروفین در بدن می‌شود؟","answers":[{"id":"25277","description":"خوردن یک مشت آجیل","iscorrect":0},{"id":"25278","description":"یک ساعت فعالیت بدنی","iscorrect":1},{"id":"25279","description":"دوری از خوردن فست فود","iscorrect":0}]},{"id":"6656","description":"نوشیدن قهوه پیش از خواب چه مشکلاتی را برای شما پیش خواهد آورد؟","answers":[{"id":"25280","description":"کیفیت خواب را پایین می‌آورد.","iscorrect":0},{"id":"25281","description":"چرخه خواب را دچار مشکل می‌کند.","iscorrect":0},{"id":"25282","description":"هر دو مورد","iscorrect":1}]},{"id":"6657","description":"در وعده صبحانه بهتر است از خوردن یا نوشیدن کدام غذا اجتناب کنید؟","answers":[{"id":"25284","description":"نان به مقدار زیاد","iscorrect":0},{"id":"25285","description":"غذاهایی همچون سوسیس و کالباس","iscorrect":1},{"id":"25286","description":"مقدار کمی قهوه","iscorrect":0}]},{"id":"6658","description":"برای جلوگیری از غذا خوردن در هنگام استرس چه باید کرد؟","answers":[{"id":"25287","description":"معده را با نوشیدن آب پر کرد.","iscorrect":0},{"id":"25288","description":"از خودمان بپرسیم آیا احساس گرسنگی می‌کنیم یا خیر.","iscorrect":1},{"id":"25289","description":"خودمان را مشغول یک کار دیگر کنیم.","iscorrect":0}]},{"id":"6663","description":"برای مدیریت وقت کدام راهکار مناسب نیست؟","answers":[{"id":"25302","description":"نه گفتن به دوستان برای بیرون رفتن هر روزه","iscorrect":0},{"id":"25303","description":"محدود کردن تماشای تلویزیون","iscorrect":0},{"id":"25304","description":"انجام خریدها به صورت حضوری","iscorrect":1}]},{"id":"6664","description":"چه آیتم‌هایی را در رابطه با لیست روزانه برنامه‌ریزی زمان نباید یاداشت کرد؟","answers":[{"id":"25305","description":"زمان انجام کار","iscorrect":0},{"id":"25306","description":"اولویت انجام کار","iscorrect":0},{"id":"25307","description":"نحوه انجام کار","iscorrect":1}]},{"id":"6665","description":"برون سپاری کارها با چه موانعی روبروست؟","answers":[{"id":"25308","description":"در وقت شما صرفه‌جویی نمی‌کند.","iscorrect":0},{"id":"25309","description":"ممکن است کار به صورت ایده‌آل شما انجام نشود.","iscorrect":1},{"id":"25310","description":"یک فرد دیگر انجام دادن کارها را یاد می‌گیرد.","iscorrect":0}]},{"id":"6666","description":"تحلیل لیست روزانه معمولا در چه زمانی باید انجام شود؟","answers":[{"id":"25311","description":"در پایان روز","iscorrect":1},{"id":"25312","description":"در پایان دوره مشخص شده","iscorrect":0},{"id":"25313","description":"در هر زمانی که وقتش مناسب بود.","iscorrect":0}]}]}]},{"name":"درس هفتم- از بین بردن تفکر مولد استرس","id":"933","contentorder":"10","lesson_number":7,"type":0,"filename":"lesson933.html"},{"name":"درس هشتم- کاهش استرس در رابطه‌های اجتماعی","id":"934","contentorder":"11","lesson_number":8,"type":0,"filename":"lesson934.html"},{"name":"کاهش استرس در رابطه‌های اجتماعی","id":"1545","contentorder":"12","type":1,"set":[{"score":"50","questions":[{"id":"6699","description":"برای اینکه موضوعی را استرس‌زا کنیم کافی است:","answers":[{"id":"25314","description":"به آینده آن موضوع فکر کنیم.","iscorrect":0},{"id":"25315","description":"به گونه‌ای که فکر کنیم که آن موضوع وحشتناک است.","iscorrect":1},{"id":"25316","description":"هر دو مورد","iscorrect":0}]},{"id":"6700","description":"کدام گزینه سبب افزایش استرس می‌شود؟","answers":[{"id":"25317","description":"جمع بستن همه","iscorrect":0},{"id":"25318","description":"نتیجه‌گیری لحظه‌ای","iscorrect":0},{"id":"25319","description":"هر دو مورد","iscorrect":1}]},{"id":"6701","description":"کدام گزینه بیانگر توقعات غیر واقع‌بینانه است؟","answers":[{"id":"25320","description":"دوستان نزدیک ما باید ما را به جشن‌های خود دعوت کنند.","iscorrect":1},{"id":"25321","description":"دوستان نزدیک ما شاید نتوانند ما را به جشن‌های خودت دعوت کنند.","iscorrect":0},{"id":"25322","description":"دوستان نزدیک ما بسته به شرایط دوستان خود را به جشن‌هایشان دعوت می‌کنند.","iscorrect":0}]},{"id":"6702","description":"چگونه در لحظات دشوار استرس خود را کاهش دهیم؟","answers":[{"id":"25323","description":"با دلداری به خود","iscorrect":0},{"id":"25324","description":"با یادآوری همه گیر بودن مشکلات","iscorrect":1},{"id":"25325","description":"هر دو مورد","iscorrect":0}]},{"id":"6703","description":"استرس در روابط اجتماعی چگونه خود را نشان می‌دهد؟","answers":[{"id":"25326","description":"با کم کردن توانایی ارتباطبا دیگران","iscorrect":0},{"id":"25327","description":"با افسردگی","iscorrect":0},{"id":"25328","description":"هر دو مورد","iscorrect":1}]},{"id":"6704","description":"گوش دادن حرف طرف مقابل چگونه سبب بهبود رابطه می‌شود؟","answers":[{"id":"25329","description":"با ایجاد انجام بازخورد مناسب","iscorrect":0},{"id":"25330","description":"تشویق گوینده برای صحبت کردن","iscorrect":0},{"id":"25331","description":"هر دو مورد","iscorrect":1}]},{"id":"6705","description":"در هنگام عصبانی بودن معمولا ‌........ با احتمال بیشتری انجام می‌شود.","answers":[{"id":"25332","description":"برچسب زدن به دیگران","iscorrect":1},{"id":"25333","description":"عدم توجه به دیگران","iscorrect":0},{"id":"25334","description":"عدم ارتباط کلامی با دیگران","iscorrect":0}]},{"id":"6706","description":"در تکنیک چراغ راهنما، برخورد چراغ سبز به چه معناست؟","answers":[{"id":"25335","description":"افرادی که مشکلی با آنها ندارید.","iscorrect":1},{"id":"25336","description":"افرادی که تا اندازه‌ای با آنها مشکل دارید.","iscorrect":0},{"id":"25337","description":"افرادی که با آن‌ها مشکل دارید.","iscorrect":0}]},{"id":"6707","description":"کدام گزینه مصداق نه گفتن محترمانه است؟","answers":[{"id":"25338","description":"نه، نمی‌توانم","iscorrect":0},{"id":"25339","description":"نه، خودت باید این کار را انجام دهی.","iscorrect":0},{"id":"25340","description":"نه، ببخشید وقت ندارم.","iscorrect":1}]}]},{"score":"50","questions":[{"id":"6708","description":"در برگه تحلیل تفکر مولد استرس، کدام عنوان پس از عنوان میزان استرس نوشته می‌شود؟","answers":[{"id":"25341","description":"گفت و گوی ذهنی","iscorrect":1},{"id":"25342","description":"واکنش به موضوع استرس‌زا","iscorrect":0},{"id":"25343","description":"خطای فکری","iscorrect":0}]},{"id":"6709","description":"چرا طبقه‌بندی خود و دوستان سبب افزایش استرس انسان می‌گردد؟","answers":[{"id":"25344","description":"به دور از اصل انسان بودن است.","iscorrect":0},{"id":"25345","description":"همه ما روز بد داریم.","iscorrect":1},{"id":"25346","description":"سبب تمرکز بر ویژگی‌های عالی ما و اتلاف وقت می‌شود.","iscorrect":0}]},{"id":"6710","description":"در اندازه‌گیری میزان استرس، نمرات پیشنهادی شامل چه بازه‌ای است؟","answers":[{"id":"25347","description":"از صفر تا ۵","iscorrect":0},{"id":"25348","description":"از صفر تا ۱۰","iscorrect":1},{"id":"25349","description":"از صفر تا ۱۰۰","iscorrect":0}]},{"id":"6711","description":"کدام گزینه بیانگر توقعات واقعبینانه است؟","answers":[{"id":"25350","description":"همه باید حقوق دیگران را رعایت کنند.","iscorrect":0},{"id":"25351","description":"همه باید تا حد امکان حقوق دیگران را رعایت کنند.","iscorrect":1},{"id":"25352","description":"همه باید به دلخواه خود حقوق دیگران را رعایت کنند.","iscorrect":0}]},{"id":"6712","description":"کدام گزینه سبب کاهش استرس در روابط اجتماعی می‌شود؟","answers":[{"id":"25353","description":"صحبت کردن مناسب","iscorrect":0},{"id":"25354","description":"خوب گوش کردن","iscorrect":0},{"id":"25355","description":"هر دو مورد","iscorrect":1}]},{"id":"6713","description":"در تکنیک چراغ راهنما، برخورد چراغ زرد به چه معناست؟","answers":[{"id":"25356","description":"افرادی که مشکلی با آنها ندارید.","iscorrect":0},{"id":"25357","description":"افرادی که تا اندازه‌ای با آنها مشکل دارید.","iscorrect":1},{"id":"25358","description":"افرادی که با آن‌ها مشکل دارید.","iscorrect":0}]},{"id":"6714","description":"کدام گزینه مصداق نه گفتن محترمانه نیست؟","answers":[{"id":"25359","description":"نه، نمی‌توانم","iscorrect":1},{"id":"25360","description":"می‌خواهم کمک کنم اما به فلان دلیل نمی‌توانم.","iscorrect":0},{"id":"25361","description":"نه، ببخشید وقت ندارم.","iscorrect":0}]},{"id":"6715","description":"کدام گزینه درست است؟","answers":[{"id":"25362","description":"مردان در روابط اجتماعی استرس بیشتری را تحمل می‌کنند.","iscorrect":0},{"id":"25363","description":"زنان در روابط اجتماعی استرس بیشتری را تجربه می‌کنند.","iscorrect":1},{"id":"25364","description":"در هنگام عصبانی بودن، معمولا برچسب زدن به دیگران متداول نیست.","iscorrect":0}]},{"id":"6716","description":"کدام گزینه مصداق خوب گوش دادن نیست؟","answers":[{"id":"25365","description":"خمیازه نکشیدن","iscorrect":0},{"id":"25366","description":"نگاه کردن به ساعت","iscorrect":1},{"id":"25367","description":"ساکت نشستن","iscorrect":0}]}]}]},{"name":"درس نهم- رهایی از استرس محل کار","id":"935","contentorder":"13","lesson_number":9,"type":0,"filename":"lesson935.html"},{"name":"درس دهم- سبک انرژی بدون استرس","id":"936","contentorder":"14","lesson_number":10,"type":0,"filename":"lesson936.html"},{"name":"سبک انرژی بدون استرس","id":"1547","contentorder":"15","type":1,"set":[{"score":"50","questions":[{"id":"6717","description":"کدامیک از علائم استرس در محل کار نیست؟","answers":[{"id":"25368","description":"کم شدن بازدهی","iscorrect":0},{"id":"25369","description":"خستگی در محل کار","iscorrect":0},{"id":"25370","description":"شوخی بیش از حد در محل کار","iscorrect":1}]},{"id":"6718","description":"کشش مدل فشردن ماهیچه‌های صدری، به چه صورتی اجرا می‌شود؟","answers":[{"id":"25371","description":"حالت ایستاده","iscorrect":0},{"id":"25372","description":"حالت نشسته","iscorrect":0},{"id":"25373","description":"هر دو مورد","iscorrect":1}]},{"id":"6719","description":"در کشش مدل گیلاس چین، حالت کشش بدن باید چند ثانیه حفظ شود؟","answers":[{"id":"25374","description":"دو تا سه ثانیه","iscorrect":1},{"id":"25375","description":"سه تا چهار ثانیه","iscorrect":0},{"id":"25376","description":"چهار تا پنج ثانیه","iscorrect":0}]},{"id":"6720","description":"آیا استفاده از میان وعده سبب کاهش استرس می‌شود؟","answers":[{"id":"25377","description":"بله","iscorrect":1},{"id":"25378","description":"خیر","iscorrect":0},{"id":"25379","description":"صحبتی در این باره نشده است.","iscorrect":0}]},{"id":"6721","description":"انجام کدام کار در یک صف نمی‌تواند سبب کاهش استرس شما شود؟","answers":[{"id":"25380","description":"صحبت کردن با دیگران","iscorrect":0},{"id":"25381","description":"خواندن کتاب جیبی","iscorrect":0},{"id":"25382","description":"توجه به اندازه صف","iscorrect":1}]},{"id":"6722","description":"کدام گزینه درباره استرس درست نیست؟","answers":[{"id":"25383","description":"مسافرت می‌تواند سبب کاهش استرس فردی شود.","iscorrect":0},{"id":"25384","description":"گردش در یک بازار محلی می‌تواند سبب کاهش استرس شود.","iscorrect":0},{"id":"25385","description":"راز و نیاز با خدا تاثیری در استرس افراد ندارد.","iscorrect":1}]}]},{"score":"50","questions":[{"id":"6723","description":"کشش مدل گیلاس چین، به چه صورتی اجرا می‌شود؟","answers":[{"id":"25386","description":"حالت نشسته","iscorrect":1},{"id":"25387","description":"حالت ایستاده","iscorrect":0},{"id":"25388","description":"هر دو مورد","iscorrect":0}]},{"id":"6724","description":"در محل کار چگونه می‌تواناسترس خود را کاهش داد؟","answers":[{"id":"25389","description":"با تکنیک تنفس در خندق","iscorrect":0},{"id":"25390","description":"با ایستادن و حرکت کردن در محیط کار","iscorrect":0},{"id":"25391","description":"هر دو مورد","iscorrect":1}]},{"id":"6725","description":"با چه راهکارهایی می‌توان استرس اول صبح را کاهش داد؟","answers":[{"id":"25392","description":"زود بیدار شدن","iscorrect":0},{"id":"25393","description":"خوردن صبحانه","iscorrect":0},{"id":"25394","description":"هر دو مورد","iscorrect":1}]},{"id":"6726","description":"برای کاهش استرس در پایان کار، بهتر است:","answers":[{"id":"25395","description":"در محل کار، حرکات کششی انجام شود.","iscorrect":0},{"id":"25396","description":"در خانه نوشیدنی غیر الکلی مصرف شود.","iscorrect":0},{"id":"25397","description":"هر دو مورد","iscorrect":1}]},{"id":"6727","description":"کدام گزینه درباره استرس درست نیست؟","answers":[{"id":"25398","description":"کارهای عام‌المنفعه می‌تواند سبب کاهش استرس فردی شود.","iscorrect":0},{"id":"25399","description":"پیاده روی در پارک با دوستان می‌تواند سبب کاهش استرس شود.","iscorrect":0},{"id":"25400","description":"ارتباط با دیگران تاثیری در استرس افراد ندارد.","iscorrect":1}]},{"id":"6728","description":"برای مقابله با استرس کافی است:","answers":[{"id":"25401","description":"شوخ طبع باشیم.","iscorrect":0},{"id":"25402","description":"همیشه جدی نباشیم.","iscorrect":0},{"id":"25403","description":"هر دو مورد","iscorrect":1}]}]}]},{"name":"آزمون نهایی دوره شناخت استرس و راه‌های غلبه بر آن","id":"1549","contentorder":"16","type":1,"set":[{"score":"50","questions":[{"id":"6729","description":"کدام گزاره درباره استرس درست نیست؟","answers":[{"id":"25404","description":"استرس سبب بیماری جسمی نیز می‌شود.","iscorrect":0},{"id":"25405","description":"استرس برخی مواقع مفید است.","iscorrect":0},{"id":"25406","description":"استرس در روزگار کنونی همانند گذشته است.","iscorrect":1}]},{"id":"6730","description":"کدامیک از روش‌های زیر قوی‌ترین راهکار برای کاهش استرس به صورت ذهنی است؟","answers":[{"id":"25407","description":"پرت کردن حواس","iscorrect":0},{"id":"25408","description":"بستن چشمان و تجسم فضای مطبوع","iscorrect":0},{"id":"25409","description":"متوقف کردن افکار استرس زا","iscorrect":1}]},{"id":"6731","description":"استرس در لحظات خطر سبب ترشح چه هورمونی در بدن می‌شود؟","answers":[{"id":"25410","description":"تستوسترون","iscorrect":0},{"id":"25411","description":"آدرنالین","iscorrect":1},{"id":"25412","description":"سروتونین","iscorrect":0}]},{"id":"6732","description":"کدامیک جزدردهای رایج ناشی از استرس نیستند؟","answers":[{"id":"25413","description":"سر درد","iscorrect":0},{"id":"25414","description":"کمر درد","iscorrect":0},{"id":"25415","description":"دندان درد","iscorrect":1}]},{"id":"6733","description":"کدام موضوع از روش های پرت کردن حواس در صف نیست؟","answers":[{"id":"25416","description":"صحبت کردن با دیگران","iscorrect":0},{"id":"25417","description":"فکر کردن به استرس لحظه‌ای","iscorrect":1},{"id":"25418","description":"توجه به بازی کودکان در صف","iscorrect":0}]},{"id":"6734","description":"در هنگام مواجه شدن با یک صف، بیان کدام جمله استرس شما را افزایش خواهد داد؟","answers":[{"id":"25419","description":"می‌توانم شبکه‌های اجتماعی موبایلم را چک کنم.","iscorrect":0},{"id":"25420","description":"باز هم صف، دیگر نمی‌توانم تحمل کنم.","iscorrect":1},{"id":"25421","description":"اکنون وقت آن است که درباره فلان موضوع فکر کنم.","iscorrect":0}]},{"id":"6735","description":"چگونه در لحظات دشوار استرس خود را کاهش دهیم؟","answers":[{"id":"25422","description":"با دلداری به خود","iscorrect":0},{"id":"25423","description":"با یادآوری همه‌گیر بودن مشکلات","iscorrect":0},{"id":"25424","description":"هر دو مورد","iscorrect":1}]},{"id":"6736","description":"کدام گزینه بیانگر توقعات غیرواقع بینانه است؟","answers":[{"id":"25425","description":"دوستان نزدیک ما باید ما را به جشن های خود دعوت کنند","iscorrect":0},{"id":"25426","description":"دوستان نزدیک ما شاید نتوانند ما را به جشن های خودت دعوت کنند","iscorrect":1},{"id":"25427","description":"دوستان نزدیک ما بسته به شرایط دوستان خود را به جشن هایشان دعوت می کنند","iscorrect":0}]},{"id":"6737","description":"بهترین پیشنهاد برای طبقه‌بندی کاغذها، استفاده از ‌....... سبد برای طبقه‌بندی است.","answers":[{"id":"25428","description":"سه","iscorrect":0},{"id":"25429","description":"چهار","iscorrect":1},{"id":"25430","description":"پنج","iscorrect":0}]},{"id":"6738","description":"یکی از بهترین راه‌های منظم شدن در هنگام خرید:","answers":[{"id":"25431","description":"خرید وسایلی که نیاز داریم.","iscorrect":1},{"id":"25432","description":"خرید وسایلی که به آنها در آینده نیاز پیدا می‌کنیم.","iscorrect":0},{"id":"25433","description":"خرید وسایل تخفیف خورده","iscorrect":0}]}]},{"score":"50","questions":[{"id":"6739","description":"کدامیک از گزاره‌های زیر در رابطه با مدیریت وقتصحیح است؟","answers":[{"id":"25434","description":"پیشرفت تکنولوژی سبب شده ما اوقات فراغت بیشتری داشته باشیم.","iscorrect":1},{"id":"25435","description":"اولویت‌های برنامه‌ریزی زمان را بهتراست به چهار بخش تقسیم کنیم.","iscorrect":0},{"id":"25436","description":"پختن یکباره غذا کمک چندانی به مدیریت وقت نمی‌کند.","iscorrect":0}]},{"id":"6740","description":"کدامیک از این گزاره‌ها در ارتباطبا برنامه‌ریزی زمان درست نیست؟","answers":[{"id":"25437","description":"همیشه باید صبح‌ها زودتر از خواب بیدار شویم.","iscorrect":1},{"id":"25438","description":"برخی مواقع باید کارهای بی‌اهمیت را حتما انجام دهیم.","iscorrect":0},{"id":"25439","description":"همه انسان‌ها وقت کافی برای پرداختن به علایق خود را در اختیار ندارند.","iscorrect":0}]},{"id":"6741","description":"خوردن موز به چه دلیل کاهنده استرس در بدن انسان است؟","answers":[{"id":"25440","description":"وجود قند","iscorrect":1},{"id":"25441","description":"وجود منیزیم","iscorrect":0},{"id":"25442","description":"وجود پتاسیم","iscorrect":0}]},{"id":"6742","description":"کدام ماده همانند ورزش کردن سبب ترشح اندروفین در بدن می‌شود؟","answers":[{"id":"25443","description":"تریاک","iscorrect":1},{"id":"25444","description":"مورفین","iscorrect":0},{"id":"25445","description":"هروئین","iscorrect":0}]},{"id":"6743","description":"کدام گزینه صحیح است؟","answers":[{"id":"25446","description":"نتیجه‌گیری لحظه‌ای در اغلب مواقع درست است.","iscorrect":1},{"id":"25447","description":"در برگه تحلیل استرس، خطای فکری آخرین موضوع برگه است.","iscorrect":0},{"id":"25448","description":"کنترل کردن توقعات غیرواقع بینانه می‌تواند به کاهش استرس کمک کند.","iscorrect":0}]},{"id":"6744","description":"در برگه تحلیل تفکر مولد استرس، کدام عنوان پس از عنوان موضوع استرس زا نوشته می‌شود؟","answers":[{"id":"25449","description":"گفت و گوی ذهنی","iscorrect":1},{"id":"25450","description":"واکنش به موضوع استرس‌زا","iscorrect":0},{"id":"25451","description":"میزان استرس","iscorrect":0}]},{"id":"6745","description":"در برگه تحلیل تفکر مولد استرس، کدام عنوان پس از عنوان موضوع استرس زا نوشته می‌شود؟","answers":[{"id":"25452","description":"گفت و گوی ذهنی","iscorrect":1},{"id":"25453","description":"واکنش به موضوع استرس‌زا","iscorrect":0},{"id":"25454","description":"میزان استرس","iscorrect":0}]},{"id":"6746","description":"نشستن طولانی مدت چگونه سبب ایجاد استرس می‌شود؟","answers":[{"id":"25455","description":"با خسته کردن ماهیچه‌ها تصمیم‌گیری را دشوار می‌کند.","iscorrect":1},{"id":"25456","description":"به آدم احساس حبس بودن را القا می‌کند.","iscorrect":0},{"id":"25457","description":"هر دو مورد","iscorrect":0}]},{"id":"6747","description":"در پشت چراغ قرمز چگونه استرس خود را کاهش دهیم؟","answers":[{"id":"25458","description":"با استفاده از تکنیک تنفس در خندق","iscorrect":1},{"id":"25459","description":"با فشار دادن دست‌ها به فرمان و بالا کشیدن شانه‌ها","iscorrect":0},{"id":"25460","description":"هر دو مورد","iscorrect":0}]},{"id":"6748","description":"کدام گزینه برای یک صبحانه مناسب نیست؟","answers":[{"id":"25461","description":"شیر پرچرب","iscorrect":1},{"id":"25462","description":"نان","iscorrect":0},{"id":"25463","description":"موز","iscorrect":0}]}]}]}]}