{"courseId":"72","contents":[{"name":"درس اول- SQL","id":"704","contentorder":"1","lesson_number":1,"type":0,"filename":"lesson704.html"},{"name":"SQL","id":"1205","contentorder":"2","type":1,"set":[{"score":"60","questions":[{"id":"5152","description":"کدام یک از گزینه‌های زیر در بین قوانین نام‌گذاری در یک پایگاه داده نیست؟","answers":[{"id":"19659","description":"داشتن فقط حروف، اعداد و زیرین خط (underscore)","iscorrect":0},{"id":"19660","description":"شباهت نداشتن با کلمات از پیش تعریف شده در زبان","iscorrect":0},{"id":"19661","description":"توجه به بزرگی یا کوچکی حروف","iscorrect":0},{"id":"19662","description":"محدود بودن به ١٠٢٤ کاراکتر","iscorrect":1}]},{"id":"5153","description":"بطور کلی انواع داده‌ها در SQL به سه قسمت ................، ................ و ................ تقسیم می‌شوند.","answers":[{"id":"19663","description":"عددی، حسابی، هندسی","iscorrect":0},{"id":"19664","description":"متن، اعداد و زمان","iscorrect":1},{"id":"19665","description":"عددی، زمانی، متنی","iscorrect":0},{"id":"19666","description":"حسابی، زمانی، متنی","iscorrect":0}]},{"id":"5154","description":"کدام ‌یک از گزینه‌های زیر یک «ارتباط دهنده» با پایگاه داده به شمار می‌روند؟","answers":[{"id":"19667","description":"PHP-MYSQL","iscorrect":0},{"id":"19668","description":"PHP-Java","iscorrect":0},{"id":"19669","description":"COMMAND PROMPT","iscorrect":0},{"id":"19670","description":"گزینه‌های الف و ج","iscorrect":1}]},{"id":"5155","description":"کدام‌ یک از گزینه‌های زیر یک تابع عددی نیست؟","answers":[{"id":"19671","description":"Format","iscorrect":0},{"id":"19672","description":"Round","iscorrect":0},{"id":"19673","description":"Rand","iscorrect":0},{"id":"19674","description":"Timing php","iscorrect":1}]},{"id":"5156","description":"برای مرتب‌ کردن داده‌ها در جدول از ............... استفاده می‌کنیم.","answers":[{"id":"19675","description":"Order by","iscorrect":1},{"id":"19676","description":"Sorting","iscorrect":0},{"id":"19677","description":"Sort the table","iscorrect":0},{"id":"19678","description":"PHP-Sorting data","iscorrect":0}]}]},{"score":"60","questions":[{"id":"5157","description":"سه گزینه از گزینه‌های زیر از توابع عددی به شمار می‌روند. گزینه‌ای که یک تابع نیست را مشخص کنید.","answers":[{"id":"19679","description":"Date","iscorrect":0},{"id":"19680","description":"Hour","iscorrect":0},{"id":"19681","description":"Rand","iscorrect":0},{"id":"19682","description":"Watch","iscorrect":1}]},{"id":"5158","description":"برای دستیابی به پایگاه داده نیاز به یک ارتباط دهنده داریم. دو نوع از این ارتباط دهنده‌ها عبارتند از:","answers":[{"id":"19683","description":"PHPMYSQL و COMMAND PROMPT","iscorrect":1},{"id":"19684","description":"PHPMYSQL و Java Script","iscorrect":0},{"id":"19685","description":"Java Script و COMMAND PROMPT","iscorrect":0},{"id":"19686","description":"PHPMYSQL و Data connection","iscorrect":0}]},{"id":"5159","description":"از کدام ‌یک از گزینه‌های زیر برای مرتب‌ کردن داده‌ها در جدول استفاده می‌شود؟","answers":[{"id":"19687","description":"Order by","iscorrect":1},{"id":"19688","description":"Sorting","iscorrect":0},{"id":"19689","description":"Sort the table","iscorrect":0},{"id":"19690","description":"PHP-Sorting data","iscorrect":0}]},{"id":"5160","description":"در یک جدول برای جستجو در میان ستون‌هایی که متن در اختیار دارند، می‌توان از علامت ٪ استفاده کرد. منظور از این علامت چیست؟","answers":[{"id":"19691","description":"این علامت مشخص کننده تنها یک حرف است. یعنی مشخصا یک حرف که هر چی می‌تواند باشد.","iscorrect":0},{"id":"19692","description":"این علامت مشخص کننده چندین حرف است.","iscorrect":1},{"id":"19693","description":"این علامت برای سریع‌تر کردن جستجو بکار می‌رود.","iscorrect":0},{"id":"19694","description":"این علامت برای مشخص کردن میزان جستجو در زمان فعلی که به صورت درصد بیان می‌شود به‌کار می‌رود.","iscorrect":0}]},{"id":"5161","description":"وظیفه تابع Date چیست؟","answers":[{"id":"19695","description":"این تابع، تاریخ داده را بر می‌گرداند.","iscorrect":1},{"id":"19696","description":"این تابع، ساعت داده را بر می‌گرداند.","iscorrect":0},{"id":"19697","description":"این تابع، دقیقه ثبت داده را بر می‌گرداند.","iscorrect":0},{"id":"19698","description":"این تابع، ثانیه ثبت داده را بر می‌گرداند.","iscorrect":0}]}]}]},{"name":"درس دوم- نرمال سازی و طراحی پایگاه داده‌ها","id":"705","contentorder":"3","lesson_number":2,"type":0,"filename":"lesson705.html"},{"name":"نرمال سازی و طراحی پایگاه داده‌ها","id":"1207","contentorder":"4","type":1,"set":[{"score":"60","questions":[{"id":"5162","description":"در «رابطه‌های بین جدول‌ها» کدام رابطه زیر صحیح نیستند؟","answers":[{"id":"19699","description":"یک به یک","iscorrect":0},{"id":"19700","description":"یک به همه","iscorrect":0},{"id":"19701","description":"همه به همه","iscorrect":0},{"id":"19702","description":"همه به یک","iscorrect":1}]},{"id":"5163","description":"از ............. و .............. می‌توان به عنوان پرکاربردترین جداول نام‌برد:","answers":[{"id":"19703","description":"MyISAM و INNODB","iscorrect":1},{"id":"19704","description":"IMDB و PHPMYAdmin","iscorrect":0},{"id":"19705","description":"Table resource و Table time","iscorrect":0},{"id":"19706","description":"Sql table و Java table","iscorrect":0}]},{"id":"5164","description":"کدام‌ یک از عبارات زیر نوع جدول را مشخص می‌کند؟ (به عبارت دیگر، با استفاده از کدام دستور در کدهای پی‌اچ‌پی می‌توان نوع جدول را مشخص کرد؟)","answers":[{"id":"19707","description":"Type of table","iscorrect":0},{"id":"19708","description":"ENGINE","iscorrect":1},{"id":"19709","description":"Type","iscorrect":0},{"id":"19710","description":"Order","iscorrect":0}]},{"id":"5165","description":"بهترین نوع کاراکتر که برای بیشتر زبان‌ها هم کاربرد دارد، کدام گزینه است؟","answers":[{"id":"19711","description":"UTF8","iscorrect":1},{"id":"19712","description":"UTF16","iscorrect":0},{"id":"19713","description":"UTF32","iscorrect":0},{"id":"19714","description":"UTF64","iscorrect":0}]},{"id":"5166","description":"این قانون، مربوط به کدام‌ یک از گزینه‌های زیر است؟ «هر ستون باید تنها یک مقدار داشته باشد، یعنی شما نباید ستونی به اسم \"نام\" داشته باشید که نام و نام خانوادگی در آن قرار گیرد. در اصل شما باید این ستون را با ساخت ستون دیگری به دو ستون \"نام\" و \"نام خانوادگی\" تبدیل کنید.»","answers":[{"id":"19715","description":"ارتباط پایگاه داده با سرور مجازی","iscorrect":0},{"id":"19716","description":"نرمال‌ سازی نوع اول","iscorrect":1},{"id":"19717","description":"ارتباط پایگاه داده با سرور اصلی روی خط","iscorrect":0},{"id":"19718","description":"نرمال‌ سازی نوع پنجم","iscorrect":0}]}]},{"score":"60","questions":[{"id":"5167","description":"به طور کلی در جداولی که دارای عملیات‌های مالی نیستند بهتر است که از نوع ................. استفاده شود.","answers":[{"id":"19719","description":"IMDB","iscorrect":0},{"id":"19720","description":"MyISAM","iscorrect":1},{"id":"19721","description":"INNODB","iscorrect":0},{"id":"19722","description":"PHP-Admin","iscorrect":0}]},{"id":"5168","description":"این قانون، مربوط به کدام یک از گزینه‌های زیر است؟ «یک جدول نمی‌تواند شامل گروه‌های تکراری از داده‌های مرتبط شود.»","answers":[{"id":"19723","description":"ارتباط پایگاه داده با سرور مجازی","iscorrect":0},{"id":"19724","description":"نرمال‌ سازی نوع اول","iscorrect":1},{"id":"19725","description":"ارتباط پایگاه داده با سرور اصلی روی خط","iscorrect":0},{"id":"19726","description":"نرمال‌ سازی نوع پنجم","iscorrect":0}]},{"id":"5169","description":"با استفاده از دستور ...................... در کدهای پی‌اچ‌پی می‌توان نوع جدول را مشخص کرد.","answers":[{"id":"19727","description":"Type of table","iscorrect":0},{"id":"19728","description":"ENGINE","iscorrect":1},{"id":"19729","description":"Type","iscorrect":0},{"id":"19730","description":"Order","iscorrect":0}]},{"id":"5170","description":"منظور از گزینه COLLATE چیست؟","answers":[{"id":"19731","description":"از این گزینه برای انتخاب نوع رمزگذاری یا Encoding استفاده می‌شود.","iscorrect":0},{"id":"19732","description":"از این گزینه برای ارتباط کاراکتر با کلید اصلی یا Primary key استفاده می‌شود.","iscorrect":0},{"id":"19733","description":"از این گزینه برای ارتباط کاراکتر با کلید خارجی یا Foreign Key استفاده می‌شود.","iscorrect":0},{"id":"19734","description":"در زمان ساخت پایگاه داده برای عملیات تطبیق استفاده می‌شود.","iscorrect":1}]},{"id":"5171","description":"بهترین نوع کاراکتر که برای بیشتر زبان‌ها هم کاربرد دارد، کدام گزینه است؟","answers":[{"id":"19735","description":"UTF8","iscorrect":1},{"id":"19736","description":"UTF16","iscorrect":0},{"id":"19737","description":"UTF32","iscorrect":0},{"id":"19738","description":"UTF64","iscorrect":0}]}]}]},{"name":"درس سوم- پیوند زدن (Join)","id":"706","contentorder":"5","lesson_number":3,"type":0,"filename":"lesson706.html"},{"name":"پیوند زدن (Join)","id":"1209","contentorder":"6","type":1,"set":[{"score":"60","questions":[{"id":"5172","description":"بطور کلی JOIN به دو دسته مهم تقسیم می‌شود که عبارتند از:","answers":[{"id":"19739","description":"INNER JOIN و OUTER JOIN","iscorrect":1},{"id":"19740","description":"Join inside و Join outside","iscorrect":0},{"id":"19741","description":"Join tables و Unjoin tables","iscorrect":0},{"id":"19742","description":"Joining و Unjoining","iscorrect":0}]},{"id":"5173","description":"یک راه برای خلاصه کردن نام جدول‌ها وجود دارد که به آن ................. می‌گویند.","answers":[{"id":"19743","description":"Summarizing","iscorrect":0},{"id":"19744","description":"Summarizing table","iscorrect":0},{"id":"19745","description":"Alias","iscorrect":1},{"id":"19746","description":"Order by","iscorrect":0}]},{"id":"5174","description":"کدام‌ یک از گزینه‌های زیر صحیح نیست؟","answers":[{"id":"19747","description":"پیوند خارجی بر عکس پیوند داخلی نه تنها موارد همخوانی را بر می‌گرداند بلکه تمام موارد دیگر را هم فهرست می‌کند.","iscorrect":0},{"id":"19748","description":"پیوند خارجی به دو نوع تقسیم می‌شود، LEFT OUTER JOIN, RIGHT OUTER JOIN.","iscorrect":1},{"id":"19749","description":"دستور کلی برای استفاده از پیوند یا Join با Select آغاز می‌شود.","iscorrect":0},{"id":"19750","description":"با استفاده از دستور INSERT INTO می‌توان داده‌هایی را در جدول‌ها قرار داد.","iscorrect":0}]},{"id":"5175","description":"مهمترین نکته در این پیوند این‌ است که کدام جدول به عنوان جدول چپ معرفی می‌شود.","answers":[{"id":"19751","description":"LEFT OUTER JOIN","iscorrect":1},{"id":"19752","description":"RIGHT OUTER JOIN","iscorrect":0},{"id":"19753","description":"FULL OUTER JOIN","iscorrect":0},{"id":"19754","description":"EMPTY OUTER JOIN","iscorrect":0}]},{"id":"5176","description":"دستور زیر چه عملیاتی انجام می‌دهد؟\n\n\nSELECT u.username, m.message_id\n\nFROM users AS u\n\nLEFT JOIN messages AS m\n\nUSING (user_id);","answers":[{"id":"19755","description":"این دستور یک جدول با یک ستون می‌سازد که در ستون راست نام کاربرها آورده شده و در ستون راست شماره پیام‌های ارسال شده با آن کاربر.","iscorrect":0},{"id":"19756","description":"این دستور یک جدول با دو ستون می‌سازد که در ستون چپ نام کاربرها آورده شده و در ستون راست شماره پیام‌های ارسال شده با آن کاربر.","iscorrect":1},{"id":"19757","description":"این دستور یک جدول با دو ستون می‌سازد که در ستون راست نام کاربرها آورده شده و در ستون راست شماره پیام‌های ارسال شده با آن کاربر.","iscorrect":0},{"id":"19758","description":"این دستور یک جدول با یک ستون می‌سازد که در ستون چپ نام کاربرها آورده شده و در ستون راست شماره پیام‌های ارسال شده با آن کاربر.","iscorrect":0}]}]},{"score":"60","questions":[{"id":"5177","description":"دستور کلی برای استفاده از پیوند یا Join با کدام یک از گزینه‌های زیر آغاز می‌شود؟","answers":[{"id":"19759","description":"Join","iscorrect":0},{"id":"19760","description":"Select","iscorrect":1},{"id":"19761","description":"OUTER","iscorrect":0},{"id":"19762","description":"Joining","iscorrect":0}]},{"id":"5178","description":"کدام‌ یک از گزینه‌های زیر مربوط به دسته‌های پیوند خارجی نیست؟","answers":[{"id":"19763","description":"LEFT OUTER JOIN","iscorrect":0},{"id":"19764","description":"RIGHT OUTER JOIN","iscorrect":0},{"id":"19765","description":"FULL OUTER JOIN","iscorrect":0},{"id":"19766","description":"EMPTY OUTER JOIN","iscorrect":1}]},{"id":"5179","description":"منظور از Alias چیست؟","answers":[{"id":"19767","description":"راهی‌ست برای ارتباط پایگاه داده با زبان برنامه‌نویسی سی‌شارپ","iscorrect":0},{"id":"19768","description":"راهی‌ست برای خلاصه کردن نام جدول‌ها","iscorrect":1},{"id":"19769","description":"راهی‌ست برای ارتباط پایگاه داده با سرور مجازی","iscorrect":0},{"id":"19770","description":"‌راهی‌ست برای ارتباط پایگاه داده با سرور روی خط (آنلاین)","iscorrect":0}]},{"id":"5180","description":"بطور کلی JOIN به دو دسته مهم تقسیم می‌شود که عبارتند از:","answers":[{"id":"19771","description":"INNER JOIN و OUTER JOIN","iscorrect":1},{"id":"19772","description":"Join inside و Join outside","iscorrect":0},{"id":"19773","description":"Join tables و Unjoin tables","iscorrect":0},{"id":"19774","description":"Joining و Unjoining","iscorrect":0}]},{"id":"5181","description":"مهمترین نکته در این پیوند این‌ است که کدام جدول به عنوان جدول چپ معرفی می‌شود.","answers":[{"id":"19775","description":"LEFT OUTER JOIN","iscorrect":1},{"id":"19776","description":"RIGHT OUTER JOIN","iscorrect":0},{"id":"19777","description":"FULL OUTER JOIN","iscorrect":0},{"id":"19778","description":"EMPTY OUTER JOIN","iscorrect":0}]}]}]},{"name":"درس چهارم- ایرادیابی","id":"707","contentorder":"7","lesson_number":4,"type":0,"filename":"lesson707.html"},{"name":"درس پنجم- صفحه بندی و مرتب سازی رکوردها","id":"708","contentorder":"8","lesson_number":5,"type":0,"filename":"lesson708.html"},{"name":"درس ششم- فرستادن رایانامه و استفاده از توابع زمان و تاریخ","id":"709","contentorder":"9","lesson_number":6,"type":0,"filename":"lesson709.html"},{"name":"فرستادن رایانامه و استفاده از توابع زمان و تاریخ","id":"1211","contentorder":"10","type":1,"set":[{"score":"66","questions":[{"id":"5182","description":"وظیفه تابع زیر چیست؟\n\n\nmail (to, subject, body, [header] ) ;\n\nmail (، بدنه، موضوع، به[سرایند]);","answers":[{"id":"19779","description":"وصل موضوع متن به بدنه متن در صفحه جاری","iscorrect":0},{"id":"19780","description":"فرستادن رایانامه","iscorrect":1},{"id":"19781","description":"جلوگیری از ورود هرزنامه (اسپم)","iscorrect":0},{"id":"19782","description":"پاکسازی هرزنامه‌های فرستاده شده","iscorrect":0}]},{"id":"5183","description":"وظیفه تابع زیر چیست؟\n\n\nif($_SERVER[‌'‌REQUEST_METHOD‌'‌] == ‌'‌POST‌'‌)","answers":[{"id":"19783","description":"در این تابع شرطی بررسی می‌شود که آیا فرم ارسال شده است یا نه.","iscorrect":1},{"id":"19784","description":"این تابع، یک رایانامه ارسال می‌کند.","iscorrect":0},{"id":"19785","description":"این تابع، از ورود هرزنامه‌ها جلوگیری می‌کند.","iscorrect":0},{"id":"19786","description":"این تابع، هرزنامه‌های فرستاده شده را پاک می‌کند.","iscorrect":0}]},{"id":"5184","description":"وظیفه تابع Trim چیست؟","answers":[{"id":"19787","description":"طول متن ارسالی را بررسی می‌کند.","iscorrect":0},{"id":"19788","description":"فاصله‌ها را از میان بر می‌دارد.","iscorrect":1},{"id":"19789","description":"طول متن دریافت شده از سرویس دهنده را بررسی می‌کند.","iscorrect":0},{"id":"19790","description":"بین دو واژه فاصله می‌گذارد.","iscorrect":0}]}]},{"score":"66","questions":[{"id":"5185","description":"وظیفه تابع Strlen چیست؟","answers":[{"id":"19791","description":"طول متن ارسالی را بررسی می‌کند.","iscorrect":1},{"id":"19792","description":"فاصله‌ها را از میان بر می‌دارد.","iscorrect":0},{"id":"19793","description":"طول متن دریافت شده از سرویس دهنده را بررسی می‌کند.","iscorrect":0},{"id":"19794","description":"بین دو واژه فاصله می‌گذارد.","iscorrect":0}]},{"id":"5186","description":"وظیفه تابع زیر چیست؟\n\n\n$body = wordwrap ($body, 70);","answers":[{"id":"19795","description":"پیام را ۷۰ بار ارسال می‌کند.","iscorrect":0},{"id":"19796","description":"واژه‌هایی که دارای ۷۰ کاراکتر هستند را پاک می‌کند.","iscorrect":0},{"id":"19797","description":"متن پیام را در سطرهای ۷۰ کاراکتری قرار می‌دهد.","iscorrect":1},{"id":"19798","description":"واژه‌هایی که دارای ۷۰ کاراکتر هستند را به صورت رایانامه ارسال می‌کند.","iscorrect":0}]},{"id":"5187","description":"وظیفه تابع زیر چیست؟\n\n\ndate_default_timezone(‌'‌Asia/Tehran‌'‌);","answers":[{"id":"19799","description":"این تابع زمان پیش فرض سیستم شما را به تهران تغییر می‌دهد.","iscorrect":1},{"id":"19800","description":"فرستادن رایانامه","iscorrect":0},{"id":"19801","description":"جلوگیری از ورود هرزنامه (اسپم)","iscorrect":0},{"id":"19802","description":"پاکسازی هرزنامه‌های فرستاده شده","iscorrect":0}]}]}]},{"name":"درس هفتم- کوکی‌ها (Cookie) و ورود به سیستم (Login)","id":"710","contentorder":"11","lesson_number":7,"type":0,"filename":"lesson710.html"},{"name":"کوکی‌ها (Cookie) و ورود به سیستم (Login)","id":"1213","contentorder":"12","type":1,"set":[{"score":"66","questions":[{"id":"5188","description":"کوکی چیست؟","answers":[{"id":"19803","description":"یک سخت‌ افزار برای بالا بردن سرعت سیستم","iscorrect":0},{"id":"19804","description":"یک نرم‌افزار برای نصب پی‌اچ‌پی","iscorrect":0},{"id":"19805","description":"کوکی ابزاری است که سیستم سرویس دهنده توسط زبان برنامه نویسی شده در آن٬ یکسری داده‌های مربوط به کاربران را در رایانه هر کاربر بصورت یک فایل ثبت می‌کند.","iscorrect":1},{"id":"19806","description":"یک پروتکل اچ‌تی‌تی‌پی","iscorrect":0}]},{"id":"5189","description":"تابع کوکی دو پارامتر اصلی دارد٬ یکی ............... و دیگری ................ .","answers":[{"id":"19807","description":"پروتکل و اچ‌تی‌تی‌پی‌اس","iscorrect":0},{"id":"19808","description":"نام کوکی و مقدار آن","iscorrect":1},{"id":"19809","description":"پروتکل کوکی و مقدار کوکی","iscorrect":0},{"id":"19810","description":"اچ‌تی‌تی‌پی‌اس و مقدار کوکی","iscorrect":0}]},{"id":"5190","description":"برای دادن زمان اعتباری به کوکی، از کدام ‌یک از توابع زیر استفاده می‌کنیم؟","answers":[{"id":"19811","description":"set","iscorrect":0},{"id":"19812","description":"validate","iscorrect":0},{"id":"19813","description":"time","iscorrect":1},{"id":"19814","description":"credit","iscorrect":0}]}]},{"score":"50","questions":[{"id":"5191","description":"وظیفه تابع زیر چیست؟","answers":[{"id":"19815","description":"وصل موضوع متن به بدنه متن در صفحه جاری","iscorrect":0},{"id":"19816","description":"این تابع در هر برگه‌ای که باشد٬ نام آن برگه را بر می‌گرداند.","iscorrect":1},{"id":"19817","description":"جلوگیری از ورود هرزنامه","iscorrect":0},{"id":"19818","description":"پاکسازی هرزنامه‌های فرستاده شده","iscorrect":0}]},{"id":"5192","description":"کدام یک از گزینه‌های زیر ابزاری است که سیستم سرویس دهنده توسط زبان برنامه نویسی شده در آن٬ یکسری داده‌های مربوط به کاربران را در رایانه هر کاربر بصورت یک فایل ثبت می‌کند؟","answers":[{"id":"19819","description":"پروتکل","iscorrect":0},{"id":"19820","description":"اچ‌تی‌تی‌پی‌اس","iscorrect":0},{"id":"19821","description":"کوکی","iscorrect":1},{"id":"19822","description":"هیچ‌ کدام","iscorrect":0}]},{"id":"5193","description":"تابع کوکی دو پارامتر اصلی دارد٬ یکی ............... و دیگری ................ .","answers":[{"id":"19823","description":"پروتکل و اچ‌تی‌تی‌پی‌اس","iscorrect":0},{"id":"19824","description":"نام کوکی و مقدار آن","iscorrect":1},{"id":"19825","description":"پروتکل کوکی و مقدار کوکی","iscorrect":0},{"id":"19826","description":"اچ‌تی‌تی‌پی‌اس و مقدار کوکی","iscorrect":0}]},{"id":"5194","description":"برای دادن زمان اعتباری به کوکی، از کدام ‌یک از توابع زیر استفاده می‌کنیم؟","answers":[{"id":"19827","description":"set","iscorrect":0},{"id":"19828","description":"validate","iscorrect":0},{"id":"19829","description":"time","iscorrect":1},{"id":"19830","description":"credit","iscorrect":0}]}]}]},{"name":"درس هشتم- سشن (Session) و سرایند اچ‌تی‌تی‌پی HTTP Header","id":"711","contentorder":"13","lesson_number":8,"type":0,"filename":"lesson711.html"},{"name":"سشن (Session) و سرایند اچ‌تی‌تی‌پی HTTP Header","id":"1215","contentorder":"14","type":1,"set":[{"score":"66","questions":[{"id":"5195","description":"منظور از سشن چیست؟","answers":[{"id":"19831","description":"یک سخت ‌افزار برای بالا بردن سرعت سیستم","iscorrect":0},{"id":"19832","description":"یک نرم ‌افزار برای نصب پی‌اچ‌پی","iscorrect":0},{"id":"19833","description":"سشن نوع دیگری از ابزار در بکار گرفتن داده‌های کاربر در همه برگه‌ها (در کل تارنما) به منظور ردیابی آنها است.","iscorrect":1},{"id":"19834","description":"یک پروتکل اچ‌تی‌تی‌پی","iscorrect":0}]},{"id":"5196","description":"کدام ‌یک از گزینه‌های زیر از دلایل استفاده از سشن‌ها نیست؟","answers":[{"id":"19835","description":"امنیت سشن‌ها به دلیل ثبت‌ آنها در سرور بالاتر است٬ زیرا سشن‌ها در مسیر کاربر و سرور در حال تردد نیستند و این احتمال دزدیده شدن آنها را کمتر می‌کند.","iscorrect":0},{"id":"19836","description":"سشن‌ها توانایی حمل داده‌های بیشتری را دارند.","iscorrect":0},{"id":"19837","description":"از آنجا که بعضی از کاربران ثبت کوکی‌ها در رایانه‌هایشان را مسدود می‌کنند٬ سشن‌ها بدون مشکل در این شرایط کار می‌کنند.","iscorrect":0},{"id":"19838","description":"سشن‌ها توانایی ذخیره‌سازی داده‌ها را ندارند.","iscorrect":1}]},{"id":"5197","description":"عبارت Content-Type در تابع زیر به چه معناست؟\n\n\nHeader (\"Content-Type: application / pdf \");","answers":[{"id":"19839","description":"یک شناساینده نوع داده به مرورگر","iscorrect":1},{"id":"19840","description":"یک نابود کننده کد","iscorrect":0},{"id":"19841","description":"یک آرایه","iscorrect":0},{"id":"19842","description":"یک کوکی","iscorrect":0}]}]},{"score":"66","questions":[{"id":"5198","description":"کدام‌ یک از گزینه‌های زیر صحیح نیست؟","answers":[{"id":"19843","description":"امنیت سشن‌ها به دلیل ثبت‌ آنها در سرور بالاتر است٬ زیرا سشن‌ها در مسیر کاربر و سرور در حال تردد نیستند و این احتمال دزدیده شدن آنها را کمتر می‌کند.","iscorrect":0},{"id":"19844","description":"سشن‌ها توانایی حمل داده‌های بیشتری را دارند.","iscorrect":0},{"id":"19845","description":"از آنجا که بعضی از کاربران ثبت کوکی‌ها در رایانه‌هایشان را مسدود می‌کنند٬ سشن‌ها بدون مشکل در این شرایط کار می‌کنند.","iscorrect":0},{"id":"19846","description":"سشن‌ها بدون استفاده از کوکی راهنما قابل استفاده نیستند.","iscorrect":1}]},{"id":"5199","description":"یکی از ابزارها در بکار گرفتن داده‌های کاربر در همه برگه‌ها (در کل تارنما) به منظور ردیابی آنها را .................. گویند.","answers":[{"id":"19847","description":"header","iscorrect":0},{"id":"19848","description":"HTTP","iscorrect":0},{"id":"19849","description":"Session","iscorrect":1},{"id":"19850","description":"CSS","iscorrect":0}]},{"id":"5200","description":"عبارت Content-Type در تابع زیر به چه معناست؟\n\n\nHeader (\"Content-Type: application / pdf \");","answers":[{"id":"19851","description":"یک شناساینده نوع داده به مرورگر","iscorrect":1},{"id":"19852","description":"یک نابود کننده کد","iscorrect":0},{"id":"19853","description":"یک آرایه","iscorrect":0},{"id":"19854","description":"یک کوکی","iscorrect":0}]}]}]},{"name":"درس نهم- ارسال فایل (عکس)","id":"712","contentorder":"15","lesson_number":9,"type":0,"filename":"lesson712.html"},{"name":"ارسال فایل (عکس)","id":"1217","contentorder":"16","type":1,"set":[{"score":"66","questions":[{"id":"5201","description":"قطعه کد زیر:\n\n\n<input type=\"file\" name=\"upload&rdquo; />","answers":[{"id":"19855","description":"کادر ارسال فایل است.","iscorrect":1},{"id":"19856","description":"کادر ارسال رایانامه است.","iscorrect":0},{"id":"19857","description":"کادر دریافت رایانامه است.","iscorrect":0},{"id":"19858","description":"کادر پاک کننده هرزنامه‌ها است.","iscorrect":0}]},{"id":"5202","description":"وظیفه تابع زیر چیست؟\n\n\n$chunks = explode(\".\", $name_old);","answers":[{"id":"19859","description":"این تابع مقادیر قبل از «.» را در آرایه explode ذخیره می‌کند.","iscorrect":0},{"id":"19860","description":"این تابع مقادیر بعد از «.» را در آرایه explode ذخیره می‌کند.","iscorrect":0},{"id":"19861","description":"این تابع رشته مورد نظر را به دو قسمت قبل از «.» و بعد از آن تبدیل کرده و در آرایه می‌گذارد.","iscorrect":1},{"id":"19862","description":"این تابع همه مقادیر قبل و بعد از «.» را در آرایه explode ذخیره می‌کند.","iscorrect":0}]},{"id":"5203","description":"وظیفه تابع شرطی زیر چیست؟\n\n\nif (!file_exists (\"uploads/$name_new\") && !is_file(\"uploads/$name_new\"))","answers":[{"id":"19863","description":"این شرطی بررسی می‌کند که آیا قبلا فایلی با این نام در پوشه upload ارسال شده یا نه.","iscorrect":1},{"id":"19864","description":"این شرطی بررسی می‌کند که آیا قبلا فایلی با این نام در پوشه name ارسال شده یا نه.","iscorrect":0},{"id":"19865","description":"این شرطی بررسی می‌کند که آیا قبلا فایلی با این نام در پوشه name_new ارسال شده یا نه.","iscorrect":0},{"id":"19866","description":"این شرطی بررسی می‌کند که آیا قبلن فایلی با این نام در پوشه uploads/$name_new ارسال شده یا نه.","iscorrect":0}]}]},{"score":"66","questions":[{"id":"5204","description":"صفت زیر به فرم،‌ قابلیت .................... را اضافه می‌کند.\n\n\nenctype=\"multipart/form-data\"","answers":[{"id":"19867","description":"ارسال فایل","iscorrect":0},{"id":"19868","description":"پذیرش فایل","iscorrect":1},{"id":"19869","description":"ارسال رایانامه","iscorrect":0},{"id":"19870","description":"پاک کردن هرزنامه","iscorrect":0}]},{"id":"5205","description":"قطعه کد زیر چه عملیاتی انجام می‌دهد؟\n\n\nif (file_exists ($_FILES[‌'‌upload‌'‌][‌'‌tmp_name‌'‌]) && is_file($_FILES[‌'‌upload‌'‌][‌'‌tmp_name‌'‌]) )\n\n{ unlink ($_FILES[‌'‌upload‌'‌][‌'‌tmp_name‌'‌]); }","answers":[{"id":"19871","description":"این شرطی بررسی می‌کند که اگر فایل در پوشه موقتی بود٬ آن را ارسال کند.","iscorrect":0},{"id":"19872","description":"این شرطی بررسی می‌کند که اگر فایل در پوشه موقتی بود٬ آن را پاک کند.","iscorrect":1},{"id":"19873","description":"این شرطی بررسی می‌کند که اگر فایل در پوشه موقتی بود٬ آن را به پوشه upload انتقال دهد.","iscorrect":0},{"id":"19874","description":"این شرطی بررسی می‌کند که اگر فایل در پوشه موقتی بود٬ آن را به پوشه unlink انتقال دهد.","iscorrect":0}]},{"id":"5206","description":"وظیفه تابع شرطی زیر چیست؟\n\n\nif (!file_exists (\"uploads/$name_new\") && !is_file(\"uploads/$name_new\"))","answers":[{"id":"19875","description":"این شرطی بررسی می‌کند که آیا قبلا فایلی با این نام در پوشه upload ارسال شده یا نه.","iscorrect":1},{"id":"19876","description":"این شرطی بررسی می‌کند که آیا قبلا فایلی با این نام در پوشه name ارسال شده یا نه.","iscorrect":0},{"id":"19877","description":"این شرطی بررسی می‌کند که آیا قبلا فایلی با این نام در پوشه name_new ارسال شده یا نه.","iscorrect":0},{"id":"19878","description":"این شرطی بررسی می‌کند که آیا قبلن فایلی با این نام در پوشه uploads/$name_new ارسال شده یا نه.","iscorrect":0}]}]}]},{"name":"درس دهم- نمایش فایل و استفاده از جاوا اسکریپت","id":"713","contentorder":"17","lesson_number":10,"type":0,"filename":"lesson713.html"},{"name":"نمایش فایل و استفاده از جاوا اسکریپت","id":"1219","contentorder":"18","type":1,"set":[{"score":"66","questions":[{"id":"5207","description":"وظیفه تابع شرطی زیر چیست؟\n\nif(isset($_SESSION[‌'‌first_name‌'‌]))\n\n{ $name = $_SESSION[‌'‌first_name‌'‌];\n\n $page_title = ‌'‌ نمایه ‌'‌ . $name;\n\n}else{\n\n$page_title = ‌'‌ نمایه ‌'‌ ;\n\n}","answers":[{"id":"19879","description":"در این شرطی بررسی می‌شود که اگر عبارت «نمایه» در پوشه سشن بود، آن را چاپ کند.","iscorrect":0},{"id":"19880","description":"در این شرطی بررسی می‌شود که در صورت وجود نام کاربر از آن استفاده شود٬ در غیر اینصورت فقط عبارت «نمایه» آورده شود.","iscorrect":1},{"id":"19881","description":"در این شرطی بررسی می‌شود که اگر عبارت «نمایه» در پوشه سشن بود، آن را ارسال کند.","iscorrect":0},{"id":"19882","description":"در این شرطی بررسی می‌شود که اگر عبارت «نمایه» در پوشه Page_title بود، آن را چاپ کند.","iscorrect":0}]},{"id":"5208","description":"کد زیر:\n\n\nif($row[‌'‌image‌'‌]){\n\n echo ‌'‌<img src=\"uploads/‌'‌. $row[‌'‌image‌'‌] . ‌'‌\" width=\"180\" height=\"180\"/>‌'‌;\n\n}","answers":[{"id":"19883","description":"یک کد اتصال به سرور مجازی‌ است.","iscorrect":0},{"id":"19884","description":"یک کد درج جدول با عرض و طول ۱۸۰ پیکسل است.","iscorrect":0},{"id":"19885","description":"یک کد نمایش عکس است.","iscorrect":1},{"id":"19886","description":"یک کد ارسال رایانامه است.","iscorrect":0}]},{"id":"5209","description":"وظیفه تابع scandir در قطعه کد زیر چیست؟\n\n\n$files = scandir($dir)","answers":[{"id":"19887","description":"تمام فایل‌ها را در یک آرایه قرار می‌دهد.","iscorrect":1},{"id":"19888","description":"فایل‌ها را در پوشه‌های مجزا ذخیره می‌کند.","iscorrect":0},{"id":"19889","description":"فایل‌ها را مرتب‌سازی می‌کند.","iscorrect":0},{"id":"19890","description":"فایل‌ها را ارسال می‌کند.","iscorrect":0}]}]},{"score":"66","questions":[{"id":"5210","description":"وظیفه دستور foreach در قطعه کد زیر چیست؟\n\n\nforeach ($files as $image) {\n\nif (substr($image, 0, 1) != ‌'‌.‌'‌) {","answers":[{"id":"19891","description":"با این دستور می‌توان هر کدام از موارد آرایه را جدا بررسی کرد.","iscorrect":1},{"id":"19892","description":"فایل‌ها را در پوشه‌های مجزا ذخیره می‌کند.","iscorrect":0},{"id":"19893","description":"فایل‌ها را مرتب‌سازی می‌کند.","iscorrect":0},{"id":"19894","description":"فایل‌ها را ارسال می‌کند.","iscorrect":0}]},{"id":"5211","description":"قطعه کد زیر چیست؟\n\n\nif($row[‌'‌image‌'‌]){\n\n echo ‌'‌<img src=\"uploads/‌'‌. $row[‌'‌image‌'‌] . ‌'‌\" width=\"180\" height=\"180\"/>‌'‌;\n\n}","answers":[{"id":"19895","description":"یک کد اتصال به سرور مجازی‌ است.","iscorrect":0},{"id":"19896","description":"یک کد درج جدول با عرض و طول ۱۸۰ پیکسل است.","iscorrect":0},{"id":"19897","description":"یک کد نمایش عکس است.","iscorrect":1},{"id":"19898","description":"یک کد ارسال رایانامه است.","iscorrect":0}]},{"id":"5212","description":"وظیفه تابع شرطی زیر چیست؟\n\n\nif (!file_exists (\"uploads/$name_new\") && !is_file(\"uploads/$name_new\"))","answers":[{"id":"19899","description":"این شرطی بررسی می‌کند که آیا قبلا فایلی با این نام در پوشه upload ارسال شده یا نه.","iscorrect":1},{"id":"19900","description":"این شرطی بررسی می‌کند که آیا قبلا فایلی با این نام در پوشه name ارسال شده یا نه.","iscorrect":0},{"id":"19901","description":"این شرطی بررسی می‌کند که آیا قبلا فایلی با این نام در پوشه name_new ارسال شده یا نه.","iscorrect":0},{"id":"19902","description":"این شرطی بررسی می‌کند که آیا قبلا فایلی با این نام در پوشه uploads/$name_new ارسال شده یا نه.","iscorrect":0}]}]}]},{"name":"درس یازدهم- امنیت تارنما از نگاه پی‌اچ‌پی","id":"714","contentorder":"19","lesson_number":11,"type":0,"filename":"lesson714.html"},{"name":"امنیت تارنما از نگاه پی‌اچ‌پی","id":"1221","contentorder":"20","type":1,"set":[{"score":"50","questions":[{"id":"5213","description":"این تابع مشخصات کاملی از پی‌اچ‌پی نصب شده در سرور را به ما می‌دهد که در زمان توسعه بسیار مفید است٬ اما بعد از کامل کردن سیستم باید از کار بیافتد.","answers":[{"id":"19903","description":"clear","iscorrect":0},{"id":"19904","description":"phpinfo","iscorrect":1},{"id":"19905","description":"secure","iscorrect":0},{"id":"19906","description":"codex","iscorrect":0}]},{"id":"5214","description":"در یک تارنما، ممکن است هکرها با وارد کردن کد‌هایی به سیستم شما دسترسی پیدا کنند. به این نوع حمله ..................... می‌گویند.","answers":[{"id":"19907","description":"Attack by Entering Codes","iscorrect":0},{"id":"19908","description":"Attacking SQL","iscorrect":0},{"id":"19909","description":"SQL INJECTION","iscorrect":1},{"id":"19910","description":"SQL Hack","iscorrect":0}]},{"id":"5215","description":"کدام‌ یک از توابع زیر برای جلوگیری از گرفتن هرزنامه در رایانامه سیستم کاربرد دارد؟","answers":[{"id":"19911","description":"SFR","iscorrect":0},{"id":"19912","description":"SJRM","iscorrect":0},{"id":"19913","description":"SHM","iscorrect":0},{"id":"19914","description":"STR_Replace","iscorrect":1}]},{"id":"5216","description":"کدام ‌یک از توابع زیر برای بررسی رشته بودن داده استفاده می‌شود؟","answers":[{"id":"19915","description":"Is_string","iscorrect":1},{"id":"19916","description":"Is_null","iscorrect":0},{"id":"19917","description":"Is_integer","iscorrect":0},{"id":"19918","description":"Is_numeric","iscorrect":0}]}]},{"score":"50","questions":[{"id":"5217","description":"کدام‌ یک از توابع زیر برای بررسی عدد صحیح بودن داده استفاده می‌شود؟","answers":[{"id":"19919","description":"Is_string","iscorrect":0},{"id":"19920","description":"Is_null","iscorrect":0},{"id":"19921","description":"Is_integer","iscorrect":1},{"id":"19922","description":"Is_numeric","iscorrect":0}]},{"id":"5218","description":"کدام‌ یک از توابع زیر مشخصات کاملی از پی‌اچ‌پی نصب شده در سرور را به ما می‌دهد که در زمان توسعه بسیار مفید است٬ اما بعد از کامل کردن سیستم باید از کار بیافتد؟","answers":[{"id":"19923","description":"clear","iscorrect":0},{"id":"19924","description":"phpinfo","iscorrect":1},{"id":"19925","description":"secure","iscorrect":0},{"id":"19926","description":"codex","iscorrect":0}]},{"id":"5219","description":"کدام‌ یک از گزینه‌های زیر به حمله «نفوذ به پایگاه» مشهور است؟","answers":[{"id":"19927","description":"Attack by Entering Codes","iscorrect":0},{"id":"19928","description":"Attacking SQL","iscorrect":0},{"id":"19929","description":"SQL INJECTION","iscorrect":1},{"id":"19930","description":"SQL Hack","iscorrect":0}]},{"id":"5220","description":"تابع زیر تمام ورودی‌ها را بطور یکجا از تابع می‌گذارند.","answers":[{"id":"19931","description":"array_map","iscorrect":1},{"id":"19932","description":"shd","iscorrect":0},{"id":"19933","description":"Rtf","iscorrect":0},{"id":"19934","description":"array_rtf","iscorrect":0}]}]}]},{"name":"درس دوازدهم- موارد بیشتری از امنیت تارنما","id":"715","contentorder":"21","lesson_number":12,"type":0,"filename":"lesson715.html"},{"name":"موارد بیشتری از امنیت تارنما","id":"1223","contentorder":"22","type":1,"set":[{"score":"60","questions":[{"id":"5221","description":"قطعه کد زیر:\n\n\n$fileinfo = finfo_open(FILEINF_MIME_TYPE);","answers":[{"id":"19935","description":"یک چاپگر است.","iscorrect":0},{"id":"19936","description":"یک ارجاع‌دهنده برای فایل است.","iscorrect":1},{"id":"19937","description":"یک ارسال کننده رایانامه است.","iscorrect":0},{"id":"19938","description":"یک محافظ برای جلوگیری از هرزنامه است.","iscorrect":0}]},{"id":"5223","description":"این تابع کاراکترهایی ویژه‌ای را که در داخل اسکریپت‌ها استفاده می‌شوند را با عناصر اچ‌تی‌ام‌ال غیر قابل اجرا عوض می‌کند.","answers":[{"id":"19943","description":"clear","iscorrect":0},{"id":"19944","description":"htmlspecialchars","iscorrect":1},{"id":"19945","description":"script_html","iscorrect":0},{"id":"19946","description":"srt_html","iscorrect":0}]},{"id":"5224","description":"فیلتر کردن ورودی‌ها توسط تابع ................ انجام می‌شود.","answers":[{"id":"19947","description":"filter_var","iscorrect":1},{"id":"19948","description":"filter_xss","iscorrect":0},{"id":"19949","description":"filter_rss","iscorrect":0},{"id":"19950","description":"filter_xrr","iscorrect":0}]},{"id":"5225","description":"کدام ‌یک از گزینه‌های زیر یک فیلتر پاک کننده است؟","answers":[{"id":"19951","description":"Coding Filter","iscorrect":0},{"id":"19952","description":"Deleting Filter","iscorrect":0},{"id":"19953","description":"Clearing Filter","iscorrect":0},{"id":"19954","description":"FILTER_SANITIZE_STRING","iscorrect":1}]},{"id":"5226","description":"فیلتر زیر:\n\n\nfilter_var ( $url , FILTER_SANITIZE_URL);","answers":[{"id":"19955","description":"ورودی را نسبت به فیلتر URL بررسی می‌کند و اگر کاراکتری که نباید در آدرس بیاید٬ بیابد٬ آن را پاک می‌کند.","iscorrect":1},{"id":"19956","description":"فایل‌های خروجی را نسبت به فیلتر stt بررسی می‌کند و اگر کاراکتری که نباید در آدرس بیاید٬ بیابد٬ آن را پاک می‌کند.","iscorrect":0},{"id":"19957","description":"فایل‌های خروجی را نسبت به فیلتر xss بررسی می‌کند و اگر کاراکتری که نباید در آدرس بیاید٬ بیابد٬ آن را پاک می‌کند.","iscorrect":0},{"id":"19958","description":"فایل‌های خروجی را نسبت به فیلتر rtm بررسی می‌کند و اگر کاراکتری که نباید در آدرس بیاید٬ بیابد٬ آن را پاک می‌کند.","iscorrect":0}]}]},{"score":"60","questions":[{"id":"5227","description":"این حمله زمانی اتفاق می‌افتد که کاربر تارنما بجای نوشتن مشخصات درست خود در فرم ثبت نام٬ اقدام به گذاشتن کد‌های اچ‌تی‌ام‌ال یا از آن بدتر کدهای جاوا اسکریپت کند.","answers":[{"id":"19960","description":"حمله XLS","iscorrect":0},{"id":"19959","description":"حمله XXL","iscorrect":0},{"id":"19961","description":"حمله XSS","iscorrect":1},{"id":"19962","description":"حمله SSX","iscorrect":0}]},{"id":"5228","description":"این تابع تمام برچسب‌های اچ‌تی‌ام‌ال و پی‌اچ‌پی را پاک می‌کند.","answers":[{"id":"19963","description":"clear","iscorrect":0},{"id":"19964","description":"strip_tags","iscorrect":1},{"id":"19965","description":"script_html","iscorrect":0},{"id":"19966","description":"srt_html","iscorrect":0}]},{"id":"5229","description":"تابع زیر:\n\n\nmysqli_stmt_close($statement)","answers":[{"id":"19967","description":"برای بستن ارجاع دهنده یا منبع ساخته شده و دارنده داده‌ها استفاده می‌شود.","iscorrect":1},{"id":"19968","description":"برای بستن ارجاع دهنده یا منبع ساخته شده و دارنده داده‌ها استفاده می‌شود.","iscorrect":0},{"id":"19969","description":"برای ارسال رایانامه استفاده می‌شود.","iscorrect":0},{"id":"19970","description":"برای پاک‌کردن هرزنامه استفاده می‌شود.","iscorrect":0}]},{"id":"5230","description":"کدام ‌یک از گزینه‌های زیر یک فیلتر پاک کننده است؟","answers":[{"id":"19971","description":"Coding Filter","iscorrect":0},{"id":"19972","description":"Deleting Filter","iscorrect":0},{"id":"19973","description":"Clearing Filter","iscorrect":0},{"id":"19974","description":"FILTER_SANITIZE_STRING","iscorrect":1}]},{"id":"5231","description":"فیلتر زیر:\n\n\nfilter_var ( $url , FILTER_SANITIZE_URL);","answers":[{"id":"19975","description":"ورودی را نسبت به فیلتر URL بررسی می‌کند و اگر کاراکتری که نباید در آدرس بیاید٬ بیابد٬ آن را پاک می‌کند.","iscorrect":1},{"id":"19976","description":"فایل‌های خروجی را نسبت به فیلتر stt بررسی می‌کند و اگر کاراکتری که نباید در آدرس بیاید٬ بیابد٬ آن را پاک می‌کند.","iscorrect":0},{"id":"19977","description":"فایل‌های خروجی را نسبت به فیلتر xss بررسی می‌کند و اگر کاراکتری که نباید در آدرس بیاید٬ بیابد٬ آن را پاک می‌کند.","iscorrect":0},{"id":"19978","description":"فایل‌های خروجی را نسبت به فیلتر rtm بررسی می‌کند و اگر کاراکتری که نباید در آدرس بیاید٬ بیابد٬ آن را پاک می‌کند.","iscorrect":0}]}]}]},{"name":"درس سیزدهم- عبارات منظم Regular Expression","id":"716","contentorder":"23","lesson_number":13,"type":0,"filename":"lesson716.html"},{"name":"عبارات منظم Regular Expression","id":"1225","contentorder":"24","type":1,"set":[{"score":"60","questions":[{"id":"5232","description":"کدام ‌یک از گزینه‌های زیر از قسمت‌های تشکیل دهنده الگو در عبارات منظم نیست؟","answers":[{"id":"19979","description":"نشانه یا آغاز و پایان الگو (Delimiter)","iscorrect":0},{"id":"19980","description":"لفظ‌ها Literal","iscorrect":0},{"id":"19981","description":"رابط‌ها Interface","iscorrect":1},{"id":"19982","description":"کاراکترهای ویژه Metacharacter","iscorrect":0}]},{"id":"5233","description":"کدام گزینه عبارتی‌ست که ما به عنوان الگو می‌سازیم و می‌خواهیم آن را در متن‌ها جستجو کنیم؟ (راهنمایی: به آن‌ها عبارات منظم هم می‌گویند.)","answers":[{"id":"19983","description":"Search Expression","iscorrect":1},{"id":"19984","description":"Exploring","iscorrect":0},{"id":"19985","description":"Clear Searching","iscorrect":0},{"id":"19986","description":"Codex","iscorrect":0}]},{"id":"5234","description":"اگر بخواهیم از یکی از کاراکترهای ویژه‌ به عنوان لفظی استفاده کنیم٬ باید آن را شامل .................. کنیم. این کار را با گذاشتن یک “” قبل از کاراکتر انجام می‌دهیم.","answers":[{"id":"19987","description":"عبارات لفظی","iscorrect":0},{"id":"19988","description":"کاراکترهای ویژه","iscorrect":0},{"id":"19989","description":"عبارت‌های جستجو","iscorrect":0},{"id":"19990","description":"دنباله فرار","iscorrect":1}]},{"id":"5235","description":"این کاراکترها که در آخر الگو و بعد از نشانگر پایان الگو استفاده می‌شوند٬ برای اصلاح و یا ساده‌تر کردن الگو بکار می‌روند.","answers":[{"id":"19991","description":"Modifiers","iscorrect":1},{"id":"19992","description":"Exploring","iscorrect":0},{"id":"19993","description":"Clear Searching","iscorrect":0},{"id":"19994","description":"Codex","iscorrect":0}]},{"id":"5236","description":"این تابع یک رشته را با استفاده از یک الگوی عبارت منظم تکه تکه می‌کند و حاصل را به صورت یک آرایه بازگشت می‌دهد.","answers":[{"id":"19995","description":"Merging","iscorrect":0},{"id":"19996","description":"Sorting","iscorrect":0},{"id":"19997","description":"Preg_split","iscorrect":1},{"id":"19998","description":"Split","iscorrect":0}]}]},{"score":"60","questions":[{"id":"5237","description":"................... در اصل همان حروف یا کاراکترهایی هستند که ما در داخل متن دنبال آنها هستیم.","answers":[{"id":"19999","description":"نشانه (Delimiter)","iscorrect":0},{"id":"20000","description":"لفظ‌ها Literal","iscorrect":1},{"id":"20001","description":"رابط‌ها Interface","iscorrect":0},{"id":"20002","description":"کاراکترهای ویژه Metacharacter","iscorrect":0}]},{"id":"5238","description":"کدام یک از کاراکترهای زیر برای اصلاح و یا ساده‌تر کردن الگو بکار می‌روند؟","answers":[{"id":"20003","description":"Modifiers","iscorrect":1},{"id":"20004","description":"Exploring","iscorrect":0},{"id":"20005","description":"Clear Searching","iscorrect":0},{"id":"20006","description":"Codex","iscorrect":0}]},{"id":"5239","description":"............................ یک تکنیک است که توسط آن می‌شود یک متن را بر اساس الگوی دلخواه بررسی کرد. با این تکنیک ابتدا یک الگو تعریف می‌کنیم و بعد داده‌ها را بر اساس آن الگو ارزیابی می‌کنیم.","answers":[{"id":"20007","description":"هرس ‌کاری","iscorrect":0},{"id":"20008","description":"عبارات منظم","iscorrect":1},{"id":"20009","description":"مرتب‌ سازی","iscorrect":0},{"id":"20010","description":"کد پژوهی","iscorrect":0}]},{"id":"5240","description":"این تابع یک رشته را با استفاده از یک الگوی عبارت منظم تکه تکه می‌کند و حاصل را به صورت یک آرایه بازگشت می‌دهد.","answers":[{"id":"20011","description":"Merging","iscorrect":0},{"id":"20012","description":"Sorting","iscorrect":0},{"id":"20013","description":"Preg_split","iscorrect":1},{"id":"20014","description":"Split","iscorrect":0}]},{"id":"5241","description":"این تابع الگوی عبارت منظم را در تمام عناصر یک آرایه جستجو کرده و موارد یافت شده را به صورت یک آرایه بازگشت می‌دهد.","answers":[{"id":"20015","description":"Merging","iscorrect":0},{"id":"20016","description":"Sorting","iscorrect":0},{"id":"20017","description":"Preg_grep","iscorrect":1},{"id":"20018","description":"Split","iscorrect":0}]}]}]},{"name":"آزمون نهایی پی‌اچ‌پی متوسطه","id":"1227","contentorder":"25","type":1,"set":[{"score":"50","questions":[{"id":"5242","description":"کدام ‌یک از گزینه‌های زیر یک «ارتباط دهنده» با پایگاه داده به شمار می‌روند؟","answers":[{"id":"20019","description":"PHPMYSQL","iscorrect":0},{"id":"20020","description":"PHP-Java","iscorrect":0},{"id":"20021","description":"COMMAND PROMPT","iscorrect":0},{"id":"20022","description":"گزینه‌های الف و ج","iscorrect":1}]},{"id":"5243","description":"بهترین نوع کاراکتر که برای بیشتر زبان‌ها هم کاربرد دارد، کدام گزینه است؟","answers":[{"id":"20023","description":"UTF8","iscorrect":1},{"id":"20024","description":"UTF16","iscorrect":0},{"id":"20025","description":"UTF32","iscorrect":0},{"id":"20026","description":"UTF64","iscorrect":0}]},{"id":"5244","description":"بطور کلی JOIN به دو دسته مهم تقسیم می‌شود که عبارتند از:","answers":[{"id":"20027","description":"INNER JOIN و OUTER JOIN","iscorrect":1},{"id":"20028","description":"Join Inside و Join Outside","iscorrect":0},{"id":"20029","description":"Join Tables و Unjoin Tables","iscorrect":0},{"id":"20030","description":"Joining و Unjoining","iscorrect":0}]},{"id":"5245","description":"کدام‌ یک از گزینه‌های زیر صحیح نیست؟","answers":[{"id":"20031","description":"امنیت سشن‌ها به دلیل ثبت‌ آنها در سرور بالاتر است٬ زیرا سشن‌ها در مسیر کاربر و سرور در حال تردد نیستند و این احتمال دزدیده شدن آنها را کمتر می‌کند.","iscorrect":0},{"id":"20032","description":"سشن‌ها توانایی حمل داده‌های بیشتری را دارند.","iscorrect":0},{"id":"20033","description":"از آنجا که بعضی از کاربران ثبت کوکی‌ها در رایانه‌هایشان را مسدود می‌کنند٬ سشن‌ها بدون مشکل در این شرایط کار می‌کنند.","iscorrect":0},{"id":"20034","description":"سشن‌ها بدون استفاده از کوکی راهنما قابل استفاده نیستند.","iscorrect":1}]},{"id":"5246","description":"این تابع مشخصات کاملی از پی‌اچ‌پی نصب شده در سرور را به ما می‌دهد که در زمان توسعه بسیار مفید است٬ اما بعد از کامل کردن سیستم باید از کار بیافتد.","answers":[{"id":"20035","description":"Clear","iscorrect":0},{"id":"20036","description":"phpinfo","iscorrect":1},{"id":"20037","description":"Secure","iscorrect":0},{"id":"20038","description":"Codex","iscorrect":0}]},{"id":"5247","description":"کدام ‌یک از توابع زیر برای بررسی رشته بودن داده استفاده می‌شود؟","answers":[{"id":"20039","description":"Is_string","iscorrect":1},{"id":"20040","description":"Is_null","iscorrect":0},{"id":"20041","description":"Is_integer","iscorrect":0},{"id":"20042","description":"Is_numeric","iscorrect":0}]},{"id":"5248","description":"اگر بخواهیم از یکی از کاراکترهای ویژه‌ به عنوان لفظی استفاده کنیم٬ باید آن را شامل .................. کنیم. این کار را با گذاشتن یک “” قبل از کاراکتر انجام می‌دهیم.","answers":[{"id":"20043","description":"عبارات لفظی","iscorrect":0},{"id":"20044","description":"کاراکترهای ویژه","iscorrect":0},{"id":"20045","description":"عبارت‌های جستجو","iscorrect":0},{"id":"20046","description":"دنباله فرار","iscorrect":1}]},{"id":"5249","description":"کدام یک از کاراکترهای زیر برای اصلاح و یا ساده‌تر کردن الگو بکار می‌روند؟","answers":[{"id":"20047","description":"Modifiers","iscorrect":1},{"id":"20048","description":"Exploring","iscorrect":0},{"id":"20049","description":"Clear Searching","iscorrect":0},{"id":"20050","description":"Codex","iscorrect":0}]},{"id":"5250","description":"منظور از گزینه COLLATE چیست؟","answers":[{"id":"20051","description":"از این گزینه برای انتخاب نوع رمزگذاری یا Encoding استفاده می‌شود.","iscorrect":0},{"id":"20052","description":"از این گزینه برای ارتباط کاراکتر با کلید اصلی یا Primary key استفاده می‌شود.","iscorrect":0},{"id":"20053","description":"از این گزینه برای ارتباط کاراکتر با کلید خارجی یا Forgien Key استفاده می‌شود.","iscorrect":0},{"id":"20054","description":"در زمان ساخت پایگاه داده برای عملیات تطبیق استفاده می‌شود.","iscorrect":1}]},{"id":"5251","description":"مهمترین نکته در این پیوند این‌ است که کدام جدول به عنوان جدول چپ معرفی می‌شود.","answers":[{"id":"20055","description":"LEFT OUTER JOIN","iscorrect":1},{"id":"20056","description":"RIGHT OUTER JOIN","iscorrect":0},{"id":"20057","description":"FULL OUTER JOIN","iscorrect":0},{"id":"20058","description":"EMPTY OUTER JOIN","iscorrect":0}]}]},{"score":"50","questions":[{"id":"5252","description":"در «رابطه‌های بین جدول‌ها» کدام رابطه زیر صحیح نیست؟","answers":[{"id":"20059","description":"یک به یک","iscorrect":0},{"id":"20060","description":"یک به همه","iscorrect":0},{"id":"20061","description":"همه به همه","iscorrect":0},{"id":"20062","description":"همه به یک","iscorrect":1}]},{"id":"5253","description":"کدام ‌یک از گزینه‌های زیر، از خطاهای مرسوم پی‌اچ‌پی به شمار نمی‌روند؟","answers":[{"id":"20063","description":"Syntactical","iscorrect":0},{"id":"20064","description":"Run-time","iscorrect":0},{"id":"20065","description":"Logical","iscorrect":0},{"id":"20066","description":"php-Error","iscorrect":1}]},{"id":"5254","description":"کوکی چیست؟","answers":[{"id":"20067","description":"یک سخت ‌افزار برای بالا بردن سرعت سیستم","iscorrect":0},{"id":"20068","description":"یک نرم ‌افزار برای نصب پی‌اچ‌پی","iscorrect":0},{"id":"20069","description":"کوکی ابزاری است که سیستم سرویس دهنده توسط زبان برنامه نویسی شده در آن٬ یکسری داده‌های مربوط به کاربران را در رایانه هر کاربر بصورت یک فایل ثبت می‌کند.","iscorrect":1},{"id":"20070","description":"یک پروتکل اچ‌تی‌تی‌پی","iscorrect":0}]},{"id":"5255","description":"قطعه کد زیر:\n\n\n<input type=\"file\" name=\"upload&rdquo; />","answers":[{"id":"20071","description":"کادر ارسال فایل است.","iscorrect":1},{"id":"20072","description":"کادر ارسال رایانامه است.","iscorrect":0},{"id":"20073","description":"کادر دریافت رایانامه است.","iscorrect":0},{"id":"20074","description":"کادر پاک کننده هرزنامه‌ها است.","iscorrect":0}]},{"id":"5256","description":"در یک تارنما، ممکن است هکرها با وارد کردن کد‌هایی به سیستم شما دسترسی پیدا کنند. به این نوع حمله ..................... می‌گویند.","answers":[{"id":"20075","description":"Attack by Entering Codes","iscorrect":0},{"id":"20076","description":"Attacking SQL","iscorrect":0},{"id":"20077","description":"SQL INJECTION","iscorrect":1},{"id":"20078","description":"SQL Hack","iscorrect":0}]},{"id":"5257","description":"کدام‌ یک از گزینه‌های زیر از قسمت‌های تشکیل دهنده الگو در عبارات منظم نیست؟","answers":[{"id":"20079","description":"نشانه یا آغاز و پایان الگو (Delimiter)","iscorrect":0},{"id":"20080","description":"لفظ‌ها Literal","iscorrect":0},{"id":"20081","description":"رابط‌ها Interface","iscorrect":1},{"id":"20082","description":"کاراکترهای ویژه Metacharacter","iscorrect":0}]},{"id":"5258","description":"این تابع یک رشته را با استفاده از یک الگوی عبارت منظم تکه تکه می‌کند و حاصل را به صورت یک آرایه بازگشت می‌دهد.","answers":[{"id":"20083","description":"Merging","iscorrect":0},{"id":"20084","description":"Sorting","iscorrect":0},{"id":"20085","description":"Preg_split","iscorrect":1},{"id":"20086","description":"Split","iscorrect":0}]},{"id":"5259","description":"این قانون، مربوط به کدام‌ یک از گزینه‌های زیر است؟ «هر ستون باید تنها یک مقدار داشته باشد، یعنی شما نباید ستونی به اسم \"نام\" داشته باشید که نام و نام خانوادگی در آن قرار گیرد. در اصل شما باید این ستون را با ساخت ستون دیگری به دو ستون \"نام\" و \"نام خانوادگی\" تبدیل کنید.»","answers":[{"id":"20087","description":"ارتباط پایگاه داده با سرور مجازی","iscorrect":0},{"id":"20088","description":"نرمال‌ سازی نوع اول","iscorrect":1},{"id":"20089","description":"ارتباط پایگاه داده با سرور اصلی روی خط","iscorrect":0},{"id":"20090","description":"نرمال ‌سازی نوع پنجم","iscorrect":0}]},{"id":"5260","description":"یک راه برای خلاصه کردن نام جدول‌ها وجود دارد که به آن ................. می‌گویند.","answers":[{"id":"20091","description":"Summarizing","iscorrect":0},{"id":"20092","description":"Summarizing Table","iscorrect":0},{"id":"20093","description":"Alias","iscorrect":1},{"id":"20094","description":"Order by","iscorrect":0}]},{"id":"5261","description":"دستور کلی برای استفاده از پیوند یا Join با کدام یک از گزینه‌های زیر آغاز می‌شود؟","answers":[{"id":"20095","description":"Join","iscorrect":0},{"id":"20096","description":"Select","iscorrect":1},{"id":"20097","description":"OUTER","iscorrect":0},{"id":"20098","description":"Joining","iscorrect":0}]}]}]}]}