{"courseId":"47","contents":[{"name":"درس اول- اقتصاد چیست؟","id":"350","contentorder":"1","lesson_number":1,"type":0,"filename":"lesson350.html"},{"name":"اقتصاد چیست؟","id":"578","contentorder":"3","type":1,"set":[{"score":"50","questions":[{"id":"1867","description":"اقتصاد چیست؟","answers":[{"id":"7130","description":"علمی است که به بررسی مدیریت منابع محدود در جامعه می پردازد.","iscorrect":1},{"id":"7131","description":"شاخه ای از علم ریاضی است که به مطالعه رفتار بشری می پردازد.","iscorrect":0},{"id":"7132","description":"علم تجارت است.","iscorrect":0}]},{"id":"1868","description":"از نظر آدام اسمیت:","answers":[{"id":"7133","description":"اقتصاد علم ثروت است.","iscorrect":1},{"id":"7134","description":"شریف ترین دانش بشری است.","iscorrect":0},{"id":"7135","description":"بررسی ماهیت ثروت از طریق قواعد تولید و توزیع است.","iscorrect":0}]},{"id":"1869","description":"معادل انگلیسی اقتصاد ریشه در یک واژه یونانی دارد. معنای آن واژه یونانی چیست؟","answers":[{"id":"7136","description":"کسی که حکومت می کند.","iscorrect":0},{"id":"7137","description":"بانوی منزل","iscorrect":0},{"id":"7138","description":"کسی که خانوار را مدیریت می کند.","iscorrect":1}]},{"id":"1870","description":"جان مینارد کینز شاگرد چه کسی بوده است؟","answers":[{"id":"7139","description":"جان استیوارت میل","iscorrect":0},{"id":"7140","description":"آدام اسمیت","iscorrect":0},{"id":"7141","description":"آلفرد مارشال","iscorrect":1}]},{"id":"1871","description":"موسس مکتب اقتصاد کلاسیک کیست؟","answers":[{"id":"7142","description":"آدام اسمیت","iscorrect":1},{"id":"7143","description":"آلفرد مارشال","iscorrect":0},{"id":"7144","description":"جان لاک","iscorrect":0}]}]},{"score":"50","questions":[{"id":"1872","description":"اقتصاد کلان:","answers":[{"id":"7145","description":"به بررسی اثرات و نمودهای کلی رفتار و عملکرد یک نظام اقتصادی می پردازد.","iscorrect":0},{"id":"7146","description":"شاخه ای از علم اقتصاد است.","iscorrect":0},{"id":"7147","description":"الف و ب صحیح هستند.","iscorrect":1}]},{"id":"1873","description":"اقتصاد خرد:","answers":[{"id":"7148","description":"به بررسی چگونگی رفتار افراد و نوع انتخاب هایشان در اشل واحدهای خرد همچون فرد، بنگاه، یک صنعت یا بازار یک کالای خاص می پردازد.","iscorrect":0},{"id":"7149","description":"شاخه ای از علم اقتصاد است.","iscorrect":0},{"id":"7150","description":"الف و ب صحیح هستند.","iscorrect":1}]},{"id":"1874","description":"کدام فرد تدوین کننده مبانی سرمایه داری مدرن است؟","answers":[{"id":"7151","description":"جان استیوارت میل","iscorrect":0},{"id":"7152","description":"آدام اسمیت","iscorrect":1},{"id":"7153","description":"کارل مارکس","iscorrect":0}]},{"id":"1875","description":"از نظر لیونل رابینز:","answers":[{"id":"7154","description":"رفاه مادی قادر نیست تمام مسائلی که اقتصاددانان با آن مواجهند را توضیح دهد.","iscorrect":0},{"id":"7155","description":"اقتصاد را علم تخصیص منابع محدود می داند.","iscorrect":0},{"id":"7156","description":"هر دو مورد صحیح است.","iscorrect":1}]},{"id":"1876","description":"رونق، رکود، تورم، ثبات قیمت ها و... از مباحثی هستند که به طور ویژه در .......... بررسی می شوند.","answers":[{"id":"7157","description":"اقتصاد کلان","iscorrect":1},{"id":"7158","description":"جامعه شناسی","iscorrect":0},{"id":"7159","description":"اقتصاد خرد","iscorrect":0}]}]}]},{"name":"درس دوم- ده اصل علم اقتصاد- مبانی تصمیم گیری","id":"351","contentorder":"4","lesson_number":2,"type":0,"filename":"lesson351.html"},{"name":"ده اصل علم اقتصاد- مبانی تصمیم گیری","id":"580","contentorder":"5","type":1,"set":[{"score":"50","questions":[{"id":"1877","description":"هزینه فرصت عبارت است از:","answers":[{"id":"7160","description":"‌‌‌‌هزینه مرتبط با بهترین انتخاب ممکن از بین سایر انتخاب های باقی مانده که از آن صرف نظر شده است.","iscorrect":0},{"id":"7161","description":"چیزی که در مقابل انتخاب آن کالا یا خدمت از دست می رود.","iscorrect":0},{"id":"7162","description":"الف و ب صحیح هستند.","iscorrect":1}]},{"id":"1878","description":"یک محرک:","answers":[{"id":"7163","description":"معمولا به شکل تشویق ظاهر می شود.","iscorrect":0},{"id":"7164","description":"اثری بر رفتار افراد ندارد.","iscorrect":0},{"id":"7165","description":"می تواند به صورت تشویق یا تنبیه عمل کند.","iscorrect":1}]},{"id":"1879","description":"قانون حداقل دستمزد:","answers":[{"id":"7166","description":"موجب افزایش فرصت های شغلی می شود.","iscorrect":0},{"id":"7167","description":"فرصت های شغلی را کاهش می دهد.","iscorrect":1},{"id":"7168","description":"اثری بر افزایش یا کاهش فرصت های شغلی ندارد.","iscorrect":0}]},{"id":"1880","description":"فایده مارجینال یک لیوان آب زیاد نیست چرا که:","answers":[{"id":"7169","description":"آب به میزان زیادی وجود دارد.","iscorrect":1},{"id":"7170","description":"کسی حاضر نیست برای آب پول زیادی بدهد.","iscorrect":0},{"id":"7171","description":"آب فایده زیادی ندارد.","iscorrect":0}]},{"id":"1881","description":"رونق، رکود، تورم، ثبات قیمت ها و... از مباحثی هستند که به طور ویژه در ........... بررسی می شوند.","answers":[{"id":"7172","description":"اقتصاد کلان","iscorrect":1},{"id":"7173","description":"جامعه شناسی","iscorrect":0},{"id":"7174","description":"اقتصاد خرد","iscorrect":0}]}]},{"score":"50","questions":[{"id":"1882","description":"تمایل آدمی به پرداخت برای بدست آوردن یک کالا متناسب با:","answers":[{"id":"7175","description":"فایده مارجینال آن","iscorrect":1},{"id":"7176","description":"قیمت آن","iscorrect":0},{"id":"7177","description":"اهمیت آن","iscorrect":0}]},{"id":"1883","description":"تغییر در محرک ها:","answers":[{"id":"7178","description":"همیشه می تواند ما را به نتایجی که می خواهیم برساند.","iscorrect":0},{"id":"7179","description":"می تواند نتایج ناخواسته و پیش بینی نشده ای داشته باشد.","iscorrect":1},{"id":"7180","description":"همواره نتایج ناخواسته ای دارد.","iscorrect":0}]},{"id":"1884","description":"یک انسان منطقی:","answers":[{"id":"7181","description":"کسی است که به صورت سیستماتیک و هدفمند با توجه به امکاناتی که دارد، بهترین تصمیم را برای رسیدن به اهدافش اتخاذ کند.","iscorrect":0},{"id":"7182","description":"تنها وقتی تصمیم به انجام عملی می گیرد که فایده مارجینال آن عمل از از هزینه مارجینال آن بالاتر باشد.","iscorrect":0},{"id":"7183","description":"الف و ب صحیح است.","iscorrect":1}]},{"id":"1885","description":"استفاده از کمربند ایمنی در اتومبیل:","answers":[{"id":"7184","description":"موجب کاهش مرگ و میر سرنشین های اتومبیل می شود.","iscorrect":0},{"id":"7185","description":"تابع هزینه فایده، سرعت راندن را برای راننده تغییر می دهد.","iscorrect":0},{"id":"7186","description":"هر دو مورد صحیح است.","iscorrect":1}]},{"id":"1886","description":"براساس مطالعه پالتزمن استفاده از کمربند ایمنی:","answers":[{"id":"7187","description":"موجب افزایش تعداد تصادف ها می شود.","iscorrect":0},{"id":"7188","description":"موجب افزایش تلفات عابرین پیاده می شود.","iscorrect":0},{"id":"7189","description":"هر دو مورد صحیح است.","iscorrect":1}]}]}]},{"name":"درس سوم- ده اصل علم اقتصاد- افراد چگونه بر هم تاثیر می گذارند؟","id":"352","contentorder":"6","lesson_number":3,"type":0,"filename":"lesson352.html"},{"name":"ده اصل علم اقتصاد- افراد چگونه بر هم تاثیر می گذارند؟","id":"582","contentorder":"7","type":1,"set":[{"score":"50","questions":[{"id":"1887","description":"وقتی دو نفر با هم معامله می کنند:","answers":[{"id":"7190","description":"همیشه یک نفر به زیان نفر دیگر سود می کند.","iscorrect":0},{"id":"7191","description":"اغلب هر دو سوی معامله در این معامله سود می کنند.","iscorrect":1},{"id":"7192","description":"اغلب اوقات یک نفر به زیان نفر دیگر سود می کند.","iscorrect":0}]},{"id":"1888","description":"یک اتوبوس می خواهد از تهران به مشهد حرکت کند و هنوز سه صندلی خالی دارد. هزینه متوسط برای هر صندلی ۱۰ هزار تومان است. راننده اتوبوس باید هر صندلی را به قیمت:","answers":[{"id":"7193","description":"حداقل ۱۰ هزار تومان بفروشد.","iscorrect":0},{"id":"7194","description":"بیش از ۱۰ هزار تومان بفروشد.","iscorrect":0},{"id":"7195","description":"به قیمتی بفروشد که بیش از هزینه های اضافه کردن یک مشتری باشد.","iscorrect":1}]},{"id":"1889","description":"اقتصاد بازار آزاد:","answers":[{"id":"7196","description":"اقتصادی است که منابع را از طریق تصمیم گیری غیرمتمرکز جمع کثیری از شرکت ها و خانوارها که در بازار با هم در ارتباط هستند، توزیع می کنند.","iscorrect":1},{"id":"7197","description":"اقتصادی است که در آن همه چیز مجاز است.","iscorrect":0},{"id":"7198","description":"همان اقتصاد غیردولتی است.","iscorrect":0}]},{"id":"1890","description":"تمایل آدمی به پرداخت برای بدست آوردن یک کالا متناسب با:","answers":[{"id":"7199","description":"فایده مارجینال آن است.","iscorrect":1},{"id":"7200","description":"قیمت آن است.","iscorrect":0},{"id":"7201","description":"اهمیت آن است.","iscorrect":0}]},{"id":"1891","description":"بر اساس مطالعه پالتزمن استفاده از کمربند ایمنی:","answers":[{"id":"7202","description":"موجب افزایش تعداد تصادف ها می شود.","iscorrect":0},{"id":"7203","description":"موجب افزایش تلفات عابرین پیاده می شود.","iscorrect":0},{"id":"7204","description":"هر دو مورد صحیح است.","iscorrect":1}]}]},{"score":"50","questions":[{"id":"1892","description":"در اقتصاد بازار اینکه چه کالایی و به چه میزان تولید بشود از طریق:","answers":[{"id":"7205","description":"رای گیری در انتخابات معین می شود.","iscorrect":0},{"id":"7206","description":"سازمان برنامه و بودجه تعیین می شود.","iscorrect":0},{"id":"7207","description":"تولید کننده ها و مصرف کننده ها معین می شود.","iscorrect":1}]},{"id":"1893","description":"اصطلاح دست نامرئی بازار متعلق به چه کسی است؟","answers":[{"id":"7208","description":"ابن سینا","iscorrect":1},{"id":"7209","description":"جان لاک","iscorrect":0},{"id":"7210","description":"آدام اسمیت","iscorrect":0}]},{"id":"1894","description":"بهره وری و برابری:","answers":[{"id":"7211","description":"مکمل هم هستند.","iscorrect":0},{"id":"7212","description":"رابطه ای با هم ندارند.","iscorrect":0},{"id":"7213","description":"در تضاد با هم هستند.","iscorrect":1}]},{"id":"1895","description":"این جمله از کیست: «در بازار یک جامعه سرمایه داری، انسان معمولی مصرف کننده ای مقتدر است که نهایتا با خرید یا امتناع از خرید خود تعیین می‌کند که چه چیزی و با چه میزان و کیفیتی باید تولید شود. مغازه ها یا کارخانجاتی که صرفا یا عمدتا نیازهای تجملاتی ناب شهروندان ثروتمندتر را برآورده می کنند، تنها نقشی فرعی در زمینه اقتصادی اقتصاد بازار ایفا می کنند. این مغازه ها و کارخانجات هیچ وقت به مرتبه کسب و کارهای بزرگ نمی رسند. کسب و کارهای بزرگ همیشه- به طور مستقیم یا غیرمستقیم- به توده های مردم خدمت می‌کنند.»","answers":[{"id":"7214","description":"فون میزس","iscorrect":1},{"id":"7215","description":"پوپر","iscorrect":0},{"id":"7216","description":"فون هایک","iscorrect":0}]},{"id":"1896","description":"هزینه فرصت عبارت است از:","answers":[{"id":"7217","description":"‌‌‌‌هزینه مرتبط با بهترین انتخاب ممکن از بین سایر انتخاب های باقی مانده که از آن صرف نظر شده است.","iscorrect":0},{"id":"7218","description":"هزینه فرصت یک انتخاب آن چیزی است که در مقابل انتخاب آن کالا یا خدمت از دست می رود.","iscorrect":0},{"id":"7219","description":"الف و ب صحیح هستند.","iscorrect":1}]}]}]},{"name":"درس چهارم- ده اصل علم اقتصاد- کارکرد کلی اقتصاد","id":"353","contentorder":"8","lesson_number":4,"type":0,"filename":"lesson353.html"},{"name":"ده اصل علم اقتصاد- کارکرد کلی اقتصاد","id":"584","contentorder":"9","type":1,"set":[{"score":"50","questions":[{"id":"1897","description":"بهره وری:","answers":[{"id":"7220","description":"عبارت است از میزان کالا و خدماتی که در هر ساعت از کار یک کارگر تولید می شود.","iscorrect":0},{"id":"7221","description":"مهمترین عاملی است که افزایش آن می تواند به بهبود اوضاع اقتصادی منجر شود.","iscorrect":0},{"id":"7222","description":"الف و ب صحیح است.","iscorrect":1}]},{"id":"1898","description":"تولید ناخالص داخلی:","answers":[{"id":"7223","description":"حجم تولید کالا در یک کشور است.","iscorrect":0},{"id":"7224","description":"ارزش مجموع تولید کالا و خدمات نهایی است که توسط یک نظام اقتصادی در یک دوره زمانی معین، یک سال، تولید می شود.","iscorrect":1},{"id":"7225","description":"ارزش مجموع خدمات نهایی است که در یک سال تولید می شود.","iscorrect":0}]},{"id":"1899","description":"تورم و بیکاری در مقطع کوتاه مدت با هم:","answers":[{"id":"7226","description":"نسبت مستقیم دارند.","iscorrect":0},{"id":"7227","description":"نسبت عکس دارند.","iscorrect":1},{"id":"7228","description":"با هم نسبتی ندارند.","iscorrect":0}]},{"id":"1900","description":"رکود تورمی:","answers":[{"id":"7229","description":"ترکیب رکود و تورم است.","iscorrect":0},{"id":"7230","description":"زمانی است که از سویی قیمت ها افزایش یافته و از سوی دیگر تولید کالا و خدمات کاهش یافته است.","iscorrect":0},{"id":"7231","description":"الف و ب صحیح است.","iscorrect":1}]},{"id":"1901","description":"یک انسان منطقی:","answers":[{"id":"7232","description":"کسی است که به صورت سیستماتیک و هدفمند با توجه به امکاناتی که دارد بهترین تصمیم را برای رسیدن به اهدافش اتخاذ می کند.","iscorrect":0},{"id":"7233","description":"تنها وقتی تصمیم به انجام عملی می گیرد که فایده مارجینال آن عمل از هزینه مارجینال آن بالاتر باشد.","iscorrect":0},{"id":"7234","description":"الف و ب صحیح است.","iscorrect":1}]}]},{"score":"50","questions":[{"id":"1902","description":"وقتی دولت سیاست هایی برای کاهش تورم دنبال می کند، می تواند انتظار داشته باشد که بیکاری:","answers":[{"id":"7235","description":"در کوتاه مدت افزایش یابد.","iscorrect":1},{"id":"7236","description":"در دراز مدت افزایش یابد.","iscorrect":0},{"id":"7237","description":"در کوتاه مدت کاهش یابد.","iscorrect":0}]},{"id":"1903","description":"دلیل افزایش استاندارد زندگی در کشورها:","answers":[{"id":"7238","description":"افزایش دستمزدهاست.","iscorrect":0},{"id":"7239","description":"افزیش تجارت است.","iscorrect":0},{"id":"7240","description":"افزایش بهره وری نیروی کار است.","iscorrect":1}]},{"id":"1904","description":"دلیل افزایش تورم سریع و مداوم:","answers":[{"id":"7241","description":"افزایش حجم پول در گردش در اقتصاد است.","iscorrect":1},{"id":"7242","description":"کاهش دستمزدهاست.","iscorrect":0},{"id":"7243","description":"تجارت با دیگر کشورهاست.","iscorrect":0}]},{"id":"1905","description":"ابزارهای دولت برای دستکاری در نرخ تورم و بیکاری کدام است؟","answers":[{"id":"7244","description":"چاپ پول","iscorrect":0},{"id":"7245","description":"میزان مالیات","iscorrect":0},{"id":"7246","description":"هر دو مورد","iscorrect":1}]},{"id":"1906","description":"سیکل تجاری:","answers":[{"id":"7247","description":"ترکیب کاهش و افزایش فعالیت های اقتصادی است.","iscorrect":0},{"id":"7248","description":"ترکیب دوره های رونق و رکود است.","iscorrect":0},{"id":"7249","description":"هر دو مورد صحیح است.","iscorrect":1}]}]}]},{"name":"درس پنجم- مدل های اقتصادی","id":"354","contentorder":"10","lesson_number":5,"type":0,"filename":"lesson354.html"},{"name":"مدل های اقتصادی","id":"586","contentorder":"11","type":1,"set":[{"score":"50","questions":[{"id":"1907","description":"مشتق تابع مقابل کدام است: y=4x","answers":[{"id":"7250","description":"۲","iscorrect":0},{"id":"7251","description":"۴","iscorrect":1},{"id":"7252","description":"۰","iscorrect":0}]},{"id":"1908","description":"مدل های اقتصادی:","answers":[{"id":"7253","description":"نمونه های ساده شده ای از تئوری های اقتصادی هستند.","iscorrect":0},{"id":"7254","description":"از برخی پیشفرض ها استفاده می کنند.","iscorrect":0},{"id":"7255","description":"الف و ب صحیح هستند.","iscorrect":1}]},{"id":"1909","description":"در مدل جریان دورانی:","answers":[{"id":"7256","description":"شرکت ها عوامل تولید را تولید کرده و فراهم می کنند.","iscorrect":0},{"id":"7257","description":"خانوارها کالا تولید می کنند.","iscorrect":0},{"id":"7258","description":"پول در یک جریان دورانی به کرات استفاده می شود.","iscorrect":1}]},{"id":"1910","description":"معادل انگلیسی اقتصاد، ریشه در یک واژه یونانی دارد. معنای آن واژه یونانی چیست؟","answers":[{"id":"7259","description":"کسی که حکومت می کند.","iscorrect":0},{"id":"7260","description":"بانوی منزل","iscorrect":0},{"id":"7261","description":"کسی که خانوار را مدیریت می کند..","iscorrect":1}]},{"id":"1911","description":"بهره وری و برابری:","answers":[{"id":"7262","description":"مکمل هم هستند.","iscorrect":0},{"id":"7263","description":"در تضاد با هم هستند.","iscorrect":1},{"id":"7264","description":"رابطه ای با هم ندارند.","iscorrect":0}]}]},{"score":"50","questions":[{"id":"1912","description":"در مدل جریان دورانی:","answers":[{"id":"7265","description":"اقتصاد دو بخش دارد: خانوار و شرکت ها.","iscorrect":0},{"id":"7266","description":"دو نوع بازار وجود دارد: بازار کالا و بازار خدمات.","iscorrect":1},{"id":"7267","description":"دولت منبع درآمد خانوار است.","iscorrect":0}]},{"id":"1913","description":"در نمودار مرز ممکن تولید نقطه بهینه:","answers":[{"id":"7268","description":"بر روی مرز قرار دارد.","iscorrect":1},{"id":"7269","description":"داخل مرز قرار دارد.","iscorrect":0},{"id":"7270","description":"خارج مرز قرار دارد.","iscorrect":0}]},{"id":"1914","description":"شیب خط مقابل کدام است: y=-12x-1.","answers":[{"id":"7271","description":"منفی ۱۲","iscorrect":1},{"id":"7272","description":"۱","iscorrect":0},{"id":"7273","description":"مثبت ۱۲","iscorrect":0}]},{"id":"1915","description":"مشتق تابع مقابل در نقطه x=2 کدام است: f(x)=x²-2x.","answers":[{"id":"7274","description":"۲","iscorrect":1},{"id":"7275","description":"۴","iscorrect":0},{"id":"7276","description":"۶","iscorrect":0}]},{"id":"1916","description":"دلیل افزایش استاندارد زندگی در کشورها:","answers":[{"id":"7277","description":"افزایش دستمزدهاست.","iscorrect":0},{"id":"7278","description":"افزیش تجارت است.","iscorrect":0},{"id":"7279","description":"افزایش بهره وری نیروی کار است.","iscorrect":1}]}]}]},{"name":"درس ششم- مزیت مطلق و نسبی","id":"355","contentorder":"12","lesson_number":6,"type":0,"filename":"lesson355.html"},{"name":"مزیت مطلق و نسبی","id":"588","contentorder":"13","type":1,"set":[{"score":"50","questions":[{"id":"1917","description":"یک تولیدکننده:","answers":[{"id":"7280","description":"می تواند در همه کالاها نسبت به تولیدکننده دیگر مزیت مطلق داشته باشد.","iscorrect":0},{"id":"7281","description":"نمی تواند در همه کالاها نسبت به تولیدکننده دیگر مزیت نسبی داشته باشد.","iscorrect":0},{"id":"7282","description":"الف و ب صحیح است.","iscorrect":1}]},{"id":"1918","description":"تخصصی شدن مشاغل:","answers":[{"id":"7283","description":"با مفهوم مزیت مطلق قابل توجیه است.","iscorrect":0},{"id":"7284","description":"ریشه در عرضه و تقاضا دارد.","iscorrect":0},{"id":"7285","description":"با مفهوم مزیت نسبی قابل توجیه است.","iscorrect":1}]},{"id":"1919","description":"مزیت نسبی:","answers":[{"id":"7286","description":"به هزینه کمتر تولید یک کالا نسبت به کالای دیگر اشاره دارد.","iscorrect":0},{"id":"7287","description":"به توانایی یک تولیدکننده در تولید یک کالا با هزینه فرصت کمتر نسبت به تولیدکننده دیگر اشاره دارد.","iscorrect":1},{"id":"7288","description":"مدت زمان صرف شده برای تولید یک کالا با کالای دیگر را مقایسه می کند.","iscorrect":0}]},{"id":"1920","description":"اصل مزیت مطلق اشاره به حالتی دارد که در آن:","answers":[{"id":"7289","description":"یک تولیدکننده می تواند تعداد بیشتری کالا را نسبت به تولیدکننده دیگر تولید کند.","iscorrect":0},{"id":"7290","description":"می تواند یک کالا را با استفاده از منابع کمتری نسبت به تولیدکننده دیگر تولید کند.","iscorrect":1},{"id":"7291","description":"به منابع بیشتری برای تولید یک کالا دسترسی دارد.","iscorrect":0}]},{"id":"1921","description":"وقتی دو نفر با هم معامله می کنند:","answers":[{"id":"7292","description":"یک نفر سود و یک نفر زیان می کند.","iscorrect":0},{"id":"7293","description":"همواره هر دو سمت سود می برند.","iscorrect":0},{"id":"7294","description":"اغلب اوقات دو طرف سود می برند.","iscorrect":1}]}]},{"score":"50","questions":[{"id":"1922","description":"یک تولیدکننده باید کالاهایی را تولید کند که:","answers":[{"id":"7295","description":"در آن مزیت دارد.","iscorrect":1},{"id":"7296","description":"کم هزینه تر هستند.","iscorrect":0},{"id":"7297","description":"گران قیمت تر هستند.","iscorrect":0}]},{"id":"1923","description":"هزینه فرصت یک کالا:","answers":[{"id":"7298","description":"چیزی است که در قبال به دست آوردن آن از دست می دهیم.","iscorrect":1},{"id":"7299","description":"همواره ثابت است.","iscorrect":0},{"id":"7300","description":"قابل اندازه گیری نیست.","iscorrect":0}]},{"id":"1924","description":"فرض کنید آرش ۱۰ صفحه در ساعت تایپ می کند و امیر ۸ صفحه در ساعت. حال فرض کنید آرش ۵ مقاله در ساعت می خواند و امیر ۲ مقاله. کدام یک از گزینه های زیر صحیح است؟","answers":[{"id":"7301","description":"آرش در تایپ نسبت به امیر مزیت مطلق دارد.","iscorrect":1},{"id":"7302","description":"امیر در خواندن مقاله نسبت به آرش مزیت مطلق دارد.","iscorrect":0},{"id":"7303","description":"امیر در خواندن مقاله نسبت به آرش مزیت نسبی دارد.","iscorrect":0}]},{"id":"1925","description":"با توجه به اصل مزیت مطلق کدام یک از گزینه های زیر صحیح است؟","answers":[{"id":"7304","description":"یک ملت باید کالایی را تولید کند که هزینه فرصت کمتری برایش دارد.","iscorrect":0},{"id":"7305","description":"یک ملت باید کالایی را تولید کند در آن مزیت مطلق دارد.","iscorrect":1},{"id":"7306","description":"یک ملت باید کالایی را که در آن مزیت مطلق ندارد را صادر کند.","iscorrect":0}]},{"id":"1926","description":"مزیت نسبی:","answers":[{"id":"7307","description":"به هزینه کمتر تولید یک کالا نسبت به کالای دیگر اشاره دارد.","iscorrect":0},{"id":"7308","description":"مدت زمان صرف شده برای تولید یک کالا با کالای دیگر را مقایسه می کند.","iscorrect":0},{"id":"7309","description":"به توانایی یک تولیدکننده در تولید یک کالا با هزینه فرصت کمتر نسبت به تولیدکننده دیگر اشاره دارد.","iscorrect":1}]}]}]},{"name":"درس هفتم- عرضه و تقاضا","id":"356","contentorder":"14","lesson_number":7,"type":0,"filename":"lesson356.html"},{"name":"عرضه و تقاضا","id":"590","contentorder":"15","type":1,"set":[{"score":"50","questions":[{"id":"1927","description":"کدام یک از خصایص بازار رقابتی کامل نیست؟","answers":[{"id":"7310","description":"یک شرکت جدید به سختی می تواند وارد بازار شود.","iscorrect":1},{"id":"7311","description":"فروشندگان و خریداران پذیرای قیمت هستند.","iscorrect":0},{"id":"7312","description":"تعداد زیادی خریدار و فروشنده در بازار هست.","iscorrect":0}]},{"id":"1928","description":"اگر کالای الف کالای جایگزین کالای ب است، وقتی قیمت کالای الف بالا برود:","answers":[{"id":"7313","description":"قیمت کالای ب پایین می رود.","iscorrect":0},{"id":"7314","description":"تقاضا برای کالای ب بالا می رود.","iscorrect":1},{"id":"7315","description":"تقاضا برای کالای ب پایین می رود.","iscorrect":0}]},{"id":"1929","description":"فرض کنید کالای الف مکمل کالای ب است. وقتی قیمت کالای الف بالا برود:","answers":[{"id":"7316","description":"تقاضا برای کالای ب پایین می رود.","iscorrect":1},{"id":"7317","description":"تقاضا برای کالای الف بالا می رود.","iscorrect":0},{"id":"7318","description":"قیمت کالای ب بالا می رود.","iscorrect":0}]},{"id":"1930","description":"بازاری که در آن تنها یک فروشنده وجود دارد را:","answers":[{"id":"7319","description":"بازار رقابتی می گویند.","iscorrect":0},{"id":"7320","description":"مونوپولی می گویند.","iscorrect":1},{"id":"7321","description":"الیگوپولی می گویند.","iscorrect":0}]},{"id":"1931","description":"افزایش تقاضا به معنای آن است که:","answers":[{"id":"7322","description":"مصرف کننده حاضر است میزان بیشتری از یک کالا را در هر قیمتی بخرد.","iscorrect":1},{"id":"7323","description":"وقتی قیمت بالا می رود، مصرف کننده حاضر است کالای بیشتری بخرد.","iscorrect":0},{"id":"7324","description":"وقتی قیمت پایین می آید مصرف کننده حاضر است کالای بیشتری بخرد.","iscorrect":0}]}]},{"score":"50","questions":[{"id":"1932","description":"قانون تقاضا:","answers":[{"id":"7325","description":"می گوید وقتی همه عوامل دیگر ثابت باشند، افزایش قیمت کالا موجب کاهش تقاضا می شود.","iscorrect":1},{"id":"7326","description":"می گوید وقتی همه عوامل دیگر ثابت باشند، افزایش تقاضا برای یک کالا موجب کاهش قیمت می شود.","iscorrect":0},{"id":"7327","description":"الف و ب صحیح هستند.","iscorrect":0}]},{"id":"1933","description":"نمودار تقاضا نموداری:","answers":[{"id":"7328","description":"صعودی است.","iscorrect":0},{"id":"7329","description":"نزولی است.","iscorrect":1},{"id":"7330","description":"یک معادله درجه سه است.","iscorrect":0}]},{"id":"1934","description":"افزایش درآمد خریداران:","answers":[{"id":"7331","description":"منحنی تقاضا را به سمت چپ جا به جا می کند.","iscorrect":0},{"id":"7332","description":"منحنی تقاضا را به سمت راست جا به جا می کند.","iscorrect":1},{"id":"7333","description":"موجب حرکت در امتداد منحنی تقاضا می شود.","iscorrect":0}]},{"id":"1935","description":"دلیل افزایش تورم سریع و مداوم:","answers":[{"id":"7334","description":"افزایش حجم پول در گردش در اقتصاد است.","iscorrect":1},{"id":"7335","description":"کاهش دستمزدها","iscorrect":0},{"id":"7336","description":"تجارت با دیگر کشورها","iscorrect":0}]},{"id":"1936","description":"فرض کنید آرش ۱۰ صفحه در ساعت تایپ می کند و امیر ۸ صفحه در ساعت. حال فرض کنید آرش ۵ مقاله در ساعت می خواند و امیر ۲ مقاله. کدام یک از گزینه های زیر صحیح است؟","answers":[{"id":"7337","description":"آرش در تایپ نسبت به امیر مزیت مطلق دارد.","iscorrect":1},{"id":"7338","description":"امیر در خواندن مقاله نسبت به آرش مزیت مطلق دارد.","iscorrect":0},{"id":"7339","description":"امیر در خواندن مقاله نسبت به آرش مزیت نسبی دارد.","iscorrect":0}]}]}]},{"name":"درس هشتم- تابع عرضه","id":"357","contentorder":"16","lesson_number":8,"type":0,"filename":"lesson357.html"},{"name":"تابع عرضه","id":"571","contentorder":"17","type":1,"set":[{"score":"50","questions":[{"id":"1829","description":"نمودار تقاضا نموداری:","answers":[{"id":"7018","description":"نزولی است.","iscorrect":1},{"id":"7019","description":"یک معادله درجه سه است.","iscorrect":0},{"id":"7017","description":"صعودی است.","iscorrect":0}]},{"id":"1828","description":"کدام یک از موارد زیر درست است؟","answers":[{"id":"7015","description":"شیب منحنی عرضه مثبت است.","iscorrect":0},{"id":"7016","description":"الف و ب صحیح است.","iscorrect":1},{"id":"7014","description":"تابع عرضه یک تابع صعودی است.","iscorrect":0}]},{"id":"1826","description":"کدام یک از عبارات زیر صحیح نیست؟","answers":[{"id":"7010","description":"نرخ تورم بالا در کوتاه مدت، نرخ بیکاری بالا را پدید می آورد.","iscorrect":1},{"id":"7009","description":"قیمت یک کالا تابعی از عرضه و تقاضا است.","iscorrect":0},{"id":"7008","description":"عرضه کم یک کالا همواره منجر به گران قیمت شدن آن نمی شود.","iscorrect":0}]},{"id":"1827","description":"قانون عرضه می گوید:","answers":[{"id":"7013","description":"افزایش عرضه یک کالا موجب افزایش تقاضا برای آن می شود.","iscorrect":0},{"id":"7012","description":"افزایش قیمت یک کالا در صورتی که همه عوامل ثابت باشند موجب افزایش عرضه آن خواهد شد.","iscorrect":1},{"id":"7011","description":"افزایش قیمت یک کالا همواره موجب کاهش عرضه آن خواهد شد.","iscorrect":0}]},{"id":"1830","description":"اصطلاح دست نامرئی بازار متعلق به چه کسی است؟","answers":[{"id":"7021","description":"جان لاک","iscorrect":1},{"id":"7022","description":"ابن سینا","iscorrect":0},{"id":"7020","description":"آدام اسمیت","iscorrect":0}]}]},{"score":"50","questions":[{"id":"1937","description":"تغییر در تکنولوژی با شرط ثابت بودن دیگر عوامل موجب می شود:","answers":[{"id":"7340","description":"منحنی عرضه را جا به جا می کند.","iscorrect":1},{"id":"7341","description":"اتفاقی نیافتد.","iscorrect":0},{"id":"7342","description":"نمی توان نظر دقیقی داد.","iscorrect":0}]},{"id":"1938","description":"تغییر در پیش بینی از آینده:","answers":[{"id":"7343","description":"موجب حرکت بر روی منحنی عرضه می شود.","iscorrect":0},{"id":"7344","description":"موجب جا به جایی منحنی عرضه می شود.","iscorrect":1},{"id":"7345","description":"اتفاقی نمی افتند.","iscorrect":0}]},{"id":"1939","description":"فرض کنید تابع عرضه چنین است: S=10P–15. با افزایش قیمت از ۲ به ۲.۵ چقدر بر میزان عرضه افزوده می شود؟","answers":[{"id":"7346","description":"۱۰","iscorrect":0},{"id":"7347","description":"۵","iscorrect":1},{"id":"7348","description":"۲۰","iscorrect":0}]},{"id":"1940","description":"افزایش قیمت مواد اولیه در صورت ثابت بودن بقیه عوامل:","answers":[{"id":"7349","description":"منحنی تقاضا را به سمت راست جا به جا می کند.","iscorrect":0},{"id":"7350","description":"منحنی تقاضا را به سمت چپ جا به جا می کند.","iscorrect":0},{"id":"7351","description":"منحنی عرضه را به سمت چپ جا به جا می کند.","iscorrect":1}]},{"id":"1941","description":"فرض کنید تابع عرضه کالایی چنین است: S=2P-3. وقتی قیمت کالا ۴ باشد میزان عرضه چقدر خواهد بود؟","answers":[{"id":"7352","description":"۳","iscorrect":0},{"id":"7353","description":"۵","iscorrect":1},{"id":"7354","description":"۷","iscorrect":0}]}]}]},{"name":"درس نهم- تعادل در بازار","id":"358","contentorder":"18","lesson_number":9,"type":0,"filename":"lesson358.html"},{"name":"تعادل در بازار","id":"593","contentorder":"19","type":1,"set":[{"score":"50","questions":[{"id":"1942","description":"فرض کنید تابع عرضه و تقاضا به این صورت است:Demand:Qd=12-2P و Supply:Qs=5P-2. قیمت تعادل چقدر است؟","answers":[{"id":"7355","description":"۱","iscorrect":0},{"id":"7356","description":"۲","iscorrect":1},{"id":"7357","description":"۴","iscorrect":0}]},{"id":"1943","description":"در پرسش قبلی کمیت تعادل چقدر است؟","answers":[{"id":"7358","description":"۳","iscorrect":0},{"id":"7359","description":"۵","iscorrect":0},{"id":"7360","description":"۸","iscorrect":1}]},{"id":"1944","description":"افزایش درآمد خریداران:","answers":[{"id":"7361","description":"منحنی تقاضا را به سمت چپ جا به جا می کند.","iscorrect":0},{"id":"7362","description":"منحنی تقاضا را به سمت راست جا به جا می کند.","iscorrect":1},{"id":"7363","description":"منحنی عرضه را جا به جا می کند.","iscorrect":0}]},{"id":"1945","description":"تغییر در پیش بینی از آینده:","answers":[{"id":"7364","description":"موجب حرکت بر روی منحنی عرضه می شود.","iscorrect":0},{"id":"7365","description":"موجب جا به جایی منحنی عرضه می شود.","iscorrect":1},{"id":"7366","description":"اتفاقی نمی افتند.","iscorrect":0}]},{"id":"1946","description":"کمتر بودن قیمت کالا در بازار از قیمت تعادل آن موجب:","answers":[{"id":"7367","description":"کمبود می شود.","iscorrect":1},{"id":"7368","description":"مازاد عرضه می شود.","iscorrect":0},{"id":"7369","description":"نمی توان معین کرد.","iscorrect":0}]}]},{"score":"50","questions":[{"id":"1947","description":"قیمت تعادل قیمتی است که:","answers":[{"id":"7370","description":"در آن میزان عرضه و تقاضا با هم برابرند.","iscorrect":0},{"id":"7371","description":"مازاد یا کمبودی در بازار وجود ندارد.","iscorrect":0},{"id":"7372","description":"الف و ب صحیح است.","iscorrect":1}]},{"id":"1948","description":"فرض کنید تابع عرضه و تقاضا به این صورت هستند: Demand: Qd=10-4P و Supply: Qs=5P-8. قیمت تعادل چقدر است؟","answers":[{"id":"7373","description":"۱","iscorrect":0},{"id":"7374","description":"۲","iscorrect":1},{"id":"7375","description":"۳","iscorrect":0}]},{"id":"1949","description":"کمیت تعادل در سوال بالا چقدر است؟","answers":[{"id":"7376","description":"۲","iscorrect":1},{"id":"7377","description":"۳","iscorrect":0},{"id":"7378","description":"۵","iscorrect":0}]},{"id":"1950","description":"تغییر در تکنولوژی با شرط ثابت بودن دیگر عوامل موجب:","answers":[{"id":"7379","description":"جا به جایی منحنی عرضه می شود.","iscorrect":1},{"id":"7380","description":"اتفاقی نمی شود.","iscorrect":0},{"id":"7381","description":"نمی توان نظر دقیقی داد.","iscorrect":0}]},{"id":"1951","description":"تغییر در پیش بینی از آینده:","answers":[{"id":"7382","description":"موجب حرکت بر روی منحنی عرضه می شود.","iscorrect":0},{"id":"7383","description":"موجب جا به جایی منحنی عرضه می شود.","iscorrect":1},{"id":"7384","description":"اتفاقی نمی افتد.","iscorrect":0}]}]}]},{"name":"درس دهم- تغییر در عرضه و تقاضا","id":"369","contentorder":"20","lesson_number":10,"type":0,"filename":"lesson369.html"},{"name":"تغییر در عرضه و تقاضا","id":"572","contentorder":"21","type":1,"set":[{"score":"50","questions":[{"id":"1831","description":"کدام گزینه تدوین کننده مبانی سرمایه داری مدرن است؟","answers":[{"id":"7024","description":"آدام اسمیت","iscorrect":1},{"id":"7025","description":"کارل مارکس","iscorrect":0},{"id":"7023","description":"جان استیوارت میل","iscorrect":0}]},{"id":"1832","description":"یک انسان منطقی:","answers":[{"id":"7027","description":"تنها وقتی تصمیم به انجام عملی می گیرد که فایده مارجینال آن عمل از هزینه مارجینال آن بالاتر باشد.","iscorrect":0},{"id":"7026","description":"کسی است که به صورت سیستماتیک و هدفمند با توجه به امکاناتی که دارد بهترین تصمیم را برای رسیدن به اهدافش اتخاذ می کند.","iscorrect":0},{"id":"7028","description":"الف و ب صحیح است.","iscorrect":1}]},{"id":"1833","description":"در اقتصاد بازار اینکه چه کالایی و به چه میزان تولید شود از طریق:","answers":[{"id":"7029","description":"رای گیری در انتخابات معین می شود.","iscorrect":0},{"id":"7030","description":"سازمان برنامه و بودجه تعیین می شود.","iscorrect":0},{"id":"7031","description":"تولید کننده ها و مصرف کننده ها معین می شود.","iscorrect":1}]},{"id":"1834","description":"دلیل افزایش استاندارد زندگی در کشورها:","answers":[{"id":"7032","description":"افزایش دستمزدهاست.","iscorrect":0},{"id":"7033","description":"افزیش تجارت","iscorrect":0},{"id":"7034","description":"افزایش بهره وری نیروی کار","iscorrect":1}]},{"id":"1835","description":"در نمودار مرز ممکن تولید، نقطه بهینه:","answers":[{"id":"7035","description":"بر روی مرز قرار دارد.","iscorrect":1},{"id":"7036","description":"داخل مرز قرار دارد.","iscorrect":0},{"id":"7037","description":"خارج مرز قرار دارد.","iscorrect":0}]}]},{"score":"50","questions":[{"id":"1836","description":"در صورتی که عرضه کاهش یابد و تقاضا ثابت بماند، درباره قیمت و کمیت تعادل به ترتیب چه می توان گفت؟","answers":[{"id":"7038","description":"کاهش- کاهش","iscorrect":0},{"id":"7039","description":"افزایش- کاهش","iscorrect":1},{"id":"7040","description":"ثابت- کاهش","iscorrect":0}]},{"id":"1837","description":"در صورتی که عرضه افزایش و تقاضا ثابت بماند درباره قیمت و کمیت تعادل به ترتیب چه می توان گفت؟","answers":[{"id":"7041","description":"کاهش- افزایش","iscorrect":1},{"id":"7042","description":"افزایش- کاهش","iscorrect":0},{"id":"7043","description":"ثابت- افزایش","iscorrect":0}]},{"id":"1838","description":"بازاری که در آن تنها یک فروشنده وجود دارد را:","answers":[{"id":"7044","description":"بازار رقابتی می گویند.","iscorrect":0},{"id":"7045","description":"مونوپولی می گویند.","iscorrect":1},{"id":"7046","description":"الیگوپولی می گویند.","iscorrect":0}]},{"id":"1839","description":"مزیت نسبی:","answers":[{"id":"7047","description":"به هزینه کمتر تولید یک کالا نسبت به کالای دیگر اشاره دارد.","iscorrect":0},{"id":"7048","description":"به توانایی یک تولیدکننده در تولید یک کالا با هزینه فرصت کمتر نسبت به تولید کننده دیگر اشاره دارد.","iscorrect":1},{"id":"7049","description":"مدت زمان صرف شده برای تولید یک کالا با کالای دیگر را مقایسه می کند.","iscorrect":0}]},{"id":"1840","description":"اگر قیمت کالا در بازار بالاتر از قیمت تعادل باشد، در بازار ........ وجود دارد و به مرور قیمت ......... خواهد یافت.","answers":[{"id":"7050","description":"کمبود- کاهش","iscorrect":0},{"id":"7051","description":"مازاد- کاهش","iscorrect":1},{"id":"7052","description":"کمبود- افزایش","iscorrect":0}]}]}]},{"name":"دوره مبانی علم اقتصاد- آزمون نهایی","id":"574","contentorder":"22","type":1,"set":[{"score":"50","questions":[{"id":"1841","description":"هزینه فرصت یک کالا:","answers":[{"id":"7053","description":"چیزی است که در قبال به دست آوردن آن از دست می دهیم.","iscorrect":1},{"id":"7054","description":"همواره ثابت است.","iscorrect":0},{"id":"7055","description":"قابل اندازه گیری نیست.","iscorrect":0}]},{"id":"1842","description":"فرض کنید تابع عرضه چنین است: S= 10P – 15.\nبا افزایش قیمت از ۲ به ۲.۵ چقدر بر میزان عرضه افزوده می شود؟","answers":[{"id":"7056","description":"۱۰","iscorrect":0},{"id":"7057","description":"۵","iscorrect":1},{"id":"7058","description":"۲۰","iscorrect":0}]},{"id":"1843","description":"قیمت تعادل قیمتی است که:","answers":[{"id":"7059","description":"در آن میزان عرضه و تقاضا با هم برابرند.","iscorrect":0},{"id":"7060","description":"مازاد یا کمبودی در بازار وجود ندارد.","iscorrect":0},{"id":"7061","description":"الف و ب صحیح است.","iscorrect":1}]},{"id":"1844","description":"در صورتی که عرضه کاهش و تقاضا افزایش یابد، درباره قیمت و کمیت تعادل به ترتیب چه می توان گفت؟","answers":[{"id":"7062","description":"کاهش- افزایش","iscorrect":0},{"id":"7063","description":"افزایش- نامعین","iscorrect":1},{"id":"7064","description":"افزایش- کاهش","iscorrect":0}]},{"id":"1845","description":"در صورتی که عرضه ثابت بماند و تقاضا کاهش یابد، درباره کمیت و قیمت تعادل به ترتیب چه می توان گفت؟","answers":[{"id":"7065","description":"کاهش- کاهش","iscorrect":1},{"id":"7066","description":"افزایش- کاهش","iscorrect":0},{"id":"7067","description":"ثابت- کاهش","iscorrect":0}]},{"id":"1846","description":"افزایش قیمت کالا:","answers":[{"id":"7068","description":"موجب جا به جا کردن منحنی تقاضا به سمت راست می شود.","iscorrect":0},{"id":"7069","description":"موجب جابه جا کردن منحنی تقاضا به سمت چپ می شود.","iscorrect":0},{"id":"7070","description":"منحنی تقاضا را جا به جا نمی کند.","iscorrect":1}]},{"id":"1847","description":"چه کسی تدوین کننده مبانی سرمایه داری مدرن است؟","answers":[{"id":"7071","description":"جان استیوارت میل","iscorrect":0},{"id":"7072","description":"آدام اسمیت","iscorrect":1},{"id":"7073","description":"کارل مارکس","iscorrect":0}]},{"id":"1848","description":"رکود تورمی:","answers":[{"id":"7074","description":"ترکیب رکود و تورم است.","iscorrect":0},{"id":"7075","description":"زمانی است که از سویی قیمت ها افزایش یافته و از سوی دیگر تولید کالا و خدمات کاهش یافته است.","iscorrect":0},{"id":"7076","description":"الف و ب صحیح است.","iscorrect":1}]},{"id":"1849","description":"قانون حداقل دستمزد:","answers":[{"id":"7077","description":"موجب افزایش فرصت های شغلی می شود.","iscorrect":0},{"id":"7078","description":"فرصت های شغلی را کاهش می دهد.","iscorrect":1},{"id":"7079","description":"اثری بر افزایش یا کاهش فرصت های شغلی ندارد.","iscorrect":0}]},{"id":"1850","description":"بازاری که در آن تنها یک فروشنده وجود دارد را:","answers":[{"id":"7080","description":"بازار رقابتی می گویند.","iscorrect":0},{"id":"7081","description":"مونوپولی می گویند.","iscorrect":1},{"id":"7082","description":"الیگوپولی می گویند.","iscorrect":0}]}]},{"score":"50","questions":[{"id":"1851","description":"مزیت نسبی:","answers":[{"id":"7083","description":"به هزینه کمتر تولید یک کالا نسبت به کالای دیگر اشاره دارد.","iscorrect":0},{"id":"7084","description":"به توانایی یک تولیدکننده در تولید یک کالا با هزینه فرصت کمتر نسبت به تولید کننده دیگر اشاره دارد.","iscorrect":1},{"id":"7085","description":"مدت زمان صرف شده برای تولید یک کالا با کالای دیگر را مقایسه می کند.","iscorrect":0}]},{"id":"1852","description":"شیب خط مقابل کدام است: y=-12x-1.","answers":[{"id":"7086","description":"منفی ۱۲","iscorrect":1},{"id":"7087","description":"۱","iscorrect":0},{"id":"7088","description":"مثبت ۱۲","iscorrect":0}]},{"id":"1853","description":"معادل انگلیسی اقتصاد ریشه در یک واژه یونانی دارد. معنای آن واژه یونانی چیست؟","answers":[{"id":"7089","description":"کسی که حکومت می کند.","iscorrect":0},{"id":"7090","description":"بانوی منزل","iscorrect":0},{"id":"7091","description":"کسی که خانوار را مدیریت می کند.","iscorrect":1}]},{"id":"1854","description":"وقتی دولت سیاست هایی برای کاهش تورم دنبال می کند، می تواند انتظار داشته باشد که بیکاری:","answers":[{"id":"7092","description":"در کوتاه مدت افزایش یابد.","iscorrect":1},{"id":"7093","description":"در دراز مدت افزایش یابد.","iscorrect":0},{"id":"7094","description":"در کوتاه مدت کاهش یابد.","iscorrect":0}]},{"id":"1855","description":"تغییر در تکنولوژی با شرط ثابت بودن دیگر عوامل موجب می شود:","answers":[{"id":"7095","description":"منحنی عرضه را جا به جا می کند.","iscorrect":1},{"id":"7096","description":"اتفاقی نیافتد.","iscorrect":0},{"id":"7097","description":"نمی توان نظر دقیقی داد.","iscorrect":0}]},{"id":"1856","description":"وقتی دو نفر با هم معامله می کنند:","answers":[{"id":"7098","description":"یک نفر سود و یک نفر زیان می کند.","iscorrect":0},{"id":"7099","description":"همواره هر دو سمت سود می برند.","iscorrect":0},{"id":"7100","description":"اغلب اوقات دو طرف سود می برند.","iscorrect":1}]},{"id":"1857","description":"در صورتی که عرضه کاهش یابد و تقاضا ثابت بماند، درباره قیمت و کمیت تعادل به ترتیب چه می توان گفت؟","answers":[{"id":"7101","description":"کاهش- کاهش","iscorrect":0},{"id":"7102","description":"افزایش- کاهش","iscorrect":1},{"id":"7103","description":"ثابت- کاهش","iscorrect":0}]},{"id":"1858","description":"فرض کنید تابع عرضه و تقاضا به این صورت هستند: Demand: Qd=12-2P و Supply: Qs=5P-2. قیمت تعادل چقدر است؟","answers":[{"id":"7104","description":"۱","iscorrect":0},{"id":"7105","description":"۴","iscorrect":0},{"id":"7106","description":"۲","iscorrect":1}]},{"id":"1859","description":"در پرسش قبلی کمیت تعادل چقدر است؟","answers":[{"id":"7107","description":"۴","iscorrect":0},{"id":"7108","description":"۵","iscorrect":0},{"id":"7109","description":"۸","iscorrect":1}]},{"id":"1860","description":"فرض کنید کالای الف مکمل کالای ب است. وقتی قیمت کالای الف بالا برود:","answers":[{"id":"7110","description":"تقاضا برای کالای ب پایین می رود.","iscorrect":1},{"id":"7111","description":"تقاضا برای کالای الف بالا می رود.","iscorrect":0},{"id":"7112","description":"قیمت کالای ب بالا می رود.","iscorrect":0}]}]}]}]}