{"courseId":"25","contents":[{"name":"چگونه ایمیل های موثر بنویسیم - بخش اول","id":"126","contentorder":"1","lesson_number":1,"type":0,"filename":"lesson126.html"},{"name":"چگونه ایمیل های موثر بنویسیم - بخش دوم","id":"127","contentorder":"2","lesson_number":2,"type":0,"filename":"lesson127.html"},{"name":"چگونه ایمیل های موثر بنویسیم","id":"259","contentorder":"3","type":1,"set":[{"score":"60","questions":[{"id":"711","description":"کدام یک سابجکت مناسب تری برای یک ایمیل است؟","answers":[{"id":"2665","description":"دعوت برای جشن تولد","iscorrect":0},{"id":"2666","description":"قرار ملاقات","iscorrect":0},{"id":"2667","description":"تهیه گزارش خبری از مراسم معارفه معاون جدید - سه شنبه ۱۷ مرداد","iscorrect":1},{"id":"2668","description":"میهمانی","iscorrect":0}]},{"id":"712","description":"کدام گزینه صحیح تر است؟","answers":[{"id":"2669","description":"باید همه کارهایی را که با کسی داریم در یک ایمیل بنویسیم که با تعدد ایمیل ایجاد مزاحمت نکنیم.","iscorrect":0},{"id":"2670","description":"در ایمیل های ارسالی باید درخواست و جوابی را که انتظار داریم صریحا اعلام کنیم.","iscorrect":1},{"id":"2671","description":"رعایت تعارفات مرسوم فارسی در ایمیل نشانه ادب است و پرداختن به آنها باعث پربارتر شدن و طولانی تر شدن ایمیل می گردد.","iscorrect":0},{"id":"2672","description":"درخواست صریح و بی پرده پاسخ از گیرنده و همچنین صحبت کوتاه و رک نشانه بی ادبی است و باعث ناراحتی وی می شود.","iscorrect":0}]},{"id":"713","description":"به نظر شما به کدام ایمیل سریع تر پاسخ داده می شود؟","answers":[{"id":"2673","description":"ساسان طی ایمیلی با سابجکت «کمک» ۵ مورد از مشکلات سخت افزاری اش را مطرح کرده و پاسخ می خواهد.","iscorrect":0},{"id":"2674","description":"میترا با سابجکت «حال شما خوبه؟» به احوال پرسی و خوش بش معمول دوستانه پرداخته است.","iscorrect":0},{"id":"2675","description":"محمود برای حل مشکل عدم نمایش صحیح فونت در برنامه آفیس با ارسال عکس درخواست کمک کرده و گفته برای آماده کردن مقاله استاد به آن احتیاج دارد.","iscorrect":1},{"id":"2676","description":"ایمیلی با سابجکت «Hello» از طرف یک ناشناس که یک فایل پیوست ۳۰۰ کیلوبایتی هم دارد.","iscorrect":0}]}]},{"score":"60","questions":[{"id":"714","description":"می خواهم پیام کوتاهی را برای همکارم به گونه ای ارسال کنم که برای دریافت منظور من نیازی به باز کردن ایمیل نداشته باشد. کدام شیوه صحیح تر است؟","answers":[{"id":"2677","description":"در سابجکت بنویس: کار فوری و مهم. در متن پیام هم توضیحات و دیگر موارد ضروری را ذکر کن.","iscorrect":0},{"id":"2678","description":"در سابجکت بنویس: کار فوری و مهم - با من تماس بگیر.","iscorrect":0},{"id":"2679","description":"برای چنین کار ضروری به جای ایمیل از تلفن استفاده کن.","iscorrect":0},{"id":"2680","description":"در سابجکت بنویس: گزارش آماده شد- ساعت ۱۲ روز دوشنبه جلسه با رئیس در اتاق کنفرانس [EOM]","iscorrect":1}]},{"id":"715","description":"چه راه های تماسی باید در اختیار گیرنده بگذاریم؟","answers":[{"id":"2681","description":"آدرس و تلفن محل کار","iscorrect":1},{"id":"2682","description":"آدرس ایمیل همه همکاران شرکت","iscorrect":0},{"id":"2683","description":"آدرس منزل و شماره تلفن یکی از افراد خانواده","iscorrect":0},{"id":"2684","description":"آدرس وب سایت شرکای تجاری شرکت","iscorrect":0}]},{"id":"716","description":"برای نوشتن یک ایمیل خوب چه نباید کرد؟","answers":[{"id":"2685","description":"فونت درشت استفاده کنیم و بخش های مهم ایمیل را با رنگ مجزا مشخص کنیم تا گیرنده راحت باشد.","iscorrect":1},{"id":"2686","description":"شاخ و برگ متن را می زنیم و تنها به اصل مطلب می پردازیم.","iscorrect":0},{"id":"2687","description":"متن را پاراگراف بندی می کنیم.","iscorrect":0},{"id":"2688","description":"از کلمات ساده و معمولی استفاده می کنیم.","iscorrect":0}]}]}]},{"name":"چرا جیمیل؟ اصول کلی","id":"128","contentorder":"4","lesson_number":3,"type":0,"filename":"lesson128.html"},{"name":"ساخت و مدیریت برچسب و فیلتر در جیمیل","id":"129","contentorder":"5","lesson_number":4,"type":0,"filename":"lesson129.html"},{"name":"ساخت و مدیریت لیبل و فیلتر در جیمیل","id":"261","contentorder":"6","type":1,"set":[{"score":"60","questions":[{"id":"717","description":"در ساخت یک برچسب، کدام مورد مجاز نیست؟","answers":[{"id":"2689","description":"استفاده از علائمی مانند ! $ % یا #","iscorrect":0},{"id":"2690","description":"استفاده از زبان فارسی در نام برچسب","iscorrect":0},{"id":"2691","description":"استفاده از یک رنگ برای دو برچسب","iscorrect":0},{"id":"2692","description":"استفاده از یک نام مشترک برای دو برچسب","iscorrect":1}]},{"id":"718","description":"می خواهم برچسب boss که برای ایمیل های مدیرعامل انتخاب شده در بالای لیست \"برچسب ها\" قرار گیرد، چه راهی را پیشنهاد می کنید؟","answers":[{"id":"2693","description":"متاسفانه راهی وجود ندارد. جیمیل برچسب ها را بر اساس حروف الفبا مرتب می کند.","iscorrect":0},{"id":"2694","description":"برو بابا دلت خوشه! ایمیل رئیس باید اسپم بشه به جای برچسب خوردن!","iscorrect":0},{"id":"2695","description":"می توانید یک علامت را قبل از نام برچسب به کار ببرید تا در بالای لیست قرار گیرد: boss! یا boss","iscorrect":1}]},{"id":"719","description":"کدام یک از کاربردهای فیلتر نیست؟","answers":[{"id":"2696","description":"برچسب زنی اتوماتیک ایمیل","iscorrect":0},{"id":"2697","description":"فوروارد خودکار ایمیل ها","iscorrect":0},{"id":"2698","description":"کمک به مدیریت اسپم ها","iscorrect":0},{"id":"2699","description":"پرینت کردن ایمیل ها","iscorrect":1}]}]},{"score":"60","questions":[{"id":"720","description":"من می خواهم ایمیل های دریافتی از ۵ نفر از دوستانم را در یک پوشه دسته بندی کنم، پیشنهاد شما چیست؟","answers":[{"id":"2700","description":"هر وقت که ایمیلی دریافت کردم آن را برچسب بزنم.","iscorrect":0},{"id":"2701","description":"به صورت هفتگی به کنترل ایمیل های دریافتی از دوستانم بپردازم و آنها را برچسب یکسانی بزنم. زیرا انجام روزانه این کار باعث اتلاف وقت می شود.","iscorrect":0},{"id":"2702","description":"یک فیلتر بسازم و آدرس ایمیل همه را در آن اضافه کرده و آنها را با | از هم جدا کنم.","iscorrect":1}]},{"id":"721","description":"می خواهم پیام های دریافتی از همه آدرس های ایمیل درسنامه را برچسبی با نام «درسنامه» بزنم، کدام راه مناسب تر است؟","answers":[{"id":"2703","description":"برای هر کدام از آدرس ها یک فیلتر بسازم.","iscorrect":0},{"id":"2704","description":"تنها کافی است هنگام ساخت فیلتر در قسمت From عبارت darsnameh.com را بنویسم.","iscorrect":0},{"id":"2705","description":"بعد از دریافت هر ایمیل آن را لیبل بزنم.","iscorrect":0},{"id":"2706","description":"هنگام ساخت فیلتر در قسمت from بنویسم darsnameh.com@*","iscorrect":1}]},{"id":"722","description":"برای اینکه ایمیل های دریافتی از مدیرکل شرکت در هنگام فعال بودن Priority Inbox همیشه در قسمت ایمیل های Important قرار گیرند چه راهی را پیشنهاد می کنید؟","answers":[{"id":"2707","description":"برای ایمیل مدیر کل یک فیلتر بسازیم و گزینه Never send it to spam را تیک بزنیم.","iscorrect":0},{"id":"2708","description":"آدرس ایمیل مدیرکل را به لیست Contacts اضافه کنیم.","iscorrect":0},{"id":"2709","description":"برای مدیرکل یک فیلتر بسازیم و شرط Always mark it as important را بر روی همه ایمیل های دریافتی از وی اعمال کنیم و جهت اطمینان بیشتر گزینه Never send it to spam را هم تیک بزنیم.","iscorrect":1},{"id":"2710","description":"هر ایمیل دریافتی از وی را به صورت دستی دراگ کرده و در بخش ایمیل های Important قرار می دهیم.","iscorrect":0}]}]}]},{"name":"ترفندهای کار با جیمیل","id":"130","contentorder":"7","lesson_number":5,"type":0,"filename":"lesson130.html"},{"name":"چگونه چند آدرس ایمیل را با یک جیمیل مدیریت کنیم؟","id":"131","contentorder":"8","lesson_number":6,"type":0,"filename":"lesson131.html"},{"name":"چگونه چند آدرس ایمیل را با یک جیمیل مدیریت کنیم؟","id":"263","contentorder":"9","type":1,"set":[{"score":"60","questions":[{"id":"723","description":"کدامیک از فواید استفاده از تیک \"گزاردن یک نسخه از پیام بازیابی شده در سرور\" در هنگام اضافه کردن یک ایمیل به اکانت جیمیل است؟","answers":[{"id":"2711","description":"هنگام اضافه کردن ایمیل کاربردی ندارد","iscorrect":0},{"id":"2712","description":"نگهداری یک نسخه پشتیبان از ایمیل ها بر روی همان سرور اصلی","iscorrect":1},{"id":"2713","description":"انتقال رمز نگاری شده ایمیل ها به اکانت جیمیل","iscorrect":0},{"id":"2714","description":"حذف کامل و بدون ردپای ایمیل ها از سرور اصلی","iscorrect":0}]},{"id":"724","description":"کاربرد دکمه \"گزارش هرزنامه\" (Report Spam) چیست؟","answers":[{"id":"2715","description":"پاک کردن ایمیل ها","iscorrect":0},{"id":"2716","description":"ساخت ایمیل های اسپم","iscorrect":0},{"id":"2717","description":"ارسال ایمیل مزاحم و ناخواسته به پوشه \"هرزنامه\" (spam) و مطلع کردن جیمیل از مشکل ساز بودن آن","iscorrect":1}]},{"id":"725","description":"همین الان ایمیلی برایم ارسال شده و اینقدر مهم بوده که تلفنی از من برای پاسخگویی سریع درخواست شده. اما باید یک ساعت صبر کنم تا جیمیل پیام های آن اکانت ایمیل را دریافت کرده و نشان دهد. حال چه کنم؟","answers":[{"id":"2718","description":"در تب \"حساب ها و انتقال\" گزینه check mail now در مقابل ایمیل مورد نظر را کلیک می کنیم.","iscorrect":1},{"id":"2719","description":"جیمیل راه حلی برای این کار ندارد.","iscorrect":0},{"id":"2720","description":"ایمیل مورد نظر را از لیست \"چک کردن نامه از حساب های دیگر (استفاده از POP3)\" حذف کرده و دوباره آن را اضافه می کنیم، تا آخرین پیام ها را دریافت کند.","iscorrect":0},{"id":"2721","description":"فیلتر ویژه ای برای این کار تعریف می کنیم.","iscorrect":0}]}]},{"score":"60","questions":[{"id":"726","description":"در کدام یک از سرویس های زیر به صورت معمول نمی توان از قابلیت POP3 استفاده کرد؟","answers":[{"id":"2722","description":"یاهو","iscorrect":1},{"id":"2723","description":"جیمیل","iscorrect":0},{"id":"2724","description":"هات میل","iscorrect":0},{"id":"2725","description":"لایو مایکروسافت","iscorrect":0}]},{"id":"727","description":"کدام یک از شیوه های دریافت تاییدیه ایمیل اضافه شده به بخش \"ارسال نامه به عنوان\" (Send mail as) نیست؟","answers":[{"id":"2726","description":"مراجعه به آدرس ایمیل مورد نظر و استفاده از لینک فعال سازی.","iscorrect":0},{"id":"2727","description":"دریافت کد فعال سازی از طریق تماس صوتی.","iscorrect":1},{"id":"2728","description":"مراجعه به ایمیل اضافه شده و کپی کردن کد فعال سازی و درج آن در پنجره مربوطه در جیمیل.","iscorrect":0},{"id":"2729","description":"دریافت ایمیل فعال سازی از طریق کنترل پیام ها با (POP3).","iscorrect":0}]},{"id":"728","description":"برای ارسال پیام از طریق یکی از آدرس های ایمیل اضافه شده به اکانت جیمیل (در بخش Send mail as) چه باید کرد؟","answers":[{"id":"2730","description":"هر بار به بخش \"ارسال نامه به عنوان\" در تب \"حساب ها و انتقال\" مراجعه می کنیم و انتخاب می کنیم که با کدام آدرس پیام ارسال شود.","iscorrect":0},{"id":"2731","description":"به راحتی یک صفحه جدید جیمیل باز کرده و هنگام لود شدن صفحه، ایمیل پیش فرض برای ارسال پیام را انتخاب می کنیم.","iscorrect":0},{"id":"2732","description":"در صفحه ارسال پیام (Compose mail) در مقابل گزینه from آدرس ایمیل موردنظر برای ارسال پیام را انتخاب می کنیم.","iscorrect":1},{"id":"2733","description":"چنین امکانی در جیمیل گنجانده نشده است.","iscorrect":0}]}]}]},{"name":"چگونه آرشیو و اطلاعات تماس دیگر ایمیل ها را به جیمیل منتقل کنیم؟","id":"132","contentorder":"10","lesson_number":7,"type":0,"filename":"lesson132.html"},{"name":"چگونه آرشیو و اطلاعات تماس دیگر ایمیل ها را به جیمیل منتقل کنیم؟","id":"265","contentorder":"11","type":1,"set":[{"score":"60","questions":[{"id":"729","description":"کدام شیوه برای انتقال یک دفترچه تماس پرتعداد (Contacts) به اکانت جدید مناسب نیست؟","answers":[{"id":"2734","description":"ایمپورت کردن آنها از آدرس ایمیل قبلی با استفاده از بخش Import contacts.","iscorrect":0},{"id":"2735","description":"دانلود فایل لیست تماس ها از ایمیل قبلی به صورت یک فایل CSV و import آن در بخش \"مخاطبین\".","iscorrect":0},{"id":"2736","description":"ورود دستی آنها از طریق دکمه New Contact در بخش \"مخاطبین\" برای درج کامل اطلاعات هر فرد.","iscorrect":1},{"id":"2737","description":"دریافت اطلاعات تماس به صورت یک فایل CSV از تلفن همراه و ورود آن در بخش \"مخاطبین\".","iscorrect":0}]},{"id":"730","description":"دوست من سالها است که تنها از ایمیل رسمی اداری اش برای ارتباطات اش استفاده می کند و همه اطلاعات را بر روی برنامه مدیریت ایمیل ویندوزاش «مایکروسافت اوت لوک» نگه داری کرده است، حال می خواد آنها را به اکانت تازه جیمیل اش منتقل کند. پیشنهاد شما کدام است؟","answers":[{"id":"2738","description":"استفاده از برنامه Google Apps Migration for Microsoft Outlook برای انتقال آسان همه اطلاعات.","iscorrect":1},{"id":"2739","description":"ساخت فایل های فشرده تک تک از اطلاعات درون برنامه و آپلود آنها به درون جیمیل.","iscorrect":0},{"id":"2740","description":"استفاده از برنامه google-email-uploader-mac برای انتقال اطلاعات به سرور جیمیل.","iscorrect":0},{"id":"2741","description":"به دلیل مشکلات امنیتی بهتر است اطلاعات را به جیمیل منتقل نکرده و آنها را درون کامپیوترش نگه دارد.","iscorrect":0}]},{"id":"731","description":"امروز تصمیم گرفتم تمامی ایمیل های قبلی ام را به اکانت جیمیل ام منتقل کنم. اما تا زمانی که به همه دوستان و شرکای تجاری ام این خبر را بدهم، کمی زمان می برد. یعنی هنوز باید تا مدتی به آدرس های قبلی سر بزنم؟ شما پیشنهادی ندارید؟","answers":[{"id":"2742","description":"چاره ای نیست، تا مدتی ایمیل های قبلی ات را هم چک کن و وقتی اطمینان یافتی کسی با آنها تماس نمی گیرد حذف شان کن.","iscorrect":0},{"id":"2743","description":"جیمیل این امکان را دارد که به صورت خودکار تا ۳۰ روز آینده، همه ایمیل های ارسالی به آن اکانت را دریافت و برایت به نمایش بگذارد.","iscorrect":1},{"id":"2744","description":"همین الان تلفنی به همه خبر بده که دیگر برای ات ایمیلی نفرستاده و آدرس جدید را به آنها بده.","iscorrect":0}]}]},{"score":"60","questions":[{"id":"732","description":"هنگام شروع به کار جیمیل برای دریافت اطلاعات از ایمیل قدیمی چه باید کرد؟ آخر چندین ساعت طول می کشد.","answers":[{"id":"2745","description":"کاری از دست تان بر نمی آید، فقط باید صبر کنید.","iscorrect":0},{"id":"2746","description":"می توانید از کامپیوترتان استفاده کنید، اما اینترنت را باید برای جیمیل آزاد بگذارید.","iscorrect":0},{"id":"2747","description":"هیچ کاری لازم نیست بکنیم. جیمیل را ببندید و دنبال کارتان بروید سرور گوگل ایمیل ها را منتقل می کند.","iscorrect":1},{"id":"2748","description":"باید کامپیوتر تا اتمام کار روشن مانده و صفحه جیمیل باز باشد.","iscorrect":0}]},{"id":"733","description":"یک کاربر مک برای انتقال آرشیو پیام های اش از روی تاندربرد به جیمیل چه باید بکند؟","answers":[{"id":"2749","description":"انتقال پیام ها به ایمیل قبلی که روی تاندربرد تنظیم بوده و سپس از روی آن ایمیل به جیمیل.","iscorrect":0},{"id":"2750","description":"تهیه یک پشتیبان به صورت فایل CSV و انتقال آن به جیمیل.","iscorrect":0},{"id":"2751","description":"استفاده از برنامه google-email-uploader-mac.","iscorrect":1}]},{"id":"734","description":"شما به آدرس های ایمیلی که روی اکانت قبلی داشته اید هیچ نیازی ندارید و نمی خواهید آنها هنگام مهاجرت به جیمیل منتقل شوند. راحت ترین کار کدام است؟","answers":[{"id":"2752","description":"پس از اتمام ایمپورت به جیمیل، به بخش Contacts رفته و به صورت دستی آنها را پاک کنید.","iscorrect":0},{"id":"2753","description":"ابتدا آنها را از درون اکانت قبلی پاک کرده و سپس کار ایمپورت را شروع کنید.","iscorrect":0},{"id":"2754","description":"چنین چیزی امکان ندارد.","iscorrect":0},{"id":"2755","description":"در مراحل ایمپورت پس از ورود رمز عبور، گزینه Import contacts را تیک نزنید.","iscorrect":1}]}]}]},{"name":"جستجوی پیشرفته در جیمیل","id":"134","contentorder":"12","lesson_number":8,"type":0,"filename":"lesson134.html"},{"name":"امنیت ایمیل - نکات کلی","id":"133","contentorder":"13","lesson_number":9,"type":0,"filename":"lesson133.html"},{"name":"امنیت ایمیل - نکات کلی","id":"267","contentorder":"14","type":1,"set":[{"score":"60","questions":[{"id":"735","description":"نظر شما در خصوص اینکه به برنامه یا مرورگر ایمیل ها اجازه دهیم که پیام ها را به صورت HTML کامل نمایش دهد، چیست؟","answers":[{"id":"2756","description":"با این کار ممکن است کد خاصی اجرا شده و شما را به عنوان یک ایمیل واقعی به اسپمر معرفی کند یا برنامه ای ناخواسته نصب گردد.","iscorrect":1},{"id":"2757","description":"اشکالی ندارد و حتی باعث نمایش بهتر عکس ها و ویدیوها در صفحه ایمیل می شود.","iscorrect":0},{"id":"2758","description":"اگر کسی کنارتان باشد، ممکن است عکس های درون ایمیل را ببیند، که چندان جالب به نظر نمی رسد!","iscorrect":0},{"id":"2759","description":"باعث می شود پاسخ دهی به ایمیل ها بسیار آسان تر شود.","iscorrect":0}]},{"id":"736","description":"از آدرس ایمیل ناشناسی مرتبا خبرنامه ای برای تان ارسال می گردد، برای رهایی از شر آن چه می کنید؟","answers":[{"id":"2760","description":"هر بار که این خبرنامه را دریافت می کنم، آن را پاک می کنم.","iscorrect":0},{"id":"2761","description":"با کلیک روی لینک unsubscribe در پایین آن به اشتراک ام خاتمه می دهم.","iscorrect":0},{"id":"2762","description":"بدون استفاده از آن یا باز کردن اش، با زدن دکمه \"گزارش هرزنامه\" (Report Spam) آن را به گوگل معرفی می کنم تا توسط جیمیل بلوکه شده و دریافت نگردد.","iscorrect":1},{"id":"2763","description":"فیلتری تعریف می کنم که آن را آرشیو کند.","iscorrect":0}]},{"id":"737","description":"اس اس ال (SSL) چیست؟","answers":[{"id":"2764","description":"شیوه ای برای ارتباط امن بین کامپیوتر شما و سرور جهت انتقال مطمئن داده ها.","iscorrect":1},{"id":"2765","description":"شیوه ای برای جلوگیری از ایمیل های اسپم.","iscorrect":0},{"id":"2766","description":"ابزاری برای ساخت ایمیل های اسپم.","iscorrect":0},{"id":"2767","description":"نوعی کیت الکترونیکی برای ارتباط.","iscorrect":0}]}]},{"score":"60","questions":[{"id":"738","description":"کدامیک از مکان های زیر برای ارسال ایمیل امن تر محسوب می شود؟","answers":[{"id":"2768","description":"کامپیوترهای کافی نت","iscorrect":0},{"id":"2769","description":"اینترنت رایگان پارک محله","iscorrect":0},{"id":"2770","description":"اینترنت وایرلس همسایه","iscorrect":0},{"id":"2771","description":"اینترنت کابلی اداره","iscorrect":1}]},{"id":"739","description":"کدام شیوه نوشتن آدرس ایمیل در وبلاگ دردسر آفرین خواهد بود و ممکن است سبب دریافت ایمیل های اسپم بشود؟","answers":[{"id":"2772","description":"‏help@darsnameh.com","iscorrect":1},{"id":"2773","description":"‏help[at]darsnameh[dot]com","iscorrect":0},{"id":"2774","description":"‏help #@# darsnameh-dot-com","iscorrect":0},{"id":"2775","description":"استفاده از کد جاوا اسکریپت برای جلوگیری از دسترسی بات ها به ایمیل","iscorrect":0}]},{"id":"740","description":"قرار است قراردادهای مالی محرمانه شرکت را برای وکیل و حسابدارمان ارسال کنم. شما چه راهی را پیشنهاد می کنید؟","answers":[{"id":"2776","description":"آنها را اسکن کن و از طریق ایمیل برای آنها ارسال کنید.","iscorrect":0},{"id":"2777","description":"خودتان آنها را به صورت حضوری به دفتر وکیل و حسابدار تحویل دهید.","iscorrect":1},{"id":"2778","description":"آنها را مهر و موم کرده و با پیک برای افراد مورد نظر ارسال کنید.","iscorrect":0},{"id":"2779","description":"بعد از اسکن، فایل ها را به صورت رمزگذاری شده فشرده کنید و آنها را با استفاده از جیمیل ارسال کنید.","iscorrect":0}]}]}]},{"name":"امنیت در جیمیل","id":"135","contentorder":"15","lesson_number":10,"type":0,"filename":"lesson135.html"},{"name":"امنیت در جیمیل","id":"269","contentorder":"16","type":1,"set":[{"score":"60","questions":[{"id":"741","description":"کدام آدرس برای ورود به جیمیل مطمئن تر است؟","answers":[{"id":"2780","description":"‏http://mail.google.com","iscorrect":0},{"id":"2781","description":"‏https://mail.google.com","iscorrect":1},{"id":"2782","description":"‏https://gooya.com","iscorrect":0}]},{"id":"742","description":"اگر شما یک اکانت جیمیل را هک کنید، چه راهی را برای کنترل دائم پیام های دریافتی توسط آن اکانت پیشنهاد می کنید؟","answers":[{"id":"2783","description":"به صورت دوره ای به آن ایمیل سر زده و پیام هایش را می خوانید.","iscorrect":0},{"id":"2784","description":"کلا رمزعبور ایمیل را عوض کرده و آن را به اکانت جیمیل خودتان اضافه می کنید.","iscorrect":0},{"id":"2785","description":"یک فورواردر و فیلتر تعریف می کنید که پیام های دریافتی توسط آن اکانت را برای شما ارسال کند.","iscorrect":1}]},{"id":"743","description":"کدامیک از کارهای زیر در امنیت جیمیل تاثیر مهمی ندارند؟","answers":[{"id":"2786","description":"به روز بودن مرورگر و افزونه های آن.","iscorrect":0},{"id":"2787","description":"استفاده از کامپیوتر و اینترنت امن و تا حد امکان شخصی.","iscorrect":0},{"id":"2788","description":"استفاده از قابلیت HTTPS.","iscorrect":0},{"id":"2789","description":"استفاده از اینترنت با سرعت بالا.","iscorrect":1}]}]},{"score":"60","questions":[{"id":"744","description":"کدامیک از پیوست های زیر خطرناک ترند؟","answers":[{"id":"2790","description":"عکسی که از یکی از دوستان دریافت کرده اید.","iscorrect":0},{"id":"2791","description":"فایلی با حجم حدود ۳ کیلو بایت که از فرد ناشناسی دریافت کرده اید.","iscorrect":1},{"id":"2792","description":"آهنگ سرود دانشگاه که همکلاسی تان برای تان فرستاده.","iscorrect":0},{"id":"2793","description":"متن قرارداد بیمه که از وکیل تان دریافت کرده اید.","iscorrect":0}]},{"id":"745","description":"کدام گزینه را تحت عنوان «خروج امن از جیمیل» نمی توان گنجاند؟","answers":[{"id":"2794","description":"کلیک کردن لینک sign out و صبر کردن برای اتمام کار آن.","iscorrect":0},{"id":"2795","description":"پاک کردن تمام کوکی ها و هیستوری مرورگر.","iscorrect":0},{"id":"2796","description":"بستن مرورگر .","iscorrect":1}]},{"id":"746","description":"کدام یک از کارهای زیر امنیت رمزعبور جیمیل را به خطر می اندازند؟","answers":[{"id":"2797","description":"تعویض دوره ای رمزعبور.","iscorrect":0},{"id":"2798","description":"استفاده از رمزعبور سخت و با تعداد کاراکتر زیاد.","iscorrect":0},{"id":"2799","description":"پاک کردن کش و کوکی مرورگر پس از اتمام کار.","iscorrect":0},{"id":"2800","description":"استفاده از رمزعبور جیمیل برای بخش رمزعبور سایت های دیگر.","iscorrect":1}]}]}]},{"name":"امضای جیمیل","id":"136","contentorder":"17","lesson_number":11,"type":0,"filename":"lesson136.html"},{"name":"امضای جیمیل","id":"271","contentorder":"18","type":1,"set":[{"score":"60","questions":[{"id":"747","description":"وجود کدام مورد در امضای جیمیل برای اکانت کاری تان ضرورتی ندارد؟","answers":[{"id":"2801","description":"نام و نام خانوادگی","iscorrect":0},{"id":"2802","description":"موقعیت شغلی و نام اداره","iscorrect":0},{"id":"2803","description":"شماره تماس محل کار","iscorrect":0},{"id":"2804","description":"عکس پرسنلی خودتان","iscorrect":1}]},{"id":"748","description":"از چه راهی می توان عکسی را به امضای جیمیل اضافه کرد؟","answers":[{"id":"2805","description":"آپلود کردن آن روی یک سایت و درج آدرس آن در هنگام ساخت امضا","iscorrect":1},{"id":"2806","description":"جیمیل امکان درج عکس در امضا را ندارد.","iscorrect":0},{"id":"2807","description":"کپی- پیست کردن عکس در زیر متن ایمیل قبل از ارسال آن","iscorrect":0},{"id":"2808","description":"آپلود کردن عکس روی جیمیل و استفاده در پایان امضا","iscorrect":0}]},{"id":"749","description":"کاربرد امضای دیجیتال چیست؟","answers":[{"id":"2809","description":"اطمینان از صحت و سقم محتوای ایمیل و اصالت فرستنده آن","iscorrect":1},{"id":"2810","description":"زیبایی ایمیل و بالا بردن کلاس کاری شرکت","iscorrect":0},{"id":"2811","description":"افزایش انتخاب های گیرنده برای تماس با ما","iscorrect":0},{"id":"2812","description":"کاربرد خاصی ندارد و تنها باعث صرف هزینه های اضافی در شرکت می گردد.","iscorrect":0}]}]},{"score":"60","questions":[{"id":"750","description":"من در جیمیل ام ۵ اکانت مختلف را ثبت کرده ام. با استفاده از گزینه Signature یک امضای جیمیل برای اکانت اصلی جیمیل ام ایجاد کرده ام. آیا هنگام ارسال پیام با همه این اکانت ها می توانم از امضا استفاده کنم؟","answers":[{"id":"2813","description":"بله، همان یک امضا در پایان تمامی ایمیل های ارسالی اضافه خواهد شد.","iscorrect":0},{"id":"2814","description":"خیر، برای هر اکانت باید به صورت مجزا امضا بسازید.","iscorrect":1},{"id":"2815","description":"خیر، امضا تنها در اکانت اصلی جیمیل قابل استفاده است.","iscorrect":0},{"id":"2816","description":"در صورت استفاده از مرورگر اینترنت اکسپلورر، امضا در همه اکانت ها قابل استفاده خواهد بود.","iscorrect":0}]},{"id":"751","description":"وجود کدام مورد در امضای جیمیل برای اکانت کاری تان ضرورتی ندارد؟","answers":[{"id":"2817","description":"نام و نام خانوادگی","iscorrect":0},{"id":"2818","description":"موقعیت شغلی و نام اداره","iscorrect":0},{"id":"2819","description":"شماره تماس محل کار","iscorrect":0},{"id":"2820","description":"عکس پرسنلی خودتان","iscorrect":1}]},{"id":"752","description":"می خواهم لوگوی شرکت مان را در امضای جیمیل ام اضافه کنم، کدام یک از این موارد برای آپلود عکس مناسب ترند؟","answers":[{"id":"2821","description":"فلیکر","iscorrect":0},{"id":"2822","description":"رپید شیر","iscorrect":0},{"id":"2823","description":"آی آر آپلود","iscorrect":0},{"id":"2824","description":"سایت اختصاصی شرکت","iscorrect":1}]}]}]},{"name":"راهنمای مبارزه با اسپم (هرزنامه)","id":"137","contentorder":"19","lesson_number":12,"type":0,"filename":"lesson137.html"},{"name":"راهنمای مبارزه با اسپم","id":"273","contentorder":"20","type":1,"set":[{"score":"60","questions":[{"id":"753","description":"کدام یک از شیوه های زیر، روش بهتری برای ورود به حساب بانک اینترنتی شما است؟","answers":[{"id":"2825","description":"تایپ دستی آدرس در مرورگر و کنترل دقیق آدرس کامل بعد از باز شدن سایت","iscorrect":1},{"id":"2826","description":"هیچگاه از خدمات بانکی اینترنتی استفاده نکنیم.","iscorrect":0},{"id":"2827","description":"استفاده از لینکی که به تازگی از طرف بانک ایمیل شده","iscorrect":0},{"id":"2828","description":"استفاده از موتور جستجو و کلیک روی لینک بانک در نتایج جستجو","iscorrect":0}]},{"id":"754","description":"از یک آدرس ایمیل ناشناس مرتبا ایمیل های مزاحمی دریافت می کنم، شیوه صحیح خلاص شدن از دست آنها کدام است؟","answers":[{"id":"2829","description":"با ریپلای کردن یکی از ایمیل های دریافتی، خواهش کنم که دیگر ایمیلی ارسال نکنند.","iscorrect":0},{"id":"2830","description":"بدون استفاده از ایمیل و محتوای آن، همیشه با دکمه \\\"گزارش هرزنامه\\\" (Report Spam) از جیمیل بخواهم که این گروه ایمیل را اسپم تلقی کند.","iscorrect":1},{"id":"2831","description":"با زدن دکمه unsubscribe در پایان ایمیل، دریافت ایمیل از آن آدرس را پایان دهم.","iscorrect":0},{"id":"2832","description":"کار خاصی نمی توان کرد و فقط باید وقت گذاشت و ایمیل های مزاحم را پاک کرد.","iscorrect":0}]},{"id":"755","description":"معمولا هدف حملات فیشینگ چیست؟","answers":[{"id":"2833","description":"تخریب سیستم عامل و سخت افزار کامپیوتر","iscorrect":0},{"id":"2834","description":"سرقت اطلاعات مهم شما و بهره برداری مالی از آنها","iscorrect":1},{"id":"2835","description":"هک کردن ایمیل و از کار انداختن آن","iscorrect":0},{"id":"2836","description":"نوعی شیوه پیشرفته ماهیگیری است.","iscorrect":0}]}]},{"score":"60","questions":[{"id":"756","description":"پیشنهاد می کنید از کدام ایمیل برای عضویت در یک گروه خبرهای روزانه یاهو استفاده کنم؟","answers":[{"id":"2837","description":"‏mirmahya@gmail.com","iscorrect":0},{"id":"2838","description":"‏m.irmahya@gmail.com","iscorrect":0},{"id":"2839","description":"‏mirmahya+yahoonews@gmail.com","iscorrect":1}]},{"id":"757","description":"فایده استفاده از آدرس های ایمیل پیچیده چیست؟","answers":[{"id":"2840","description":"به خاطر سپردن سریع آن برای اسپمرها و استفاده از آن سخت می گردد.","iscorrect":0},{"id":"2841","description":"امکان خوانده شدن آن توسط ربات های اسپمر بسیار کم می شود.","iscorrect":0},{"id":"2842","description":"باعث می شود احتمال وجود آن در لیست خودکار ایمیل های تولید شده کاهش یابد.","iscorrect":1},{"id":"2843","description":"تنها کار را برای گیرندگان ایمیل تان مشکل کرده و فایده ای ندارد.","iscorrect":0}]},{"id":"758","description":"دکمه Report Spam چه کاربردی دارد؟","answers":[{"id":"2844","description":"ارسال اسپم برای دیگر افراد موجود در لیست تماس","iscorrect":0},{"id":"2845","description":"ایجاد گزارش از ایمیل های درون پوشه اسپم","iscorrect":0},{"id":"2846","description":"نمایش گزارش اسپم های اخیر دریافتی توسط شما","iscorrect":0},{"id":"2847","description":"معرفی ایمیل های ناخواسته به سرور جیمیل به عنوان اسپم و حذف آن از \\\"صندوق ورودی\\\"","iscorrect":1}]}]}]},{"name":"نگاهی به آناتومی یک ایمیل - بخش اول","id":"138","contentorder":"21","lesson_number":13,"type":0,"filename":"lesson138.html"},{"name":"نگاهی به آناتومی یک ایمیل - بخش دوم","id":"139","contentorder":"22","lesson_number":14,"type":0,"filename":"lesson139.html"},{"name":"نگاهی به آناتومی یک ایمیل","id":"275","contentorder":"23","type":1,"set":[{"score":"60","questions":[{"id":"759","description":"ارسال یک ایمیل در ساده ترین شکل، چگونه انجام می گیرد؟","answers":[{"id":"2848","description":"از کامپیوتر شما به کامپیوتر گیرنده","iscorrect":0},{"id":"2849","description":"از کامپیوتر شما یه ایمیل گیرنده","iscorrect":0},{"id":"2850","description":"از کامپیوتر شما به هاست ایمیل. از آن، به هاست گیرنده و در انتها به کامپیوتر گیرنده","iscorrect":1},{"id":"2851","description":"از ایمیل شما به هاست مربوطه و از آن به کامپیوتر شما","iscorrect":0}]},{"id":"760","description":"یک پیام ایمیلی از چه بخش های کلی تشکیل شده است؟","answers":[{"id":"2852","description":"هدر، بادی و پیوست","iscorrect":1},{"id":"2853","description":"عنوان، تیتر و پانوشت","iscorrect":0},{"id":"2854","description":"تاریخ، هدر، آی دی","iscorrect":0}]},{"id":"761","description":"کدام روش مشاهده و خواندن ایمیل امن تر است؟","answers":[{"id":"2855","description":"مشاهده پیام به صورت متن ساده یا plain-text","iscorrect":1},{"id":"2856","description":"مشاهده پیام به صورت اچ تی ام ال کامل","iscorrect":0},{"id":"2857","description":"مشاهده پیام به صورت عکس یا ویدیو","iscorrect":0},{"id":"2858","description":"مشاهده پیام به صورت فلش","iscorrect":0}]}]},{"score":"60","questions":[{"id":"762","description":"کدام تعریف برای هدر صحیح تر است؟","answers":[{"id":"2859","description":"بخشی از ایمیل که حاوی اطلاعاتی است تا ماشین ها آن را فهمیده و ایمیل را ارسال کنند.","iscorrect":1},{"id":"2860","description":"بخش بالایی ایمیل که حاوی اطلاعات تماس و خوش و بش با گیرنده است، که قبل از درخواست می آید.","iscorrect":0},{"id":"2861","description":"در ایمیل چنین بخشی نداریم.","iscorrect":0},{"id":"2862","description":"بخش انتهایی ایمیل که محل قرار گیری امضا و مشخصات فردی شما است.","iscorrect":0}]},{"id":"763","description":"کدام یک از موارد زیر به شکل دقیق تری نشان دهنده یک ایمیل اسپم است؟","answers":[{"id":"2863","description":"بخش بادی ایمیل خالی باشد و چیزی در آن نوشته نشده باشد.","iscorrect":0},{"id":"2864","description":"زنجیر اطلاعات مسیریابی هدر دچار پارگی باشد و یا نام سرورها با آی پی آنها همخوان نباشد.","iscorrect":1},{"id":"2865","description":"ایمیل با سابجکت «توجه کنید، تبلیغات» و به صورت گروهی ارسال شده باشد.","iscorrect":0},{"id":"2866","description":"ایمیلی که متن آن به صورت فینگلیش نوشته شده باشد.","iscorrect":0}]},{"id":"764","description":"کدام یک از موارد زیر را راحت تر می توان جعل کرد؟","answers":[{"id":"2867","description":"‏From","iscorrect":1},{"id":"2868","description":"‏return-path","iscorrect":0},{"id":"2869","description":"‏protocol","iscorrect":0}]}]}]},{"name":"استفاده از جیمیل به صورت آفلاین","id":"142","contentorder":"24","lesson_number":15,"type":0,"filename":"lesson142.html"},{"name":"استفاده از جیمیل به صورت آفلاین","id":"277","contentorder":"25","type":1,"set":[{"score":"60","questions":[{"id":"767","description":"هنگام فعال کردن جیمیل آفلاین، چه بر سر فایل های پیوست ایمیل ها خواهد آمد؟","answers":[{"id":"2881","description":"شما حق انتخاب دارید که همه فایل های پیوست، یا فایل های تا حجم خاصی دانلود شوند.","iscorrect":1},{"id":"2880","description":"بدون سوال از شما تمامی پیوست ها با هر حجم و اندازه ای بر روی سیستم تان دانلود می شوند.","iscorrect":0},{"id":"2879","description":"جیمیل آفلاین صرفا مربوط به ایمیل های بدون پیوست است و با ایمیل های دارای پیوست کاری ندارد.","iscorrect":0},{"id":"2878","description":"برای صرفه جویی در پهنای باند و اشغال نشدن هارد کامپیوترتان، هیچ یک از فایل های پیوست دانلود نمی گردند.","iscorrect":0}]},{"id":"766","description":"برای استفاده از جیمیل آفلاین به چه افزونه ای نیاز داریم؟","answers":[{"id":"2876","description":"‏bookmark","iscorrect":0},{"id":"2877","description":"‏Firebug","iscorrect":0},{"id":"2874","description":"Gmail Offline مرورگر کروم","iscorrect":1},{"id":"2875","description":"‏down-them-all","iscorrect":0}]},{"id":"765","description":"جیمیل آفلاین چه کار می کند؟","answers":[{"id":"2873","description":"می توانید وقتی به اینترنت دسترسی ندارید، ایمیل های تان را خوانده و پاسخ داده، یا آرشیو کرده و لیبل بزنید. تا هنگام اتصال به اینترنت این کارها به صورت خودکار روی اکانت جیمیل تان اعمال شوند.","iscorrect":1},{"id":"2872","description":"برای مواقعی که نمی خواهید کسی مزاحم تان شود اکانت شما را به صورت آفلاین در می آورد.","iscorrect":0},{"id":"2871","description":"هنگامی که آفلاین هستید به صورت خودکار ایمیل های تان را پاسخ می دهد.","iscorrect":0},{"id":"2870","description":"بک آپی از تمامی ایمیل های تان به صورت رمزگذاری شده روی کامپیوتر ذخیره می کند.","iscorrect":0}]}]},{"score":"60","questions":[{"id":"769","description":"قابلیت آفلاین جیمیل در چه مرورگرهایی قابل استفاده است؟","answers":[{"id":"2887","description":"فعلا از این امکان تنها در مرورگر کروم گوگل و بر روی تمامی سیستم عامل های دسک تاپ می توان بهره برد.","iscorrect":1},{"id":"2886","description":"این امکان از نظر مرورگر مورد استفاده محدودیتی ندارد، ولی تنها در سیستم عامل ویندوز قابل استفاده است.","iscorrect":0},{"id":"2888","description":"استفاده از جیمیل آفلاین تنها محدود به مرورگر کروم و سیستم عامل لینوکس است.","iscorrect":0},{"id":"2889","description":"این قابلیت تنها در مرورگر سافاری و سیستم عامل ویندوز فعال می شود.","iscorrect":0}]},{"id":"768","description":"در جیمیل آفلاین امکان انجام کدام یک از کارهای زیر وجود دارد؟","answers":[{"id":"2885","description":"ارسال ایمیل","iscorrect":0},{"id":"2884","description":"همه موارد","iscorrect":1},{"id":"2882","description":"برچسب زدن ایمیل ها","iscorrect":0},{"id":"2883","description":"گزارش ایمیل های اسپم به عنوان هرزنامه","iscorrect":0}]},{"id":"770","description":"چگونه می توان جیمیل آفلاین را غیر فعال کرد؟","answers":[{"id":"2890","description":"این امکان دائما فعال بوده و نمی توان آن را غیرفعال کرد.","iscorrect":0},{"id":"2891","description":"باید از طریق ایمیل درخواستی برای مدیر فنی جیمیل ارسال کنید.","iscorrect":0},{"id":"2892","description":"ابتدا از اکانت گوگل درون اپلیکیشن جیمیل آفلاین خارج شده و آنگاه اطلاعات اکانت جیمیل از روی کامپیوتر را حذف می کنیم.","iscorrect":1},{"id":"2893","description":"قابلیت آفلاین جیمیل تنها مختص به اکانت های ویژه آن است.","iscorrect":0}]}]}]},{"name":"مدیریت ایمیل ها روی دسکتاپ - تاندربرد","id":"143","contentorder":"26","lesson_number":16,"type":0,"filename":"lesson143.html"},{"name":"مکاتبات ایمیلی به صورت رمزنگاری شده","id":"144","contentorder":"27","lesson_number":17,"type":0,"filename":"lesson144.html"},{"name":"مکاتبات ایمیلی به صورت رمزنگاری شده","id":"279","contentorder":"28","type":1,"set":[{"score":"60","questions":[{"id":"771","description":"کدام بخش از ایمیل معمولا بدون هیچ رمزنگاری و به صورت متن معمولی رد و بدل می گردد؟","answers":[{"id":"2894","description":"‏Body","iscorrect":0},{"id":"2895","description":"پاراگراف آخر متن نوشته شده","iscorrect":0},{"id":"2896","description":"‏Subject","iscorrect":1},{"id":"2897","description":"امضای جیمیل در انتهای متن نوشته شده","iscorrect":0}]},{"id":"772","description":"استفاده از PGP چه مزیتی دارد؟","answers":[{"id":"2898","description":"ایمیل به صورت رمزگذاری شده و با امنیت بالا رد و بدل می شود.","iscorrect":1},{"id":"2899","description":"ارسال پیام با سرعت بالا انجام شده و سریعتر به دست گیرنده می رسد.","iscorrect":0},{"id":"2900","description":"باعث ارتباط امن صوتی هنگام چت در یاهو می گردد.","iscorrect":0},{"id":"2901","description":"باعث ارسال امن اس ام اس از گوشی به گوشی دیگر می شود.","iscorrect":0}]},{"id":"773","description":"برای استفاده از تاندربرد برای رمزگذاری ایمیل به صورت PGP به کدام ابزار نیاز داریم؟","answers":[{"id":"2902","description":"هاست و دامنه اختصاصی برای نصب برنامه های ویژه رمزنگاری","iscorrect":0},{"id":"2903","description":"کامپیوتر اختصاصی با قدرت سخت افزاری بسیار بالا برای بازگشایی رمز ایمیل ها","iscorrect":0},{"id":"2904","description":"افزونه ویژه تاندربرد و نصب برنامه پی جی پی بر روی سیستم","iscorrect":1},{"id":"2905","description":"کامپیوتر مجهز به لینوکس و تلفن همراه مجهز به دوبین","iscorrect":0}]}]},{"score":"60","questions":[{"id":"774","description":"کدام یک از برنامه های زیر برای ارسال ایمیل رمزگذاری شده به شیوه PGP مناسب نیستند؟","answers":[{"id":"2906","description":"تاندربرد","iscorrect":0},{"id":"2907","description":"جی تاک","iscorrect":1},{"id":"2908","description":"اوت لوک","iscorrect":0},{"id":"2909","description":"اپل میل","iscorrect":0}]},{"id":"775","description":"در سیستم دو کلیدی هر کدام از کلید ها چگونه باید نگهداری شود؟","answers":[{"id":"2910","description":"کلید Public می تواند در اختیار گیرنده قرار بگیرد و کلید Private باید فقط دست خودمان باشد.","iscorrect":1},{"id":"2911","description":"هر دو کلید را باید به گیرنده بدهیم.","iscorrect":0},{"id":"2912","description":"هیچ کدام از کلیدها نباید به دست دیگران بیافتد.","iscorrect":0},{"id":"2913","description":"کلید Public تنها دست خودمان است و Private را به گیرنده می دهیم.","iscorrect":0}]},{"id":"776","description":"کدام یک از شیوه های رایج رمزگذاری ایمیل ها است؟","answers":[{"id":"2914","description":"‏PGP","iscorrect":1},{"id":"2915","description":"‏NGP","iscorrect":0},{"id":"2916","description":"‏FTP","iscorrect":0}]}]}]},{"name":"تهیه نسخه پشتیبان از ایمیل ها در جیمیل","id":"145","contentorder":"29","lesson_number":18,"type":0,"filename":"lesson145.html"},{"name":"تهیه نسخه پشتیبان از ایمیل ها در جیمیل","id":"281","contentorder":"30","type":1,"set":[{"score":"60","questions":[{"id":"777","description":"فایده تهیه نسخه پشتیبان از اکانت جیمیل چیست؟","answers":[{"id":"2917","description":"وقتی به اینترنت دسترسی ندارید بتوانید ایمیل های تان را بخوانید.","iscorrect":0},{"id":"2918","description":"در صورتی که مشکلی برای اکانت جیمیل تان پیش آمد، بتوانید ایمیل ها را بازیابی کرده یا در اکانت جدید وارد کنید.","iscorrect":1},{"id":"2919","description":"فایل های پیوست را به صورت یکجا و در یک پوشه در اختیار دارید و احتیاج به دانلود یک به یک آنها نیست.","iscorrect":0},{"id":"2920","description":"از لحاظ امنیتی به هیچ وجه توصیه نمی شود. ممکن است باعث بسته شدن اکانت شما شود!","iscorrect":0}]},{"id":"778","description":"کدام برنامه قابلیت تهیه نسخه پشتیبان از جیمیل را دارد؟","answers":[{"id":"2921","description":"‏Google Labs","iscorrect":0},{"id":"2922","description":"‏Gmail Backup","iscorrect":1},{"id":"2923","description":"‏FireFox","iscorrect":0},{"id":"2924","description":"‏Pidgin","iscorrect":0}]},{"id":"779","description":"کدام مورد درباره کاربرد نسخه بک آپ جیمیل صحیح است؟","answers":[{"id":"2925","description":"هنگامی نام کاربری و رمز عبور را فراموش کرده اید و دسترسی به ایمیل تان نخواهید داشت.","iscorrect":0},{"id":"2926","description":"هنگامی که بیش از ۹ ماه به ایمیل تان سر نزده اید و جیمیل همه ایمیل های قبلی را پاک کرده است.","iscorrect":0},{"id":"2927","description":"هنگامی که یک هکر یا دوست شوخ طبع تمام ایمیل های تان را پاک کرده باشد.","iscorrect":0},{"id":"2928","description":"همه موارد","iscorrect":1}]}]},{"score":"60","questions":[{"id":"783","description":"فایده استفاده از برنامه تاندربرد برای تهیه نسخه پشتیبان چیست؟","answers":[{"id":"2941","description":"می توانید علاوه بر پشتیبان گیری، مدیریت و ارسال و دریافت ایمیل را هم با آن انجام دهید","iscorrect":1},{"id":"2942","description":"به صورت هماهنگ با برنامه فایرفاکس شرکت موزیلا کار می کند","iscorrect":0},{"id":"2943","description":"این برنامه برای تهیه نسخه پشتیبان نیست و فقط قابلیت ارسال ایمیل را دارد","iscorrect":0},{"id":"2944","description":"تنها بر روی سیستم های ویندوزی قابل استفاده است","iscorrect":0}]},{"id":"784","description":"کدام یک از موارد زیر جزو مزایای سرویس Backupify (نسخه رایگان) محسوب نمی شود؟","answers":[{"id":"2945","description":"امکان تهیه نسخه پشتیبان از بیشتر حساب های آنلاین شما مانند جیمیل، تویتر، فیس بوک و .. را دارد","iscorrect":0},{"id":"2946","description":"بک آپ گیری را به صورت خودکار طی زمان های مشخص انجام می دهد","iscorrect":0},{"id":"2947","description":"ارتباط آن با سرور حساب های تان به صورت امن و HTTPS است","iscorrect":0},{"id":"2948","description":"حجم نامحدود بک آپ گیری و انتقال خودکار نسخه های پشتیبان به کامپیوتر شما","iscorrect":1}]},{"id":"785","description":"هنگام تهیه نسخه پشتیبان جیمیل با تاندربرد، شیوه دریافت ایمیل باید به چه صورتی باشد؟","answers":[{"id":"2949","description":"POP","iscorrect":1},{"id":"2950","description":"http","iscorrect":0},{"id":"2951","description":"SMTP","iscorrect":0},{"id":"2952","description":"Rock","iscorrect":0}]}]}]},{"name":"چگونگی بازیابی رمزعبور جیمیل","id":"148","contentorder":"31","lesson_number":19,"type":0,"filename":"lesson148.html"},{"name":"چرخی در آزمایشگاه جیمیل","id":"147","contentorder":"32","lesson_number":20,"type":0,"filename":"lesson147.html"},{"name":"مدیریت کارها با استفاده از جیمیل","id":"149","contentorder":"33","lesson_number":21,"type":0,"filename":"lesson149.html"},{"name":"مدیریت کارها با استفاده از جیمیل","id":"284","contentorder":"34","type":1,"set":[{"score":"60","questions":[{"id":"786","description":"جی تی دی چیست؟","answers":[{"id":"2953","description":"یکی از شیوه های مرسوم و موفق مدیریت کار، زمان و فعالیت های روزانه","iscorrect":1},{"id":"2954","description":"یکی از بازی های محبوب استراتژیک کامپیوتری","iscorrect":0},{"id":"2955","description":"یکی از برند های موفق کارت گرافیک","iscorrect":0},{"id":"2956","description":"یکی از شیوه های تهیه نسخه پشتیبان از ایمیل","iscorrect":0}]},{"id":"787","description":"برای اضافه کردن یک کار یا فعالیت به لیست ایمیل های جیمیل چه می کنیم؟","answers":[{"id":"2957","description":"ایمیل برای چنین کاربردهایی ساخته نشده.","iscorrect":0},{"id":"2958","description":"آن را درون یک ایمیل و یا سابجکت آن نوشته و برای خودمان ارسال می کنیم.","iscorrect":1},{"id":"2959","description":"آن را برای یکی از دوستان مان ارسال کرده و از وی می خواهیم تا ایمیل را بازپس بفرستد.","iscorrect":0},{"id":"2960","description":"آن را درون یک ایمیل نوشته و به صورت draft ذخیره می کنیم.","iscorrect":0}]},{"id":"788","description":"در جیمیل چگونه می توان کارها را به شیوه جی تی دی مدیریت و سازماندهی کرد؟","answers":[{"id":"2961","description":"با استفاده از Tasks یا لیبل و فیلتر.","iscorrect":1},{"id":"2962","description":"با استفاده از پوشه Spam و Trash.","iscorrect":0},{"id":"2963","description":"جیمیل امکانی برای انجام چنین کاری ندارد.","iscorrect":0},{"id":"2964","description":"با استفاده از قابلیت POP3 جیمیل.","iscorrect":0}]}]},{"score":"60","questions":[{"id":"789","description":"استفاده از علائم خاص مانند ! و # در ابتدای نام لیبل های ویژه مدیریت کارها چه فایده ای دارد؟","answers":[{"id":"2965","description":"در جیمیل استفاده از علائم اینچنینی در نام لیبل امکان پذیر نیست.","iscorrect":0},{"id":"2966","description":"تنها باعث زیباتر شدن نام لیبل می شود.","iscorrect":0},{"id":"2967","description":"لیبل های دارای چنین علائمی در ستون سمت چپ، بالاتر از بقیه لیبل ها قرار می گیرند و دسترسی به آنها بسیار آسان می شود.","iscorrect":1},{"id":"2968","description":"کاربرد خاصی ندارد.","iscorrect":0}]},{"id":"790","description":"چگونه یک ایمیل را تبدیل به یک فعالیت در کادر Tasks می کنیم؟","answers":[{"id":"2969","description":"چنین کاری ممکن نیست و باید فعالیت مورد نظر را به صورت دستی ثبت کرد.","iscorrect":0},{"id":"2970","description":"با ساخت و استفاده از لیبلی به نام Tasks.","iscorrect":0},{"id":"2971","description":"وقتی ایمیل را باز کردیم از منوی More Actions گزینه Add to tasks را انتخاب می کنیم.","iscorrect":1},{"id":"2972","description":"با آرشیو کردن ایمیل، آن را به لیست کارهای مان در Tasks اضافه می کنیم.","iscorrect":0}]},{"id":"791","description":"چگونه از لیبل برای مدیریت کارها به روش جی تی دی استفاده کنیم؟","answers":[{"id":"2973","description":"چنین چیزی امکان ندارد و نیاز به نرم افزارهای ویژه ای دارد.","iscorrect":0},{"id":"2974","description":"برای هر گروه کاری یا پروژه لیبل جداگانه ای تعریف می کنیم.","iscorrect":1},{"id":"2975","description":"برای هر کاری لیبل جداگانه ای تعریف می کنیم.","iscorrect":0},{"id":"2976","description":"افزونه Gears را بر روی جیمیل نصب می کنیم.","iscorrect":0}]}]}]},{"name":"اصول مدیریت ایمیل - بخش اول","id":"150","contentorder":"35","lesson_number":22,"type":0,"filename":"lesson150.html"},{"name":"اصول مدیریت ایمیل - بخش دوم","id":"151","contentorder":"36","lesson_number":23,"type":0,"filename":"lesson151.html"},{"name":"اصول مدیریت ایمیل","id":"286","contentorder":"37","type":1,"set":[{"score":"60","questions":[{"id":"792","description":"چرا برای خرید آنلاین و عضویت در گروه ها بهتر است از ایمیل مجزا استفاده کنیم","answers":[{"id":"2977","description":"معمولا سایت های خرید آنلاین و گروه ها بعد از عضویت شروع به ارسال هرزنامه می کنند که باعث دردسر و پر شدن ایمیل می گردد.","iscorrect":1},{"id":"2978","description":"زیرا امنیت خرید اهمیت دارد و ممکن است با استفاده از ایمیل اصلی مان به خطر بیافتد.","iscorrect":0},{"id":"2979","description":"سایت های خرید آنلاین ایمیل های قدیمی را قبول نمی کنند و باید ایمیل جدیدی بسازیم.","iscorrect":0},{"id":"2980","description":"دلیلی برای این کار وجود ندارد. از همان ایمیل اصلی تان برای این کارها استفاده کنید.","iscorrect":0}]},{"id":"793","description":"کدام \\\"صندوق ورودی\\\" کاراتر و بهتر است؟","answers":[{"id":"2981","description":"در پایان روز هیچ ایمیل نخوانده و دسته بندی نشده ای در آن نباشد.","iscorrect":1},{"id":"2982","description":"همیشه تعداد زیادی ایمیل در انتظار خواندن و پاسخ درون آن باشد تا هم نشان دهنده پرکار بودن من باشد و هم دریافت پاسخ دیرتر، نشان دهنده اهمیت و کلاس کاری شرکت ام باشد.","iscorrect":0},{"id":"2983","description":"ایمیل های منتظر پاسخ همه درون آن لیست شوند تا جواب فراموش نشود، هر چند که مانند بازار شام شلوغ باشد.","iscorrect":0},{"id":"2984","description":"اینباکس را برای ایمیل ساخته اند؟ چرا خالی؟","iscorrect":0}]},{"id":"794","description":"دوست من می خواهد چند روزی برای استراحت به مسافرت برود. چه پیشنهادی برای مدیریت ایمیل های اش در این مدت دارید؟","answers":[{"id":"2985","description":"هیچگاه نباید از ایمیل اش غافل شود، به هر قیمتی خودش را به اینترنت برساند و از هر کامپیوتری که شد برای رسیدگی به ایمیل استفاده کند.","iscorrect":0},{"id":"2986","description":"موضوع مهمی که نیست، با خیال راحت به مسافرت رفته و مدیریت ایمیل را به بعد از آن موکول کند.","iscorrect":0},{"id":"2987","description":"نام کاربری و رمزعبورش را به شما بدهد تا در این مدت به ایمیل های دریافتی رسیدگی کرده و پاسخ دهید.","iscorrect":0},{"id":"2988","description":"یک پاسخ خودکار تعطیلات Vacation Responce در جیمیل تعریف کند و دلیل تاخیر در پاسخگویی و زمان برگشت را در آن اعلام کند.","iscorrect":1}]}]},{"score":"60","questions":[{"id":"795","description":"گیرنده ایمیل من فرد مشهوری است که سرش حسابی شلوغ است، سابجکت را چگونه بنویسم که حتما آن را خوانده و پاسخ دهد؟","answers":[{"id":"2989","description":"ایمیل بسیار مهم - لطفا سریعا جواب دهید. Urgent - فوری!!!","iscorrect":0},{"id":"2990","description":"مشکل در قرارداد شماره ۲۳۴۵ با شرکت شما برای پشتیبانی اینترنت وایرلس","iscorrect":1},{"id":"2991","description":"قرارداد شماره ۲۳۴۵","iscorrect":0},{"id":"2992","description":"مشکل کاری مهمی پیش آمده","iscorrect":0}]},{"id":"796","description":"کدام گفته درباره یک متن ایمیل کوتاه درست نیست؟","answers":[{"id":"2993","description":"گیرنده هم می آموزد که چگونه باید پاسخ شما را ارسال کند.","iscorrect":0},{"id":"2994","description":"یک زمان طولانی را برای نوشتن یک درخواست کوچک هدر نداده اید.","iscorrect":0},{"id":"2995","description":"به دلیل صراحت و رک بودن متن، گیرنده منظورتان را کاملا متوجه شده و پاسخ لازم را ارسال می کند.","iscorrect":0},{"id":"2996","description":"به دلیل کوتاهی وقتی برای تعارفات مرسوم نیست و باعث دلخوری گیرنده می شود.","iscorrect":1}]},{"id":"797","description":"هنگام پاسخ به یک ایمیل به صورت Reply کدام عمل صحیح است؟","answers":[{"id":"2997","description":"مذاکرات قبلی را در متن پیام باقی می گذاریم و در بالای آنها پاسخ خودمان را بنویسیم تا گیرنده به سابقه پاسخ دسترسی داشته باشد.","iscorrect":1},{"id":"2998","description":"مذاکرات قبلی را از متن پیام پاک کرده و پاسخ را بنویسیم.","iscorrect":0},{"id":"2999","description":"هنگام زدن دکمه ریپلای، خود به خود مذاکرات قبلی حذف می شوند.","iscorrect":0}]}]}]}]}