{"courseId":"48","contents":[{"name":"درس اول- چگونگی انتخاب یک سیستم عامل امن و مناسب","id":"327","contentorder":"1","lesson_number":1,"type":0,"filename":"lesson327.html"},{"name":"چگونگی انتخاب یک سیستم عامل امن و مناسب","id":"492","contentorder":"2","type":1,"set":[{"score":"60","questions":[{"id":"1483","description":"کدام یک از سیستم عامل های زیر کاملا امن است و به طور ۱۰۰ درصد می توان برای وبلاگ نویسی به آن اعتماد کرد؟","answers":[{"id":"5710","description":"ویندوز XP","iscorrect":0},{"id":"5711","description":"Mac OS X","iscorrect":0},{"id":"5712","description":"لینوکس ردهت","iscorrect":0},{"id":"5713","description":"هیچکدام","iscorrect":1}]},{"id":"1484","description":"آیا انتخاب سیستم عامل در امنیت وبلاگ نویسی تاثیر و اهمیت دارد؟","answers":[{"id":"5714","description":"انتخاب سیستم عامل موضوعی سلیقه ای بوده و از نقطه نظر امنیتی هیچ مزیتی میان سیستم عامل های مختلف نیست.","iscorrect":0},{"id":"5715","description":"با توجه به اینکه برخی سیستم عامل ها امکانات لازم برای وبلاگ نویسی را ندارند، صرف نظر از مسئله امنیت، شما به هیچ وجه قادر به استفاده از آنها نیستید‪.‬","iscorrect":0},{"id":"5716","description":"با توجه به درصد بدافزار و ویروس های منتشر شده برای هر سیستم عامل و میزان نفوذپذیری آن در برابر افراد مهاجم، باید سیستم عامل مناسبی انتخاب کرد.","iscorrect":1},{"id":"5717","description":"از آنجایی که تمام سیستم عامل های موجود کاملا امن بوده و از قدرت حفاظت یکسانی برخوردار هستند، این موضوع در انتخاب سیستم عامل اهمیتی ندارد.","iscorrect":0}]},{"id":"1485","description":"کدام یک از مزایای لینوکس نیست؟","answers":[{"id":"5718","description":"دارای فروم و انجمن های فراوانی به زبان های مختلف است که می تواند در هنگام مشکل به کمک شما بیاید.","iscorrect":0},{"id":"5719","description":"نسخه های متفاوت آن به گونه ای بهینه سازی شده اند که بر روی کامپیوترهای مختلف با قدرت پردازش متفاوت به راحتی نصب می شوند.","iscorrect":0},{"id":"5720","description":"به دلیل ساختار ویژه خود به هیچ وجه به ویروس یا بدافزار آلوده نمی گردند.","iscorrect":1},{"id":"5721","description":"به دلیل متن باز بودن، تقریبا دست شما برای هرگونه تنظیم و تغییری باز بوده و می توانید نسخه اختصاصی و ویژه خودتان را داشته باشید.","iscorrect":0}]}]},{"score":"60","questions":[{"id":"1486","description":"کدام یک از سیستم عامل های زیر پایین ترین میزان امنیت را دارد؟","answers":[{"id":"5722","description":"لینوکس رد هت","iscorrect":0},{"id":"5723","description":"ویندوز ۷","iscorrect":0},{"id":"5724","description":"Mac OS X Leopard","iscorrect":0},{"id":"5725","description":"ویندوز XP","iscorrect":1}]},{"id":"1487","description":"چرا بدافزار و ویروس های ساخته شده برای سیستم عامل Mac OS X بسیار کمتر از ویندوز هستند؟","answers":[{"id":"5726","description":"به دلیل تعداد کمتر کاربران و کامپیوترهای مجهز به Mac OS در دنیا، معمولا هکرها و برنامه نویس ها ترجیح می دهند بر روی طراحی حمله به ویندوز وقت بگذارند.","iscorrect":0},{"id":"5727","description":"امنیت بسیار بالا و ۱۰۰ درصد سیستم عامل Mac OS به هیچ وجه اجازه نفوذ بدافزار و ویروس را نمی دهد.","iscorrect":0},{"id":"5728","description":"بهره بردن Mac OS از سدهای امنیتی همچون حفاظت جداگانه از فایل های سیستمی","iscorrect":0},{"id":"5729","description":"گزینه الف و ج","iscorrect":1}]},{"id":"1488","description":"معایب تغییر سیستم عامل و کوچ به سیستم عامل جدید برای وبلاگ نویسی، چه هستند؟","answers":[{"id":"5730","description":"شما باید مقداری از وقت تان را صرف راه اندازی و یادگیری کار با سیستم عامل جدید کنید.","iscorrect":0},{"id":"5731","description":"این کار برای شما ایجاد محدودیت کرده و باید به دنبال جایگزین برای بسیاری از برنامه ها و بازی هایی باشید که تاکنون روی سیستم عامل قبلی استفاده می کردید.","iscorrect":0},{"id":"5732","description":"از آنجایی که نوع سیستم عامل تاثیری در امنیت وبلاگ نویسی ندارد و این کار صرفا سلیقه ای است، پیگیری چنین کاری هدر دادن زمان است.","iscorrect":0},{"id":"5733","description":"گزینه الف و ب","iscorrect":1}]}]}]},{"name":"درس دوم- انتخاب میان سرویس های وبلاگ نویسی رایگان یا سایت شخصی","id":"328","contentorder":"3","lesson_number":2,"type":0,"filename":"lesson328.html"},{"name":"انتخاب میان سرویس های وبلاگ نویسی رایگان یا سایت شخصی","id":"494","contentorder":"4","type":1,"set":[{"score":"60","questions":[{"id":"1489","description":"برای شروع وبلاگ نویسی، از چه سرویسی می توان استفاده کرد؟","answers":[{"id":"5734","description":"برای وبلاگ نویسی تنها شیوه موجود، استفاده از سرویس های وبلاگ نویسی عمومی همچون بلاگر و وردپرس است.","iscorrect":0},{"id":"5735","description":"تنها راه شروع کار، خرید هاست و دامنه و طراحی وب سایت اختصاصی برای خودتان است.","iscorrect":0},{"id":"5736","description":"می توانید از سرویس های وبلاگ نویسی عمومی رایگان استفاده کرده یا اینکه هاست و دامنه اختصاصی خودتان را داشته باشید.","iscorrect":1},{"id":"5737","description":"می توانید از سایت هایی مانند توییتر و فیس بوک فضای اختصاصی خودتان را خریداری کنید.","iscorrect":0}]},{"id":"1490","description":"کدام یک از موارد زیر هنگام انتخاب هاست شخصی اهمیت دارند؟","answers":[{"id":"5738","description":"تهیه هاست از شرکت های مطمئن و معتبر که حداکثر آپ تایم ممکن را دارند.","iscorrect":0},{"id":"5739","description":"استفاده از برنامه های مدیریت محتوای قابل اطمینان از نظر امنیت و دارای امکانات لازم","iscorrect":0},{"id":"5740","description":"طراحی و اجرای برنامه مدیریت محتوای اختصاصی ویژه خود و استفاده از کامپیوتر ISPتان به عنوان هاست","iscorrect":0},{"id":"5741","description":"موارد الف و ب","iscorrect":1}]},{"id":"1491","description":"امن ترین شیوه وبلاگ نویسی کدام است؟","answers":[{"id":"5742","description":"استفاده از سرویس های وبلاگ نویسی عمومی رایگان بلاگر و وردپرس","iscorrect":1},{"id":"5743","description":"استفاده از هاست و دامنه شخصی و اختصاصی با برنامه مدیریت محتوای اختصاصی خودتان","iscorrect":0},{"id":"5744","description":"استفاده از هاست و دامنه شخصی و اختصاصی با برنامه مدیریت محتوای رایگان ارائه شده توسط گروه هایی همچون وردپرس و دروپال","iscorrect":0},{"id":"5745","description":"هیچ یک از سه مورد بالا در وبلاگ نویسی امن تاثیری ندارند و همه چیز وابسته به رعایت امنیت توسط شماست.","iscorrect":0}]}]},{"score":"60","questions":[{"id":"1492","description":"کدام مورد می تواند در امنیت وبلاگ قرار گرفته بر روی هاست شخصی تاثیر داشته باشد؟","answers":[{"id":"5746","description":"به روزرسانی و آپدیت نرم افزارهای کامپیوتری که با آن سایت را مدیریت می کنید.","iscorrect":0},{"id":"5747","description":"به روزرسانی و آپدیت برنامه مدیریت محتوای نصب شده و متعلقات آن","iscorrect":0},{"id":"5748","description":"رعایت نکات امنیتی اطلاعات کاری و شخصی آنلاین برای جلوگیری از هک شدن اکانت های مختلف کاربر","iscorrect":0},{"id":"5749","description":"همه موارد","iscorrect":1}]},{"id":"1493","description":"امن ترین شیوه وبلاگ نویسی کدام است؟","answers":[{"id":"5750","description":"استفاده از سرویس های وبلاگ نویسی عمومی رایگان بلاگر و وردپرس","iscorrect":1},{"id":"5751","description":"استفاده از هاست و دامنه شخصی و اختصاصی با برنامه مدیریت محتوای اختصاصی خودتان","iscorrect":0},{"id":"5752","description":"استفاده از هاست و دامنه شخصی و اختصاصی با برنامه مدیریت محتوای رایگان ارائه شده توسط گروه هایی همچون وردپرس و دروپال","iscorrect":0},{"id":"5753","description":"هیچ یک از سه مورد بالا در وبلاگ نویسی امن تاثیری ندارند و همه چیز وابسته به رعایت امنیت توسط شما است.","iscorrect":0}]},{"id":"1494","description":"کدام یک از موارد زیر هنگام انتخاب هاست شخصی اهمیت دارند؟","answers":[{"id":"5754","description":"تهیه هاست از شرکت های مطمئن و معتبر که حداکثر آپ تایم ممکن را دارند.","iscorrect":0},{"id":"5755","description":"استفاده از برنامه های مدیریت محتوای قابل اطمینان از نظر امنیت و دارای امکانات لازم","iscorrect":0},{"id":"5756","description":"طراحی و اجرای برنامه مدیریت محتوای اختصاصی ویژه خود و استفاده از کامپیوتر ISPتان به عنوان هاست","iscorrect":0},{"id":"5757","description":"موارد الف و ب","iscorrect":1}]}]}]},{"name":"درس سوم- ترفندهای امنیتی وردپرس برای سایت های شخصی","id":"329","contentorder":"5","lesson_number":3,"type":0,"filename":"lesson329.html"},{"name":"درس چهارم- نکات امنیتی ضروری برای وبلاگ نویسان","id":"330","contentorder":"6","lesson_number":4,"type":0,"filename":"lesson330.html"},{"name":"نکات امنیتی ضروری برای وبلاگ نویسان","id":"496","contentorder":"7","type":1,"set":[{"score":"60","questions":[{"id":"1495","description":"کدام یک از موارد زیر باعث به خطر افتادن امنیت وردپرس می شود؟","answers":[{"id":"5758","description":"حذف تم ها، فایل ها و پلاگین های زائد و غیر کاربردی","iscorrect":0},{"id":"5759","description":"تغییر کلیدهای رمز پیش فرض وردپرس","iscorrect":0},{"id":"5760","description":"تغییر پیشوند جداول دیتابیس","iscorrect":0},{"id":"5761","description":"استفاده از نام کاربری و رمز عبور پیش فرض","iscorrect":1}]},{"id":"1496","description":"در پشتیبان گیری از اطلاعات وبلاگ، چه نکاتی را باید مد نظر قرار داد؟","answers":[{"id":"5762","description":"برنامه منظم پشتیبان گیری روزانه، هفتگی یا ماهانه داشته باشید و آنها را در جای امنی نگهداری کنید.","iscorrect":1},{"id":"5763","description":"در صورت انتخاب سرویس دهنده مطمئن هاست و دامنه، نیازی به پشتیبان گیری ندارید.","iscorrect":0},{"id":"5764","description":"پشتیبان گیری تنها ویژه سایت ها است و در وبلاگ ها کاربردی ندارد.","iscorrect":0},{"id":"5765","description":"در صورت استفاده از سرویس های وبلاگ نویسی عمومی امکان پشتیبان گیری نخواهید داشت.","iscorrect":0}]},{"id":"1497","description":"انجام کدام یک از کارهای زیر امنیت کامپیوتر شخصی و به طبع وبلاگ شما را به خطر می اندازد؟","answers":[{"id":"5766","description":"استفاده از برنامه های امنیتی چون آنتی ویروس و ضد جاسوس افزار","iscorrect":0},{"id":"5767","description":"به روز رسانی مرتب و دائمی سیستم عامل و برنامه های نصب شده روی آن","iscorrect":0},{"id":"5768","description":"نصب برنامه های متفرقه و نرم افزارهای ناشناس","iscorrect":1},{"id":"5769","description":"استفاده اختصاصی از یک کامپیوتر، تنها برای مدیریت و درج محتوا در وبلاگ","iscorrect":0}]}]},{"score":"60","questions":[{"id":"1498","description":"کدام یک از گزینه های زیر در امنیت شما و وبلاگ تان در سفر، اهمیت فراوانی دارد؟","answers":[{"id":"5770","description":"ارسال مطلب از طریق ایمیل و اتصال اینترنت امن","iscorrect":0},{"id":"5771","description":"عدم استفاده از شبکه های وایرلس عمومی و استفاده از وی پی ان در صورت ضرورت اتصال به شبکه های عمومی","iscorrect":0},{"id":"5772","description":"استفاده از نرم افزارهای پرتابل هنگام استفاده از کامپیوترهای عمومی","iscorrect":0},{"id":"5773","description":"همه موارد","iscorrect":1}]},{"id":"1499","description":"آیا به روز رسانی ایمیلی وبلاگ و انتشار محتوا از این طریق، شیوه امن و قابل قبولی برای ارسال مطالب وبلاگ است؟","answers":[{"id":"5774","description":"خیر، زیرا امکان ارسال عکس و چینش دلخواه مطالب را ندارید و به ظاهر وبلاگ تان صدمه خواهد زد.","iscorrect":0},{"id":"5775","description":"بله، زیرا در این حالت شما نیازی به وارد کردن اطلاعات حساب کاربری وبلاگ ندارید و بدون لاگین در وبلاگ مطالب جدید را منتشر می کنید.","iscorrect":1},{"id":"5776","description":"خیر، زیرا ممکن است در ارسال محتوا اشتباه کرده و با ارسال ایمیل حاوی مطالب خصوصی، امنیت و حریم خصوصی خود و اطرافیان تان را به خطر بیاندازید.","iscorrect":0},{"id":"5777","description":"چنین شیوه ای در هیچ سرویس وبلاگ نویسی تعریف نشده و قابل استفاده نیست.","iscorrect":0}]},{"id":"1500","description":"کدام نکته در انتخاب رمز عبور مناسب برای وبلاگ اهمیت دارد؟","answers":[{"id":"5778","description":"بر روی همه رمزهای عبورتان حساس باشید و برخی را کم اهمیت تر از بقیه تلقی نکنید.","iscorrect":0},{"id":"5779","description":"رمز عبوری انتخاب کنید که در صورت عدم دسترسی به شما، دوستان و افراد خانواده بتوانند آن را حدس زده و مشکل را رفع کنند.","iscorrect":0},{"id":"5780","description":"از عباراتی که تکیه کلام شما یا دوستان تان هنگام سخن گفتن هستند، استفاده نکنید.","iscorrect":0},{"id":"5781","description":"موارد الف و ج","iscorrect":1}]}]}]},{"name":"درس پنجم- بررسی قالب وبلاگ از دیدگاه امنیت","id":"331","contentorder":"8","lesson_number":5,"type":0,"filename":"lesson331.html"},{"name":"درس ششم- همه چیز درباره ایمیل در وبلاگ نویسی","id":"332","contentorder":"9","lesson_number":6,"type":0,"filename":"lesson332.html"},{"name":"همه چیز درباره ایمیل در وبلاگ نویسی","id":"498","contentorder":"10","type":1,"set":[{"score":"60","questions":[{"id":"1501","description":"کدام گزینه در خصوص امنیت قالب وبلاگ صدق نمی کند؟","answers":[{"id":"5782","description":"قالب و افزونه های لازم را همیشه از سایت های معتبر و شناخته شده دانلود کنید و به نتایج موتورهای جستجو کاملا اعتماد نکنید.","iscorrect":0},{"id":"5783","description":"قبل از استفاده از قالب، کدهای آن را بررسی کرده و هرگونه لینک یا بخش مشکوک یا ناشناس را بررسی کنید.","iscorrect":0},{"id":"5784","description":"با جستجو در گوگل به دنبال قالب رایگان، به بالاترین نتایج لیست مراجعه کنید، زیرا نشانه اعتماد گوگل به آنهاست.","iscorrect":1},{"id":"5785","description":"از پلاگین های امنیتی ویژه کنترل قالب استفاده کنید تا نقاط ضعف و ایرادات آن را بیابید.","iscorrect":0}]},{"id":"1502","description":"آیا استفاده از ایمیل اختصاصی برای ثبت و مدیریت سطح بالای وبلاگ، تاثیری در امنیت آن دارد؟","answers":[{"id":"5786","description":"خیر، زیرا این ایمیل هیچ دسترسی مستقیمی به وبلاگ شما ندارد که بتواند خطرساز باشد.","iscorrect":0},{"id":"5787","description":"بله، زیرا ایمیل هر چه شلوغ تر باشد و با افراد بیشتری به اشتراک گذاشته شود، بیشتر در معرض خطر هک شدن توسط نفوذگران و ایمیل های آلوده دوستان قرار می گیرد.","iscorrect":1},{"id":"5788","description":"بله، زیرا باعث افزایش اهمیت وبلاگ در نظر شما و دوستان تان شده و اکانت ایمیل اضافی که برای آن ایجاد کرده اید، در موارد و سایت های زیادی کاربرد خواهد داشت.","iscorrect":0},{"id":"5789","description":"خیر، زیرا وقتی که قرار باشد در کنار ایمیل معمول خود، ایمیل دیگری را هم مدیریت و کنترل کنید، معمولا در به خاطر سپاری مشخصات ورود و دسترسی به آن دچار مشکل خواهید شد.","iscorrect":0}]},{"id":"1503","description":"آیا انتخاب سرویس دهنده ایمیل در امنیت وبلاگ تاثیر دارد؟ کدام سرویس را پیشنهاد می کنید.","answers":[{"id":"5790","description":"بله، ایمیل یاهو به دلیل قدمت خود از امنیت بالایی برخوردار است.","iscorrect":0},{"id":"5791","description":"خیر، استفاده از ایمیل ساخته شده بر روی هاست خود وبلاگ کفایت می کند.","iscorrect":0},{"id":"5792","description":"بله، در حال حاضر جیمیل یکی از امن ترین سرویس دهندگان بوده و امکانات بسیار زیادی دارد.","iscorrect":1},{"id":"5793","description":"بله، مهم مدیریت رمز عبور و نام کاربری ایمیل و حفاظت از آنها است و سرویس دهنده ایمیل هیچ تاثیری در امنیت وبلاگ ندارد.","iscorrect":0}]}]},{"score":"60","questions":[{"id":"1504","description":"کدام یک از موارد زیر، در امنیت ایمیل اختصاصی مدیریت سطح بالای وبلاگ تاثیری ندارد؟","answers":[{"id":"5794","description":"استفاده از کامپیوتر امن و آپدیت شده به همراه اینترنت مطمئن و ارتباط رمزگذاری شده HTTPS","iscorrect":0},{"id":"5795","description":"استفاده از برچسب ها و لیبل های مناسب برای دسته بندی ایمیل های دریافتی و ارسالی در این اکانت","iscorrect":1},{"id":"5796","description":"تعویض دوره ای رمز عبور این ایمیل و عدم استفاده از این رمز در دیگر سایت ها و ایمیل ها","iscorrect":0},{"id":"5797","description":"استفاده از رمز عبور مطمئن و حداقل ۱۵ کاراکتری که از حروف کوچک و بزرگ و اعداد تشکیل شده باشد.","iscorrect":0}]},{"id":"1505","description":"آیا سرویس ایمیل خصوصی هاست شخصی برای مدیریت وبلاگ مناسب است؟","answers":[{"id":"5798","description":"خیر، زیرا در صورت دسترسی فرد دیگری به هاست و تصاحب آن، تنها راه ارتباطی شما با مدیر سرور بسته می شود.","iscorrect":1},{"id":"5799","description":"بله، زیرا به دلیل قرار گرفتن در همان سرور وبلاگ، امنیت مناسبی دارد.","iscorrect":0},{"id":"5800","description":"خیر، زیرا تعداد معدود ایمیل های شخصی روی هاست بهتر است برای کارهای بهتری همچون اطلاع رسانی و بخش تماس با ما مورد استفاده قرار گیرند.","iscorrect":0},{"id":"5801","description":"بله، زیرا مدیریت آن ساده تر از دیگر سرویس های ایمیل بوده و از همان جا هم دسترسی مستقیم به مدیریت سایت داریم.","iscorrect":0}]},{"id":"1506","description":"پشتیبان گیری از کدهای قالب (Template) قبل هر تغییری در آن، چه تاثیری در امنیت قالب وبلاگ تان دارد؟","answers":[{"id":"5802","description":"تنها باعث اتلاف وقت و اشغال هارد کامپیوترتان می شود و هیچ تاثیری در امنیت ندارد.","iscorrect":0},{"id":"5803","description":"تبدیل به منبع بی دردسری برای هکرها می شود که با نفوذ به کامپیوتر شما و دست یابی به نسخه پشتیبان قالب، سایت تان را از کار بیاندازند.","iscorrect":0},{"id":"5804","description":"به شما امکان انتشار عمومی قالب مورد علاقه تان و ارسال آن به دوستان تان را می دهد.","iscorrect":0},{"id":"5805","description":"در صورتی که اشتباهی در قالب پیش آمده یا از کار بیافتد، برگشت به حالت پایدار قبلی امکان پذیر است.","iscorrect":1}]}]}]},{"name":"درس هفتم- راهنمای پشتیبان گیری از وبلاگ","id":"333","contentorder":"11","lesson_number":7,"type":0,"filename":"lesson333.html"},{"name":"درس هشتم- آشنایی با مهمترین حملات به وبلاگ ها و وب سایت های شخصی","id":"334","contentorder":"12","lesson_number":8,"type":0,"filename":"lesson334.html"},{"name":"آشنایی با مهمترین حملات به وبلاگ ها و وب سایت های شخصی","id":"500","contentorder":"13","type":1,"set":[{"score":"60","questions":[{"id":"1507","description":"پشتیبان گیری در سرویس های عمومی همچون وردپرس و بلاگر چگونه انجام می شود؟","answers":[{"id":"5806","description":"در این سرویس ها امکان پشتیبان گیری وجود ندارد و محتوای سایت را باید به صورت دستی ذخیره و نگهداری کنید.","iscorrect":0},{"id":"5807","description":"برای پشتیبان گیری به شما دسترسی کامل به بخش مدیریت فایل ها و پایگاه اطلاعاتی وبلاگ ها داده می شود تا نسخه پشتیبان مورد نظرتان را تهیه کنید.","iscorrect":0},{"id":"5808","description":"با استفاده از بخش Import/Export می توانید در یک فایل XML تمام محتوای وبلاگ تان را در اختیار داشته باشید.","iscorrect":1},{"id":"5809","description":"به صورت ایمیلی درخواست نسخه پشتیبان می دهید و آن را دریافت می کنید.","iscorrect":0}]},{"id":"1508","description":"حمله به وبلاگ ها و وب سایت ها با استفاده از مهندسی اجتماعی چگونه صورت می پذیرد؟","answers":[{"id":"5810","description":"این مورد اصطلاحی در علم مردم شناسی و جامعه شناسی است و ربطی به حملات امنیتی به سایت ها ندارد.","iscorrect":0},{"id":"5811","description":"به جمع آوری اطلاعات مدیر وبلاگ در شبکه های اجتماعی و استفاده از آنها برای حدس زدن رمز عبور و نام کاربری وی گفته می شود.","iscorrect":0},{"id":"5812","description":"شیوه ای از حمله که به صورت گروهی سایت را تحت فشار قرار می دهند تا نقطه ضعف آن را برای نفوذ پیدا کنند.","iscorrect":0},{"id":"5813","description":"مجموعه ای از تکنیک های روانشناسی است تا فرد مهاجم شما را ترغیب به انجام کاری یا ارسال اطلاعات می کند.","iscorrect":1}]},{"id":"1509","description":"در کدام شیوه حمله، فرد مهاجم لازم است به کامپیوترهای شبکه بی سیم یا ISP شما دسترسی پیدا کند تا بتواند رمز عبور وبلاگ تان را کشف کند؟","answers":[{"id":"5814","description":"پاکت اسنیفر","iscorrect":1},{"id":"5815","description":"حملات تزریق اسکریپت","iscorrect":0},{"id":"5816","description":"مهندسی اجتماعی","iscorrect":0},{"id":"5817","description":"حمله عدم پذیرش سرویس","iscorrect":0}]}]},{"score":"60","questions":[{"id":"1510","description":"در کدام یک از حملات زیر، فرد مهاجم الزاما نیازی به دستیابی به کامپیوتر و یا سرور قربانی ندارد؟","answers":[{"id":"5818","description":"حملات تزریق کد","iscorrect":0},{"id":"5819","description":"حمله عدم پذیرش سرویس","iscorrect":0},{"id":"5820","description":"مهندسی اجتماعی","iscorrect":1},{"id":"5821","description":"پاکت اسنیفر","iscorrect":0}]},{"id":"1511","description":"برای پشتیبان گیری از وبلاگ های قرار گرفته بر روی هاست اختصاصی چگونه عمل می کنیم؟","answers":[{"id":"5822","description":"همانند پشتیبان گیری از وبلاگ های عمومی همچون وردپرس و بلاگر","iscorrect":0},{"id":"5823","description":"استفاده از کنترل پنل مدیریت هاست و تهیه بک آپ کامل و یا استفاده از افزونه و ماژول های ویژه این کار","iscorrect":1},{"id":"5824","description":"کپی کردن تک تک مطالب و نگهداری آنها در یک فایل ورد","iscorrect":0},{"id":"5825","description":"در هاست اختصاصی امکان پشتیبان گیری نداریم و این کار تنها توسط مدیر سرور انجام می شود.","iscorrect":0}]},{"id":"1512","description":"پس از تهیه نسخه پشتیبان از وبلاگ، انجام کدام یک از موارد زیر ضرورتی ندارد؟","answers":[{"id":"5826","description":"آزمایش نسخه پشتیبان و اطمینان از سلامت آن","iscorrect":0},{"id":"5827","description":"نگهداری فایل های پشتیبان به صورت رمزگذاری شده","iscorrect":0},{"id":"5828","description":"ارسال نسخه ای از فایل های پشتیبان برای مدیر سرور شرکت ارائه دهنده خدمات هاست","iscorrect":1},{"id":"5829","description":"نگهداری دو یا چند نسخه از اطلاعات پشتیبان گرفته شده در محل های امن","iscorrect":0}]}]}]},{"name":"درس نهم- نکاتی برای بهبود کارایی و عملکرد وبلاگ","id":"335","contentorder":"14","lesson_number":9,"type":0,"filename":"lesson335.html"},{"name":"دوره امنیت در وبلاگ نویسی - آزمون نهایی","id":"504","contentorder":"15","type":1,"set":[{"score":"60","questions":[{"id":"1519","description":"کدام یک از سیستم عامل های زیر کاملا امن است و به طور ۱۰۰ درصد می توان برای وبلاگ نویسی به آن اعتماد کرد؟","answers":[{"id":"5854","description":"ویندوز XP","iscorrect":0},{"id":"5855","description":"Mac OS X","iscorrect":0},{"id":"5856","description":"لینوکس ردهت","iscorrect":0},{"id":"5857","description":"هیچکدام","iscorrect":1}]},{"id":"1520","description":"آیا انتخاب سیستم عامل در امنیت وبلاگ نویسی تاثیر و اهمیت دارد؟","answers":[{"id":"5858","description":"انتخاب سیستم عامل موضوعی سلیقه ای بوده و از نقطه نظر امنیتی هیچ مزیتی میان سیستم عامل های مختلف نیست.","iscorrect":0},{"id":"5859","description":"با توجه به اینکه برخی سیستم عامل ها امکانات لازم برای وبلاگ نویسی را ندارند، صرف نظر از مسئله امنیت، شما به هیچ وجه قادر به استفاده از آنها نیستید.","iscorrect":0},{"id":"5860","description":"با توجه به درصد بدافزار و ویروس های منتشر شده برای هر سیستم عامل و میزان نفوذپذیری آن در برابر افراد مهاجم، باید سیستم عامل مناسبی انتخاب کرد.","iscorrect":1},{"id":"5861","description":"از آنجایی که تمام سیستم عامل های موجود کاملا امن بوده و از قدرت حفاظت یکسانی برخوردار هستند، این موضوع در انتخاب سیستم عامل اهمیتی ندارد.","iscorrect":0}]},{"id":"1521","description":"کدام گزینه از مزایای لینوکس نیست؟","answers":[{"id":"5862","description":"دارای فروم و انجمن های فراوانی به زبان های مختلف است که می تواند در هنگام مشکل به کمک شما بیاید.","iscorrect":0},{"id":"5863","description":"نسخه های متفاوت آن به گونه ای بهینه سازی شده اند که بر روی کامپیوترهای مختلف با قدرت پردازش متفاوت به راحتی نصب می شود.","iscorrect":0},{"id":"5864","description":"به دلیل ساختار ویژه خود به هیچ وجه به ویروس یا بدافزار آلوده نمی گردد.","iscorrect":1},{"id":"5865","description":"به دلیل متن باز بودن، تقریبا دست شما را برای هرگونه تنظیم و تغییری باز می گذارد و می توانید نسخه اختصاصی و ویژه خودتان را داشته باشید.","iscorrect":0}]},{"id":"1522","description":"کدامیک از موارد زیر هنگام انتخاب هاست شخصی اهمیت دارند؟","answers":[{"id":"5866","description":"تهیه هاست از شرکت های مطمئن و معتبر که حداکثر آپ تایم ممکن را دارند.","iscorrect":0},{"id":"5867","description":"استفاده از برنامه های مدیریت محتوای قابل اطمینان از نظر امنیت و دارای امکانات لازم","iscorrect":0},{"id":"5868","description":"طراحی و اجرای برنامه مدیریت محتوای اختصاصی ویژه خود و استفاده از کامپیوتر ISPتان به عنوان هاست","iscorrect":0},{"id":"5869","description":"موارد الف و ب","iscorrect":1}]},{"id":"1523","description":"امن ترین شیوه وبلاگ نویسی کدام است؟","answers":[{"id":"5870","description":"استفاده از سرویس های وبلاگ نویسی عمومی رایگان بلاگر و وردپرس","iscorrect":1},{"id":"5871","description":"استفاده از هاست و دامنه شخصی و اختصاصی با برنامه مدیریت محتوای اختصاصی خودتان","iscorrect":0},{"id":"5872","description":"استفاده از هاست و دامنه شخصی و اختصاصی با برنامه مدیریت محتوای رایگان ارائه شده توسط گروه هایی همچون وردپرس و دروپال","iscorrect":0},{"id":"5873","description":"هیچ یک از سه مورد بالا در وبلاگ نویسی امن تاثیری ندارند و همه چیز وابسته به رعایت امنیت توسط شماست.","iscorrect":0}]},{"id":"1524","description":"کدام یک از موارد زیر باعث به خطر افتادن امنیت وردپرس می شود؟","answers":[{"id":"5874","description":"حذف تم ها، فایل ها و پلاگین های زائد و غیرکاربردی","iscorrect":0},{"id":"5875","description":"تغییر کلیدهای رمز پیش فرض وردپرس","iscorrect":0},{"id":"5876","description":"تغییر پیشوند جداول دیتابیس","iscorrect":0},{"id":"5877","description":"استفاده از نام کاربری و رمز عبور پیش فرض","iscorrect":1}]},{"id":"1525","description":"مهمترین نکته درباره استفاده از پلاگین های امنیتی و به طور کلی پلاگین ها در وردپرس کدام است؟","answers":[{"id":"5878","description":"عدم استفاده از پلاگین های زیاد و نصب یا نگهداری نکردن پلاگین های بلااستفاده و قدیمی بر روی وردپرس","iscorrect":1},{"id":"5879","description":"استفاده از پلاگین هایی که طراحی زیبا و شکیلی داشته و تجربه کاربری بهتری را برای تان فراهم کنند.","iscorrect":0},{"id":"5880","description":"عدم استفاده از پلاگین های با حجم پایین، زیرا مقدار پایین اطلاعات درون آنها، نشان دهنده عدم کارایی شان است.","iscorrect":0},{"id":"5881","description":"استفاده از پلاگین هایی که باعث زیبایی صفحه و تعامل بیشتر با کاربران می شوند و در نتیجه احتمال حملات اینترنتی را کاهش می دهند.","iscorrect":0}]},{"id":"1526","description":"کدام یک از گزینه های زیر در امنیت شما و وبلاگ تان در سفر، اهمیت فراوانی دارند؟","answers":[{"id":"5882","description":"ارسال مطلب از طریق ایمیل و اتصال اینترنت امن","iscorrect":0},{"id":"5883","description":"عدم استفاده از شبکه های وایرلس عمومی و استفاده از وی پی ان در صورت ضرورت اتصال به شبکه های عمومی","iscorrect":0},{"id":"5884","description":"استفاده از نرم افزارهای پرتابل هنگام استفاده از کامپیوترهای عمومی","iscorrect":0},{"id":"5885","description":"همه موارد","iscorrect":1}]},{"id":"1527","description":"کدام نکته در انتخاب رمز عبور مناسب برای وبلاگ اهمیت دارد؟","answers":[{"id":"5886","description":"بر روی همه رمزهای عبورتان حساس باشید و برخی را کم اهمیت تر از بقیه تلقی نکنید.","iscorrect":0},{"id":"5887","description":"رمز عبوری انتخاب کنید که در صورت عدم دسترسی به شما، دوستان و افراد خانواده بتوانند آن را حدس زده و مشکل را رفع کنند.","iscorrect":0},{"id":"5888","description":"از عباراتی که تکیه کلام شما یا دوستان تان هنگام سخن گفتن هستند، استفاده نکنید.","iscorrect":0},{"id":"5889","description":"موارد الف و ج","iscorrect":1}]},{"id":"1528","description":"برای اندازه گیری زمان لود شدن صفحات وبلاگ، کدام یک از ابزارهای زیر کاربردی هستند؟","answers":[{"id":"5890","description":"‏LastPass","iscorrect":0},{"id":"5891","description":"‏Yslow","iscorrect":1},{"id":"5892","description":"‏Downthemall","iscorrect":0},{"id":"5893","description":"‏Instapaper","iscorrect":0}]}]},{"score":"60","questions":[{"id":"1529","description":"کدام یک از موارد زیر در امنیت ایمیل اختصاصی مدیریت سطح بالای وبلاگ تاثیری ندارد؟","answers":[{"id":"5894","description":"استفاده از کامپیوتر امن و آپدیت شده به همراه اینترنت مطمئن و ارتباط رمزگذاری شده HTTPS","iscorrect":0},{"id":"5895","description":"استفاده از برچسب ها و لیبل های مناسب برای دسته بندی ایمیل های دریافتی و ارسالی در این اکانت","iscorrect":1},{"id":"5896","description":"تعویض دوره ای رمز عبور این ایمیل و عدم استفاده از این رمز در دیگر سایت ها و ایمیل ها","iscorrect":0},{"id":"5897","description":"استفاده از رمز عبور مطمئن و حداقل ۱۵ کاراکتری که از حروف کوچک و بزرگ و اعداد تشکیل شده باشد.","iscorrect":0}]},{"id":"1530","description":"آیا سرویس ایمیل خصوصی هاست شخصی برای مدیریت وبلاگ مناسب است؟","answers":[{"id":"5898","description":"بله، زیرا به دلیل قرار گرفتن در همان سرور وبلاگ، امنیت مناسبی دارد.","iscorrect":0},{"id":"5899","description":"خیر، زیرا در صورت دسترسی فرد دیگری به هاست و تصاحب آن، تنها راه ارتباطی شما با مدیر سرور بسته می شود.","iscorrect":1},{"id":"5900","description":"خیر، زیرا بهتر است که تعداد معدود ایمیل های شخصی بر روی هاست برای کارهای بهتری همچون اطلاع رسانی و بخش تماس با ما مورد استفاده قرار گیرند.","iscorrect":0},{"id":"5901","description":"بله، زیرا مدیریت آن ساده تر از دیگر سرویس های ایمیل بوده و از همان جا هم دسترسی مستقیم به مدیریت سایت داریم.","iscorrect":0}]},{"id":"1531","description":"پشتیبان گیری در سرویس های عمومی همچون وردپرس و بلاگر چگونه انجام می شود؟","answers":[{"id":"5902","description":"در این سرویس ها امکان پشتیبان گیری وجود ندارد و محتوای سایت را باید به صورت دستی ذخیره و نگهداری کنید.","iscorrect":0},{"id":"5903","description":"برای پشتیبان گیری به شما دسترسی کامل به بخش مدیریت فایل ها و پایگاه اطلاعاتی وبلاگ ها داده می شود تا نسخه پشتیبان مورد نظرتان را تهیه کنید.","iscorrect":0},{"id":"5904","description":"با استفاده از بخش Import/Export می توانید در یک فایل XML تمام محتوای وبلاگ تان را در اختیار داشته باشد.","iscorrect":1},{"id":"5905","description":"به صورت ایمیلی درخواست نسخه پشتیبان می دهید و آن را دریافت می کنید.","iscorrect":0}]},{"id":"1532","description":"حمله به وبلاگ و سایت ها با استفاده از مهندسی اجتماعی چگونه صورت می پذیرد؟","answers":[{"id":"5906","description":"این مورد اصطلاحی در علم مردم شناسی و جامعه شناسی است و ربطی به حملات سایبری به وب سایت ها ندارد.","iscorrect":0},{"id":"5907","description":"مجموعه ای از تکنیک های روانشناسی است که به کمک آن فرد مهاجم شما را ترغیب به انجام کاری یا ارسال اطلاعات می کند.","iscorrect":1},{"id":"5908","description":"به جمع آوری اطلاعات مدیر وبلاگ در شبکه های اجتماعی و استفاده از آنها برای حدس زدن رمز عبور و نام کاربری وی، گفته می شود.","iscorrect":0},{"id":"5909","description":"شیوه ای از حمله که به صورت گروهی سایت را تحت فشار قرار می دهند تا نقطه ضعف آن را برای نفوذ پیدا کنند.","iscorrect":0}]},{"id":"1533","description":"در کدام شیوه حمله، فرد مهاجم لازم است به کامپیوترهای شبکه بی سیم یا ISP شما دسترسی پیدا کند تا بتواند رمز عبور وبلاگ تان را کشف کند؟","answers":[{"id":"5910","description":"پاکت اسنیفر","iscorrect":1},{"id":"5911","description":"حملات تزریق اسکریپت","iscorrect":0},{"id":"5912","description":"مهندسی اجتماعی","iscorrect":0},{"id":"5913","description":"حمله عدم پذیرش سرویس","iscorrect":0}]},{"id":"1534","description":"در کدام یک از حملات زیر، فرد مهاجم الزاما نیازی به دستیابی به کامپیوتر و یا سرور قربانی ندارد؟","answers":[{"id":"5914","description":"مهندسی اجتماعی","iscorrect":1},{"id":"5915","description":"حملات تزریق کد","iscorrect":0},{"id":"5916","description":"حمله عدم پذیرش سرویس","iscorrect":0},{"id":"5917","description":"پاکت اسنیفر","iscorrect":0}]},{"id":"1535","description":"برای پشتیبان گیری از وبلاگ های قرار گرفته بر روی هاست اختصاصی چگونه عمل می کنیم؟","answers":[{"id":"5918","description":"همانند پشتیبان گیری از وبلاگ های عمومی همچون وردپرس و بلاگر","iscorrect":0},{"id":"5919","description":"استفاده از کنترل پنل مدیریت هاست و تهیه بک آپ کامل و یا استفاده از افزونه و ماژول های ویژه این کار","iscorrect":1},{"id":"5920","description":"کپی کردن تک تک مطالب و نگهداری آنها در یک فایل ورد","iscorrect":0},{"id":"5921","description":"در هاست اختصاصی امکان پشتیبان گیری نداریم و این کار تنها توسط مدیر سرور انجام می شود.","iscorrect":0}]},{"id":"1536","description":"کدام عامل در امنیت سیستم عامل انتخابی توسط یک وبلاگ نویس حرفه ای اهمیت چندانی ندارد؟","answers":[{"id":"5922","description":"عدم استفاده از نرم افزارهای قفل شکسته","iscorrect":0},{"id":"5923","description":"به روز رسانی دائم برنامه های امنیتی و خود سیستم عامل","iscorrect":0},{"id":"5924","description":"خرید قوی ترین و جدیدترین سخت افزار بازار برای کامپیوتر مخصوص وبلاگ نویسی","iscorrect":1},{"id":"5925","description":"نصب برنامه های امنیتی همچون آنتی ویروس و ضد بدافزار بر روی سیستم عامل انتخابی","iscorrect":0}]},{"id":"1537","description":"هنگام پشتیبان گیری از یک وبلاگ در بلاگر با استفاده از گزینه Export، نسخه پشتیبان حاوی چه بخشی از وبلاگ است؟","answers":[{"id":"5926","description":"تمامی پست ها و کامنت های وبلاگ","iscorrect":1},{"id":"5927","description":"تنها پست های منتخب وبلاگ","iscorrect":0},{"id":"5928","description":"تنها تمامی پست ها","iscorrect":0},{"id":"5929","description":"تمامی پست ها و کامنت ها و قالب ها و هر فایل دیگر اضافه شده به وبلاگ","iscorrect":0}]},{"id":"1538","description":"حمله Brute-force به چه صورت انجام می گیرد؟","answers":[{"id":"5930","description":"فرد مهاجم با استفاده از برنامه های ویژه ای مرتبا رمز عبور و نام کاربری های اتفاقی را امتحان می کند تا به نتیجه برسد.","iscorrect":1},{"id":"5931","description":"فرد مهاجم با ورود به محل زندگی کاربر، وی را مجبور به تایپ رمز عبور و نام کاربری خود در لپ تاپ مهاجم می نماید.","iscorrect":0},{"id":"5932","description":"فرد مهاجم با استفاده از سخت افزارهای ویژه، بخش لاگین سایت را از کار انداخته و با باز کردن این دروازه، وارد سایت می شود.","iscorrect":0},{"id":"5933","description":"این مورد اصطلاحی است که در میان افراد گروه ویژه پلیس استفاده می شود و ربطی به حملات کامپیتری ندارد.","iscorrect":0}]}]}]}]}