{"courseId":"21","contents":[{"name":"اصول و تعاريف كلى","id":"102","contentorder":"1","lesson_number":1,"type":0,"filename":"lesson102.html"},{"name":"اصول و تعاريف كلى","id":"214","contentorder":"2","type":1,"set":[{"score":"60","questions":[{"id":"577","description":"چه نوع عكاسى مورد نظر اين درس است؟","answers":[{"id":"2129","description":"عكاسى خبرى","iscorrect":0},{"id":"2130","description":"عكاسى هنرى","iscorrect":0},{"id":"2131","description":"عكاسى مستند","iscorrect":0},{"id":"2132","description":"عكاسى براى گزارشگرى","iscorrect":1}]},{"id":"578","description":"به تعريف اين درس، عكس خوب چه عکس العملى در بيننده ايجاد می كند؟","answers":[{"id":"2133","description":"او را كنجكاو می كند.","iscorrect":0},{"id":"2134","description":"او را شاد مى كند.","iscorrect":0},{"id":"2135","description":"به او اطلاعات مى دهد.","iscorrect":0},{"id":"2136","description":"در او فكر يا احساسى ايجاد مى كند.","iscorrect":1}]},{"id":"579","description":"استفاده از نور آفتاب كه از پنجره به داخل مى آيد مى تواند سايه هاى تندى در عكس ايجاد كند. براى ملايم كردن اين سايه ها چه مى توان كرد؟","answers":[{"id":"2137","description":"پنجره را پوشاند","iscorrect":0},{"id":"2138","description":"از نور چراغ دستى براى روشن كردن سايه ها استفاده كرد","iscorrect":1},{"id":"2139","description":"از حساسيت بالاترى در دوربين استفاده كرد","iscorrect":0},{"id":"2140","description":"دريچه دوربين را بسته تر كرد","iscorrect":0}]}]},{"score":"60","questions":[{"id":"580","description":"اين درس تهيه ی چه فهرستى را پيش از رفتن به محل عكاسى توصيه مى كند؟","answers":[{"id":"2141","description":"فهرستى از وسائل لازم","iscorrect":0},{"id":"2142","description":"فهرستى از وسائلى كه همراه مى بريم.","iscorrect":0},{"id":"2143","description":"فهرستى از نماهاى لازم براى تهيه ی گزارش","iscorrect":1},{"id":"2144","description":"فهرستى از اسامى افراد نام برده شده در گزارش","iscorrect":0}]},{"id":"581","description":"عكاسى براى گزارشگرى از نظر زيبائی شناسى چه تفاوتى با عكاسى هاى ديگر دارد؟","answers":[{"id":"2145","description":"تفاوتى ندارد.","iscorrect":1},{"id":"2146","description":"سخت تر است.","iscorrect":0},{"id":"2147","description":"تعداد بيشترى عكس لازم دارد.","iscorrect":0},{"id":"2148","description":"قواعد زيبائى شناسى خاص خودش را دارد.","iscorrect":0}]},{"id":"582","description":"نقش هر عكس در عكاسى گزارشگر چيست؟","answers":[{"id":"2149","description":"معرفى شخصى تازه","iscorrect":0},{"id":"2150","description":"تاكيد بر مهارت عكاس","iscorrect":0},{"id":"2151","description":"ايجاد زيبائى در گزارش","iscorrect":0},{"id":"2152","description":"بيان وجهى از موضوع گزارش و دادن اطلاعات تازه","iscorrect":1}]}]}]},{"name":"انتخاب موضوع عكس و چگونگى بيان آن","id":"103","contentorder":"3","lesson_number":2,"type":0,"filename":"lesson103.html"},{"name":"انتخاب موضوع عكس و چگونگى بيان آن","id":"216","contentorder":"4","type":1,"set":[{"score":"60","questions":[{"id":"583","description":"به تعريف اين گزارش، قدم اول در برداشتن هر عكس چيست؟","answers":[{"id":"2153","description":"خريد دوربين","iscorrect":0},{"id":"2154","description":"انتخاب موضوع يا سوژه ی جالب","iscorrect":1},{"id":"2155","description":"توجه به كادربندى صحيح","iscorrect":0},{"id":"2156","description":"اندازه گيرى نور محل","iscorrect":0}]},{"id":"584","description":"تک تک عكس ها در يك گزارش تصويرى چه نقشى دارند؟","answers":[{"id":"2157","description":"هر عكس به موضوع مختلفى مى پردازد.","iscorrect":0},{"id":"2158","description":"هر عكس به نشان دادن سبک كار عكاس كمک مى كند.","iscorrect":0},{"id":"2159","description":"هر عكس جنبه اى از موضوع گزارش را بيان مى كند.","iscorrect":1},{"id":"2160","description":"هر عكس نقش مستقلى ندارد.","iscorrect":0}]},{"id":"585","description":"مجموعه ی عكس ها در يك گزارش تصويرى چه نقشى دارند؟","answers":[{"id":"2161","description":"مهارت عكاس را نشان مى دهند.","iscorrect":0},{"id":"2162","description":"سبک كار عكاس را نشان مى دهند.","iscorrect":0},{"id":"2163","description":"نقشى مستقل ندارند.","iscorrect":0},{"id":"2164","description":"موضوع گزارش را بيان مى كنند.","iscorrect":1}]}]},{"score":"60","questions":[{"id":"586","description":"چه چيزى موجب ايجاد تمركز در بيان يک عكس مى شود؟","answers":[{"id":"2165","description":"گنجاندن آنچه به موضوع عكس مستقيماً مربوط است و حذف آنچه مربوط نيست.","iscorrect":1},{"id":"2166","description":"گنجاندن هر چه بيشتر فضاى اطراف موضوع عكس.","iscorrect":0},{"id":"2167","description":"چيدن اجزاى عكس به صورتى كه منظم به نظر بيايند.","iscorrect":0},{"id":"2168","description":"ايجاد فاصله با موضوع عكس.","iscorrect":0}]},{"id":"587","description":"فاصله ی درست براى گرفتن يک عكس را چگونه پيدا مى كنيم؟","answers":[{"id":"2169","description":"با دور و نزديک شدن به سوژه و اندازه گيرى فاصله","iscorrect":0},{"id":"2170","description":"با زوم كردن عدسى به طرف سوژه","iscorrect":0},{"id":"2171","description":"با حركت دادن سوژه به طرف دوربين و اندازه گيرى فاصله","iscorrect":0},{"id":"2172","description":"با دور و نزديك شدن به سوژه و نگاه كردن به صفحه ی نمايش دوربين","iscorrect":1}]},{"id":"588","description":"چگونه زاويه ی مناسب براى برداشتن يک عكس را پيدا مى كنيم؟","answers":[{"id":"2173","description":"با زوم كردن عدسى دوربين","iscorrect":0},{"id":"2174","description":"با اندازه گيرى فاصله ی دوربين با سوژه","iscorrect":0},{"id":"2175","description":"با حركت دادن دوربين در اطراف سوژه","iscorrect":1},{"id":"2176","description":"با حركت دادن سوژه","iscorrect":0}]}]}]},{"name":"نقش و كيفيت نور در عكس","id":"107","contentorder":"5","lesson_number":3,"type":0,"filename":"lesson107.html"},{"name":"نقش و كيفيت نور در عكس","id":"218","contentorder":"6","type":1,"set":[{"score":"60","questions":[{"id":"591","description":"به تعريف اين درس، چه مقدار نور براى عكس مناسب است؟","answers":[{"id":"2186","description":"به اندازه اى كه دوربين تعيين مى كند.","iscorrect":0},{"id":"2185","description":"به اندازه اى كه سوژه ديده شود.","iscorrect":0},{"id":"2187","description":"به اندازه اى كه جزئيات سايه ها و روشنى ها ديده شوند.","iscorrect":1},{"id":"2188","description":"به اندازه اى كه جزئيات سايه ها و روشن ها ديده نشوند.","iscorrect":0}]},{"id":"589","description":"نقش نور در عكاسى چيست؟","answers":[{"id":"2180","description":"اندازه گيرى زمان عكس بردارى","iscorrect":0},{"id":"2179","description":"روشن كردن سوژه و ثبت عكس","iscorrect":1},{"id":"2177","description":"روشن كردن صحنه","iscorrect":0},{"id":"2178","description":"تعيين سوژه","iscorrect":0}]},{"id":"590","description":"به تعريف اين درس بهترين نور براى عكاسى كدام است؟","answers":[{"id":"2184","description":"نور روز","iscorrect":0},{"id":"2183","description":"نور ملايم","iscorrect":0},{"id":"2182","description":"نور غیرمستقيم","iscorrect":1},{"id":"2181","description":"نور مستقيم","iscorrect":0}]}]},{"score":"60","questions":[{"id":"592","description":"براى اندازه گيرى نور سوژه دوربين كدام نقطه را اندازه مى گيرد؟","answers":[{"id":"2189","description":"نزديکترين نقطه به دوربين.","iscorrect":0},{"id":"2190","description":"نقطه اى كه بيشترين نور را دارد.","iscorrect":0},{"id":"2191","description":"نقطه اى كه براى نشان دادن سوژه اهميت دارد.","iscorrect":0},{"id":"2192","description":"نقطه اى كه در وسط صفحه ی نمايش دوربين قرار گرفته است.","iscorrect":1}]},{"id":"593","description":"براى اينكه دوربين نور سوژه را اندازه گيرى كند چه مى كنيم؟","answers":[{"id":"2193","description":"آن را به طرف سوژه نشانه مى رويم.","iscorrect":0},{"id":"2194","description":"دكمه ی عكسبردارى را تا انتها فشار مى دهيم.","iscorrect":0},{"id":"2195","description":"دكمه ی عكسبردارى را دو بار فشار مى دهيم.","iscorrect":0},{"id":"2196","description":"دكمه ی عكسبردارى را تا نيمه فشار داده نگه مى داريم.","iscorrect":1}]},{"id":"594","description":"هنگام عكسبردارى در روز، آفتاب بايد كجا واقع شود؟","answers":[{"id":"2197","description":"روبروى عكاس","iscorrect":0},{"id":"2198","description":"پشت سوژه","iscorrect":0},{"id":"2199","description":"پشت عكاس","iscorrect":1},{"id":"2200","description":"در مغرب","iscorrect":0}]}]}]},{"name":"كمپوزيسيون يا همچينى اجزاى عكس","id":"108","contentorder":"7","lesson_number":4,"type":0,"filename":"lesson108.html"},{"name":"كمپوزيسيون يا همچينى اجزاى عكس","id":"220","contentorder":"8","type":1,"set":[{"score":"60","questions":[{"id":"595","description":"به تعريف اين درس، كمپوزيسيون چيست؟","answers":[{"id":"2201","description":"هماهنگى سوژه در عكس","iscorrect":0},{"id":"2202","description":"رابطه بين اجزاى عكس","iscorrect":1},{"id":"2203","description":"رابطه سوژه و اجزاى عكس","iscorrect":0},{"id":"2204","description":"نظم مراحل عكسبردارى","iscorrect":0}]},{"id":"596","description":"چگونه در كمپوزيسيون عكس ايجاد سادگى مى كنيم؟","answers":[{"id":"2205","description":"با دور شدن از سوژه","iscorrect":0},{"id":"2206","description":"با ايجاد وضوح در عكس","iscorrect":0},{"id":"2207","description":"با ساده كردن مراحل عكسبردارى","iscorrect":0},{"id":"2208","description":"با نزديک شدن به سوژه","iscorrect":1}]},{"id":"597","description":"قاعده ی يک سوم چيست؟","answers":[{"id":"2209","description":"قاعده ی عكس بردارى از طبيعت","iscorrect":0},{"id":"2210","description":"قاعده ی نورپردازى","iscorrect":0},{"id":"2211","description":"قاعده ی تقسيم سوژه به سه قسمت","iscorrect":0},{"id":"2212","description":"قاعده ی تقسيم بندى زمينه عكس","iscorrect":1}]}]},{"score":"60","questions":[{"id":"598","description":"چرا ايجاد تعادل در عكس مهم است؟","answers":[{"id":"2213","description":"به نورپردازى عكس كمک مى كند.","iscorrect":0},{"id":"2214","description":"به سادگى عكس كمک مى كند.","iscorrect":0},{"id":"2215","description":"به درک مفهوم عكس كمک مى كند.","iscorrect":1},{"id":"2216","description":"به فروش عكس كمک مى كند.","iscorrect":0}]},{"id":"599","description":"چگونه در عكس ايجاد عمق مى كنيم؟","answers":[{"id":"2217","description":"با قراردادن عناصر عكس در فاصله هاى مختلف.","iscorrect":1},{"id":"2218","description":"با قراردادن عناصر عكس نزديك به هم.","iscorrect":0},{"id":"2219","description":"با قرار دادن عناصر عكس در يك فاصله نسبت به هم.","iscorrect":0},{"id":"2220","description":"با ايجاد وضوح در عكس.","iscorrect":0}]},{"id":"600","description":"خطوط زاويه دار در عكس چه حسى ايجاد مى كنند؟","answers":[{"id":"2221","description":"حس عمق","iscorrect":0},{"id":"2222","description":"حس ايستائى","iscorrect":0},{"id":"2223","description":"حس دورى","iscorrect":0},{"id":"2224","description":"حس حركت","iscorrect":1}]}]}]},{"name":"وضوح در عكس","id":"109","contentorder":"9","lesson_number":5,"type":0,"filename":"lesson109.html"},{"name":"وضوح در عكس","id":"222","contentorder":"10","type":1,"set":[{"score":"60","questions":[{"id":"601","description":"به تعريف اين درس، نقش وضوح در عكس چيست؟","answers":[{"id":"2225","description":"تعيين كننده ی كادر عكس است.","iscorrect":0},{"id":"2226","description":"تعيين كننده ی ارزش عكس است.","iscorrect":0},{"id":"2227","description":"تعيين كننده ی عمق ميدان در عكس است.","iscorrect":0},{"id":"2228","description":"تعيين كننده ی نقطه ی تاكيد عكس است.","iscorrect":1}]},{"id":"602","description":"اگر عكاس سيستم فوكوس را در دوربين ديجيتال هدايت نكند، كدام بخش از عكس واضح خواهد بود؟","answers":[{"id":"2229","description":"قسمت بالاى عكس","iscorrect":0},{"id":"2230","description":"قسمت پائين عكس","iscorrect":0},{"id":"2231","description":"وسط كادر عكس","iscorrect":1},{"id":"2232","description":"كل عكس وضوح نخواهد داشت.","iscorrect":0}]},{"id":"603","description":"معناى عمق ميدان در عكس چيست؟","answers":[{"id":"2233","description":"بخشى از عكس كه سوژه را در خود جاى مى دهد.","iscorrect":0},{"id":"2234","description":"بخشى از عكس كه از وضوح نسبى برخوردار است.","iscorrect":1},{"id":"2235","description":"بخشى از عكس كه عمق دارد.","iscorrect":0},{"id":"2236","description":"بخشى از عكس كه واضح نیست.","iscorrect":0}]}]},{"score":"60","questions":[{"id":"604","description":"عامل مهم در تعيين عمق ميدان در يک عكس كدام است؟","answers":[{"id":"2237","description":"نور و اندازه دريچه ی عدسى","iscorrect":1},{"id":"2238","description":"كادربندى عكس","iscorrect":0},{"id":"2239","description":"سرعت عكس","iscorrect":0},{"id":"2240","description":"محل دوربين عكاسى","iscorrect":0}]},{"id":"605","description":"براى اينكه دوربين روى سوژه ی ما فوكوس كند چه مى كنيم؟","answers":[{"id":"2241","description":"دكمه ی عكسبردارى را تا انتها فشار مى دهيم.","iscorrect":0},{"id":"2242","description":"دكمه ی عكسبردارى را تا نيمه فشار داده، نگه مى داريم.","iscorrect":1},{"id":"2243","description":"دوربين را به سوژه نزديک مى كنيم.","iscorrect":0},{"id":"2244","description":"نور سوژه را زياد مى كنيم.","iscorrect":0}]},{"id":"606","description":"فشار دادن دكمه ی عكسبردارى تا نيمه چه تاثيرى در كار دوربين ديجيتال دارد؟","answers":[{"id":"2245","description":"آن را شارژ مى كند.","iscorrect":0},{"id":"2246","description":"دوربين را روشن مى كند.","iscorrect":0},{"id":"2247","description":"به دوربين دستور مى دهد صحنه ی مقابلش را ارزيابى كند.","iscorrect":1},{"id":"2248","description":"به دوربين دستور مى دهد عكس بگيرد.","iscorrect":0}]}]}]},{"name":"پس زمينه ی عكس","id":"110","contentorder":"11","lesson_number":6,"type":0,"filename":"lesson110.html"},{"name":"پس زمينه ی عكس","id":"225","contentorder":"12","type":1,"set":[{"score":"60","questions":[{"id":"609","description":"پس زمينه ی شلوغ چه تاثيرى در عكس دارد؟","answers":[{"id":"2257","description":"توجه بيننده را از سوژه منحرف مى كند.","iscorrect":1},{"id":"2258","description":"از وضوح عكس كم مى كند.","iscorrect":0},{"id":"2259","description":"توجه سوژه را منحرف مى كند.","iscorrect":0},{"id":"2260","description":"توجه عكاس را منحرف مى كند.","iscorrect":0}]},{"id":"610","description":"پس زمينه درعكس را با چه عنصرى در نقاشى مى توان مقايسه كرد؟","answers":[{"id":"2261","description":"رنگ","iscorrect":0},{"id":"2262","description":"بوم","iscorrect":1},{"id":"2263","description":"سه پایه","iscorrect":0},{"id":"2264","description":"نور","iscorrect":0}]},{"id":"611","description":"استفاده از عدسى بلند يا زوم چه تاثيرى بر پس زمينه عكس دارد؟","answers":[{"id":"2265","description":"نور عكس را كم مى كند.","iscorrect":0},{"id":"2266","description":"به عكس عمق مى دهد.","iscorrect":0},{"id":"2267","description":"وضوح سوژه را كم مى كند.","iscorrect":0},{"id":"2268","description":"وضوح پس زمينه را كم مى كند.","iscorrect":1}]}]},{"score":"60","questions":[{"id":"612","description":"بازتر كردن عدسى دوربين چه تاثيرى بر پس زمينه ی عكس مى گذارد؟","answers":[{"id":"2269","description":"پس زمينه را روشن مى كند.","iscorrect":0},{"id":"2270","description":"پس زمينه را تاريک مى كند.","iscorrect":0},{"id":"2271","description":"وضوح پس زمينه را زياد مى كند.","iscorrect":0},{"id":"2272","description":"وضوح پس زمينه را كم مى كند.","iscorrect":1}]},{"id":"613","description":"براى حفظ تنظيم دوربين، وقتى دريچه ی عدسى را بازتر مى كنيم، چه تغييرى بايد درسرعت عكس گرفتن بدهيم؟","answers":[{"id":"2273","description":"سرعت را كم كنيم.","iscorrect":0},{"id":"2274","description":"سرعت را زیاد كنيم.","iscorrect":1},{"id":"2275","description":"سرعت را ثابت نگاه داريم.","iscorrect":0},{"id":"2276","description":"تغييرى لازم نيست.","iscorrect":0}]},{"id":"614","description":"به تعريف اين درس، اولين قدم در ايجاد پس زمینه مناسب در عكس چيست؟","answers":[{"id":"2277","description":"نزديک شدن به سوژه","iscorrect":0},{"id":"2278","description":"تغيير سرعت دوربين","iscorrect":0},{"id":"2279","description":"تغيير عدسى","iscorrect":0},{"id":"2280","description":"توجه به پس زمينه","iscorrect":1}]}]}]},{"name":"عمق در عكس","id":"111","contentorder":"13","lesson_number":7,"type":0,"filename":"lesson111.html"},{"name":"عمق در عكس","id":"227","contentorder":"14","type":1,"set":[{"score":"60","questions":[{"id":"615","description":"چرا انسان جهان را سه بعدى مى بيند اما دوربين دو بعدى؟","answers":[{"id":"2281","description":"چون انسان ذهنش را با واقعيت منطبق مى كند.","iscorrect":0},{"id":"2282","description":"چون دوربين هوش انسان را ندارد.","iscorrect":0},{"id":"2283","description":"چون انسان از ديد دو چشم برخوردار است.","iscorrect":1},{"id":"2284","description":"دوربين هم مى تواند سه بعدى ببيند.","iscorrect":0}]},{"id":"616","description":"براى ايجاد عمق، عناصر عكس را چگونه بايد در كادر چيد؟","answers":[{"id":"2285","description":"با نظم","iscorrect":0},{"id":"2286","description":"به ترتيب اندازه","iscorrect":0},{"id":"2287","description":"در عرض كادر","iscorrect":0},{"id":"2288","description":"يكى نزديک به دوربين و بقيه به تدريج دورتر","iscorrect":1}]},{"id":"617","description":"به تعريف اين درس، پرسپكتو خطى چيست؟","answers":[{"id":"2289","description":"استفاده از خطوطى كه در عكس تصور عمق ايجاد مى كنند.","iscorrect":1},{"id":"2290","description":"استفاده از پرسپكيو خطوط موازى","iscorrect":0},{"id":"2291","description":"چيدن خطوط در عرض كادر","iscorrect":0},{"id":"2292","description":"استفاده از خطوط براى پر كردن كادر","iscorrect":0}]}]},{"score":"60","questions":[{"id":"618","description":"پرسپكتيو هوائى يعنى چه؟","answers":[{"id":"2293","description":"استفاده از هوا براى ايجاد پرسپكتيو","iscorrect":0},{"id":"2294","description":"استفاده از تابش نور خورشيد براى ايجاد پرسپكتو","iscorrect":0},{"id":"2295","description":"استفاده از محو شدن آنچه از ما دور مى شود براى ايجاد پرسپكتو","iscorrect":1},{"id":"2296","description":"استفاده از فضاى بالاى كادر عكس براى ايجاد پرسپكتيو","iscorrect":0}]},{"id":"619","description":"در عكس كدام اشياء بزرگ تر و كدام كوچک تر به نظر مى آيند ؟","answers":[{"id":"2297","description":"اشيائى كه از دوربين دورند بزرگ تر از آنها كه نزديک ترند به نظر مى آيند.","iscorrect":0},{"id":"2298","description":"اشيائى كه به ما نزديک تر هستند بزرگ تر از آنها كه دورند به نظر مى آيند.","iscorrect":1},{"id":"2299","description":"اشيائى كه پررنگ تر هستند دورتر به نظر مى آيند.","iscorrect":0},{"id":"2300","description":"اشيائى كه نزديک تر به دوربين هستند كوچک تر به نظر مى آيند.","iscorrect":0}]},{"id":"620","description":"در عكاسى منظره، چرا آنچه در بالاى كادر عكس قرار مى گيرد به نظر بيننده دورتر از چيزیست كه پائين كادر قرار مى گيرد؟","answers":[{"id":"2301","description":"چون به افق نزديک تر به نظر مى آيد.","iscorrect":1},{"id":"2302","description":"چون از افق دورتر به نظر مى آيد.","iscorrect":0},{"id":"2303","description":"چون از قابليت بزرگ نمائى عدسى استفاده مى كند.","iscorrect":0},{"id":"2304","description":"اين ادعا صحت ندارد.","iscorrect":0}]}]}]},{"name":"آشنائى با عكاسى ديجيتال","id":"112","contentorder":"15","lesson_number":8,"type":0,"filename":"lesson112.html"},{"name":"آشنائى با عكاسى ديجيتال","id":"229","contentorder":"16","type":1,"set":[{"score":"60","questions":[{"id":"621","description":"در دوربين آنالوگ عكس بر روى چه چيزى ثبت مى شود؟","answers":[{"id":"2305","description":"حافظه ی دوربين","iscorrect":0},{"id":"2306","description":"فیلم","iscorrect":1},{"id":"2307","description":"کامپیوتر","iscorrect":0},{"id":"2308","description":"کاغذ عکاسی","iscorrect":0}]},{"id":"622","description":"در دوربين هاى ديجيتال چه چيزى جاى فيلم را گرفته؟","answers":[{"id":"2309","description":"كارت حافظه","iscorrect":0},{"id":"2310","description":"كامپيوتر","iscorrect":0},{"id":"2311","description":"صفحه ی سى سى دى","iscorrect":1},{"id":"2312","description":"نوع تازه اى از فيلم","iscorrect":0}]},{"id":"623","description":"چرا عكس ديجيتال را مى شود مستقيماً به كامپيوتر منتقل كرد؟","answers":[{"id":"2313","description":"چون كامپيوترها پيشرفت كرده اند.","iscorrect":0},{"id":"2314","description":"چون عكس در كامپيوتر اسكن شده است.","iscorrect":0},{"id":"2315","description":"چون صفحه ی سى سى دى نور را به پيكسل كه ديجيتال است تبديل كرده است.","iscorrect":1},{"id":"2316","description":"چون صفحه ی سى سى دى به كامپيوتر قابل وصل است.","iscorrect":0}]}]},{"score":"60","questions":[{"id":"624","description":"پيكسل چيست؟","answers":[{"id":"2317","description":"نورى كه وارد دوربين مى شود.","iscorrect":0},{"id":"2318","description":"كوچک ترين واحد سازنده ی عكس ديجيتال","iscorrect":1},{"id":"2319","description":"بزرگ ترين عنصر عكس ديجيتال","iscorrect":0},{"id":"2320","description":"واحد اندازه گيرى دوربين","iscorrect":0}]},{"id":"625","description":"تعداد پيكسل موجود در هر اينچ مربع عكسى كه رزولوشن آن ١٥٠ پى پی آى باشد چيست؟","answers":[{"id":"2321","description":"۱۵۰ پيکسل","iscorrect":0},{"id":"2322","description":"۲۲۵۰۰ پيکسل","iscorrect":1},{"id":"2323","description":"۲۵۳۶۰ پيکسل","iscorrect":0},{"id":"2324","description":"۷۲ پيکسل","iscorrect":0}]},{"id":"626","description":"آيا مى شود رزولوشن يک عكس را بعد از انتقال آن به كامپيوتر با حفظ ابعاد آن بالا برد؟","answers":[{"id":"2325","description":"بستگى به قدرت كامپيوتر دارد.","iscorrect":0},{"id":"2326","description":"بله","iscorrect":0},{"id":"2327","description":"نه","iscorrect":1},{"id":"2328","description":"گاهی","iscorrect":0}]}]}]},{"name":"انتخاب دوربين ديجيتال","id":"113","contentorder":"17","lesson_number":9,"type":0,"filename":"lesson113.html"},{"name":"انتخاب دوربين ديجيتال","id":"231","contentorder":"18","type":1,"set":[{"score":"60","questions":[{"id":"627","description":"مگاپيكسل يعنى چه؟","answers":[{"id":"2329","description":"پيكسل بزرگ","iscorrect":0},{"id":"2330","description":"پيكسل ديجيتال","iscorrect":0},{"id":"2331","description":"هزار پيكسل","iscorrect":0},{"id":"2332","description":"یک ميليون پيكسل","iscorrect":1}]},{"id":"628","description":"براى گرفتن عكسى كه لازم است با رزولوشن صد و پنجاه پى پى آى و در ابعاد بيست اينچ در بيست اينچ چاپ شود، به چه تعداد مگاپيكسل احتياج هست؟","answers":[{"id":"2333","description":"٨ مگاپيكسل","iscorrect":0},{"id":"2334","description":"یک ميليون مگاپيكسل","iscorrect":0},{"id":"2335","description":"٩ مگاپيكسل","iscorrect":1},{"id":"2336","description":"١٠ مگاپيكسل","iscorrect":0}]},{"id":"629","description":"موقع خريد دوربين ديجيتال چه تعداد مگاپيكسل بهتر است؟","answers":[{"id":"2337","description":"هزار","iscorrect":0},{"id":"2338","description":"هر چه بیشتر","iscorrect":1},{"id":"2339","description":"هر چه کمتر","iscorrect":0},{"id":"2340","description":"شش","iscorrect":0}]}]},{"score":"60","questions":[{"id":"630","description":"نقش سى سى دى در دوربين ديجيتال چيست؟","answers":[{"id":"2341","description":"ثبت عكس بر روى فيلم","iscorrect":0},{"id":"2342","description":"تعيين سرعت دوربين","iscorrect":0},{"id":"2343","description":"تبديل نور","iscorrect":0},{"id":"2344","description":"تبديل نور به پيكسل","iscorrect":1}]},{"id":"631","description":"عدسى در دوربين هاى DSLR چه تفاوتى با دوربين هاى ساده دارد؟","answers":[{"id":"2345","description":"كوچک تر است.","iscorrect":0},{"id":"2346","description":"سريع تر است.","iscorrect":0},{"id":"2347","description":"قابل تعويض است.","iscorrect":1},{"id":"2348","description":"قابل كنترل است.","iscorrect":0}]},{"id":"632","description":"موقع خريد دوربين كدام زوم اهميت بيشترى دارد؟","answers":[{"id":"2349","description":"ديجيتال","iscorrect":0},{"id":"2350","description":"آپتيكال","iscorrect":1},{"id":"2351","description":"سريع تر","iscorrect":0},{"id":"2352","description":"پر قدرت تر","iscorrect":0}]}]}]},{"name":"امكانات و تنظيم دوربين ديجيتال","id":"114","contentorder":"19","lesson_number":10,"type":0,"filename":"lesson114.html"},{"name":"امكانات و تنظيم دوربين ديجيتال","id":"233","contentorder":"20","type":1,"set":[{"score":"60","questions":[{"id":"633","description":"كيفيت فايل عكس يا Image Quality به چه چيز بستگى داد؟","answers":[{"id":"2353","description":"تعداد پيكسل ها","iscorrect":0},{"id":"2354","description":"ميزان فشردگى پيكسل ها","iscorrect":1},{"id":"2355","description":"نور عكس","iscorrect":0},{"id":"2356","description":"كيفيت دوربين","iscorrect":0}]},{"id":"634","description":"ميزان فشردگى پيكسل ها در فايل عكس چه نسبتى با حجم فايل عكس دارد؟","answers":[{"id":"2357","description":"هر چه عكس فشرده تر، فايل عكس كوچک تر","iscorrect":1},{"id":"2358","description":"هر چه عكس فشرده تر، فايل عكس بزرگ تر","iscorrect":0},{"id":"2359","description":"ربطى به هم ندارند.","iscorrect":0},{"id":"2360","description":"حجم فايل را دو برابر مى كند.","iscorrect":0}]},{"id":"635","description":"تفاوت فايل RAW و فايل سوپرفاين (Superfine) چيست؟","answers":[{"id":"2361","description":"فايل RAW فشرده تر است.","iscorrect":0},{"id":"2362","description":"تفاوتى ندارند.","iscorrect":0},{"id":"2363","description":"فايل RAW در دوربين تصحيح مى شود.","iscorrect":0},{"id":"2364","description":"فايل RAW در دوربين تصحيح نمى شود.","iscorrect":1}]}]},{"score":"60","questions":[{"id":"636","description":"تفاوت كيفيت عكس یا Compression و اندازه ی عكس يا Resolution چيست؟","answers":[{"id":"2365","description":"كيفيت عكس به فشردگى پيكسل ها بستگى دارد و اندازه ی عكس به تعداد پيكسل هاى حاضر در عكس.","iscorrect":1},{"id":"2366","description":"كيفيت عكس به تعداد پيكسل هاى حاضر در عكس بستگى دارد و اندازه ی عكس به فشردگى پيكسل ها.","iscorrect":0},{"id":"2367","description":"كيفيت عكس به مقدار نور بستگى دارد، اندازه ی عكس به كيفيت دوربين.","iscorrect":0},{"id":"2368","description":"هر دو يكى هستند.","iscorrect":0}]},{"id":"637","description":"حرف A روى دكمه ی تنظيم دوربين نشانگر چه وضعيتى از عكس برداری است؟","answers":[{"id":"2369","description":"وضعيتى كه در آن سرعت اهميت دارد.","iscorrect":0},{"id":"2370","description":"وضعيتى كه در آن اندازه ی دريچه ی عدسى اهميت دارد.","iscorrect":1},{"id":"2371","description":"وضعيتى كه دوربين همه چيز را تنظيم می كند.","iscorrect":0},{"id":"2372","description":"وضعيتى كه عكاس همه چيز را تنظيم مى كند.","iscorrect":0}]},{"id":"638","description":"اگر تنظيم دوربين روى حرف S باشد، چه عاملى در تنظيم دوربين اهميت دارد؟","answers":[{"id":"2373","description":"دريچه ی عدسى","iscorrect":0},{"id":"2374","description":"سرعت عكس بردارى","iscorrect":1},{"id":"2375","description":"نور","iscorrect":0},{"id":"2376","description":"اندازه ی عكس","iscorrect":0}]}]}]},{"name":"آشنائى با نرم افزار ادوبى فتوشاپ","id":"115","contentorder":"21","lesson_number":11,"type":0,"filename":"lesson115.html"},{"name":"آشنائى با نرم افزار ادوبى فتوشاپ","id":"235","contentorder":"22","type":1,"set":[{"score":"60","questions":[{"id":"639","description":"قاب برنامه (Application Frame) چيست؟","answers":[{"id":"2377","description":"مجموعه لايه هاى برنامه","iscorrect":0},{"id":"2378","description":"مجموعه نرم افزارهاى كامپيوتر","iscorrect":0},{"id":"2379","description":"صفحه ی اصلى نرم افزار","iscorrect":1},{"id":"2380","description":"حاشيه ی اطراف نرم افزار","iscorrect":0}]},{"id":"640","description":"قاب نرم افزار فتوشاپ در اين درس به چند بخش تقسيم شده است؟","answers":[{"id":"2381","description":"چهار بخش","iscorrect":0},{"id":"2382","description":"سه بخش","iscorrect":1},{"id":"2383","description":"دو بخش","iscorrect":0},{"id":"2384","description":"تقسيم نشده","iscorrect":0}]},{"id":"641","description":"پنجره ی لايه ها (Layers) چه چيزى را به ما نشان مى دهد؟","answers":[{"id":"2385","description":"لايه هاى تشكيل دهنده ی نرم افزار را.","iscorrect":0},{"id":"2386","description":"لايه هاى تشكيل دهنده ی كامپيوتر را.","iscorrect":0},{"id":"2387","description":"لايه هاى پنجره هاى برنامه.","iscorrect":0},{"id":"2388","description":"لايه هاى تشكيل دهنده ی يک تصوير را.","iscorrect":1}]}]},{"score":"60","questions":[{"id":"642","description":"با باز كردن عكس چه لايه اى در پنجره ی لايه ها ايجاد مى شود؟","answers":[{"id":"2389","description":"لايه ی برنامه","iscorrect":0},{"id":"2390","description":"لايه ی كامپيوتر","iscorrect":0},{"id":"2391","description":"لايه ی نوشته","iscorrect":0},{"id":"2392","description":"لايه ی پس زمينه","iscorrect":1}]},{"id":"643","description":"ابزار نوشتن كجا قرار دارد؟","answers":[{"id":"2393","description":"در پنجره ی لايه ها","iscorrect":0},{"id":"2394","description":"در جعبه ی ابزار","iscorrect":1},{"id":"2395","description":"در فايل نرم افزار","iscorrect":0},{"id":"2396","description":"در منوى نرم افزار","iscorrect":0}]},{"id":"644","description":"كاربرد لايه ها در فتوشاپ چيست؟","answers":[{"id":"2397","description":"جدا کردن اجزاى عكس از يكديگر","iscorrect":1},{"id":"2398","description":"جدا کردن پنجره ها از يكديگر","iscorrect":0},{"id":"2399","description":"افزودن بر كيفيت عكس","iscorrect":0},{"id":"2400","description":"كم كردن حجم عكس","iscorrect":0}]}]}]},{"name":"كار با نرم افزار ادوبى فتوشاپ","id":"116","contentorder":"23","lesson_number":12,"type":0,"filename":"lesson116.html"},{"name":"كار با نرم افزار ادوبى فتوشاپ","id":"237","contentorder":"24","type":1,"set":[{"score":"60","questions":[{"id":"645","description":"اگر جعبه ی ابزار ديده نمى شود، چه بايد كرد؟","answers":[{"id":"2401","description":"فايل را حفظ كرد.","iscorrect":0},{"id":"2402","description":"فضاى كار را به ESSENTIALS تبديل كرد.","iscorrect":1},{"id":"2403","description":"به كمپانى ادوبى تلفن كرد.","iscorrect":0},{"id":"2404","description":"فضاى كار را از ESSENTIALS خارج كرد.","iscorrect":0}]},{"id":"646","description":"انتخاب بخشى از تصوير چه امكانى در اختيار ما مى گذارد؟","answers":[{"id":"2405","description":"كار كردن با آن بخش مستقل از بقيه ی تصوير","iscorrect":1},{"id":"2406","description":"كار كردن با آن بخش همزمان با بقيه ی تصوير","iscorrect":0},{"id":"2407","description":"كار نكردن با آن بخش","iscorrect":0},{"id":"2408","description":"كار كردن با آن بخش با كيفيت بهتر","iscorrect":0}]},{"id":"647","description":"ابزار انتخاب ريسمانى چه تفاوتى با ابزار انتخاب هندسى دارد؟","answers":[{"id":"2409","description":"تفاوتى ندارد.","iscorrect":0},{"id":"2410","description":"به شكل ريسمان است.","iscorrect":0},{"id":"2411","description":"شكل از پيش تعيين شده دارد.","iscorrect":0},{"id":"2412","description":"شكل از پيش تعيين شده ندارد.","iscorrect":1}]}]},{"score":"60","questions":[{"id":"648","description":"چرا استفاده از ابزار تايپ، لايه ی تازه اى در فتوشاپ ايجاد مى كند؟","answers":[{"id":"2413","description":"چون كيفيت لايه ی متن با ساير لايه ها متفاوت است.","iscorrect":1},{"id":"2414","description":"چون لايه ی متن بايد در جاى خاصى قرار بگيرد.","iscorrect":0},{"id":"2415","description":"چون كيفيت لايه ی متن بالاتر از ساير لايه هاست.","iscorrect":0},{"id":"2416","description":"چون كيفيت لايه ی متن پائين تر از ساير لايه هاست.","iscorrect":0}]},{"id":"649","description":"چگونه مى توانيم عملكرد هر ابزارى را كنترل كنيم؟","answers":[{"id":"2417","description":"با بستن نوار كنترل ابزار","iscorrect":0},{"id":"2418","description":"با كنترل كردن قاب برنامه","iscorrect":0},{"id":"2419","description":"با مراجعه به نوار كنترل ابزار","iscorrect":1},{"id":"2420","description":"با كليک كردن بر روى تصوير","iscorrect":0}]},{"id":"650","description":"چه نوع فتوشاپ امكان تايپ فارسى مى دهد؟","answers":[{"id":"2421","description":"فتوشاپ فارسى","iscorrect":0},{"id":"2422","description":"فتوشاپ ME","iscorrect":1},{"id":"2423","description":"فتوشاپ CS5","iscorrect":0},{"id":"2424","description":"فتوشاپ CS3","iscorrect":0}]}]}]},{"name":"كنترل ابعاد فايل عكس در فتوشاپ","id":"117","contentorder":"25","lesson_number":13,"type":0,"filename":"lesson117.html"},{"name":"كنترل ابعاد فايل عكس در فتوشاپ","id":"239","contentorder":"26","type":1,"set":[{"score":"60","questions":[{"id":"651","description":"در پنجره ی Image Size نقش Constrain Proportions چيست؟","answers":[{"id":"2425","description":"تغيير ابعاد عكس","iscorrect":0},{"id":"2426","description":"حفظ نسبت ابعاد عكس","iscorrect":1},{"id":"2427","description":"تغيير نسبت ابعاد عكس","iscorrect":0},{"id":"2428","description":"كم كردن اندازه ی عكس","iscorrect":0}]},{"id":"652","description":"بعد از تغيير اندازه ی عكس چگونه مى شود اصل فايل عكس را حفظ كرد؟","answers":[{"id":"2429","description":"با تغيير ابعاد عكس","iscorrect":0},{"id":"2430","description":"با تغيير نام فايل و حفظ اندازه ی عكس","iscorrect":0},{"id":"2431","description":"با استفاده از Save As و تغيير نام فايل","iscorrect":1},{"id":"2432","description":"با Save نكردن عكس","iscorrect":0}]},{"id":"653","description":"تفاوت استفاده از پنجره ی Image Size و استفاده از ابزار برش (Crop Tool) براى تغيير اندازه ی عكس چيست؟","answers":[{"id":"2433","description":"پنجره ی Image size اندازه ی كل عكس را تغيير مى دهد در حالی كه ابزار برش، كادر عكس را تغيير مى دهد.","iscorrect":1},{"id":"2434","description":"پنجره ی Image size كادر عكس را تغيير مى دهد در حالی كه ابزار برش اندازه ی كل عكس را تغيير مى دهد.","iscorrect":0},{"id":"2435","description":"پنجره ی Image size كيفيت عكس را ثابت نگه مى دارد در حالی كه ابزار برش آنرا تغيير مى دهد.","iscorrect":0},{"id":"2436","description":"تفاوتى ندارند.","iscorrect":0}]}]},{"score":"60","questions":[{"id":"654","description":"بعد از انتخاب كادر تصوير با ابزار برش، براى بريدن آنچه مورد نظر نيست چه بايد كرد؟","answers":[{"id":"2437","description":"فايل را حفظ (Save) كرد.","iscorrect":0},{"id":"2438","description":"قاب را بست.","iscorrect":0},{"id":"2439","description":"بيرون قاب دو كليک متوالى (Double Click) كرد.","iscorrect":0},{"id":"2440","description":"داخل قاب دو كليک متوالى (Double Click) كرد.","iscorrect":1}]},{"id":"655","description":"چگونه مى توانيم شئ ناخواسته اى را از كنار عكس ببريم؟","answers":[{"id":"2441","description":"با استفاده از ابزار حركت","iscorrect":0},{"id":"2442","description":"با استفاده از Image Size","iscorrect":0},{"id":"2443","description":"با استفاده از ابزار برش (Crop Tool)","iscorrect":1},{"id":"2444","description":"با استفاده از قيچى","iscorrect":0}]},{"id":"656","description":"اگر بخواهيم Resolution عكسى را بالا ببريم چگونه ابعادش را تغيير مى دهيم؟","answers":[{"id":"2445","description":"با استفاده از ابزار برش (Crop Tool)","iscorrect":0},{"id":"2446","description":"با كوچک كردن نسبى ابعادش در Image Size","iscorrect":1},{"id":"2447","description":"با استفاده از دوربين ديجيتال","iscorrect":0},{"id":"2448","description":"با استفاده از خط كش در فتوشاپ","iscorrect":0}]}]}]},{"name":"تصحيح عكس در فتوشاپ","id":"118","contentorder":"27","lesson_number":14,"type":0,"filename":"lesson118.html"},{"name":"تصحيح عكس در فتوشاپ","id":"241","contentorder":"28","type":1,"set":[{"score":"60","questions":[{"id":"657","description":"هدف از تصحيح نور و رنگ در اين درس چيست؟","answers":[{"id":"2449","description":"درخشان كردن نور و رنگ","iscorrect":0},{"id":"2450","description":"ايجاد جلوه هاى ويژه","iscorrect":0},{"id":"2451","description":"متعادل كردن نور و رنگ","iscorrect":1},{"id":"2452","description":"كم كردن نور و اشباع رنگ","iscorrect":0}]},{"id":"658","description":"در اين درس تغييرات در كدام لايه از عكس صورت مى گيرند؟","answers":[{"id":"2453","description":"لايه هاى مستقل اصلاحى","iscorrect":1},{"id":"2454","description":"لايه هاى اصلى","iscorrect":0},{"id":"2455","description":"لايه ی پس زمينه (Background Layer)","iscorrect":0},{"id":"2456","description":"لايه هاى ميانى","iscorrect":0}]},{"id":"659","description":"چرا در اين درس از روش دوم براى اصلاح عكس استفاده مى شود؟","answers":[{"id":"2457","description":"چون تغييرات پنهان هستند.","iscorrect":0},{"id":"2458","description":"چون تغييرات نهائى و ثابت هستند.","iscorrect":0},{"id":"2459","description":"چون تغييرات قابل اصلاح مجدد هستند.","iscorrect":1},{"id":"2460","description":"چون تغييرات كم اثرتر هستند.","iscorrect":0}]}]},{"score":"60","questions":[{"id":"663","description":"تصحيح Levels چه تغييرى در عكس ايجاد مى كند؟","answers":[{"id":"2473","description":"عكس را سياه و سفيد مى كند.","iscorrect":0},{"id":"2474","description":"سايه و روشن عكس را زياد مى كند.","iscorrect":0},{"id":"2475","description":"سايه و روشن عكس را متعادل مى كند.","iscorrect":1},{"id":"2476","description":"سايه ها را تاريک تر و روشنى ها را روشن تر مى كند.","iscorrect":0}]},{"id":"664","description":"هدف از تصحيح اشباع رنگ در اين درس چيست؟","answers":[{"id":"2477","description":"ايجاد یک رنگ غالب در عكس","iscorrect":0},{"id":"2478","description":"واقعى تر كردن نور عكس","iscorrect":0},{"id":"2479","description":"واقعى تر كردن رنگ ها در عكس","iscorrect":1},{"id":"2480","description":"كم كردن اشباع رنگ در عكس","iscorrect":0}]},{"id":"665","description":"فايل RGB چگونه فايلى است؟","answers":[{"id":"2481","description":"فايلى كه يک لايه داشته باشد.","iscorrect":0},{"id":"2482","description":"فايلى كه از تركيب رنگ هاى قرمز، سبز و سياه ساخته شده باشد.","iscorrect":0},{"id":"2483","description":"فايلى كه رنگى باشد.","iscorrect":0},{"id":"2484","description":"فايلى كه از تركيب رنگ هاى قرمز، سبز و آبى ساخته شده باشد.","iscorrect":1}]}]}]},{"name":"تصحيح جزئيات عكس در فتوشاپ","id":"119","contentorder":"29","lesson_number":15,"type":0,"filename":"lesson119.html"},{"name":"تصحيح جزئيات عكس در فتوشاپ","id":"244","contentorder":"30","type":1,"set":[{"score":"60","questions":[{"id":"666","description":"چالش كار اصلاح و ترميم عكس در چيست؟","answers":[{"id":"2485","description":"در حفظ كردن اصل عكس","iscorrect":0},{"id":"2486","description":"در حفظ كردن لايه هاى عكس","iscorrect":0},{"id":"2487","description":"در اينكه بخش اصلاح شده قابل شناسائى باشد.","iscorrect":0},{"id":"2488","description":"در اينكه اثرى از اصلاح باقى نماند.","iscorrect":1}]},{"id":"667","description":"پيش از اصلاح و ترميم بخش هاى مستقل عكس، لازم است با كل عكس چه بكنيم؟","answers":[{"id":"2489","description":"كل عكس را حفظ Save كنيم.","iscorrect":0},{"id":"2490","description":"يک كپى از آن را اصلاح كنيم.","iscorrect":0},{"id":"2491","description":"نور و رنگ كل عكس را اصلاح كنيم.","iscorrect":1},{"id":"2492","description":"كل عكس را كپى كنيم.","iscorrect":0}]},{"id":"668","description":"براى روشن تر كردن بخشى از عكس از چه ابزارى استفاده مى كنيم؟","answers":[{"id":"2493","description":"Burn Tool","iscorrect":0},{"id":"2494","description":"Doge Tool","iscorrect":1},{"id":"2495","description":"Spot Healing Tool","iscorrect":0},{"id":"2496","description":"Clone Tool","iscorrect":0}]}]},{"score":"60","questions":[{"id":"669","description":"براى تاریک تر كردن بخشى از عكس از چه ابزارى استفاده مى كنيم؟","answers":[{"id":"2497","description":"Burn Tool","iscorrect":1},{"id":"2498","description":"Doge Tool","iscorrect":0},{"id":"2499","description":"Spot Healing Tool","iscorrect":0},{"id":"2500","description":"Clone Tool","iscorrect":0}]},{"id":"670","description":"موقع استفاده از Clone Tool چگونه از بخش سالم عكس نمونه بر مى داريم؟","answers":[{"id":"2501","description":"نگه داشتن كليد Shift و كليک كردن روى پيكسل هاى سالم","iscorrect":0},{"id":"2502","description":"نگه داشتن كليد alt/option و كليک كردن روى پيكسل هاى سالم","iscorrect":1},{"id":"2503","description":"نگه داشتن كليد alt/option و كليک كردن روى لايه اصلى عكس","iscorrect":0},{"id":"2504","description":"نگه داشتن كليد alt/option و كليک كردن روى بخشى كه احتياج به ترميم دارد.","iscorrect":0}]},{"id":"671","description":"تفاوت Clone Stamp Tool و Spot Healing Brush Tool چيست؟","answers":[{"id":"2505","description":"تفاوتى ندارند.","iscorrect":0},{"id":"2506","description":"اولى پيكسل ها را تغيير مى دهد و دومى آنها را حفظ مى كند.","iscorrect":0},{"id":"2507","description":"اولى پيكسل ها را جايگزين مى كند و دومى يكدست می کند.","iscorrect":1},{"id":"2508","description":"اولى پيكسل ها را يكدست مى كند و دومى جايگزين می کند.","iscorrect":0}]}]}]}]}