{"courseId":"60","contents":[{"name":"درس اول- چرا به تحقیق نیازمندیم؟","id":"453","contentorder":"1","type":0,"filename":"lesson453.html"},{"name":"چرا به تحقیق نیازمندیم؟","id":"740","contentorder":"2","type":1,"set":[{"score":"60","questions":[{"id":"2678","description":"کدام گزینه درست است؟","answers":[{"id":"10175","description":"روش تحقیق همین پرس و جوهایی است که همه ما به صورت روزمره انجام می دهیم.","iscorrect":0},{"id":"10176","description":"روش تحقیق صورت گسترده و علمی شده پرس و جوهای روزمره است.","iscorrect":0},{"id":"10177","description":"روش تحقیق صورت گسترده و منظم پرس و جوهایی است که برای یافتن پاسخ به سوال های مان انجام می دهیم.","iscorrect":1}]},{"id":"2679","description":"کدام گزینه در مورد کاربران وب درست است؟","answers":[{"id":"10178","description":"کاربران وب در انبوه اطلاعاتی که به اشتراک گذاشته می شود گیج شده اند.","iscorrect":0},{"id":"10179","description":"کاربران وب باید احتیاط و دقت کنند و سوال بپرسند.","iscorrect":1},{"id":"10180","description":"کاربران وب بیش از دیگران آمادگی پاسخ به سوال های خود را دارند.","iscorrect":0}]},{"id":"2680","description":"کدام یک  نیاز به تحقیق ندارد:","answers":[{"id":"10181","description":"می گویند کرم های آرایشی سفیدکننده ای که تازه به بازار آمده تقلبی است.","iscorrect":0},{"id":"10182","description":"دانشگاهی که در مالزی به ایرانیان پذیرش می دهد مدارک اش در اروپا ارزشی ندارد.","iscorrect":0},{"id":"10183","description":"سدسازی عامل خشک شدن دریاچه اورمیه است.","iscorrect":0},{"id":"10184","description":"همه موارد نیاز به تحقیق دارد.","iscorrect":1}]},{"id":"2681","description":"تحقیق در این مکان ها انجام می شود:","answers":[{"id":"10185","description":"دانشگاه ها و موسسات پژوهشی","iscorrect":0},{"id":"10186","description":"آزمایشگاه ها و بنگاه های مسکن","iscorrect":0},{"id":"10187","description":"کتابخانه و فروشگاه","iscorrect":0},{"id":"10188","description":"همه موارد","iscorrect":1}]},{"id":"2682","description":"تحقیق باعث می شود:","answers":[{"id":"10189","description":"قابل اعتمادترین جواب را پیدا کنیم.","iscorrect":0},{"id":"10190","description":"بدانیم چرا خسارت زلزله آذربایجان می توانست کمتر باشد.","iscorrect":0},{"id":"10191","description":"الف و ب.","iscorrect":1},{"id":"10192","description":"روش تحقیق را درست به کار ببریم.","iscorrect":0}]}]},{"score":"60","questions":[{"id":"2683","description":"کدام گزینه درباره روش تحقیق درست است؟","answers":[{"id":"10193","description":"پرس و جوهای منظم و با برنامه","iscorrect":0},{"id":"10194","description":"روش پرس و جوهای روزمره","iscorrect":0},{"id":"10195","description":"یافتن پاسخ های قابل اعتماد","iscorrect":0},{"id":"10196","description":"الف و ج","iscorrect":1}]},{"id":"2684","description":"کدام گزینه درست است؟","answers":[{"id":"10197","description":"انبوه اطلاعات نتیجه مشارکت بیش از اندازه کاربران وب است.","iscorrect":0},{"id":"10198","description":"کاربران وب باید احتیاط و دقت کنند و سوال بپرسند.","iscorrect":1},{"id":"10199","description":"کاربران وب بیش از دیگران آمادگی پاسخ به سوال های خود را دارند.","iscorrect":0},{"id":"10200","description":"هیچ کدام","iscorrect":0}]},{"id":"2685","description":"کدام یک  نیاز به تحقیق دارد؟","answers":[{"id":"10201","description":"می گویند کرم های آرایشی سفیدکننده ای که تازه به بازار آمده تقلبی است.","iscorrect":0},{"id":"10202","description":"دانشگاهی که در مالزی به ایرانیان پذیرش ندهد مدارک اش هم ارزشی ندارد.","iscorrect":0},{"id":"10203","description":"سدسازی عامل خشک شدن دریاچه اورمیه است.","iscorrect":0},{"id":"10204","description":"الف و ج","iscorrect":1}]},{"id":"2686","description":"تحقیق یعنی:","answers":[{"id":"10205","description":"کار مطالعاتی در دانشگاه ها و موسسات پژوهشی","iscorrect":0},{"id":"10206","description":"کار پزشکان و دانشمندان در آزمایشگاه ها","iscorrect":0},{"id":"10207","description":"جست و جوی خریداران در بنگاه های مسکن","iscorrect":0},{"id":"10208","description":"همه موارد","iscorrect":1}]},{"id":"2687","description":"تحقیق باعث می شود:","answers":[{"id":"10209","description":"قابل اعتمادترین جواب ها را پیدا کنیم.","iscorrect":1},{"id":"10210","description":"بدانیم نباید زلزله آذربایجان اتفاق می افتاد.","iscorrect":0},{"id":"10211","description":"الف و ب.","iscorrect":0},{"id":"10212","description":"هیچ کدام.","iscorrect":0}]}]}]},{"name":"درس دوم- انواع سوال هایی که می توانند پاسخ پیدا کنند","id":"454","contentorder":"3","type":0,"filename":"lesson454.html"},{"name":"انواع سوال هایی که می توانند پاسخ پیدا کنند","id":"742","contentorder":"4","type":1,"set":[{"score":"70","questions":[{"id":"2688","description":"ترتیب صحیح کدام است؟","answers":[{"id":"10213","description":"اطلاع، درک، کاربرد، آنالیز، سنتز، ارزیابی","iscorrect":1},{"id":"10214","description":"آنالیز، سنتز، کاربرد","iscorrect":0},{"id":"10215","description":"درک، اطلاع، سنتز، آنالیز، ارزیابی","iscorrect":0}]},{"id":"2689","description":"اگر بپرسیم: «اعتدال بهاری چه روزی است؟» این سوال به کدام سطح از سوالات برمی گردد؟","answers":[{"id":"10216","description":"درک","iscorrect":0},{"id":"10217","description":"آنالیز","iscorrect":0},{"id":"10218","description":"اطلاع","iscorrect":1},{"id":"10219","description":"کاربرد","iscorrect":0}]},{"id":"2690","description":"این سوال در کدام گروه زیر قرار می گیرد: «کی قد بلند است؟ قد بلند تیم  کجا است؟ چه طور قد بلند ندارید؟»","answers":[{"id":"10220","description":"گروه سوال های خبری","iscorrect":0},{"id":"10221","description":"گروه سوال های مربوط به شاخه دانش","iscorrect":0},{"id":"10222","description":"گروه سوال های مربوط به هدف","iscorrect":0},{"id":"10223","description":"الف و ج","iscorrect":1}]},{"id":"2691","description":"اگر بپرسیم: « به نظر شما فیلم «جدایی» اصغر فرهادی دفاع از ارزش های مذهبی است یا عرفی؟»","answers":[{"id":"10224","description":"این سوال نادرست است.","iscorrect":0},{"id":"10225","description":"این سوال معنادار است.","iscorrect":0},{"id":"10226","description":"این سوال بسته است.","iscorrect":0},{"id":"10227","description":"ب و ج.","iscorrect":1}]},{"id":"2692","description":"کدام یک از گروه های پنج گانه سوال ها نیست:","answers":[{"id":"10228","description":"نوع برخورد با جهان، کاربرد، هدف","iscorrect":0},{"id":"10229","description":"کاربرد، نظام دوگانه، هدف","iscorrect":0},{"id":"10230","description":"مغالطه، محدوده توانش، زنجیره شواهد","iscorrect":1},{"id":"10231","description":"شاخه دانش، هدف، کاربرد","iscorrect":0}]},{"id":"2693","description":"سوال معنادار یعنی سوالی که:","answers":[{"id":"10232","description":"مغالطه نباشد.","iscorrect":0},{"id":"10233","description":"از محدوده توانش ما خارج نباشد.","iscorrect":0},{"id":"10234","description":"وقتی بیش از یک جواب دارد به یک جواب محدود نشود.","iscorrect":0},{"id":"10235","description":"همه موارد.","iscorrect":1}]}]},{"score":"60","questions":[{"id":"2694","description":"کدام جمله درست نیست:","answers":[{"id":"10236","description":"سوال ها از یک جنس نیستند.","iscorrect":0},{"id":"10237","description":"هر سوالی معتبر است٬ ولی ممکن است جوابی برایش پیدا نشود.","iscorrect":1},{"id":"10238","description":"سوال ها به گروه های مختلف تقسیم می شوند٬ مثلا بر اساس هدف سوال.","iscorrect":0}]},{"id":"2695","description":"ترتیب صحیح کدام است؟","answers":[{"id":"10239","description":"اطلاع، درک، کاربرد","iscorrect":0},{"id":"10240","description":"آنالیز، سنتز","iscorrect":0},{"id":"10241","description":"درک، اطلاع، آنالیز، ارزیابی","iscorrect":0},{"id":"10242","description":"الف و ب","iscorrect":1}]},{"id":"2696","description":"فرق این دو سوال چیست: آیا اسکندر مقدونی بود یا یونانی؟ / آیا اسکندر پیامبر بوده است؟","answers":[{"id":"10243","description":"اولی تاریخی است٬ دومی مربوط به تاریخ پیامبران است.","iscorrect":0},{"id":"10244","description":"اولی علمی و تاریخی است٬ دومی مربوط به مباحث دینی است.","iscorrect":1},{"id":"10245","description":"اولی درست است٬ دومی نادرست است.","iscorrect":0}]},{"id":"2697","description":"در این سوال هدف چیست: «کسانی که به رستوران ایتالیایی می روند چه چیزی دوست دارند؟»","answers":[{"id":"10246","description":"پیدا کردن نوع غذا.","iscorrect":0},{"id":"10247","description":"پیدا کردن جذابیت در رستوران های ایتالیایی که نوع غذا هم جزءِ آن است.","iscorrect":1},{"id":"10248","description":"مطالعه در باره کسانی که به رستوران ایتالیایی می روند.","iscorrect":0}]},{"id":"2698","description":"توجه به زنجیره شواهد یعنی:","answers":[{"id":"10249","description":"پرهیز کردن از مغالطه ضروری است.","iscorrect":0},{"id":"10250","description":"داشتن یک زاویه دید درست لازم است.","iscorrect":0},{"id":"10251","description":"درستی پاسخ به میزان شواهد گردآوری شده بستگی دارد.","iscorrect":1},{"id":"10252","description":"ب و ج.","iscorrect":0}]}]}]},{"name":"درس سوم- چگونه برای سوال خود جواب پیدا کنیم؟","id":"455","contentorder":"5","type":0,"filename":"lesson455.html"},{"name":"چگونه برای سوال خود جواب پیدا کنیم؟","id":"744","contentorder":"6","type":1,"set":[{"score":"60","questions":[{"id":"2699","description":"معنای این که ذهن ما پر از جواب است:","answers":[{"id":"10253","description":"به تعداد سوال هایی که می پرسیم یک جواب اولیه هم در ذهن مان پدیدار می شود.","iscorrect":0},{"id":"10254","description":"اگر راه درست را با کمک روش تحقیق برویم٬ جوابی را که از اول در ذهن داشته ایم تایید می کنیم.","iscorrect":0},{"id":"10255","description":"برای هر سوال جواب های زیادی داریم٬ ولی باید بهترین آن را از راه به کار بستن روش تحقیق مشخص کنیم.","iscorrect":0},{"id":"10256","description":"الف و ج.","iscorrect":1}]},{"id":"2700","description":"مصاحبه در روش تحقیق مهم است چون:","answers":[{"id":"10257","description":"هر مصاحبه باعث استفاده از نظرات دیگران می شود.","iscorrect":0},{"id":"10258","description":"هر پرس و جویی نوعی از مصاحبه را در خود دارد.","iscorrect":0},{"id":"10259","description":"کتابخانه به تنهایی جواب تحقیق را نمی دهد.","iscorrect":0},{"id":"10260","description":"همه موارد.","iscorrect":1}]},{"id":"2701","description":"کدام یک در باره مصاحبه درست نیست:","answers":[{"id":"10261","description":"ممکن است مصاحبه شونده پاسخی بدهد که فکر می کند انتظار شنیدن آن را دارید.","iscorrect":0},{"id":"10262","description":"مصاحبه شونده ها ممکن است دروغ بگویند.","iscorrect":0},{"id":"10263","description":"مصاحبه به تنهایی می تواند پایه تحقیق باشد.","iscorrect":1},{"id":"10264","description":"الف و ب.","iscorrect":0}]},{"id":"2702","description":"مشاهده غیرمستقیم یعنی:","answers":[{"id":"10265","description":"مصاحبه با کسانی که شاهد عینی بوده اند.","iscorrect":0},{"id":"10266","description":"تماشای فیلم و عکس های قابل اعتماد از یک حادثه.","iscorrect":1},{"id":"10267","description":"الف و ب.","iscorrect":0}]},{"id":"2703","description":"مشاهده برای گردآوری اطلاعات کافی نیست زیرا:","answers":[{"id":"10268","description":"علت حادثه لزوما قابل مشاهده نیست.","iscorrect":0},{"id":"10269","description":"دامنه یک حادثه و جزییات آن را بر اساس مشاهده نمی توان تعیین کرد.","iscorrect":0},{"id":"10270","description":"مشاهده مستقیم همیشه ممکن نیست.","iscorrect":0},{"id":"10271","description":"الف و ب.","iscorrect":1}]}]},{"score":"60","questions":[{"id":"2704","description":"اگر برای خیریه ای کار می کنید که می خواهید برای کمک به زلزله زدگان نیازسنجی کند:","answers":[{"id":"10272","description":"نماینده ای را پیشاپیش به منطقه می فرستید تا مشاهده کند.","iscorrect":0},{"id":"10273","description":"از نماینده خود می خواهید با مردم و مسئولان مصاحبه کند.","iscorrect":0},{"id":"10274","description":"الف و ب.","iscorrect":1}]},{"id":"2705","description":"در مغازه ای برای خرید لوازم خانگی هستید. کدام گزینه درست است:","answers":[{"id":"10275","description":"از فروشنده در باره جنسی که می خرید پرس و جو می کنید.","iscorrect":0},{"id":"10276","description":"نمونه جنس را مشاهده و وارسی می کنید.","iscorrect":0},{"id":"10277","description":"بر اساس قیمت آن خرید می کنید.","iscorrect":0},{"id":"10278","description":"الف وب.","iscorrect":1}]},{"id":"2706","description":"ذهن ما پر از جواب است یعنی:","answers":[{"id":"10279","description":"جواب ها را از پیش می دانیم.","iscorrect":0},{"id":"10280","description":"جواب های اولیه ای در ذهن داریم ولی باید محک بخورد.","iscorrect":1},{"id":"10281","description":"هیچ کدام.","iscorrect":0}]},{"id":"2707","description":"کدامیک فرق مشاهده مستقیم و غیرمستقیم را بیان می کند؟","answers":[{"id":"10282","description":"مشاهده گر مستقیم شما هستید و مشاهده گر غیر مستقیم دیگری است.","iscorrect":0},{"id":"10283","description":"مشاهده گر مستقیم شما هستید و  مشاهده گر غیرمستقیم کسی که از شما می شنود.","iscorrect":0},{"id":"10284","description":"مشاهده گر مستقیم دوست شما است که به شما فیلمی را که با موبایل اش گرفته نشان می دهد.","iscorrect":1},{"id":"10285","description":"ب و ج.","iscorrect":0}]},{"id":"2708","description":"مصاحبه در روش تحقیق مهم است چون:","answers":[{"id":"10286","description":"هر مصاحبه باعث استفاده از اطلاعات دیگران می شود.","iscorrect":0},{"id":"10287","description":"با مشاهده صرف نمی شود به جواب درست رسید.","iscorrect":0},{"id":"10288","description":"کتابخانه جواب تحقیق را می دهد اما مصاحبه زنده تر است.","iscorrect":0},{"id":"10289","description":"الف و ب.","iscorrect":1}]}]}]},{"name":"درس چهارم- چه اطلاعاتی برای جواب دادن به سوال نیاز داریم؟","id":"456","contentorder":"7","type":0,"filename":"lesson456.html"},{"name":"چه اطلاعاتی برای جواب دادن به سوال نیاز داریم؟","id":"746","contentorder":"8","type":1,"set":[{"score":"70","questions":[{"id":"2709","description":"عوامل سازنده یک جواب اولیه:","answers":[{"id":"10290","description":"اتکا به اطلاعات قابل اعتماد","iscorrect":0},{"id":"10291","description":"تجزیه و تحلیل حادثه یا موضوع","iscorrect":0},{"id":"10292","description":"نگاه همه جانبه نگر","iscorrect":0},{"id":"10293","description":"همه موارد","iscorrect":1}]},{"id":"2710","description":"به کار بردن روش های مطالعه یعنی:","answers":[{"id":"10294","description":"چه طور یک کتاب را سریع تر بخوانیم و به پایان برسانیم.","iscorrect":0},{"id":"10295","description":"نیازی نیست کل یک کتاب یا مجله یا مجموعه اسنادی را بخوانیم.","iscorrect":0},{"id":"10296","description":"چگونه از وقت محدود برای رسیدن هر چه سریع تر به آن چه از یک منبع می خواهیم استفاده کنیم.","iscorrect":0},{"id":"10297","description":"ب و ج.","iscorrect":1}]},{"id":"2711","description":"روش آمیخته در خواندن یک متن یعنی:","answers":[{"id":"10298","description":"ورانداز کردن، مرور سریع، مطالعه عمیق","iscorrect":1},{"id":"10299","description":"ورانداز کتاب، مرور کتاب، خرید کتاب","iscorrect":0},{"id":"10300","description":"پیش بردن سه روش ه مزمان برای خرید منبع","iscorrect":0},{"id":"10301","description":"ب و ج","iscorrect":0}]},{"id":"2712","description":"چرا کتاب هایی مثل لغت نامه و دایره المعارف را نمی توان از اول تا آخر خواند:","answers":[{"id":"10302","description":"اطلاعات در این کتاب ها طبقه بندی شده تا هر کس تنها آن چه را می خواهد پیدا کند و بخواند.","iscorrect":1},{"id":"10303","description":"خواندن این نوع کتاب ها بسیار وقت گیر است.","iscorrect":0},{"id":"10304","description":"لغت نامه های انگلیسی را باید خواند٬ ولی به لغت نامه های فارسی تنها می توان مراجعه کرد.","iscorrect":0},{"id":"10305","description":"همه موارد.","iscorrect":0}]},{"id":"2713","description":"محدودیت های جستجوی گوگلی:","answers":[{"id":"10306","description":"منابع زبان فارسی را کامل پوشش نمی دهد یا این منابع هنوز دیجیتالی نشده است.","iscorrect":0},{"id":"10307","description":"ترتیب معمول معرفی لینک ها لزوما بهترین منابع را در صدر لینک ها به دست نمی دهد.","iscorrect":0},{"id":"10308","description":"بسیاری از منابع کتابخانه ای٬ چه اسناد و نقشه ها و چه کتاب ها و صداها و فیلم ها٬ در گوگل قابل بازیابی نیست.","iscorrect":0},{"id":"10309","description":"همه موارد.","iscorrect":1}]},{"id":"2714","description":"هدف از خواندن:","answers":[{"id":"10310","description":"آموختن است و رشد کردن.","iscorrect":0},{"id":"10311","description":"پیدا کردن جواب های درست است.","iscorrect":0},{"id":"10312","description":"ترکیب دانسته های قبلی با دانسته هایی است که تازه خوانده ایم.","iscorrect":0},{"id":"10313","description":"الف و ج.","iscorrect":1}]}]},{"score":"60","questions":[{"id":"2715","description":"ورانداز کردن از روش های رایج است وقتی که:","answers":[{"id":"10314","description":"جست و جوی آنلاین انجام می دهیم٬ مثلا در گوگل.","iscorrect":0},{"id":"10315","description":"برای خرید کتاب به کتاب فروشی می رویم.","iscorrect":0},{"id":"10316","description":"وقتی می خواهیم انتخاب مان را از میان تعداد زیاد محدود کنیم (مثلا حتی وقتی لباس می خریم).","iscorrect":0},{"id":"10317","description":"همه موارد.","iscorrect":1}]},{"id":"2716","description":"روش مطالعه در این زمینه بیشتر کاربرد دارد:","answers":[{"id":"10318","description":"خواندن رمان","iscorrect":0},{"id":"10319","description":"خواندن یک مجله یا مجموعه اسناد","iscorrect":0},{"id":"10320","description":"وقتی زمان محدودی داریم و باید از منابع متعدد استفاده کنیم","iscorrect":0},{"id":"10321","description":"ب و ج","iscorrect":1}]},{"id":"2717","description":"خواندن فعال یعنی:","answers":[{"id":"10322","description":"مشخص کردن نکات کلیدی و جملات درخشان متن","iscorrect":0},{"id":"10323","description":"باعلاقه خواندن","iscorrect":0},{"id":"10324","description":"آگاهی به روش های مطالعه","iscorrect":0},{"id":"10325","description":"الف و ب","iscorrect":1}]},{"id":"2718","description":"کدام یک از سایت های مجله خوانی فارسی است:","answers":[{"id":"10326","description":"نورمگز، مگ ایران","iscorrect":1},{"id":"10327","description":"مگ ایران، کتابخانه ملی","iscorrect":0},{"id":"10328","description":"کتابخانه ملی و کتابخانه مجلس شورا","iscorrect":0},{"id":"10329","description":"همه موارد","iscorrect":0}]},{"id":"2719","description":"برای این که انگیزه استفاده مرتب از گوگل را پیدا کنیم:","answers":[{"id":"10330","description":"باید ذهن مان را به پرسش گری عادت داده باشیم.","iscorrect":1},{"id":"10331","description":"باید روش استفاده از گوگل را آموزش دیده باشیم.","iscorrect":0},{"id":"10332","description":"باید از فیلترشکن استفاده کنیم.","iscorrect":0},{"id":"10333","description":"ب و ج.","iscorrect":0}]}]}]},{"name":"درس پنجم- سنجش و پالایش اطلاعات گردآوری شده برای نتیجه گیری","id":"457","contentorder":"9","type":0,"filename":"lesson457.html"},{"name":"سنجش و پالایش اطلاعات گردآوری شده برای نتیجه گیری","id":"748","contentorder":"10","type":1,"set":[{"score":"60","questions":[{"id":"2720","description":"چه چیزی میان اطلاعات و شواهد ما اصلی است؟","answers":[{"id":"10334","description":"شواهدی که نمی توان کنار گذاشت.","iscorrect":0},{"id":"10335","description":"اطلاعاتی که به سوال های اصلی ما پاسخ می دهد.","iscorrect":0},{"id":"10336","description":"هر نوع اطلاعی که از منابع معتبر به دست آورده ایم.","iscorrect":0},{"id":"10337","description":"الف و ب.","iscorrect":1}]},{"id":"2721","description":"برای سبک سنگین کردن شواهد خود معمولا از این روش ها استفاده می کنیم؟","answers":[{"id":"10338","description":"مقایسه","iscorrect":0},{"id":"10339","description":"طبقه بندی","iscorrect":0},{"id":"10340","description":"ارزیابی","iscorrect":0},{"id":"10341","description":"همه موارد","iscorrect":1}]},{"id":"2722","description":"چرا ممکن است در تعیین جواب درست به خطا برویم؟","answers":[{"id":"10342","description":"از شواهد جزیی نتایج کلی گرفته باشیم.","iscorrect":0},{"id":"10343","description":"اصل و فرع کردن اطلاعات درست انجام نشده است.","iscorrect":0},{"id":"10344","description":"نتایج تحقیق بعد از چند سال رد شده است.","iscorrect":0},{"id":"10345","description":"الف و ب.","iscorrect":1}]},{"id":"2723","description":"آیا تحقیق درست به یک جواب درست می رسد؟","answers":[{"id":"10346","description":"هدف تحقیق همین است.","iscorrect":0},{"id":"10347","description":"آری٬ اما اگر موضوع تک جوابی باشد.","iscorrect":1},{"id":"10348","description":"الف و ب.","iscorrect":0}]},{"id":"2724","description":"چرا دو کارشناس ممکن است در باره عمدی بودن یا نبودن آتش سوزی در یک محل به نتایج متناقض برسند؟","answers":[{"id":"10349","description":"یکی از آن ها کارش را خوب انجام نداده است.","iscorrect":0},{"id":"10350","description":"شواهدی که گردآوری کرده اند کافی نبوده است.","iscorrect":0},{"id":"10351","description":"ارزیابی شان از اهمیت شواهد و این که کدام اصل و کدام فرع است مختلف است.","iscorrect":1},{"id":"10352","description":"ب و ج.","iscorrect":0}]}]},{"score":"60","questions":[{"id":"2725","description":"چه چیزی از اطلاعات و شواهد را می توان کنار گذاشت؟","answers":[{"id":"10353","description":"وقتی جزءِ اطلاعات اصلی نباشد.","iscorrect":0},{"id":"10354","description":"وقتی به سوال های اصلی ما مربوط نباشد.","iscorrect":0},{"id":"10355","description":"الف و ب.","iscorrect":1}]},{"id":"2726","description":"دلبستگی به جواب اولیه یعنی:","answers":[{"id":"10356","description":"به فرض اولیه خود بیش از اندازه علاقه مندیم.","iscorrect":0},{"id":"10357","description":"تحمل رد شدن فرض اولیه خود را نداریم.","iscorrect":0},{"id":"10358","description":"تصمیم گرفته ایم حتما فرض خود را تایید کنیم.","iscorrect":0},{"id":"10359","description":"همه موارد.","iscorrect":1}]},{"id":"2727","description":"برای ارزیابی اطلاعات معمولا:","answers":[{"id":"10360","description":"مقایسه می کنیم.","iscorrect":0},{"id":"10361","description":"اصل و فرع می کنیم.","iscorrect":0},{"id":"10362","description":"الف و ب.","iscorrect":1}]},{"id":"2728","description":"کدام جمله نمونه ای از تعمیم ناقص است:","answers":[{"id":"10363","description":"اکثریت افغان ها در قاچاق  مواد مخدر دست دارند.","iscorrect":0},{"id":"10364","description":"کردها و ترک ها تجزیه طلب اند.","iscorrect":0},{"id":"10365","description":"روشنفکرها غرب زده اند.","iscorrect":0},{"id":"10366","description":"همه موارد.","iscorrect":1}]},{"id":"2729","description":"آیا تحقیق می تواند بیش از یک جواب داشته باشد؟","answers":[{"id":"10367","description":"اگر جواب ها متناقض نباشند و مکمل باشند٬ ممکن است.","iscorrect":0},{"id":"10368","description":"می تواند چند جواب داشته باشد٬ ولی یکی از همه درست تر است.","iscorrect":0},{"id":"10369","description":"فقط در صورتی که مسئله چندجوابی باشد.","iscorrect":0},{"id":"10370","description":"الف و ج.","iscorrect":1}]}]}]},{"name":"درس ششم- گزارش تحقیق","id":"458","contentorder":"11","type":0,"filename":"lesson458.html"},{"name":"گزارش تحقیق","id":"750","contentorder":"12","type":1,"set":[{"score":"60","questions":[{"id":"2730","description":"نسبت یادداشت های ما به تحقیق مان مثل نسبت ....... است.","answers":[{"id":"10371","description":"آجر به ساختمان","iscorrect":0},{"id":"10372","description":"برگه تحقیق به کتاب","iscorrect":0},{"id":"10373","description":"مصالح خام به کار تمام شده","iscorrect":0},{"id":"10374","description":"همه موارد","iscorrect":1}]},{"id":"2731","description":"به طور کلی چند نوع یادداشت می توان برداشت؟","answers":[{"id":"10375","description":"یادداشت از منابع و یادداشت ایده ها","iscorrect":1},{"id":"10376","description":"یادداشت از مصاحبه ها و یادداشت از منابع کتبی","iscorrect":0},{"id":"10377","description":"یادداشت کوتاه و یادداشت بلند","iscorrect":0},{"id":"10378","description":"یادداشت های اصلی و یادداشت های فرعی","iscorrect":0}]},{"id":"2732","description":"ساختار گزارش بیشتر شبیه است به:","answers":[{"id":"10379","description":"نقشه راه از مبدا تا مقصد","iscorrect":0},{"id":"10380","description":"قصه ای با ترتیب زمانی از قدیم به جدید","iscorrect":0},{"id":"10381","description":"الف و ب","iscorrect":1}]},{"id":"2733","description":"در یادداشت برداری باید به این دو نکته توجه دائمی داشت؟","answers":[{"id":"10382","description":"نظم معین و ساختار مناسب","iscorrect":0},{"id":"10383","description":"نظم معین و ثبت منابع","iscorrect":1},{"id":"10384","description":"نظم معین و نقل قول دقیق","iscorrect":0},{"id":"10385","description":"الف و ج","iscorrect":0}]},{"id":"2734","description":"ویرایش اول گزارش معمولا شامل این مسائل است؟","answers":[{"id":"10386","description":"تنظیم اطلاعات و یادداشت ها","iscorrect":0},{"id":"10387","description":"روشن شدن اسکلت کار","iscorrect":0},{"id":"10388","description":"الف و ب","iscorrect":1}]}]},{"score":"60","questions":[{"id":"2735","description":"ساختار گزارش در این مرحله مشخص می شود؟","answers":[{"id":"10389","description":"در زمان یادداشت برداری","iscorrect":0},{"id":"10390","description":"در زمان ویرایش اولیه متن","iscorrect":1},{"id":"10391","description":"در زمان ویرایش نهایی متن","iscorrect":0},{"id":"10392","description":"الف و ج","iscorrect":0}]},{"id":"2736","description":"چه بخشی از اطلاعات در این منبع ثبت نشده است: از ویدیوی «چگونه خسارات آتش سوزی را محدود کنیم»، موجود در کتابخانه شرکت بیمه مرکزی، بهار ۱۳۹۰.","answers":[{"id":"10393","description":"نام محل نگهداری و نام سازنده","iscorrect":1},{"id":"10394","description":"نام کتابخانه و تهیه کننده فیلم","iscorrect":0},{"id":"10395","description":"الف و ب","iscorrect":0}]},{"id":"2737","description":"بهترین راه یادداشت برداشتن این است که:","answers":[{"id":"10396","description":"تنها چیزهایی را یادداشت کنیم که واقعا لازم داریم.","iscorrect":0},{"id":"10397","description":"اسم کامل افراد و سمت آنها و تخصص شان و نام کامل منابع کتبی و صوتی و تصویری را ثبت کنیم.","iscorrect":0},{"id":"10398","description":"مطلب را با دقت از روی منبع اصلی کپی برداری کنیم.","iscorrect":0},{"id":"10399","description":"الف و ب.","iscorrect":1}]},{"id":"2738","description":"ویرایش اول گزارش را می شود مثل ......... دانست.","answers":[{"id":"10400","description":"خرید مصالح برای ساختن یک خانه","iscorrect":0},{"id":"10401","description":"نوشتن یک فصل از داستان","iscorrect":0},{"id":"10402","description":"طراحی مدادی برای یک نقاش","iscorrect":0},{"id":"10403","description":"الف و ج","iscorrect":1}]},{"id":"2739","description":"در ساختار گزارش به این پرسش ها پاسخ می دهیم:","answers":[{"id":"10404","description":"مسئله اصلی چه بود؟ چه جواب هایی در آغاز مطرح بود؟","iscorrect":0},{"id":"10405","description":"مجموعه تلاش های ما چه می گوید؟ آیا فرض های ما تعدیل و تصحیح شده است؟","iscorrect":0},{"id":"10406","description":"چه راه حلی برای مسئله اصلی پیشنهاد می کنیم؟","iscorrect":0},{"id":"10407","description":"همه موارد.","iscorrect":1}]}]}]},{"name":"دوره آشنایی عمومی با روش تحقیق- آزمون نهایی","id":"752","contentorder":"13","type":1,"set":[{"score":"50","questions":[{"id":"2740","description":"کدام یک  نیاز به تحقیق ندارد؟","answers":[{"id":"10408","description":"می گویند کرم های آرایشی سفیدکننده ای که تازه به بازار آمده تقلبی است.","iscorrect":0},{"id":"10409","description":"دانشگاهی که در مالزی به ایرانیان پذیرش می دهد مدارک اش در اروپا ارزشی ندارد.","iscorrect":0},{"id":"10410","description":"سدسازی عامل خشک شدن دریاچه اورمیه است.","iscorrect":0},{"id":"10411","description":"همه موارد نیاز به تحقیق دارد.","iscorrect":1}]},{"id":"2741","description":"ترتیب صحیح کدام است؟","answers":[{"id":"10412","description":"اطلاع، درک، کاربرد، آنالیز، سنتز، ارزیابی","iscorrect":1},{"id":"10413","description":"آنالیز، سنتز، کاربرد","iscorrect":0},{"id":"10414","description":"درک، اطلاع، سنتز، آنالیز، ارزیابی","iscorrect":0}]},{"id":"2742","description":"کدام یک درباره مصاحبه درست نیست؟","answers":[{"id":"10415","description":"ممکن است مصاحبه شونده پاسخی بدهد که فکر می کند انتظار شنیدن آن را دارید.","iscorrect":0},{"id":"10416","description":"مصاحبه شونده ها ممکن است دروغ بگویند.","iscorrect":0},{"id":"10417","description":"مصاحبه به تنهایی می تواند پایه تحقیق باشد.","iscorrect":1},{"id":"10418","description":"الف و ب.","iscorrect":0}]},{"id":"2743","description":"ذهن ما پر از جواب است یعنی:","answers":[{"id":"10419","description":"جواب ها را از پیش می دانیم.","iscorrect":0},{"id":"10420","description":"جواب های اولیه ای در ذهن داریم٬ ولی باید محک بخورد.","iscorrect":1},{"id":"10421","description":"هیچ کدام.","iscorrect":0}]},{"id":"2744","description":"به کار بردن روش های مطالعه یعنی:","answers":[{"id":"10422","description":"چه طور یک کتاب را سریع تر بخوانیم و به پایان برسانیم.","iscorrect":0},{"id":"10423","description":"نیازی نیست همه یک کتاب یا مجله یا مجموعه اسنادی را بخوانیم.","iscorrect":0},{"id":"10424","description":"چگونه از وقت محدود برای رسیدن هر چه سریع تر به آن چه از یک منبع می خواهیم استفاده کنیم.","iscorrect":0},{"id":"10425","description":"ب و ج.","iscorrect":1}]},{"id":"2745","description":"کدام یک از سایت های مجله خوانی فارسی است؟","answers":[{"id":"10426","description":"نورمگز، مگ ایران","iscorrect":1},{"id":"10427","description":"مگ ایران، کتابخانه ملی","iscorrect":0},{"id":"10428","description":"کتابخانه ملی و کتابخانه مجلس شورا","iscorrect":0},{"id":"10429","description":"همه موارد","iscorrect":0}]},{"id":"2746","description":"کدام جمله نمونه ای از تعمیم ناقص است؟","answers":[{"id":"10430","description":"اکثریت افغان ها در قاچاق مواد مخدر دست دارند.","iscorrect":0},{"id":"10431","description":"کردها و ترک ها تجزیه طلب اند.","iscorrect":0},{"id":"10432","description":"روشنفکرها غرب زده اند.","iscorrect":0},{"id":"10433","description":"همه موارد.","iscorrect":1}]},{"id":"2747","description":"در ساختار گزارش به این پرسش ها پاسخ می دهیم:","answers":[{"id":"10434","description":"مسئله اصلی چه بود؟ چه جواب هایی در آغاز مطرح بود؟","iscorrect":0},{"id":"10435","description":"مجموعه تلاش های ما به ما چه می گوید؟ آیا فرض های ما تعدیل و تصحیح شده است؟","iscorrect":0},{"id":"10436","description":"چه راه حلی برای مسئله اصلی پیشنهاد می کنیم؟","iscorrect":0},{"id":"10437","description":"همه موارد.","iscorrect":1}]},{"id":"2748","description":"چه بخشی از اطلاعات در این منبع ثبت نشده است: از ویدیوی «چگونه خسارات آتش سوزی را محدود کنیم»، موجود در کتابخانه شرکت بیمه مرکزی، بهار ۱۳۹۰.","answers":[{"id":"10438","description":"نام محل نگهداری و نام سازنده","iscorrect":1},{"id":"10439","description":"نام کتابخانه و تهیه کننده فیلم","iscorrect":0},{"id":"10440","description":"الف و ب","iscorrect":0}]},{"id":"2749","description":"کدامیک از گروه های پنج گانه سوال ها نیست؟","answers":[{"id":"10441","description":"نوع برخورد با جهان، کاربرد، هدف","iscorrect":0},{"id":"10442","description":"کاربرد، نظام دوگانه، هدف","iscorrect":0},{"id":"10443","description":"مغالطه، محدوده توانش، زنجیره شواهد","iscorrect":1},{"id":"10444","description":"شاخه دانش، هدف، کاربرد","iscorrect":0}]}]},{"score":"50","questions":[{"id":"2750","description":"آیا تحقیق می تواند بیش از یک جواب داشته باشد؟","answers":[{"id":"10445","description":"اگر جواب ها متناقض نباشند و مکمل باشند٬ ممکن است.","iscorrect":0},{"id":"10446","description":"می تواند چند جواب داشته باشد٬ ولی یکی از همه درست تر است.","iscorrect":0},{"id":"10447","description":"فقط در صورتی که مسئله چندجوابی باشد.","iscorrect":0},{"id":"10448","description":"الف و ج.","iscorrect":1}]},{"id":"2751","description":"خواندن فعال یعنی:","answers":[{"id":"10449","description":"مشخص کردن نکات کلیدی و جملات درخشان متن","iscorrect":0},{"id":"10450","description":"باعلاقه خواندن","iscorrect":0},{"id":"10451","description":"آگاهی به روش های مطالعه","iscorrect":0},{"id":"10452","description":"الف و ب","iscorrect":1}]},{"id":"2752","description":"فرق مشاهده مستقیم و غیرمستقیم آن است که:","answers":[{"id":"10453","description":"مشاهده گر مستقیم شما هستید و مشاهده گر غیر مستقیم دیگری است.","iscorrect":0},{"id":"10454","description":"مشاهده گر مستقیم شما هستید و مشاهده گر غیرمستقیم کسی که از شما می شنود.","iscorrect":0},{"id":"10455","description":"مشاهده گر مستقیم دوست شما است که به شما فیلمی را که با موبایل اش گرفته نشان می دهد.","iscorrect":1},{"id":"10456","description":"ب و ج.","iscorrect":0}]},{"id":"2753","description":"در این سوال هدف چیست: «کسانی که به رستوران ایتالیایی می روند چه چیزی دوست دارند؟»","answers":[{"id":"10457","description":"پیدا کردن نوع غذا.","iscorrect":0},{"id":"10458","description":"پیدا کردن جذابیت در رستوران های ایتالیایی که نوع غذا هم جزءِ آن است.","iscorrect":1},{"id":"10459","description":"مطالعه در باره کسانی که به رستوران ایتالیایی می روند.","iscorrect":0}]},{"id":"2754","description":"کدام گزینه در باره روش تحقیق درست است؟","answers":[{"id":"10460","description":"پرس و جوهای منظم و با برنامه","iscorrect":0},{"id":"10461","description":"روش پرس و جوهای روزمره","iscorrect":0},{"id":"10462","description":"یافتن پاسخ های قابل اعتماد","iscorrect":0},{"id":"10463","description":"الف و ج.","iscorrect":1}]},{"id":"2755","description":"بهترین راه یادداشت برداشتن این است که:","answers":[{"id":"10464","description":"تنها چیزهایی را یادداشت کنیم که واقعا لازم داریم.","iscorrect":0},{"id":"10465","description":"اسم کامل افراد و سمت آنها و تخصص شان و نام کامل منابع کتبی و صوتی و تصویری را ثبت کنیم.","iscorrect":0},{"id":"10466","description":"مطلب را با دقت از روی منبع اصلی کپی برداری کنیم.","iscorrect":0},{"id":"10467","description":"الف و ب.","iscorrect":1}]},{"id":"2756","description":"به طور کلی چند نوع یادداشت می توان برداشت؟","answers":[{"id":"10468","description":"یادداشت از منابع و یادداشت ایده ها","iscorrect":1},{"id":"10469","description":"یادداشت از مصاحبه ها و یادداشت از منابع کتبی","iscorrect":0},{"id":"10470","description":"یادداشت کوتاه و یادداشت بلند","iscorrect":0},{"id":"10471","description":"یادداشت های اصلی و یادداشت های فرعی","iscorrect":0}]},{"id":"2757","description":"دلبستگی به جواب اولیه یعنی:","answers":[{"id":"10472","description":"به فرض اولیه خود بیش از اندازه علاقه مندیم.","iscorrect":0},{"id":"10473","description":"تحمل رد شدن فرض اولیه خود را نداریم.","iscorrect":0},{"id":"10474","description":"تصمیم گرفته ایم حتما فرض خود را تایید کنیم.","iscorrect":0},{"id":"10475","description":"همه موارد.","iscorrect":1}]},{"id":"2758","description":"کدام جمله درست نیست:","answers":[{"id":"10476","description":"سوال ها از یک جنس نیستند.","iscorrect":0},{"id":"10477","description":"هر سوالی معتبر است٬ ولی ممکن است جوابی برایش پیدا نشود.","iscorrect":1},{"id":"10478","description":"سوال ها به گروه های مختلف تقسیم می شوند٬ مثلا بر اساس هدف سوال.","iscorrect":0}]},{"id":"2759","description":"اگر بپرسیم: «اعتدال بهاری چه روزی است؟» این سوال به کدام سطح از سوالات برمی گردد؟","answers":[{"id":"10479","description":"درک","iscorrect":0},{"id":"10480","description":"آنالیز","iscorrect":0},{"id":"10481","description":"اطلاع","iscorrect":1},{"id":"10482","description":"کاربرد","iscorrect":0}]}]}]}]}