{"courseId":"37","contents":[{"name":"مقدمه ای بر امنیت در سیستم عامل مک","id":"229","contentorder":"1","lesson_number":1,"type":0,"filename":"lesson229.html"},{"name":"رمزنگاری اطلاعات در سیستم عامل مک","id":"230","contentorder":"2","lesson_number":2,"type":0,"filename":"lesson230.html"},{"name":"رمزنگاری اطلاعات در سیستم عامل مک","id":"383","contentorder":"3","type":1,"set":[{"score":"60","questions":[{"id":"1138","description":"مهمترین سخت افزار مک شما از نظر حفاظت فیزیکی اطلاعات کدام است؟","answers":[{"id":"4350","description":"هارد درایو","iscorrect":1},{"id":"4351","description":"سی دی بوت سیستم عامل","iscorrect":0},{"id":"4352","description":"رم","iscorrect":0},{"id":"4353","description":"پردازنده مرکزی","iscorrect":0}]},{"id":"1139","description":"فایل والت (FileVault) چیست؟","answers":[{"id":"4354","description":"برنامه ای برای نگهداری امن رمزهای عبور برنامه ها در سیستم عامل مک","iscorrect":0},{"id":"4355","description":"گاو صندوقی امن برای رمزنگاری و نگهداری کلیه اطلاعات هارد دیسک مک","iscorrect":1},{"id":"4356","description":"برنامه ویژه پارتیشن بندی هارد دیسک در سیستم عامل مک او اس Lion (لاین)","iscorrect":0},{"id":"4357","description":"نرم افزار بازیابی اطلاعات فرمت شده از روی کول دیسک ها بر روی مک بوک ها","iscorrect":0}]},{"id":"1140","description":"کدام شیوه برای نگهداری کلید اضطراری تولید شده توسط فایل والت مناسب است؟","answers":[{"id":"4358","description":"نوشتن آن روی تکه ای کاغذ و چسباندن روی میز و بدنه کامپیوتر تا هیچگاه گم نشود.","iscorrect":0},{"id":"4359","description":"ذخیره آن درون یک فایل متنی بر روی کامپیوتر","iscorrect":0},{"id":"4360","description":"ذخیره آن در سرور اپل و محافظت توسط سوال امنیتی، یا یادداشت در محلی امن و دور از محل قرارگیری کامپیوتر","iscorrect":1},{"id":"4361","description":"با توجه به انتخاب رمز ورود مناسب و به خاطر سپاری مطمئن آن نیازی به نگهداری کلید اضطراری نداریم.","iscorrect":0}]}]},{"score":"60","questions":[{"id":"1141","description":"در سیستم مک با چندین اکانت کاربری چگونه فایل والت را فعال می کنیم؟","answers":[{"id":"4362","description":"باید همه اکانت ها را پاک کرده و از طریق اکانت Administrator اقدام به فعال سازی فایل والت کرد.","iscorrect":0},{"id":"4363","description":"امکان فعال سازی فایل والت را نداریم و باید سیستم عامل را از ابتدا نصب کنیم.","iscorrect":0},{"id":"4364","description":"باید هنگام فعال سازی فایل والت رمزورود تمامی اکانت های کاربری موجود بر روی سیستم را در فایل والت وارد کنیم تا دسترسی آنها مسدود نگردد.","iscorrect":1},{"id":"4365","description":"بعد از فعال سازی فایل والت با رمزورود اکانت ادمین سیستم، این رمز را در اختیار تمام کاربران قرار می دهیم تا از سیستم استفاده کنند.","iscorrect":0}]},{"id":"1142","description":"شیوه تغییر کلید اضطراری فایل والت چگونه است؟","answers":[{"id":"4366","description":"از طریق برنامه فایل والت درخواست تغییر کلید را برای سایت اپل ارسال می کنیم.","iscorrect":0},{"id":"4367","description":"تنها شیوه تغییر کلید، خاموش کردن فایل والت با رمزورود صحیح است، تا هنگام روشن کردن دوباره آن کلید اضطراری جدید تولید گردد.","iscorrect":1},{"id":"4368","description":"تماس تلفنی و یا ارسال نامه کتبی برای شرکت اپل و درخواست تغییر کلید اضطراری","iscorrect":0},{"id":"4369","description":"بدون فرمت کردن هارد دیسک و تعویض سیستم عامل امکان تغییر کلید وجود ندارد.","iscorrect":0}]},{"id":"1143","description":"چرا رمزنگاری اطلاعات درایوهای اکسترنال با فایل والت ایده مناسب و کاربردی برای همه کاربران نیست؟","answers":[{"id":"4370","description":"زیرا این کار باعث کاهش عمر درایو و به خطر افتادن اطلاعات درون آن می شود‪.‬","iscorrect":0},{"id":"4371","description":"با این کار اطلاعات درون هارد رمزنگاری شده تنها قابلیت بازخوانی با سیستم عامل مک را دارند.","iscorrect":1},{"id":"4372","description":"رمزنگاری درایوهای اکسترنال کاری وقت گیر بوده و نیمی از فضای هارد را غیرقابل دسترس و استفاده می گردد.","iscorrect":0},{"id":"4373","description":"رمزنگاری اطلاعات درایو اکسترنال با فایل والت ایده ای کاملا مفید و گزینه امنیتی مهمی برای اطلاعات حیاتی شما است.","iscorrect":0}]}]}]},{"name":"حفاظت فیزیکی","id":"231","contentorder":"4","lesson_number":3,"type":0,"filename":"lesson231.html"},{"name":"حفاظت فیزیکی","id":"385","contentorder":"5","type":1,"set":[{"score":"60","questions":[{"id":"1144","description":"فایده تعریف رمز عبور برای میان افزار EFI چیست؟","answers":[{"id":"4374","description":"باعث محافظت از سخت افزار مک بوک در برابر ویروس ها می شود.","iscorrect":0},{"id":"4375","description":"نه تنها فایده ندارد، که باعث از کار افتادن برخی از قابلیت های بوت سیستم مانند Verbose می شود‪.‬","iscorrect":0},{"id":"4376","description":"باعث می شود تا افراد خرابکار نتوانند از طریق سی دی بوت سیستم عامل و یا کول دیسک های بوت قبل از بالا آمدن سیستم عامل به هارد دیسک و اطلاعات کامپیوتر دست پیدا کنند‪.‬","iscorrect":1},{"id":"4377","description":"تنها جلوی نصب ناخواسته و اشتباهی سیستم عامل جدید و از بین رفتن سیستم عامل فعلی و اطلاعات روی آن را می گیرد‪.‬","iscorrect":0}]},{"id":"1145","description":"بهترین و سریعترین راه قفل کردن موقت مک بوک هنگامی که برای کاری از کنار آن بلند می شوید، چیست؟","answers":[{"id":"4378","description":"شات داون کردن مک و بستن درب آن","iscorrect":0},{"id":"4379","description":"استفاده از میانبر کیبرد و یا Hot Corner","iscorrect":1},{"id":"4380","description":"فعال کردن Screen Saver از منوی تنظیمات مک","iscorrect":0},{"id":"4381","description":"نیازی به این کار نداریم‪.‬","iscorrect":0}]},{"id":"1146","description":"فایده قفل گذاشتن بر روی آیتم های System Prefrences چیست؟","answers":[{"id":"4382","description":"اطمینان از اینکه تنظیمات اساسی مک بدون اطلاع شما توسط افراد خرابکار تغییر نمی کنند‪.‬","iscorrect":1},{"id":"4383","description":"ایجاد ظاهر امنیتی موجه و با قدرت بالا که در چشم اطرافیان غیر قابل نفوذ باشد.","iscorrect":0},{"id":"4384","description":"فایده چندانی ندارد و فقط زحمت دوچندانی هنگام کار با System Prefrences برایتان ایجاد می کند‪.‬","iscorrect":0},{"id":"4385","description":"در امنیت سیستم تاثیری ندارد و تنها برای بهبود کارکرد سیستم باید فعال گردد‪.‬","iscorrect":0}]}]},{"score":"60","questions":[{"id":"1148","description":"رعایت کدام موارد برای جلوگیری از سرقت فیزیکی مک اهمیت دارد؟","answers":[{"id":"4390","description":"استفاده از درگاه حفاظتی Kensington و اتصال آن به میز و یا دیوار","iscorrect":0},{"id":"4391","description":"استفاده از درب های با قفل چندگانه (اصطلاحا گاو صندوقی) و کارت های شناسایی هویت برای کنترل عبور و مرور به اتاق های محل قرارگیری کامپیوترها در محل کار","iscorrect":0},{"id":"4392","description":"باید همیشه در هنگام سفر کامپیوتر را به همراه داشته باشیم و رها کردن آن حتی برای لحظه ای (علی رغم استفاده از چنین تدابیری) جایز نیست.","iscorrect":0},{"id":"4393","description":"همه موارد","iscorrect":1}]},{"id":"1149","description":"تنظیم مدت زمان مشخص برای Log Out شدن مک باعث بروز چه مشکلی خواهد شد؟","answers":[{"id":"4394","description":"از نظر امنیتی کار بسیار خوبی است و مشکل خاصی ایجاد نمی کند‪.‬","iscorrect":0},{"id":"4395","description":"هنگامی که بعد از زمان تعیین شده مک بدون استفاده رها شود تمامی برنامه ها و مرورگر را می بندد و از اکانت کاربری خارج می شود‪.‬","iscorrect":1},{"id":"4396","description":"کامپیوتر را به طور کامل خاموش می کند که باعث اتلاف وقت برای روشن شدن دوباره آن می گردد‪.‬","iscorrect":0},{"id":"4397","description":"چنین امکانی در مک وجود ندارد و شما نمی توانید مدت زمان معینی برای لاگ اوت خودکار سیستم تعریف کنید‪.‬","iscorrect":0}]},{"id":"1150","description":"از نقطه نظر امنیتی، هنگام ترک کامپیوتر بهتر است آن را در حالت Sleep قرار دهیم یا اینکه Screen Saver را فعال کنیم؟","answers":[{"id":"4398","description":"حالت Sleep مناسب تر است زیرا باعث می شود که انرژی کمتری مصرف شود‪.‬","iscorrect":0},{"id":"4399","description":"تفاوتی بین این دو وجود ندارد و کاملا به سلیقه شخصی ما وابسته است‪.‬","iscorrect":0},{"id":"4400","description":"حالت Screen Saver به شرط انتخاب منظره و یا برنامه جذاب و زیبا، در بهبود فضای محیط کار و روحیه افراد موثرتر بوده و انتخاب آن بهتر است‪.‬","iscorrect":0},{"id":"4401","description":"کامپیوتری که در حالت Screen Saver قرار دارد افراد خرابکار را بیشتر برای دسترسی تحریک می کند و حالت Sleep مناسب تر است‪.‬","iscorrect":1}]}]}]},{"name":"ترمینال، اسکریپت های امنیتی و سرویس ها","id":"232","contentorder":"6","lesson_number":4,"type":0,"filename":"lesson232.html"},{"name":"ویروس و آنتی ویروس در مک","id":"233","contentorder":"7","lesson_number":5,"type":0,"filename":"lesson233.html"},{"name":"فایروال و اشتراک گذاری","id":"234","contentorder":"8","lesson_number":6,"type":0,"filename":"lesson234.html"},{"name":"فایروال و اشتراک گذاری","id":"388","contentorder":"9","type":1,"set":[{"score":"60","questions":[{"id":"1151","description":"اگر مک بدافزار دارد، پس چرا من تا به حال درگیر یکی از آنها نشده ام ؟","answers":[{"id":"4402","description":"مک به بدافزار آلوده نمی شود و امنیت ۱۰۰ درصد دارد. وجود بدافزار برای آن شایعات شرکت های رقیب اپل است‪.‬","iscorrect":0},{"id":"4403","description":"تعداد بدافزارهای مک در مقایسه با ویندوز به طور غیرقابل مقایسه ای کم است چون کاربران کمتری دارد و خرابکارها وقت کمتری می گذارند، اما به هر حال همیشه خطر به همان اندازه کاربران مک را هم تهدید می کند‪.‬","iscorrect":1},{"id":"4404","description":"آلودگی به بدافزار در مک تنها ویژه شرکت های تجاری و کاربران نظامی است و کاربران عادی آن مصونیت دارند‪.‬","iscorrect":0},{"id":"4405","description":"نمی دانم!","iscorrect":0}]},{"id":"1152","description":"انجام کدام یک از شیوه های احتیاطی زیر بهترین نتیجه را در برابر ویروس ها و بدافزارها دارد؟","answers":[{"id":"4406","description":"استفاده از آنتی ویروس، حتی اگر شده یک آنتی ویروس رایگان در میان بدافزارها و خودتان قرار دهید‪.‬","iscorrect":0},{"id":"4407","description":"فایل ها و برنامه های مورد نیاز را از منابع و سایت های معتبر تامین کنید تا دچار برنامه های آلوده نشوید‪.‬","iscorrect":0},{"id":"4408","description":"هنگام اتصال حافظه های جانبی یو اس بی به مک وسواس لازم را به خرج داده و آنها را کنترل کنید‪.‬","iscorrect":0},{"id":"4409","description":"همه موارد","iscorrect":1}]},{"id":"1153","description":"وظیفه فایروال در سیستم های عامل کامپیوتر چیست؟","answers":[{"id":"4410","description":"کنترل پورت ها برای ترافیک ورودی و خروجی و تصمیم گیری در خصوص باز و بسته بودن آن برای هر کاربر","iscorrect":1},{"id":"4411","description":"مراقبت از بسته های اطلاعات خروجی از کامپیوتر و رمزگذاری آنها برای انتقال امن اطلاعات","iscorrect":0},{"id":"4412","description":"جلوگیری از نفوذ فایل های آلوده اینترنتی به کامپیوتر","iscorrect":0},{"id":"4413","description":"مراقبت از فایل های متنی کامپیوتر در مقابل تغییرات ناخواسته در برنامه های ویرایشگر","iscorrect":0}]},{"id":"1154","description":"گزینه Enable stealth mode در تنظیمات فایروال مک چه وظیفه ای بر عهده دارد؟","answers":[{"id":"4414","description":"فعالیت پنهانی مک در شبکه و پیدا کردن دیگر کامپیوترهای موجود برای نفوذ و دستیابی به اطلاعات دیگر کاربران","iscorrect":0},{"id":"4415","description":"سرقت خودکار اطلاعات همه افراد وارد شده به شبکه اینترنت خانگی شما و ذخیره آنها بر روی مک","iscorrect":0},{"id":"4416","description":"با فعال کردن آن، مک شما در شبکه همانند یک کامپیوتر خاموش عمل کرده و هیچ عکس العملی در قبال حملات بررسی IP افراد خرابکار از خود نشان نمی دهد‪.‬","iscorrect":1},{"id":"4417","description":"چنین تنظیماتی در فایروال مک وجود نداشته و تنها ویژه برنامه زون آلارم ویندوز است‪.‬","iscorrect":0}]}]},{"score":"60","questions":[{"id":"1155","description":"مهمترین شیوه آلودگی سیستم عامل مک به بدافزار کدام است؟","answers":[{"id":"4418","description":"اکثر بدافزارها توسط خود کاربران به هنگام نصب برنامه آلوده و یا از طریق حافظه های جانبی منتقل می شوند‪.‬","iscorrect":1},{"id":"4419","description":"تمامی بدافزارهای مک تنها از طریق حملات ایمیلی و کرم های ضمیمه شده به نامه های الکترونیکی به این سیستم عامل نفوذ می کنند‪.‬","iscorrect":0},{"id":"4420","description":"بدافزارهای مک به طور عمده کی لاگر هستند که از طریق گیرنده اینفرارد و ریموت های آلوده اینفرارد به دستگاه ارسال می شوند‪.‬","iscorrect":0},{"id":"4421","description":"تنها راه ارسال بدافزار به مک سی دی های بوت سیستم عامل اورجینال خود اپل هستند که گاها در مبدا به ویروس یا تروجان آلوده می شوند‪.‬","iscorrect":0}]},{"id":"1156","description":"کدام برنامه آنتی ویروس زیر برای مک مناسب تر است؟","answers":[{"id":"4422","description":"‏iLife09","iscorrect":0},{"id":"4423","description":"‏GoodLife","iscorrect":0},{"id":"4424","description":"‏VirusBarrier","iscorrect":1},{"id":"4425","description":"‏Norton Ghost","iscorrect":0}]},{"id":"1157","description":"فایروال مک چه بخشی از ترافیک سیستم را کنترل می کند؟","answers":[{"id":"4426","description":"تمامی ترافیک ورودی و خروجی سیستم و فعالیت های مشکوک درون سیستم","iscorrect":0},{"id":"4427","description":"فایروال پیش فرض مک برای کنترل ترافیک سیستم طراحی نشده است‪.‬","iscorrect":0},{"id":"4428","description":"این برنامه تنها ترافیک ورودی سیستم را کنترل و مدیریت می کند‪.‬","iscorrect":1},{"id":"4429","description":"فایروال مک تنها ترافیک برنامه ایمیل پیش فرض مک را کنترل کرده و به دیگر پورت ها و نرم افزارهای موجود روی سیستم عامل کاری ندارد‪.‬","iscorrect":0}]},{"id":"1158","description":"بخش اشتراک فایل یا File Sharing مک تحت چه پروتکل هایی کار می کند؟","answers":[{"id":"4430","description":"‏XML - HTML - HTTP","iscorrect":0},{"id":"4431","description":"‏AFP - FTP - SMB","iscorrect":1},{"id":"4432","description":"‏SSH - RSS - HTTPS","iscorrect":0},{"id":"4433","description":"‏HTTP - FTP - SSH","iscorrect":0}]}]}]},{"name":"سطح دسترسی به فایل ها","id":"235","contentorder":"10","lesson_number":7,"type":0,"filename":"lesson235.html"},{"name":"امنیت در نرم افزارهای مک","id":"236","contentorder":"11","lesson_number":8,"type":0,"filename":"lesson236.html"},{"name":"امنیت در نرم افزارهای مک","id":"390","contentorder":"12","type":1,"set":[{"score":"60","questions":[{"id":"1159","description":"بهترین حالت در تنظیمات به روز رسانی سیستم عامل مک کدام است؟","answers":[{"id":"4434","description":"به خاطر بسپریم که هر چند وقت یک بار با زدن دکمه Check Now سرورهای اپل را برای دریافت آپدیت کنترل کنیم.","iscorrect":0},{"id":"4435","description":"با انتخاب گزینه Download updates automatically به سیستم اجازه دهیم به صورت خودکار و بدون اطلاع ما تمامی آپدیت های لازم را دریافت و نصب نماید.","iscorrect":1},{"id":"4436","description":"سیستم عامل مک بر عکس ویندوز نیازی به آپدیت دوره ای نداشته و تنها باید با عرضه هر نسخه جدید سیستم عامل، دی وی دی آن را تهیه و نصب نماییم.","iscorrect":0},{"id":"4437","description":"فرآیند آپدیت کاری وقت گیر بوده و تنها ترافیک اینترنت مان را هدر می دهد، بهتر است که اصلا به آن فکر نکنیم.","iscorrect":0}]},{"id":"1160","description":"آیا تعداد نرم افزارهای موجود روی سیستم در امنیت آن تاثیری دارد؟","answers":[{"id":"4438","description":"بله، زیرا کشف باگ در هر یک از نرم افزارهای موجود روی سیستم به معنای باز شدن یک حفره امنیتی روی مک شما است. پس تعداد کمتر بهتر است.","iscorrect":1},{"id":"4439","description":"تعداد نرم افزار هیچ تاثیری در امنیت سیستم ندارد. امنیت سیستم تنها وابسته به استفاده صحیح از ابزارهای امنیتی و رعایت نکات ایمنی است.","iscorrect":0},{"id":"4440","description":"بله، زیرا هر چه تعداد نرم افزارها بیشتر باشد، در نتیجه فرد حمله کننده و یا بدافزار بیشتر درون سیستم سر در گم شده و کمتر به نتیجه می رسد، آنگاه سیستم را ترک می کند. پس باعث افزایش امنیت می شود.","iscorrect":0},{"id":"4441","description":"این مورد بسته به قیمت، حجم و قدرت آنتی ویروسی دارد که بر روی سیستم نصب کرده اید.","iscorrect":0}]},{"id":"1161","description":"دانلود نرم افزار از کدام یک از منابع زیر می تواند خطر جدی برای امنیت سیستم عامل مک شما محسوب شود؟","answers":[{"id":"4442","description":"‏Mac App Store","iscorrect":0},{"id":"4443","description":"سایت شرکت تولیدکننده برنامه","iscorrect":0},{"id":"4444","description":"سایت Torrentz.com","iscorrect":1},{"id":"4445","description":"اصولا تنها راه نصب برنامه در سیستم عامل مک استفاده از دی وی دی های اورجینال و اصلی نرم افزارها است.","iscorrect":0}]}]},{"score":"60","questions":[{"id":"1162","description":"چرا استفاده از یک نرم افزار قفل شکسته کار صحیحی نیست و می تواند باعث به خطر افتادن امنیت سیستم عامل شما شود؟","answers":[{"id":"4446","description":"زیرا افراد کرک کننده ذاتا خرابکار هستند و احتمال وجود بدافزار در نرم افزار قفل شکسته بسیار زیاد است.","iscorrect":0},{"id":"4447","description":"چون با این کار علاوه بر تخطی از قانون، به حقوق مادی و معنوی سازندگان برنامه تجاوز کرده ایم.","iscorrect":0},{"id":"4448","description":"احتمال شناسایی و از کار انداختن نرم افزار قفل شکسته توسط سازندگان آن از طریق اینترنت وجود دارد که می تواند ضررهایی مانند از دست دادن برنامه تا از دست دادن اطلاعات حیاتی درون آن را به بار آورد.","iscorrect":0},{"id":"4449","description":"همه موارد","iscorrect":1}]},{"id":"1163","description":"کدام شیوه برای به روز نگه داشتن و به روز رسانی دائم برنامه های نصب شده روی مک مناسب نیست؟","answers":[{"id":"4450","description":"استفاده از آپدیت خودکار مک برای دریافت به روز رسانی برنامه های تولید شده توسط شرکت اپل","iscorrect":0},{"id":"4451","description":"دانلود برنامه ها از اپ استور و دریافت اخطار در بخش Update هنگام انتشار به روز رسانی برای هر نرم افزار","iscorrect":0},{"id":"4452","description":"استفاده از برنامه AppFresh برای کنترل دوره ای نرم افزارهای نصب شده و دریافت آپدیت های آنها","iscorrect":0},{"id":"4453","description":"کنترل دوره ای سایت تمامی برنامه هایی که روی مک نصب کرده ایم و دانلود آخرین نسخه منتشر شده و نصب آن به جای برنامه قبلی","iscorrect":1}]},{"id":"1164","description":"شیوه نامگذاری و تغییر ورژن سیستم عامل مک از سال ۲۰۰۱ تا کنون چگونه بوده است؟","answers":[{"id":"4454","description":"نسخه های جدید با تغییر در عدد دوم نسخه سیستم عامل و نام مستعار گربه سانان وحشی (چیتا، تایگر، لئوپارد، لاین)، نامگذاری شده اند.","iscorrect":1},{"id":"4455","description":"نامگذاری و تغییر نسخه سیستم عامل مک تاکنون روال خاصی نداشته است که بتوان به آن استناد کرد.","iscorrect":0},{"id":"4456","description":"از سال ۲۰۰۰ تاکنون هیچ ورژن جدیدی از این سیستم عامل عرضه نشده و تنها نسخه قدیمی آن (چیتا) به روز رسانی شده است.","iscorrect":0},{"id":"4457","description":"نامگذاری سیستم عامل مک تنها با عدد رومی سال ارائه می گردد.","iscorrect":0}]}]}]},{"name":"امنیت در پروسه ها و Activity Monitor","id":"237","contentorder":"13","lesson_number":9,"type":0,"filename":"lesson237.html"},{"name":"تنظیمات کاربری","id":"238","contentorder":"14","lesson_number":10,"type":0,"filename":"lesson238.html"},{"name":"تنظیمات کاربری","id":"392","contentorder":"15","type":1,"set":[{"score":"60","questions":[{"id":"1165","description":"منظور از پروسه زامبی چیست؟","answers":[{"id":"4458","description":"عنوانی است در فیلم های علمی تخیلی که به فرآیند قطعه قطعه کردن و سوزاندن یک زامبی اطلاق می گردد‪.‬","iscorrect":0},{"id":"4459","description":"در کامپیوتر به پروسه هایی که حجم عظیمی از منابع سیستم را اشغال کنند و مانع از ادامه کار عادی سیستم شوند گفته می‌شود.","iscorrect":1},{"id":"4460","description":"اشاره به بازی های کامپیوتری دارد که طی آن به جنگ با انسان های تغییر یافته ای همانند زامبی و خون آشام می پردازد‪.‬","iscorrect":0},{"id":"4461","description":"نام تجربی نوعی زامبی است که تنها از گوشت حیوانات تغذیه کرده و با انسان زندگی مسالمت آمیز دارد‪.‬","iscorrect":0}]},{"id":"1166","description":"برخی کاربران غیرمجاز سعی می کنند از طریق صفحه لاگین یا ورود به مک شما که اطلاعات اداری و محرمانه روی آن نگه داری می شود، نفوذ کنند. بهترین راه اخطار دادن به آنها در خصوص تبعات این کار چیست؟","answers":[{"id":"4462","description":"آماده کردن بروشورهایی در این خصوص و توزیع آنها بین تمام افرادی که وارد شرکت می شوند‪.‬","iscorrect":0},{"id":"4463","description":"نیازی به چنین اخطارهایی نیست و فرد خاطی باید با آگاهی قبلی مسئولیت عملش را بپذیرد‪.‬","iscorrect":0},{"id":"4464","description":"استفاده از دستور ویژه ای در ترمینال و تنظیم Warning Text تا در صفحه لاگین سیستم به همه نمایش داده شود‪.‬","iscorrect":1},{"id":"4465","description":"تهیه تبلیغات تلویزیونی و پخش آنها از شبکه های سراسری","iscorrect":0}]},{"id":"1167","description":"کدام دسته از کاربران زیر به تمامی منابع سیستمی دسترسی دارند و قدرت تغییر تنظیمات را دارند‪؟‬","answers":[{"id":"4466","description":"‏Root","iscorrect":1},{"id":"4467","description":"‏Guest یا مهمان","iscorrect":0},{"id":"4468","description":"کاربر معمولی","iscorrect":0},{"id":"4469","description":"‏Special Guest","iscorrect":0}]}]},{"score":"60","questions":[{"id":"1168","description":"در چه صورتی باید سریعا یک پروسه سنگین که منابع سیستم را اشغال کرده است را بکشید و جلوی ادامه فعالیت آن را بگیرید؟","answers":[{"id":"4470","description":"هنگامی که یک پروسه سیستم در بازه زمانی مشخص حجم عظیمی از توان سیستم را به منظور اجرای عملیات مرتبط با سیستم عامل در اختیار بگیرد‪.‬","iscorrect":0},{"id":"4471","description":"هنگامی که یک پروسه زامبی که توسط بدافزار ایجاد شده حجم بالایی از منابع سیستم را اشغال کرده و عملا سیستم را از کار انداخته باشد‪.‬","iscorrect":1},{"id":"4472","description":"هر پروسه ای را که نشناسیم باید سریعا بکشیم و جلوی فعالیت آن را بگیریم و اهمیتی ندارد که متعلق به خود سیستم و کاربر Root است با نه.","iscorrect":0},{"id":"4473","description":"کلا هیچگاه نباید طرف پروسه ها بیایم و سعی در کشتن آنها کنیم، زیرا باعث نابودی سیستم عامل می شوند‪.‬","iscorrect":0}]},{"id":"1169","description":"چگونه می توان یک حساب کاربری عادی را به یک حساب Administrator تبدیل کرد؟","answers":[{"id":"4474","description":"امکان چنین کاری وجود ندارد، باید حساب را پاک کرده و یک حساب ادمین جدید بسازیم‪.‬","iscorrect":0},{"id":"4475","description":"به دلیل مشکلات امنیتی، مک هیچگاه به صورت عادی اجازه چنین کاری را نمی دهد و تنها در صورت تایید همزمان سه حساب ادمین، یک حساب کاربر عادی به ادمین تبدیل می شود‪.‬","iscorrect":0},{"id":"4476","description":"هنگامی که با یک حساب ادمین لاگین هستیم، به بخش Users & Groups مراجعه کرده و گزینه Allow user to administrator this computer را انتخاب می کنیم.","iscorrect":1},{"id":"4477","description":"برای این کار نیاز به استفاده از ترمینال داریم که جزو مباحث این درس نیست‪.‬","iscorrect":0}]},{"id":"1170","description":"کاربردهای مکانیزم کنترل والدین یا Parental Control در مک چیست؟","answers":[{"id":"4478","description":"تنها برای کنترل والدین در جلوگیری از استفاده های نا به جای فرزندانشان قابل استفاده است‪.‬","iscorrect":0},{"id":"4479","description":"کاربرد خاصی نداشته و تنها کارهایی را که فرزندان بر روی سیستم انجام می دهند به والدین گزارش می کند‪.‬","iscorrect":0},{"id":"4480","description":"والدین با آن جلوی استفاده نامناسب فرزندانشان از سیستم را می گیرند و علاوه بر آن گاهی اوقات برای کنترل حساب های کاربری معمولی هم کاربرد دارد‪.‬","iscorrect":1},{"id":"4481","description":"برنامه ای رایگان ویژه کنترل اینترنت در ویندوز است، کاربردی در مک ندارد‪.‬","iscorrect":0}]}]}]},{"name":"امنیت در پشتیبان گیری از مک","id":"239","contentorder":"16","lesson_number":11,"type":0,"filename":"lesson239.html"},{"name":"امنیت در پشتیبان گیری از مک","id":"394","contentorder":"17","type":1,"set":[{"score":"60","questions":[{"id":"1171","description":"شیوه پشتیبان گیری تایم ماشین به چه صورت است؟","answers":[{"id":"4482","description":"همانند یک ماشین زمان به صورت مداوم از کل اطلاعات مک پشتیبان گرفته و در کوتاه ترین زمان فایل های قدیمی را در دسترس تان قرار می دهد.","iscorrect":1},{"id":"4483","description":"چنین شیوه پشتیبان گیری تنها در نسخه های جدید مک بوک ایر قابل استفاده است و به همین دلیل در این درس به آن پرداخته نشد.","iscorrect":0},{"id":"4484","description":"هرگاه که کامپیوتر را ریستارت کنید، قبل از خاموش شدن یک نسخه پشتیبان از سیستم می گیرد.","iscorrect":0},{"id":"4485","description":"تایم ماشین برنامه تعمیر ایرادهای سخت افزاری و نرم افزاری مک بوده و امکان پشتیبان گیری را در اختیارتان نمی گذارد.","iscorrect":0}]},{"id":"1172","description":"کدام شیوه های رمزنگاری اطلاعات هنگام پشتیبان گیری دستی کاربردی تر و امن ترند؟","answers":[{"id":"4486","description":"فشرده سازی اطلاعات درون یک فایل زیپ و کپی کردن آن روی هارد دیسک خارجی، کول دیسک و یا دی وی دی","iscorrect":0},{"id":"4487","description":"رمزنگاری کامل هارد درایو خارجی یا کول دیسک با استفاده از Disk Utility و یا ایجاد محفظه نگهداری فایل رمزنگاری شده","iscorrect":1},{"id":"4488","description":"هنگام پشتیبان گیری دستی امکان رمزنگاری و ذخیره امن اطلاعات را نداریم.","iscorrect":0},{"id":"4489","description":"با توجه به پیشرفت های امروزه سیستم های نفوذ، رمزنگاری اطلاعات کاری بیهوده و تنها اتلاف وقت است.","iscorrect":0}]},{"id":"1173","description":"شیوه پشتیبان گیری رمزنگاری شده با برنامه تایم ماشین چگونه است؟","answers":[{"id":"4490","description":"تایم ماشین تنها می تواند نسخه های پشتیبان لحظه ای و عادی از سیستم تهیه کند و آنها را رمز گذاری نمی کند.","iscorrect":0},{"id":"4491","description":"برای اینکه نسخه پشتیبان رمزنگاری شده باشد، هنگام انتخاب درایو مورد نظر در برنامه تایم ماشین باید گزینه Encrypt Backup Disk را تیک بزنیم.","iscorrect":1},{"id":"4492","description":"ابتدا کل اطلاعات را با برنامه TrueCrypt درون یک محفظه رمزنگاری شده قرار می دهیم و سپس از تایم ماشین استفاده می کنیم.","iscorrect":0},{"id":"4493","description":"اطلاعات پشتیبان گرفته شده توسط تایم ماشین به صورت خودکار رمزنگاری شده هستند و نیاز به کار خاصی ندارد.","iscorrect":0}]}]},{"score":"60","questions":[{"id":"1174","description":"هنگام پشتیبان گیری کامل با استفاده از برنامه هایی مانند CCC و SuperDruper چگونه امنیت اطلاعات را تامین می کنیم؟","answers":[{"id":"4494","description":"قبل از شروع کار فایل والت مک را فعال می کنیم تا کل هارد را رمزگذاری کند، آنگاه از آن پشتیبان کاملی می گیریم.","iscorrect":1},{"id":"4495","description":"هر گروه از فایل ها را با استفاده از برنامه ویرایشگر خودشان رمزگذاری و قفل می کنیم، آنگاه پشتیبان گیری کامل را انجام می دهیم.","iscorrect":0},{"id":"4496","description":"در هنگام پشتیبان گیری کامل امکان رمزگذاری نداریم و تنها باید از هارد دیسک با قابلیت قفل سخت افزاری استفاده کنیم.","iscorrect":0},{"id":"4497","description":"امکان استفاده از برنامه های اینچنینی برای پشتیبان گیری در مک وجود ندارد و کلا صورت مساله اشتباه بوده و باید پاک شود.","iscorrect":0}]},{"id":"1175","description":"تعیین فرمت و نوع پارتیشن هنگام تولید محفظه نگهداری فایل از چه قاعده و قانونی پیروی می کند؟","answers":[{"id":"4498","description":"امکان تعیین فرمت و نوع پارتیشن را نداریم و مک به صورت خودکار و پیش فرض آن را تعیین می کند.","iscorrect":0},{"id":"4499","description":"با توجه به فرمت و نوع پارتیشن درایوی که محفظه نگهداری فایل در آن ساخته می شود، فرمت و نوع پارتیشن محفظه تعیین می شود.","iscorrect":0},{"id":"4500","description":"برای ساخت محفظه باید از برنامه های جانبی چون TrueCrypt استفاده کرد و مک چنین قابلیتی ندارد، چه برسد به امکان تعیین نوع فرمت و پارتیشن آن","iscorrect":0},{"id":"4501","description":"شما باید بر اساس نیازتان نوع پارتیشن و فرمت را انتخاب کنید. مثلا Single Partition- CD/DVD برای تولید محفظه جهت رایت روی سی دی","iscorrect":1}]},{"id":"1176","description":"کدام گزینه دسته بندی صحیح و کاملی برای انواع شیوه های پشتیان گیری موجود در مک است؟","answers":[{"id":"4502","description":"پشتیبان گیری دستی- پشتیبان گیری کامل","iscorrect":0},{"id":"4503","description":"پشتیبان گیری دستی- پشتیبان گیری کامل- پشتیبان گیری توسط تایم ماشین","iscorrect":1},{"id":"4504","description":"پشتیبان گیری اتوماتیک- پشتیبان گیری آنلاین- پشتیبان گیری موضوعی","iscorrect":0},{"id":"4505","description":"پشتیبان گیری توسط تایم ماشین- پشتیبان گیری آنلاین","iscorrect":0}]}]}]},{"name":"ترفندهای امنیتی هنگام خرید و نصب مک او اس ایکس","id":"240","contentorder":"18","lesson_number":12,"type":0,"filename":"lesson240.html"},{"name":"کی چین، صندوقچه اسرار در مک","id":"241","contentorder":"19","lesson_number":13,"type":0,"filename":"lesson241.html"},{"name":"کی چین، صندوقچه اسرار در مک","id":"396","contentorder":"20","type":1,"set":[{"score":"60","questions":[{"id":"1177","description":"چه نوع اطلاعاتی در Keychain مک ذخیره می شوند؟","answers":[{"id":"4506","description":"پسوردها- گواهینامه های دیجیتال- نوت های امن","iscorrect":1},{"id":"4507","description":"کی چین تنها قادر به نگهداری پسورد ورود به کامپیوتر و شبکه بی سیم است‪.‬","iscorrect":0},{"id":"4508","description":"کی چین برنامه ویرایش اطلاعات ذخیره شده در بوک مارک سافاری است و داده های خاصی در آن نگهداری نمی شود‪.‬","iscorrect":0},{"id":"4509","description":"کی چین برنامه ای برای مدیریت دسته کلیدهای مختلف مرتبط با منزل، محل کار و افراد خانواده است تا بدانید کلید هر اتاق در اختیار چه کسی قرار دارد‪.‬","iscorrect":0}]},{"id":"1178","description":"بزرگترین مشکل امنیتی کی چین با رمز عبور پیش فرض چیست؟","answers":[{"id":"4510","description":"در صورتی فردی بتواند به درون سیستم عامل شما دست یابد، به راحتی از طریق کی چین به بسیاری از پسوردهای تان دسترسی دارد‪.‬","iscorrect":1},{"id":"4511","description":"کی چین از امن ترین برنامه های مک بوده و هیچ نقطه ضعف امنیتی ندارد‪.‬","iscorrect":0},{"id":"4512","description":"در نگهداری پسوردها ضعیف عمل کرده و آنها را تنها تا سه ماه نگهداری می کند و پس از آن پاک می شوند‪.‬","iscorrect":0},{"id":"4513","description":"کی چین از برنامه های قدیمی و منسوخ شده نسخه ۸ سیستم عامل مک است که امروزه استفاده ای ندارد‪.‬","iscorrect":0}]},{"id":"1179","description":"شیوه حفاظت از کی چین چگونه است؟","answers":[{"id":"4514","description":"به صورت دوره ای اطلاعات درون آن را پاک کنیم تا کسی به آنها دسترسی نداشته باشد‪.‬","iscorrect":0},{"id":"4515","description":"پسورد متفاوتی از رمز عبور لاگین برای آن انتخاب کنیم‪.‬","iscorrect":0},{"id":"4516","description":"تنظیمات آن را به گونه ای بگذاریم که به صورت خودکار قفل شود‪.‬","iscorrect":0},{"id":"4517","description":"گزینه های ب و ج","iscorrect":1}]}]},{"score":"60","questions":[{"id":"1180","description":"کی چین را به چه صورتی می توان قفل کرد؟","answers":[{"id":"4518","description":"می توان آن را به گونه ای تنظیم کرد که بعد از مدت زمان معینی به صورت خودکار قفل شود‪.‬","iscorrect":0},{"id":"4519","description":"می توان آیکون آن را به منوبار اضافه کرد و به صورت دستی آن را قفل و باز کرد‪.‬","iscorrect":0},{"id":"4520","description":"می توان آن را به گونه ای تنظیم کرد که با Sleep شدن سیستم قفل شود‪.‬","iscorrect":0},{"id":"4521","description":"همه موارد","iscorrect":1}]},{"id":"1181","description":"چه نوع پسوردهایی در کی چین نگهداری می شوند؟","answers":[{"id":"4522","description":"تنها پسوردهای مورد استفاده در مرورگر سافاری و سایت های اینترنتی باز شده با آن","iscorrect":0},{"id":"4523","description":"همه پسوردهای استفاده شده در سیستم و برنامه ها مانند پسورد شبکه، اشتراک گذاری، کارت بی سیم، اکانت های نرم افزارهایی مانند آی چت، اسکایپ، آدیوم، تاندر برد و…","iscorrect":1},{"id":"4524","description":"تنها پسورد اکانت های ایمیلی که در مرورگر فایرفاکس مورد استفاده قرار می گیرند‪.‬","iscorrect":0},{"id":"4525","description":"کی چین به تنهایی قابلیت نگهداری پسورد را ندارد و باید برنامه های جانبی همراه آن نصب شود‪.‬","iscorrect":0}]},{"id":"1182","description":"عملکرد Secure Note در برنامه کی چین چیست؟","answers":[{"id":"4526","description":"یادآوری نکات مهم امنیتی در خصوص رمزهای عبور و برنامه ها در مدت زمان استفاده از مک","iscorrect":0},{"id":"4527","description":"نگهداری امن یادداشت هایی از قبیل رمزهای بانکی، رمز گاو صندوق و مانند آن","iscorrect":1},{"id":"4528","description":"چنین گزینه ای در کی چین وجود ندارد‪.‬","iscorrect":0},{"id":"4529","description":"ذخیره خودکار نکات امنیتی و کلیدهای امن مربوط به سایت های https در مرورگرها","iscorrect":0}]}]}]},{"name":"امنیت در گوشه کنار مک","id":"242","contentorder":"21","lesson_number":14,"type":0,"filename":"lesson242.html"},{"name":"امنیت در گذر زمان","id":"243","contentorder":"22","lesson_number":15,"type":0,"filename":"lesson243.html"},{"name":"امنیت در گذر زمان","id":"398","contentorder":"23","type":1,"set":[{"score":"60","questions":[{"id":"1183","description":"از نقطه نظر امنیتی شیوه برخورد با یک دسکتاپ و درایو شلوغ و به هم ریخته چگونه است؟","answers":[{"id":"4530","description":"این به هم ریختگی و نامرتب بودن نکته مثبتی است و باعث می شود در صورت نفوذ یک فرد خرابکار، وی گیج شده و چیزی پیدا نکند‪.‬","iscorrect":0},{"id":"4531","description":"باید به صورت دوره ای فایل ها را مرتب کرد، زیرا در شلوغ بازار فایل ها ممکن است بدافزاری روزها در کامپیوتر شما باشد و متوجه آن فایل جدید و غریب نشوید‪.‬","iscorrect":1},{"id":"4532","description":"بهتر است فایل های مهم را مرتب کنید و دیگر فایل ها چندان اهمیتی ندارند‪.‬","iscorrect":0},{"id":"4533","description":"این یک مساله شخصی و مرتبط با شخصیت و نظم شما است و تاثیری بر روی امنیت مک تان ندارد‪.‬","iscorrect":0}]},{"id":"1184","description":"برنامه ریزی شما برای پشتیبان گیری از اطلاعات مک باید به چه صورت باشد؟","answers":[{"id":"4534","description":"برنامه منظم روزانه یا حداکثر دو روز یک بار برای امنیت اطلاعات و حفاظت از آنها در برابر پاک شدن و نابودی ضروری است‪.‬","iscorrect":0},{"id":"4535","description":"پشتیبان گیری تنها برای ادارات و شرکت های خصوصی بزرگ و دولتی ضروری است و نیازی به انجام آن روی کامپیوترهای شخصی نیست‪.‬","iscorrect":0},{"id":"4536","description":"بسته به میزان تغییر اطلاعات و اهمیت آنها می تواند بین حالات روزانه، هفتگی و ماهانه متغیر باشد‪.‬","iscorrect":1},{"id":"4537","description":"تعیین مدت زمان را باید به برنامه های خودکار سپرده و دخالتی در انجام آن نکرد‪.‬","iscorrect":0}]},{"id":"1185","description":"برنامه مناسب برای پاک کردن Log سیستم کدام است؟","answers":[{"id":"4538","description":"‏iTunes","iscorrect":0},{"id":"4539","description":"‏Mail","iscorrect":0},{"id":"4540","description":"‏Onyx","iscorrect":1},{"id":"4541","description":"‏Disk Utility","iscorrect":0}]}]},{"score":"60","questions":[{"id":"1186","description":"شیوه ترمیم سطح دسترسی فایل های سیستم در مک چگونه است؟","answers":[{"id":"4542","description":"استفاده از گزینه Repair Disk Permissions در پنجره Disk Utility و یا استفاده از دستورات خط فرمان","iscorrect":1},{"id":"4543","description":"راست کلیک بر روی پوشه های درون هر درایو و انتخاب سطح دسترسی مناسب برای هر کدام","iscorrect":0},{"id":"4544","description":"چنین کاری در مک به صورت خودکار انجام می شود و ما امکان انجام آن را نداریم‪.‬","iscorrect":0},{"id":"4545","description":"‏Repair کردن کلی مک با استفاده از سی دی نصب سیستم عامل هر هفته یک بار","iscorrect":0}]},{"id":"1187","description":"نکات مهم امنیتی در هنگام استفاده از برنامه Mail مک چه هستند؟","answers":[{"id":"4546","description":"عدم اعتماد به نام فرستنده، دقت در محتوای ایمیل و غیر فعال کردن پیش نمایش ایمیل","iscorrect":1},{"id":"4547","description":"استفاده از برنامه فقط هنگامی که با VPN به اینترنت وصل هستید‪.‬","iscorrect":0},{"id":"4548","description":"استفاده از برنامه Mail تنها هنگامی که از یک شبکه اینترنت عمومی ناشناس و غیر قابل حدس استفاده می کنید‪.‬","iscorrect":0},{"id":"4549","description":"برنامه Mail به هیچ وجه امن نبوده و برای استفاده های تجاری و شخصی مهم قابل اطمینان نیست‪.‬","iscorrect":0}]},{"id":"1188","description":"کدام گزینه تاثیری در بالا بردن امنیت مرورگر سافاری ندارد‪؟‬","answers":[{"id":"4550","description":"فعال کردن جاوا اسکریپ برای کارکرد بهتر سایت ها","iscorrect":1},{"id":"4551","description":"غیرفعال کردن افزونه های بلا استفاده","iscorrect":0},{"id":"4552","description":"غیر فعال کردن Autofill","iscorrect":0},{"id":"4553","description":"پاک کردن دوره ای کوکی ها","iscorrect":0}]}]}]}]}