{"courseId":"95","contents":[{"name":"درس اول- منطق چیست؟","id":"811","contentorder":"1","lesson_number":1,"type":0,"filename":"lesson811.html"},{"name":"درس دوم- استدلال چیست؟","id":"812","contentorder":"2","lesson_number":2,"type":0,"filename":"lesson812.html"},{"name":"منطق و استدلال چیست؟","id":"1395","contentorder":"3","type":1,"set":[{"score":"60","questions":[{"id":"5996","description":"کدام گزینه تفکر انتقادی و منطق را بهتر از بقیه توصیف می‌کند؟","answers":[{"id":"23042","description":"هر ادعایی را از سوی هر کسی که باشد بدیهی نپنداریم و در مورد آن بیندیشیم.","iscorrect":1},{"id":"23043","description":"با همه چیز مخالفت کنیم و صرفا منتقد باشیم.","iscorrect":0},{"id":"23044","description":"سعی کنیم ادعای خود را به هر قیمتی به دیگران بقبولانیم.","iscorrect":0},{"id":"23045","description":"همیشه از موضع خود دفاع کنیم.","iscorrect":0}]},{"id":"5997","description":"راه و روش فلسفه‌ورزی و تفکر انتقادی چه نام دارد؟","answers":[{"id":"23046","description":"فلسفه","iscorrect":0},{"id":"23047","description":"منطق","iscorrect":1},{"id":"23048","description":"علم","iscorrect":0},{"id":"23049","description":"هنر","iscorrect":0}]},{"id":"5998","description":"وقتی از منطق حرف می‌زنیم منظورمان چیست؟","answers":[{"id":"23050","description":"مرتب و منظم حرف زدن","iscorrect":0},{"id":"23051","description":"دلیل و برهان آوردن برای اثبات ادعاها و باورهایی است که داریم","iscorrect":1},{"id":"23052","description":"احساسی نبودن","iscorrect":0},{"id":"23053","description":"ذهن ریاضی داشتن","iscorrect":0}]},{"id":"5999","description":"استدلال از چه مولفه‌هایی تشکیل شده است؟","answers":[{"id":"23054","description":"مقدمه‌ها و نتیجه","iscorrect":1},{"id":"23055","description":"جمله‌های خبری","iscorrect":0},{"id":"23056","description":"جمله‌های امری","iscorrect":0},{"id":"23057","description":"فرمول های ریاضی","iscorrect":0}]},{"id":"6000","description":"کدام گزینه در مورد استدلال نادرست است؟","answers":[{"id":"23058","description":"استدلال ارائه نتایج دلخواه خودمان است، بدون اینکه بخواهیم دلایلی برای حمایت از آنها ارائه کنیم.","iscorrect":1},{"id":"23059","description":"رسیدن از مقدمه به نتیجه با استفاده از دلایل و شواهد قانع‌کننده","iscorrect":0},{"id":"23060","description":"استدلال‌ به ما کمک می‌کند که یک گزاره را بفهمیم و توضیح می‌دهد که چرا آن گزاره یا جمله درست است.","iscorrect":0},{"id":"23061","description":"استدلال به معنای بیان دیدگاه‌های شخصی و یا مشاجره و مباحثه بر سر هیچ نیست.","iscorrect":0}]}]},{"score":"60","questions":[{"id":"6001","description":"کدام گزینه را نمی‌توان به عنوان منطق و تفکر انتقادی دانست؟","answers":[{"id":"23062","description":"هر ادعایی را از سوی هر کسی که باشد بدیهی نپنداریم.","iscorrect":0},{"id":"23063","description":"درباره هر ادعایی که مطرح می‌شود بیندیشیم.","iscorrect":0},{"id":"23064","description":"با همه چیز و همه کس مخالفت کنیم.","iscorrect":1},{"id":"23065","description":"تفکری روشمند داشته باشیم.","iscorrect":0}]},{"id":"6002","description":"حوزه‌هایی از معرفت بشری که از منطق قدیمی‌ترند، کدام‌ها هستند؟","answers":[{"id":"23066","description":"فلسفه و ریاضی","iscorrect":1},{"id":"23067","description":"فیزیک و شیمی","iscorrect":0},{"id":"23068","description":"زیست‌شناسی و محیط زیست","iscorrect":0},{"id":"23069","description":"روانشناسی و علوم اعصاب","iscorrect":0}]},{"id":"6003","description":"استدلال منطقی چیست؟","answers":[{"id":"23070","description":"استناد به کتاب‌های مرجع","iscorrect":0},{"id":"23071","description":"استناد به آمار و ریاضیات","iscorrect":0},{"id":"23072","description":"ارائه دلیل برای اثبات هر ادعا","iscorrect":1},{"id":"23073","description":"مدرک نشان دادن","iscorrect":0}]},{"id":"6004","description":"کدام گزینه‌ استدلال به شمار می‌رود؟","answers":[{"id":"23074","description":"جملات یک فرهنگ لغت که برای تعریف و معنا کردن واژه‌ها مرتب شده‌اند.","iscorrect":0},{"id":"23075","description":"جملات تقویم که از یک روز مشخص شروع می‌شوند و به روز مشخص دیگری ختم می‌شوند.","iscorrect":0},{"id":"23076","description":"جملات یک رمان که از ابتدای داستان شروع می‌شوند و به سرانجام داستان می‌رسند.","iscorrect":0},{"id":"23077","description":"مجموعه‌ای به هم پیوسته از گزاره‌ها و جمله‌های با منظور مشخص برای رسیدن به یک نتیجه معین","iscorrect":1}]},{"id":"6005","description":"راه قانع کردن دیگران در منطق چیست؟","answers":[{"id":"23078","description":"مشاجره و توسل به زور","iscorrect":0},{"id":"23079","description":"ارائه استدلال و مباحثه روشمند","iscorrect":1},{"id":"23080","description":"ارائه پیش‌داوری‌ها","iscorrect":0},{"id":"23081","description":"ارائه باورها و امیال شخصی","iscorrect":0}]}]}]},{"name":"درس سوم- هدف‌‌ها و کاربردهای استدلال","id":"813","contentorder":"4","lesson_number":3,"type":0,"filename":"lesson813.html"},{"name":"درس چهارم- اعتبار و صحت استدلال","id":"814","contentorder":"5","lesson_number":4,"type":0,"filename":"lesson814.html"},{"name":"هدف‌، کاربرد، اعتبار و صحت استدلال","id":"1397","contentorder":"6","type":1,"set":[{"score":"60","questions":[{"id":"6006","description":"کدام مورد از هدف‌های استدلال به شمار می‌رود؟","answers":[{"id":"23082","description":"قانع کردن یا اقناع مخاطب.","iscorrect":1},{"id":"23083","description":"ارائه دلایل صرفا برای اینکه مطرح شده باشند.","iscorrect":0},{"id":"23084","description":"پر کردن اوقات فراغت","iscorrect":0},{"id":"23085","description":"معاشرت با دیگران","iscorrect":0}]},{"id":"6007","description":"تفاوت توجیه با اقناع چیست؟","answers":[{"id":"23086","description":"توجیه تلاش می‌کند که دلایل خوبی ارائه دهد، اما اقناع تلاش برای تغییر عقاید یا رفتار دیگران دارد و دلایل بد هم می‌توانند این کار را انجام دهند.","iscorrect":1},{"id":"23087","description":"توجیه به معنای تغییر نظر دیگران است و اقناع به معنای ارائه دلیل خوب.","iscorrect":0},{"id":"23088","description":"توجیه و اقناع هیچ تفاوتی با هم ندارند و هر دو می‌خواهند نظر کسی را عوض کنند.","iscorrect":0},{"id":"23089","description":"توجیه اقناع هیچ تفاوتی با هم ندارند و هر دو می‌خواهند دلایلی خوب ارائه دهند.","iscorrect":0}]},{"id":"6008","description":"کدام مورد از توضیح‌های چهارگانه ارسطو نیست؟","answers":[{"id":"23090","description":"توضیح علّی","iscorrect":0},{"id":"23091","description":"توضیح غایی","iscorrect":0},{"id":"23092","description":"توضیح مادی","iscorrect":0},{"id":"23093","description":"توضیح طبیعی","iscorrect":1}]},{"id":"6009","description":"استدلال معتبر به چه معناست؟","answers":[{"id":"23094","description":"استدلال قابل قبول باشد.","iscorrect":0},{"id":"23095","description":"اگر مقدمه‌ها مشکلی نداشته باشند و درست باشند، استدلال ما معتبر است.","iscorrect":1},{"id":"23096","description":"استدلال درست باشد.","iscorrect":0},{"id":"23097","description":"استدلال به خوبی ادعایی را توضیح دهد.","iscorrect":0}]},{"id":"6010","description":"کدام تعریف برای اعتبار در استدلال درست است؟","answers":[{"id":"23098","description":"یک استدلال معتبر است اگر و تنها اگر، امکان‌پذیر نباشد که مقدمه‌ها درست باشند و نتیجه نادرست باشد.","iscorrect":1},{"id":"23099","description":"یک استدلال معتبر است اگر یکی از مقدمه‌ها درست باشد.","iscorrect":0},{"id":"23100","description":"یک استدلال معتبر است اگر یکی از مقدمه‌ها نادرست باشد.","iscorrect":0},{"id":"23101","description":"یک استدلال معتبر است اگر نتیجه درست باشد.","iscorrect":0}]}]},{"score":"60","questions":[{"id":"6011","description":"آیا می‌توان کسی را با یک استدلال قانع کرد، بدون اینکه آن فرد استدلال ما را بفهمد؟","answers":[{"id":"23102","description":"بله، ارائه استدلال برای قانع کردن کافی است.","iscorrect":0},{"id":"23103","description":"خیر، استدلال برای قانع‌کننده بودن باید فهمیده شود.","iscorrect":1},{"id":"23104","description":"بله، استدلال را می‌توان به هر زبانی ارائه کرد.","iscorrect":0},{"id":"23105","description":"خیر، حتی اگر قانع نشود هم وظیفه ما ارائه دلایل است.","iscorrect":0}]},{"id":"6012","description":"هدف از توضیح چیست؟","answers":[{"id":"23106","description":"اقناع طرف مقابل","iscorrect":0},{"id":"23107","description":"ارائه دلایل خوب","iscorrect":0},{"id":"23108","description":"جا دادن یک پدیده به خصوص در یک الگوی عمومی و کلی برای افزایش فهم","iscorrect":1},{"id":"23109","description":"ارجاع به یک منبع معتبر","iscorrect":0}]},{"id":"6013","description":"کدام مورد از مشکلات اصلی استدلال‌ها به شمار می‌رود؟","answers":[{"id":"23110","description":"در رابطه‌ی بین مقدمه و نتیجه مشکلی وجود داشته باشد. یعنی مقدمه‌ها دلیل خوبی برای نتیجه فراهم نکنند.","iscorrect":1},{"id":"23111","description":"مقدمه نادرست و در پی آن نتیجه نیز نادرست باشد.","iscorrect":0},{"id":"23112","description":"نتیجه مستقیما از مقدمه‌ها حاصل شود.","iscorrect":0},{"id":"23113","description":"نتیجه نادرست باشد.","iscorrect":0}]},{"id":"6014","description":"استدلال صحیح به چه معناست؟","answers":[{"id":"23114","description":"مقدمه‌ها مشکلی نداشته باشند و درست باشند.","iscorrect":0},{"id":"23115","description":"استدلال به خوبی ادعایی را توضیح دهد.","iscorrect":0},{"id":"23116","description":"رابطه‌ی بین مقدمه‌ها و نتیجه بدون ایراد باشد و مقدمه‌ها به خوبی از نتیجه حمایت کنند.","iscorrect":1},{"id":"23117","description":"استدلال قابل قبول باشد.","iscorrect":0}]},{"id":"6015","description":"صحت یک استدلال به چه معناست؟","answers":[{"id":"23118","description":"استدلال درستی باشد.","iscorrect":0},{"id":"23119","description":"استدلال خوبی باشد.","iscorrect":0},{"id":"23120","description":"استدلال معتبری باشد.","iscorrect":0},{"id":"23121","description":"اگر یک استدلال معتبر، مقدمه‌های درست داشته باشد، آنگاه آن استدلال یک استدلال واقعا خوب خواهد بود و خاصیتی به نام صحت خواهد داشت.","iscorrect":1}]}]}]},{"name":"درس پنجم-‌ انواع استدلال","id":"815","contentorder":"7","lesson_number":5,"type":0,"filename":"lesson815.html"},{"name":"درس ششم- آیا می‌توان در هر بحثی برنده شد؟","id":"816","contentorder":"8","lesson_number":6,"type":0,"filename":"lesson816.html"},{"name":"انواع استدلال","id":"1399","contentorder":"9","type":1,"set":[{"score":"60","questions":[{"id":"6016","description":"یک استدلال قیاسی چگونه کار می‌کند؟","answers":[{"id":"23122","description":"با استفاده از یک حکم کلی و قیاس یک نمونه با آن، به یک نتیجه جزئی درباره نمونه‌ای که در اختیار داریم می‌رسیم.","iscorrect":1},{"id":"23123","description":"از یک حکم جزئی به حکم جزئی دیگر می‌رسیم.","iscorrect":0},{"id":"23124","description":"از یک حکم جزئی به یک حکم کلی می‌رسیم.","iscorrect":0},{"id":"23125","description":"حکم کلی می‌دهیم.","iscorrect":0}]},{"id":"6017","description":"استدلال استقرایی به چه معناست؟","answers":[{"id":"23126","description":"رسیدن از تعداد زیادی حکم جزئی به یک حکم کلی","iscorrect":1},{"id":"23127","description":"رسیدن از حکم کلی به جزئی","iscorrect":0},{"id":"23128","description":"رسیدن از حکم جزئی به جزئی","iscorrect":0},{"id":"23129","description":"رسیدن از حکم کلی به کلی","iscorrect":0}]},{"id":"6018","description":"معیار خوب بودن یک استدلال استقرایی چیست؟","answers":[{"id":"23130","description":"هرچه احتمال حمایت مقدمه‌‌ها از نتیجه در یک استدلال استقرایی بیشتر باشد، آن استدلال محکم‌تر است.","iscorrect":1},{"id":"23131","description":"استدلالی معتبر باشد.","iscorrect":0},{"id":"23132","description":"نتیجه آن قطعی باشد.","iscorrect":0},{"id":"23133","description":"تعداد مقدمه‌ها زیاد باشد.","iscorrect":0}]},{"id":"6019","description":"کدام مورد نمونه‌ای مهم از استنتاج استقرایی به شمار می‌رود؟","answers":[{"id":"23134","description":"قوانین و نظریه‌های عملی","iscorrect":1},{"id":"23135","description":"سفسطه","iscorrect":0},{"id":"23136","description":"مغالطه","iscorrect":0},{"id":"23137","description":"پارادوکس","iscorrect":0}]},{"id":"6020","description":"هدف دیگر استدلال در کنار توجیه و اقناع چیست؟","answers":[{"id":"23138","description":"فهمیدن یک موضوع و ادعای مورد بحث","iscorrect":1},{"id":"23139","description":"ساکت کردن طرف مقابل","iscorrect":0},{"id":"23140","description":"برنده شدن در بحث","iscorrect":0},{"id":"23141","description":"اثبات درستی ادعای خود","iscorrect":0}]}]},{"score":"60","questions":[{"id":"6021","description":"کدام مورد از انواع استدلال نیست؟","answers":[{"id":"23142","description":"استدلال قیاسی","iscorrect":0},{"id":"23143","description":"استدلال استقرایی","iscorrect":0},{"id":"23144","description":"استدلال علّی","iscorrect":0},{"id":"23145","description":"استدلال اقناعی","iscorrect":1}]},{"id":"6022","description":"تعمیم در استدلال به چه معناست؟","answers":[{"id":"23146","description":"تعمیم یعنی حکم کلی بدون پشتوانه دادن","iscorrect":0},{"id":"23147","description":"تعمیم یعنی قضاوت زودهنگام","iscorrect":0},{"id":"23148","description":"تعمیم رایج‌ترین استدلال استقرایی است.","iscorrect":1},{"id":"23149","description":"تعمیم غیرقابل قبول است.","iscorrect":0}]},{"id":"6023","description":"سفسطه چیست؟","answers":[{"id":"23150","description":"پارادوکس","iscorrect":0},{"id":"23151","description":"ادعا","iscorrect":0},{"id":"23152","description":"مغلطه","iscorrect":1},{"id":"23153","description":"اشتباه","iscorrect":0}]},{"id":"6024","description":"کدام فیلسوف موجه بودن روش استقرا در استدلال را زیر سوال برده است؟","answers":[{"id":"23154","description":"رنه دکارت","iscorrect":0},{"id":"23155","description":"ارسطو","iscorrect":0},{"id":"23156","description":"دیوید هیوم","iscorrect":1},{"id":"23157","description":"جان لاک","iscorrect":0}]},{"id":"6025","description":"مشکل هیوم با استقرا چیست؟","answers":[{"id":"23158","description":"علم بر اساس آن قرار دارد.","iscorrect":0},{"id":"23159","description":"ریاضیات بر اساس آن قرار دارد.","iscorrect":0},{"id":"23160","description":"هیوم با استقرا مشکلی ندارد.","iscorrect":0},{"id":"23161","description":"اصرار دارد که آگاه باشیم که این عمل ما بر اساس عادت و سنت قرار دارد و به طور عقلانی و منطقی موجه نیست.","iscorrect":1}]}]}]},{"name":"درس هفتم- مغالطه‌ یا سوء استفاده از منطق","id":"817","contentorder":"10","lesson_number":7,"type":0,"filename":"lesson817.html"},{"name":"درس هشتم- پارادوکس‌ منطقی","id":"818","contentorder":"11","lesson_number":8,"type":0,"filename":"lesson818.html"},{"name":"مغالطه‌ و پارادوکس‌ منطقی","id":"1401","contentorder":"12","type":1,"set":[{"score":"60","questions":[{"id":"6026","description":"کدام مورد در تعریف مغلطه نادرست است؟","answers":[{"id":"23162","description":"وقتی ادعای نادرستی را به عنوان نتیجه یک استدلال ارائه می‌کنیم و ادعای درستی آن را داریم.","iscorrect":0},{"id":"23163","description":"یا وقتی با روشی نادرست می‌خواهیم به نتیجه دلخواه‌مان برسیم.","iscorrect":0},{"id":"23164","description":"مغلطه به اشتباه انداختن مخاطب است.","iscorrect":0},{"id":"23165","description":"رسیدن از مقدمه به نتیجه.","iscorrect":1}]},{"id":"6027","description":"کدام مورد مغالطه نیست؟","answers":[{"id":"23166","description":"استفاده از مثال مرتبط برای اثبات یک ادعا.","iscorrect":1},{"id":"23167","description":"ادعای این‌که آن مدعا بسیار واضح و بدیهی است و نیاز به استدلال ندارد.","iscorrect":0},{"id":"23168","description":"استفاده نابه‌جا از اعداد و ارقام برای نشان دادن دقت زیاد مدعا.","iscorrect":0},{"id":"23169","description":"جلوه دادن جنبه یا جنبه‌های خاصی از یک واقعیت به صورت بزرگ‌تر و مهم‌تر از آن‌چه هست.","iscorrect":0}]},{"id":"6028","description":"کدام مورد از کارکردهای مغالطه نیست؟","answers":[{"id":"23170","description":"اثبات یک ادعا با ارائه یک استدلال معتبر و صحیح","iscorrect":1},{"id":"23171","description":"مغالطه در مقام ادعا","iscorrect":0},{"id":"23172","description":"مغالطه در مقام دفاع","iscorrect":0},{"id":"23173","description":"مغالطه در مقام نقد","iscorrect":0}]},{"id":"6029","description":"پارادوکس چیست؟","answers":[{"id":"23174","description":"پارادوکس یک استدلال کاملا معتبر است که نتیجه جالبی می‌دهد.","iscorrect":0},{"id":"23175","description":"پارادوکس همان مغالطه است.","iscorrect":0},{"id":"23176","description":"پارادوکس استدلالى ظاهراً معتبر است که بر پايه مفروضات ظاهراً درست قرار دارد و به يک تناقض یا نتيجه غلط منجر می‌شود.","iscorrect":1},{"id":"23177","description":"پارادوکس همان مصادره به مطلوب است.","iscorrect":0}]},{"id":"6030","description":"کدام مورد مثال دیگری از پارادوکس امتحان غیرمنتظره است؟","answers":[{"id":"23178","description":"تپه‌ای که یک دانه شن از آن برداریم و همچنان تپه باقی بماند و این کار را آنقدر ادامه دهیم که یک دانه شن داشته باشیم.","iscorrect":0},{"id":"23179","description":"یک زندانی که استدلال می‌کند نمی‌توانند او را به طور غیرمنتظره اعدام کنند.","iscorrect":1},{"id":"23180","description":"سلمانی شهر آکسفورد که فقط سر آنهایی را اصلاح می‌کند که خودشان سر خودشان را اصلاح نمی‌کنند.","iscorrect":0},{"id":"23181","description":"جمله‌ای که ادعا می‌کند دروغ است.","iscorrect":0}]}]},{"score":"60","questions":[{"id":"6031","description":"ارزیابی شما از این استدلال چیست؟ حیوانی که در باغ وحش شهر ما زندگی می‌کند، شیر است. شیر از لبنیات است، بنابراین حیوانی که در باغ وحش شهر ما زندگی می‌کند از لبنیات است.","answers":[{"id":"23182","description":"کاملا صحیح و معتبر است.","iscorrect":0},{"id":"23183","description":"مغالطه از نوع ساختاری است.","iscorrect":0},{"id":"23184","description":"مغالطه به دلیل دوپهلویی زبان است.","iscorrect":1},{"id":"23185","description":"پارادوکس است.","iscorrect":0}]},{"id":"6032","description":"مصادره به مطلوب چیست؟","answers":[{"id":"23186","description":"استدلالی معتبر که می‌توان با آن ادعایی را ثابت کرد.","iscorrect":0},{"id":"23187","description":"مغالطه به دلیل دوپهلویی زبان.","iscorrect":0},{"id":"23188","description":"مغالطه از نوع صوری و ساختاری است.","iscorrect":0},{"id":"23189","description":"استفاده از نتیجه در مقدمه استدلال.","iscorrect":1}]},{"id":"6033","description":"کدام مورد مثالی از پارادوکس دروغگوست؟","answers":[{"id":"23190","description":"این جمله درست است.","iscorrect":0},{"id":"23191","description":"این جمله نادرست است.","iscorrect":1},{"id":"23192","description":"این جمله درست یا نادرست است.","iscorrect":0},{"id":"23193","description":"این جمله نادرست نیست.","iscorrect":0}]},{"id":"6034","description":"کدام مورد مثالی از پارادوکس ناشی از ابهام نیست؟","answers":[{"id":"23194","description":"یک زندانی که استدلال می‌کند نمی‌توانند او را به طور غیرمنتظره اعدام کنند.","iscorrect":1},{"id":"23195","description":"تپه‌ای که یک دانه شن از آن برداریم و همچنان تپه باقی بماند و این کار را آنقدر ادامه دهیم که یک دانه شن داشته باشیم.","iscorrect":0},{"id":"23196","description":"یک تار مو از سرمان بکنیم و کچل نشویم و آنقدر ادامه دهیم که یک تار مو برایمان باقی بماند و باز بگوییم کچل نیستیم.","iscorrect":0},{"id":"23197","description":"به کسی که ۱۸۰ سانتی‌متر قد دارد، قد بلند می‌گوییم. اگر یک سانتی‌متر از آن کم شود او همچنان قد بلند است و اگر همین طور ادامه دهیم، باید به کسی که ۱۵۰ سانتی‌متر قد دارد هم بگوییم که قد بلند است.","iscorrect":0}]},{"id":"6035","description":"این جمله که «هر چه تا اینجا در این درسنامه خوانده‌اید دروغ بوده است، حتی همین جمله‌ای که همین الان می‌خوانید»، چه نوع پارادوکسی است؟","answers":[{"id":"23198","description":"پارادوکس پیش‌بینی","iscorrect":0},{"id":"23199","description":"پارادوکس نظریه مجموعه‌ها","iscorrect":0},{"id":"23200","description":"پارادوکس دروغگو","iscorrect":1},{"id":"23201","description":"پارادوکس ابهام","iscorrect":0}]}]}]},{"name":"درس نهم- منطق به چه کار می‌آید؟","id":"819","contentorder":"13","lesson_number":9,"type":0,"filename":"lesson819.html"},{"name":"درس دهم- تعاریف و منابعی برای مطالعه بیشتر","id":"820","contentorder":"14","lesson_number":10,"type":0,"filename":"lesson820.html"},{"name":"منطق به چه کار می‌آید؟","id":"1403","contentorder":"15","type":1,"set":[{"score":"60","questions":[{"id":"6036","description":"تا جایی که به منطق مربوط می‌شود وظیفه قاضی در دادگاه چیست؟","answers":[{"id":"23202","description":"قضاوت","iscorrect":0},{"id":"23203","description":"انصاف","iscorrect":0},{"id":"23204","description":"عدالت","iscorrect":0},{"id":"23205","description":"از ارتکاب هر گونه استدلال مغلطه‌آمیز جلوگیری کند","iscorrect":1}]},{"id":"6037","description":"چه چیزی یک استدلال علمی را معقول و قابل قبول می‌سازد؟","answers":[{"id":"23206","description":"آزمایش و تجربه","iscorrect":1},{"id":"23207","description":"قانون","iscorrect":0},{"id":"23208","description":"ایدئولوژی","iscorrect":0},{"id":"23209","description":"فلسفه","iscorrect":0}]},{"id":"6038","description":"کدام مورد در تعریف استدلال معتبر درست است؟","answers":[{"id":"23210","description":"یک استدلال معتبر است اگر و تنها اگر، امکان‌پذیر نباشد که مقدمه‌ها درست باشند و نتیجه نادرست باشد.","iscorrect":1},{"id":"23211","description":"یک استدلال معتبر است اگر وضعیتی وجود داشته باشد که در آن به طور همزمان مقدمه‌ها درست و نتیجه نادرست باشد.","iscorrect":0},{"id":"23212","description":"اگر یک استدلال معتبر، مقدمه‌های درست داشته باشد، آنگاه آن استدلال یک استدلال واقعا خوب خواهد بود.","iscorrect":0},{"id":"23213","description":"نوعی استدلال است که از دو یا چند مقدمه آغاز می‌شود و نشان می‌دهد که نتیجه به طور منطقی از آنها حاصل می‌شود و اگر مقدمه‌ها درست باشند، نتیجه به طور اجتناب‌ناپذیری باید درست باشد.","iscorrect":0}]},{"id":"6039","description":"کدام مورد در تعریف استدلال قیاسی درست است؟","answers":[{"id":"23214","description":"نوعی استدلال است که در آن مقدمه‌ها نمونه‌ها یا مثال‌هایی مشابه هم هستند که دقیقا به دلیل همین مشابهت، استدلال‌کننده یک الگوی کلی را در مورد آنها نتیجه‌گیری می‌کند.","iscorrect":0},{"id":"23215","description":"استدلالی است که سعی می‌کند نتیجه‌ای نادرست را به عنوان یک گزاره درست اثبات کند.","iscorrect":0},{"id":"23216","description":"نوعی استدلال است که از دو یا چند مقدمه آغاز می‌شود و نشان می‌دهد که نتیجه به طور منطقی از آنها حاصل می‌شود. به شکلی که اگر مقدمه‌ها درست باشند، نتیجه به طور اجتناب‌ناپذیری باید درست باشد.","iscorrect":1},{"id":"23217","description":"استدلالی است که سعی می‌کند نتیجه‌ای درست را از مقدمه‌های نادرست استخراج کند.","iscorrect":0}]},{"id":"6040","description":"کدام مورد در تعریف مغالطه درست است؟","answers":[{"id":"23218","description":"نوعی استدلال است که از دو یا چند مقدمه آغاز می‌شود و نشان می‌دهد که نتیجه به طور منطقی از آنها حاصل می‌شود.","iscorrect":0},{"id":"23219","description":"نوعی استدلال است که در آن مقدمه‌ها نمونه‌ها یا مثال‌هایی مشابه هم هستند که دقیقا به دلیل همین مشابهت، استدلال‌کننده یک الگوی کلی را در مورد آنها نتیجه‌گیری می‌کند.","iscorrect":0},{"id":"23220","description":"به حکم یا احکامی ظاهرا صحیح گفته می‌شود که منجر به تناقض می‌شوند یا با شهود مطابقت نمی‌یابند.","iscorrect":0},{"id":"23221","description":"استدلالی است که سعی می‌کند نتیجه‌ای نادرست را به عنوان یک گزاره درست اثبات کند و معمولا برای وارونه کردن حقیقت به کار می‌رود.","iscorrect":1}]}]},{"score":"60","questions":[{"id":"6041","description":"چه مرجعی می‌تواند به ما بگوید که عملی غیراخلاقی است یا نه؟","answers":[{"id":"23222","description":"هیچ منبع یکتا و یگانه‌ای برای همه افراد وجود ندارد.","iscorrect":1},{"id":"23223","description":"کتاب قانون","iscorrect":0},{"id":"23224","description":"منابع علمی","iscorrect":0},{"id":"23225","description":"منابع فلسفی","iscorrect":0}]},{"id":"6042","description":"کدام مورد تناقض منطقی است؟","answers":[{"id":"23226","description":"اگر گزاره‌ای نادرست باشد، حاوی تناقض منطقی است و باید کاری کرد ارزش آن تبدیل به درست شود.","iscorrect":0},{"id":"23227","description":"اگر گزاره‌ای به طور همزمان هم درست و هم نادرست باشد، آنگاه با یک تناقض منطقی رو به رو هستیم که از نظر منطقی غیرممکن است.","iscorrect":1},{"id":"23228","description":"اگر گزاره‌ای درست نباشد، حاوی تناقض منطقی است و باید با استفاده علامت نقیض در منطق آن را تبدیل به گزاره درست کرد.","iscorrect":0},{"id":"23229","description":"تناقض در منطق امکان ندارد و بنابراین نمی‌توان آن را تعریف کرد، تنها باید به هر نحوی که شده از آن اجتناب کرد.","iscorrect":0}]},{"id":"6043","description":"کدام مورد در تعریف استدلال صحیح درست است؟","answers":[{"id":"23230","description":"نوعی استدلال است که در آن مقدمه‌ها نمونه‌ها یا مثال‌هایی مشابه هم هستند که دقیقا به دلیل همین مشابهت، استدلال‌کننده یک الگوی کلی را در مورد آنها نتیجه‌گیری می‌کند.","iscorrect":0},{"id":"23231","description":"استدلالی است که سعی می‌کند نتیجه‌ای نادرست را به عنوان یک گزاره درست اثبات کند.","iscorrect":0},{"id":"23232","description":"اگر یک استدلال معتبر، مقدمه‌های درست داشته باشد، آنگاه آن استدلال یک استدلال واقعا خوب خواهد بود و خاصیتی به نام صحت خواهد داشت.","iscorrect":1},{"id":"23233","description":"یک استدلال صحیح است اگر و تنها اگر، امکان‌پذیر نباشد که مقدمه‌ها درست باشند و نتیجه نادرست باشد.","iscorrect":0}]},{"id":"6044","description":"کدام مورد در تعریف استدلال استقرایی درست؟","answers":[{"id":"23234","description":"نوعی استدلال است که در آن مقدمه‌ها نمونه‌ها یا مثال‌هایی مشابه هم هستند که دقیقا به دلیل همین مشابهت، استدلال‌کننده یک الگوی کلی را در مورد آنها نتیجه‌گیری می‌کند.","iscorrect":1},{"id":"23235","description":"استدلالی است که سعی می‌کند نتیجه‌ای درست را از مقدمه‌های نادرست استخراج کند.","iscorrect":0},{"id":"23236","description":"استدلالی است که سعی می‌کند نتیجه‌ای نادرست را به عنوان یک گزاره درست اثبات کند.","iscorrect":0},{"id":"23237","description":"نوعی استدلال است که از دو یا چند مقدمه آغاز می‌شود و نشان می‌دهد که نتیجه به طور منطقی از آنها حاصل می‌شود و اگر مقدمه‌ها درست باشند، نتیجه به طور اجتناب‌ناپذیری باید درست باشد.","iscorrect":0}]},{"id":"6045","description":"کدام مورد در تعریف پارادوکس منطقی درست است؟","answers":[{"id":"23238","description":"به حکم یا احکامی ظاهرا صحیح گفته می‌شود که منجر به تناقض می‌شوند یا با شهود مطابقت نمی‌یابند.","iscorrect":1},{"id":"23239","description":"استدلالی است که سعی می‌کند نتیجه‌ای نادرست را به عنوان یک گزاره درست اثبات کند.","iscorrect":0},{"id":"23240","description":"استدلالی است که سعی می‌کند نتیجه‌ای درست را از مقدمه‌های نادرست استخراج کند.","iscorrect":0},{"id":"23241","description":"پارادوکس در منطق امکان ندارد و بنابراین نمی‌توان آن را تعریف کرد، تنها باید به هر نحوی که شده از آن اجتناب کرد.","iscorrect":0}]}]}]},{"name":"آزمون نهایی فلسفه منطق و تفکر انتقادی","id":"1405","contentorder":"16","type":1,"set":[{"score":"50","questions":[{"id":"6046","description":"کدام گزینه را نمی‌توان به عنوان منطق و تفکر انتقادی دانست؟","answers":[{"id":"23242","description":"هر ادعایی را از سوی هر کسی که باشد بدیهی نپنداریم.","iscorrect":0},{"id":"23243","description":"درباره هر ادعایی که مطرح می‌شود بیندیشیم.","iscorrect":0},{"id":"23244","description":"با همه چیز و همه کس مخالفت کنیم.","iscorrect":1},{"id":"23245","description":"تفکری روشمند داشته باشیم.","iscorrect":0}]},{"id":"6047","description":"حوزه‌هایی از معرفت بشری که از منطق قدیمی‌ترند، کدام‌ها هستند؟","answers":[{"id":"23246","description":"فلسفه و ریاضی","iscorrect":1},{"id":"23247","description":"فیزیک و شیمی","iscorrect":0},{"id":"23248","description":"زیست‌شناسی و محیط زیست","iscorrect":0},{"id":"23249","description":"روانشناسی و علوم اعصاب","iscorrect":0}]},{"id":"6048","description":"آیا می‌توان کسی را با یک استدلال قانع کرد، بدون اینکه آن فرد استدلال ما را بفهمد؟","answers":[{"id":"23250","description":"بله، ارائه استدلال برای قانع کردن کافی است.","iscorrect":0},{"id":"23251","description":"خیر، استدلال برای قانع‌کننده بودن باید فهمیده شود.","iscorrect":1},{"id":"23252","description":"بله، استدلال را می‌توان به هر زبانی ارائه کرد.","iscorrect":0},{"id":"23253","description":"خیر، حتی اگر قانع نشود هم وظیفه ما ارائه دلایل است.","iscorrect":0}]},{"id":"6049","description":"هدف از توضیح چیست؟","answers":[{"id":"23254","description":"اقناع طرف مقابل","iscorrect":0},{"id":"23255","description":"ارائه دلایل خوب","iscorrect":0},{"id":"23256","description":"جا دادن یک پدیده به خصوص در یک الگوی عمومی و کلی برای افزایش فهم","iscorrect":1},{"id":"23257","description":"ارجاع به یک منبع معتبر","iscorrect":0}]},{"id":"6050","description":"کدام مورد از انواع استدلال نیست؟","answers":[{"id":"23258","description":"استدلال قیاسی","iscorrect":0},{"id":"23259","description":"استدلال استقرایی","iscorrect":0},{"id":"23260","description":"استدلال علّی","iscorrect":0},{"id":"23261","description":"استدلال اقناعی","iscorrect":1}]},{"id":"6051","description":"تعمیم در استدلال به چه معناست؟","answers":[{"id":"23262","description":"تعمیم یعنی حکم کلی بدون پشتوانه دادن","iscorrect":0},{"id":"23263","description":"تعمیم یعنی قضاوت زودهنگام","iscorrect":0},{"id":"23264","description":"تعمیم رایج‌ترین استدلال استقرایی است.","iscorrect":1},{"id":"23265","description":"تعمیم غیرقابل قبول است.","iscorrect":0}]},{"id":"6052","description":"ارزیابی شما از این استدلال چیست؟ حیوانی که در باغ وحش شهر ما زندگی می‌کند، شیر است. شیر از لبنیات است، بنابراین حیوانی که در باغ وحش شهر ما زندگی می‌کند از لبنیات است.","answers":[{"id":"23266","description":"کاملا صحیح و معتبر است.","iscorrect":0},{"id":"23267","description":"مغالطه از نوع ساختاری است.","iscorrect":0},{"id":"23268","description":"مغالطه به دلیل دوپهلویی زبان است.","iscorrect":1},{"id":"23269","description":"پارادوکس است.","iscorrect":0}]},{"id":"6053","description":"مصادره به مطلوب چیست؟","answers":[{"id":"23270","description":"استدلالی معتبر که می‌توان با آن ادعایی را ثابت کرد.","iscorrect":0},{"id":"23271","description":"مغالطه به دلیل دوپهلویی زبان.","iscorrect":0},{"id":"23272","description":"مغالطه از نوع صوری و ساختاری است.","iscorrect":0},{"id":"23273","description":"استفاده از نتیجه در مقدمه استدلال.","iscorrect":1}]},{"id":"6054","description":"چه مرجعی می‌تواند به ما بگوید که عملی غیراخلاقی است یا نه؟","answers":[{"id":"23274","description":"هیچ منبع یکتا و یگانه‌ای برای همه افراد وجود ندارد.","iscorrect":1},{"id":"23275","description":"کتاب قانون","iscorrect":0},{"id":"23276","description":"منابع علمی","iscorrect":0},{"id":"23277","description":"منابع فلسفی","iscorrect":0}]},{"id":"6055","description":"کدام مورد تناقض منطقی است؟","answers":[{"id":"23278","description":"اگر گزاره‌ای نادرست باشد، حاوی تناقض منطقی است و باید کاری کرد ارزش آن تبدیل به درست شود.","iscorrect":0},{"id":"23279","description":"اگر گزاره‌ای به طور همزمان هم درست و هم نادرست باشد، آنگاه با یک تناقض منطقی رو به رو هستیم که از نظر منطقی غیرممکن است.","iscorrect":1},{"id":"23280","description":"اگر گزاره‌ای درست نباشد، حاوی تناقض منطقی است و باید با استفاده علامت نقیض در منطق آن را تبدیل به گزاره درست کرد.","iscorrect":0},{"id":"23281","description":"تناقض در منطق امکان ندارد و بنابراین نمی‌توان آن را تعریف کرد، تنها باید به هر نحوی که شده از آن اجتناب کرد.","iscorrect":0}]}]},{"score":"50","questions":[{"id":"6056","description":"کدام گزینه تفکر انتقادی و منطق را بهتر از بقیه توصیف می‌کند؟","answers":[{"id":"23282","description":"کدام گزینه تفکر انتقادی و منطق را بهتر از بقیه توصیف می‌کند؟","iscorrect":1},{"id":"23283","description":"با همه چیز مخالفت کنیم و صرفا منتقد باشیم.","iscorrect":0},{"id":"23284","description":"سعی کنیم ادعای خود را به هر قیمتی به دیگران بقبولانیم.","iscorrect":0},{"id":"23285","description":"همیشه از موضع خود دفاع کنیم.","iscorrect":0}]},{"id":"6057","description":"راه و روش فلسفه‌ورزی و تفکر انتقادی چه نام دارد؟","answers":[{"id":"23286","description":"فلسفه","iscorrect":0},{"id":"23287","description":"منطق","iscorrect":1},{"id":"23288","description":"علم","iscorrect":0},{"id":"23289","description":"هنر","iscorrect":0}]},{"id":"6058","description":"کدام مورد از هدف‌های استدلال به شمار می‌رود؟","answers":[{"id":"23290","description":"قانع کردن یا اقناع مخاطب.","iscorrect":1},{"id":"23291","description":"ارائه دلایل صرفا برای اینکه مطرح شده باشند.","iscorrect":0},{"id":"23292","description":"پر کردن اوقات فراغت","iscorrect":0},{"id":"23293","description":"معاشرت با دیگران","iscorrect":0}]},{"id":"6059","description":"تفاوت توجیه با اقناع چیست؟","answers":[{"id":"23294","description":"توجیه تلاش می‌کند که دلایل خوبی ارائه دهد، اما اقناع تلاش برای تغییر عقاید یا رفتار دیگران دارد و دلایل بد هم می‌توانند این کار را انجام دهند.","iscorrect":1},{"id":"23295","description":"توجیه به معنای تغییر نظر دیگران است و اقناع به معنای ارائه دلیل خوب.","iscorrect":0},{"id":"23296","description":"توجیه و اقناع هیچ تفاوتی با هم ندارند و هر دو می‌خواهند نظر کسی را عوض کنند.","iscorrect":0},{"id":"23297","description":"توجیه اقناع هیچ تفاوتی با هم ندارند و هر دو می‌خواهند دلایلی خوب ارائه دهند.","iscorrect":0}]},{"id":"6060","description":"یک استدلال قیاسی چگونه کار می‌کند؟","answers":[{"id":"23298","description":"با استفاده از یک حکم کلی و قیاس یک نمونه با آن، به یک نتیجه جزئي درباره نمونه‌ای که در اختیار داریم می‌رسیم.","iscorrect":1},{"id":"23299","description":"از یک حکم جزئی به حکم جزئی دیگر می‌رسیم.","iscorrect":0},{"id":"23300","description":"از یک حکم جزئی به یک حکم کلی می‌رسیم.","iscorrect":0},{"id":"23301","description":"حکم کلی می‌دهیم.","iscorrect":0}]},{"id":"6061","description":"استدلال استقرایی به چه معناست؟","answers":[{"id":"23302","description":"رسیدن از تعداد زیادی حکم جزئی به یک حکم کلی","iscorrect":1},{"id":"23303","description":"رسیدن از حکم کلی به جزئی","iscorrect":0},{"id":"23304","description":"رسیدن از حکم جزئی به جزئی","iscorrect":0},{"id":"23305","description":"رسیدن از حکم کلی به کلی","iscorrect":0}]},{"id":"6062","description":"کدام مورد در تعریف مغلطه نادرست است؟","answers":[{"id":"23306","description":"وقتی ادعای نادرستی را به عنوان نتیجه یک استدلال ارائه می‌کنیم و ادعای درستی آن را داریم.","iscorrect":0},{"id":"23307","description":"یا وقتی با روشی نادرست می‌خواهیم به نتیجه دلخواه‌مان برسیم.","iscorrect":0},{"id":"23308","description":"مغلطه به اشتباه انداختن مخاطب است.","iscorrect":0},{"id":"23309","description":"رسیدن از مقدمه به نتیجه.","iscorrect":1}]},{"id":"6063","description":"کدام مورد مغالطه نیست؟","answers":[{"id":"23310","description":"استفاده از مثال مرتبط برای اثبات یک ادعا.","iscorrect":1},{"id":"23311","description":"ادعای این‌که آن مدعا بسیار واضح و بدیهی است و نیاز به استدلال ندارد.","iscorrect":0},{"id":"23312","description":"استفاده نابه‌جا از اعداد و ارقام برای نشان دادن دقت زیاد مدعا.","iscorrect":0},{"id":"23313","description":"جلوه دادن جنبه یا جنبه‌های خاصی از یک واقعیت به صورت بزرگ‌تر و مهم‌تر از آن‌چه هست.","iscorrect":0}]},{"id":"6064","description":"تا جایی که به منطق مربوط می‌شود وظیفه قاضی در دادگاه چیست؟","answers":[{"id":"23314","description":"قضاوت","iscorrect":0},{"id":"23315","description":"انصاف","iscorrect":0},{"id":"23316","description":"عدالت","iscorrect":0},{"id":"23317","description":"قانون باید به قدری دقیق باشند که از ارتکاب هر گونه استدلال مغلطه‌آمیز جلوگیری","iscorrect":1}]},{"id":"6065","description":"چه چیزی یک استدلال علمی را معقول و قابل قبول می‌سازد؟","answers":[{"id":"23318","description":"آزمایش و تجربه","iscorrect":1},{"id":"23319","description":"قانون","iscorrect":0},{"id":"23320","description":"ایدئولوژی","iscorrect":0},{"id":"23321","description":"فلسفه","iscorrect":0}]}]}]}]}