{"courseId":"98","contents":[{"name":"درس اول- آشنایی با مفهوم اعتماد به نفس","id":"833","contentorder":"1","lesson_number":1,"type":0,"filename":"lesson833.html"},{"name":"درس دوم- چگونه اعتماد به نفس را بسازیم","id":"834","contentorder":"2","lesson_number":2,"type":0,"filename":"lesson834.html"},{"name":"درس سوم- ارتباط احساسات با اعتماد به نفس","id":"835","contentorder":"3","lesson_number":3,"type":0,"filename":"lesson835.html"},{"name":"درس چهارم- تاثیر احساسات مثبت در اعتماد به نفس","id":"836","contentorder":"4","lesson_number":4,"type":0,"filename":"lesson836.html"},{"name":"درس پنجم- تاثیر ارتباط با دیگران در اعتماد به نفس","id":"837","contentorder":"5","lesson_number":5,"type":0,"filename":"lesson837.html"},{"name":"آزمون نهایی مینی‌دوره اعتماد به نفس","id":"1420","contentorder":"6","type":1,"set":[{"score":"60","questions":[{"id":"6096","description":"کدام گزینه درباره اعتماد به نفس درست نیست؟","answers":[{"id":"23395","description":"اعتماد به نفس اکتسابی است","iscorrect":0},{"id":"23396","description":"محیط پیرامون فرد بر اعتماد‌ به نفس‌ او تاثیرگذار است","iscorrect":0},{"id":"23397","description":"افکار منفی اعتماد به نفس فرد را کاهش می‌دهد","iscorrect":0},{"id":"23398","description":"به تعویق انداختن کارها تاثیری در اعتماد به نفس ندارد","iscorrect":1}]},{"id":"6097","description":"کدام گزینه سبب کاهش اعتماد به نفس در افراد می‌شود؟","answers":[{"id":"23399","description":"خودباوری","iscorrect":0},{"id":"23400","description":"شناخت محیط","iscorrect":0},{"id":"23401","description":"خواب ناکافی","iscorrect":1},{"id":"23402","description":"ورزش کردن زیاد","iscorrect":0}]},{"id":"6098","description":"کدام گزینه در افزایش اعتماد به نفس موثر نیست؟","answers":[{"id":"23403","description":"مهربان بودن با خود","iscorrect":0},{"id":"23404","description":"شناختن ترس","iscorrect":0},{"id":"23405","description":"مقایسه نکردن خود با دیگران","iscorrect":0},{"id":"23406","description":"ایده‌آل‌گرا بودن","iscorrect":1}]},{"id":"6100","description":"هنگامی که واقعه‌ای باعث ناراحتی شما می‌شود، برای افزایش اعتماد به نفس باید ابتدا کدام کار را انجام دهید؟","answers":[{"id":"23410","description":"انتخاب نام برای واقعه‌ای که باعث ناراحتی شما می‌شود","iscorrect":1},{"id":"23411","description":"بی‌تفاوت بودن برای مدتی نسبت به واقعه‌ای که سبب ناراحتی شما می‌شود","iscorrect":0},{"id":"23409","description":"نوشتن واقعه‌ای که باعث ناراحتی شما شده بر روی کاغذ","iscorrect":0},{"id":"23413","description":"مشورت کردن با دوستان درباره آن واقعه","iscorrect":0}]},{"id":"6101","description":"کدام گزینه از نشانه‌های یک فرد با اعتماد به نفس بالا در هنگام قدم زدن نیست؟","answers":[{"id":"23414","description":"سر بالا","iscorrect":0},{"id":"23415","description":"شانه‌های کشیده به عقب","iscorrect":0},{"id":"23416","description":"با سرعت قدم زدن","iscorrect":1},{"id":"23417","description":"صاف نگه داشتن پشت","iscorrect":0}]}]},{"score":"60","questions":[{"id":"6102","description":"هنگامی که محیط خود را برای رشد نامناسب می‌بینید، بهترین کاری که می‌توانید انجام دهید کدام گزینه است؟","answers":[{"id":"23418","description":"شهر محل زندگی خود را عوض کنید","iscorrect":0},{"id":"23419","description":"دوستانی که سبب القای این حس به شما می‌شوند را تغییر دهید","iscorrect":1},{"id":"23420","description":"فعالیت مورد نظر را رها کنید","iscorrect":0},{"id":"23421","description":"نسبت به انتقادها بی‌تفاوت باشید","iscorrect":0}]},{"id":"6103","description":"زبان بدن چیست؟","answers":[{"id":"23422","description":"به ارتباط غیرکلامی بدن گفته می‌شود که در فرهنگ‌های مختلف فرق می‌کند","iscorrect":1},{"id":"23425","description":"​به ارتباط غیرکلامی بدن گفته می‌شود که در فرهنگ‌های مختلف یکسان است","iscorrect":0},{"id":"23424","description":"به مجموع ارتباط کلامی و غیرکلامی بدن گفته می‌شود که در فرهنگ های مختلف فرق می‌کند","iscorrect":0},{"id":"23426","description":"به مجموع ارتباط کلامی و غیرکلامی بدن گفته می‌شود که در فرهنگ‌های مختلف یکسان است","iscorrect":0}]},{"id":"6105","description":"کدام تمرین‌ها باعث افزایش اعتماد به نفس می‌شود؟","answers":[{"id":"23433","description":"استفاده بیشتر از شبکه‌های اجتماعی","iscorrect":0},{"id":"23432","description":"تمرین مغرور بودن","iscorrect":0},{"id":"23431","description":"تمرین لبخند زدن در آینه","iscorrect":1},{"id":"23434","description":"افزایش ساعت‌های خواب","iscorrect":0}]},{"id":"6106","description":"در ارتباط با افزایش اعتماد به نفس، چرا باید به فعالیت‌های روتین روزانه نیز همانند احساسات توجه کرد؟","answers":[{"id":"23435","description":"زیرا خواب کافی باعث کاهش استرس می‌شود","iscorrect":0},{"id":"23436","description":"زیرا ورزش مناسب ذهن را آماده انجام فعالیت‌های دیگر می‌کند","iscorrect":0},{"id":"23437","description":"زیرا به خود یادآوری می‌کنیم سزاوار زندگی بهتری هستیم","iscorrect":0},{"id":"23438","description":"همه موارد بالا","iscorrect":1}]},{"id":"6107","description":"برای بالا بردن اعتماد به نفس قدم اول رسیدن به کدام باور است؟","answers":[{"id":"23439","description":"همه ما دارای ضعف هستیم","iscorrect":1},{"id":"23440","description":"با تلاش کردن بیشتر می‌توانیم به آدمی تبدیل شویم که آرزویش را داریم","iscorrect":0},{"id":"23441","description":"محیط در اعتماد به نفس ما موثر است","iscorrect":0},{"id":"23442","description":"همه موارد بالا","iscorrect":0}]}]}]}]}