{"courseId":"97","contents":[{"name":"مقدمه","id":"826","contentorder":"1","lesson_number":1,"type":0,"filename":"lesson826.html"},{"name":"درس اول- کپی‌رایت چیست و از کجا آمده است؟","id":"827","contentorder":"2","lesson_number":2,"type":0,"filename":"lesson827.html"},{"name":"درس دوم- ایران و کپی‌رایت","id":"830","contentorder":"3","lesson_number":3,"type":0,"filename":"lesson830.html"},{"name":"درس سوم- به اشتراک گذاری و کریتیو کامنز","id":"831","contentorder":"4","lesson_number":4,"type":0,"filename":"lesson831.html"},{"name":"درس چهارم- منبع نویسی؛ آنلاین و آفلاین","id":"832","contentorder":"5","lesson_number":5,"type":0,"filename":"lesson832.html"},{"name":"آزمون نهایی دوره کپی‌رایت","id":"1414","contentorder":"6","type":1,"set":[{"score":"50","questions":[{"id":"6081","description":"قانون حمايت از حقوق مؤلفان در ایران شامل کدام آثار نمی‌شود؟","answers":[{"id":"23350","description":"آثار متنی مثل کتاب که برای اولین بار در ایران منتشر شده باشد","iscorrect":0},{"id":"23351","description":"آثار متنی یا صوتی که اولین بار در کشوری به جز ایران منتشر شده باشد","iscorrect":1},{"id":"23352","description":"آثار صوتی که برای اولین بار در ایران منتشد شده باشد","iscorrect":0}]},{"id":"6082","description":"در کدام وبسایت افراد محتوا و محصولات را برای استفاده رایگان به اشتراک می‌گذارند؟","answers":[{"id":"23353","description":"کریتیو کامنز","iscorrect":1},{"id":"23354","description":"اپل","iscorrect":0},{"id":"23355","description":"آدوبی","iscorrect":0}]},{"id":"6078","description":"عمر حقوق انحصاری مولف بر اساس کنوانسیون برن چند سال است؟","answers":[{"id":"23348","description":"۷۰ سال بعد از مرگ پدیدآورنده","iscorrect":0},{"id":"23347","description":"۵۰ سال بعد از مرگ پدیدآورنده","iscorrect":1},{"id":"23349","description":"۱۰۰ سال بعد از مرگ پدیدآورنده","iscorrect":0}]},{"id":"6070","description":"کپی‌رایت ابتدا در کدام کشور تصویب شد؟","answers":[{"id":"23334","description":"امریکا","iscorrect":0},{"id":"23335","description":"بریتانیا","iscorrect":1},{"id":"23336","description":"اسپانیا","iscorrect":0}]},{"id":"6069","description":"کدام عبارت صحیح است؟","answers":[{"id":"23327","description":"کپی‌رایت اجازه خواندن یا مشاهده یک اثر را به شما می‌دهد","iscorrect":0},{"id":"23330","description":"کپی‌رایت فقط مربوط به اقتباس از یک اثر می‌شود","iscorrect":0},{"id":"23331","description":"کپی‌رایت حق نشر و حق تکثیر یک اثر است. مجموعه‌ای از حقوق انحصاری که به ناشر یا پدیدآورندهٔ یک اثر اصل و منحصر به فرد تعلق می‌گیرد.","iscorrect":1}]},{"id":"6076","description":"کدام معاهده بین‌المللی در مورد کپی‌رایت است؟","answers":[{"id":"23342","description":"کنوانسیون برن","iscorrect":1},{"id":"23343","description":"کنوانسیون وین","iscorrect":0},{"id":"23341","description":"معاهده ژنو","iscorrect":0}]},{"id":"6077","description":"کدام یک از موارد زیر جزو حقوق انحصاری پدیدآورنده است که کپی‌رایت از آنها محافظت می‌کند؟","answers":[{"id":"23346","description":"هر دو مورد","iscorrect":1},{"id":"23345","description":"انتقال و پخش اثر از طریق رادیو یا ویدئو","iscorrect":0},{"id":"23344","description":"تکثیر یا بازتولید اثر و فروش آنها","iscorrect":0}]},{"id":"6083","description":"در کریتیو کامنز کدام حقوق را می‌توانیددر مورد محصول خلاقه خود به دیگران بدهید؟","answers":[{"id":"23356","description":"حق توزیع","iscorrect":0},{"id":"23357","description":"حق تغییر","iscorrect":0},{"id":"23358","description":"هر دو مورد","iscorrect":1}]},{"id":"6084","description":"عموما آخرین بخش هر پایان‌نامه چیست؟","answers":[{"id":"23359","description":"تشکر از استاد راهنما","iscorrect":0},{"id":"23360","description":"فهرست منابع استفاده شده با جزییات","iscorrect":1},{"id":"23361","description":"عکس‌ها و گرافیک‌های مربوط به پایان‌نامه","iscorrect":0}]},{"id":"6085","description":"ذکر کدام جزء برای منبع استفاده شده ضروری نیست؟","answers":[{"id":"23362","description":"اسم صاحب اثر","iscorrect":0},{"id":"23363","description":"نام اثر","iscorrect":0},{"id":"23364","description":"تاریخ تولد صاحب اثر","iscorrect":1}]}]},{"score":"60","questions":[{"id":"6086","description":"برای ارجاع مستقیم به منبع اصلی در فایل ورد یا پست یک وبلاگ یا خبر وبسایت از چه چیزی می‌توانیم استفاده می‌کنیم؟","answers":[{"id":"23365","description":"در انتهای مطلب شماره می‌زنیم و منبع را می‌نویسیم","iscorrect":0},{"id":"23366","description":"متنی را که از منبع آورده‌ایم یا اسم منبعی که ذکر کرده‌ایم را هایپرلینک می‌کنیم","iscorrect":1},{"id":"23367","description":"لینک مطلب اصلی را در انتهای مطلب کپی می‌کنیم","iscorrect":0}]},{"id":"6087","description":"در مورد منابع آنلاین که لینک منبع را استفاده می‌کنیم ذکر چه نکته‌ای مهم است؟","answers":[{"id":"23368","description":"تاریخ آخرین دسترسی به آن لینک","iscorrect":1},{"id":"23369","description":"ذکر لینک پروفایل نویسنده","iscorrect":0},{"id":"23370","description":"ایمیل نویسنده یا وبسایت","iscorrect":0}]},{"id":"6088","description":"برای کپی کردن و به اشتراک گذاشتن مطالب یک وبسایت قبل از هر چیز باید به چه نکته‌ای دقت کنیم؟","answers":[{"id":"23371","description":"شرایط و مقررات وبسایت برای استفاده از مطالب","iscorrect":1},{"id":"23372","description":"دولتی یا خصوص بودن وبسایت","iscorrect":0},{"id":"23373","description":"خبری یا سرگرمی بودن وبسایت","iscorrect":0}]},{"id":"6089","description":"برای هایپرلینک کردن بهتر است چه عبارتی را انتخاب کنیم؟","answers":[{"id":"23374","description":"کل خطی که به منبع برمی‌گردد","iscorrect":0},{"id":"23375","description":"کلمه اول جمله که به منبع برمی‌گردد","iscorrect":0},{"id":"23376","description":"عبارت، کلمه یا فعل کلیدی که به منبع برمی‌گردد","iscorrect":1}]},{"id":"6090","description":"وقتی به منبعی لینک می‌دهیم:","answers":[{"id":"23377","description":"به صفحه اصلی وبسایت لینک می‌دهیم","iscorrect":0},{"id":"23378","description":"به همان صفحه خاص که مد نظرمان است لینک می‌دهیم","iscorrect":1},{"id":"23379","description":"به صفحه بخشی که مطلب در آن است، مثلا بخش آموزشی وبسایت","iscorrect":0}]},{"id":"6091","description":"وقتی عکسی را به اشتراک می‌گذاریم چه اطلاعاتی را بهتر است زیرنویس کنیم؟","answers":[{"id":"23380","description":"مکان عکس","iscorrect":0},{"id":"23381","description":"زمان گرفته شدن عکس","iscorrect":0},{"id":"23382","description":"هر دو مورد","iscorrect":1}]},{"id":"6092","description":"در چه موردی در فیسبوک نباید بدون اجازه نویسنده مطلبی را شر کرد:","answers":[{"id":"23383","description":"مطلب حساسیت‌زاست و آن شخص مطلب را خصوصی فقط با عده‌ای خاص همخوان کرده است","iscorrect":1},{"id":"23384","description":"شخص جزو دوستان صمیمی‌مان نیست","iscorrect":0},{"id":"23385","description":"مطلب عمومی است","iscorrect":0}]},{"id":"6093","description":"اخلاقی ‌ترین روش به اشتراک گذاری مطالب در شبکه‌های اجتماعی چیست؟","answers":[{"id":"23386","description":"کپی کردن مطلب روی تایم‌لاین خودمان با ذکر اسم","iscorrect":0},{"id":"23387","description":"کپی کردن مطلب روی تایم‌لاین خودمان بدون ذکر اسم","iscorrect":0},{"id":"23388","description":"استفاده از دکمه‌های تعبیه شده در شبکه اجتماعی مثل share یا retweet","iscorrect":1}]},{"id":"6094","description":"چه کسانی می‌توانند مطالب سایت‌ها را در وبلاگ خود به اشتراک بگذارند؟","answers":[{"id":"23389","description":"هر کاربر اینترنت با رعایت موازین سایت مورد نظر","iscorrect":1},{"id":"23390","description":"فقط کاربرانی که خودشان هم محتوا تولید می‌کنند","iscorrect":0},{"id":"23391","description":"فقط برنامه‌نویسان و خبرنگاران","iscorrect":0}]},{"id":"6095","description":"ذکر منبع برای مختوا و مطلبی که متعلق به ما نیست اما از آن استفاده می‌کنیم چه جنبه‌هایی دارد؟","answers":[{"id":"23392","description":"حقوقی و اخلاقی","iscorrect":0},{"id":"23393","description":"اطلاع‌رسانی دقیق و جلوگیری از شایعه‌پراکنی","iscorrect":0},{"id":"23394","description":"هر دو مورد","iscorrect":1}]}]}]}]}