{"courseId":"90","contents":[{"name":"درس اول- اخلاق چیست؟","id":"759","contentorder":"1","lesson_number":1,"type":0,"filename":"lesson759.html"},{"name":"درس دوم- آیا اخلاق نسبی است؟","id":"760","contentorder":"2","lesson_number":2,"type":0,"filename":"lesson760.html"},{"name":"آیا اخلاق نسبی است؟","id":"1307","contentorder":"3","type":1,"set":[{"score":"60","questions":[{"id":"5599","description":"جمله «اخلاق هویت ما را شکل می‌دهد» از کیست؟","answers":[{"id":"21460","description":"امانوئل کانت","iscorrect":0},{"id":"21461","description":"کارل فردریش هگل","iscorrect":1},{"id":"21462","description":"ارسطو","iscorrect":0},{"id":"21463","description":"دیوید هیوم","iscorrect":0}]},{"id":"5600","description":"انسان به چه معنا موجودی اخلاقی است؟","answers":[{"id":"21464","description":"در خلاء نسبت به مسائل اخلاقی نظر می‌دهیم.","iscorrect":0},{"id":"21465","description":"همیشه به طور طبیعی خوب رفتار می‌کند.","iscorrect":0},{"id":"21466","description":"بی وقفه به هم می‌گوییم چه باید کرد.","iscorrect":0},{"id":"21467","description":"رفتار یکدیگر را ارزیابی، مقایسه، تحسین و توجیه می‌کنیم.","iscorrect":1}]},{"id":"5601","description":"چرا در دنیای واقعی نسبی‌گرایی مطلق امکان‌پذیر نیست؟","answers":[{"id":"21468","description":"با اینکه هر کس با عینک خود چیزها را می‌بیند،‌ به آن معنا نیست که کلا نمی‌توان دیدگاهی داشت و قضاوت نکرد.","iscorrect":1},{"id":"21469","description":"دیدگاه غیرقابل اعتمادی است.","iscorrect":0},{"id":"21470","description":"دیدگاه رایجی نیست.","iscorrect":0},{"id":"21471","description":"دیدگاه جالبی نیست.","iscorrect":0}]},{"id":"5602","description":"کدام سوال را نمی‌توان سوالی اخلاقی دانست؟","answers":[{"id":"21472","description":"انسان واقعا چگونه است؟ خودخواه و حریص یا بخشنده و مهربان؟","iscorrect":0},{"id":"21473","description":"آیا هر کسی حق دارد که به بقیه بگوید خیر و شر چیست؟","iscorrect":0},{"id":"21474","description":"آیا انواع خاصی از اعمال، مانند شکنجه کودکان، وجود دارند که همواره و در هر شرایطی بد باشند؟","iscorrect":0},{"id":"21475","description":"آیا انسان حاصل تکامل داروینی است؟","iscorrect":1}]},{"id":"5603","description":"کدام گزینه در مورد نسبی‌گرایی درست است؟","answers":[{"id":"21476","description":"نسبی‌گرایی همان تساهل و تسامح است.","iscorrect":0},{"id":"21477","description":"هیچ گونه ناسازگاری بین اتخاذ یک موضع متساهل نسبت به دیگران و همزمان با آن داشتن این عقیده وجود ندارد که در بعضی موارد افراد یا فرهنگ‌های دیگر موضعی کاملا اشتباه دارند که اخلاقا نادرست است.","iscorrect":1},{"id":"21478","description":"نسبی‌گرایی با قضاوت کردن دیگران در تناقض است.","iscorrect":0},{"id":"21479","description":"هیچ کس نمی‌تواند نظرش را در طول زمان عوض کند.","iscorrect":0}]}]},{"score":"60","questions":[{"id":"5604","description":"خرمگس آتن لقب کدام فیلسوف بود؟","answers":[{"id":"21480","description":"افلاطون","iscorrect":0},{"id":"21481","description":"ارسطو","iscorrect":0},{"id":"21482","description":"کانت","iscorrect":0},{"id":"21483","description":"سقراط","iscorrect":1}]},{"id":"5605","description":"کدام مورد با آنچه که نسبی‌گرایی اخلاقی به آن باور دارد متفاوت است؟","answers":[{"id":"21484","description":"آن چیزی که اخلاقا درست است مطلق به نظر نمی‌رسد و نسبت به فرهنگ و سنت گروه‌های اجتماعی مختلف متغیر است.","iscorrect":0},{"id":"21485","description":"ارزش‌های اخلاقی مستقل از جامعه یا فرهنگ باید درست یا غلط شناخته شود.","iscorrect":1},{"id":"21486","description":"به طور عمومی و کلی هیچ حقیقت مطلق یا جهانشمولی وجود ندارد.","iscorrect":0},{"id":"21487","description":"همه ارزیابی‌های اخلاقی باید بر مبنای هنجارهای اجتماعی جامعه مورد بحث شکل بگیرند.","iscorrect":0}]},{"id":"5606","description":"چگونه می توان اخلاق را تعریف کرد؟","answers":[{"id":"21488","description":"اخلاق همان کاری است آدم‌های خوب انجام می‌دهند.","iscorrect":0},{"id":"21489","description":"اخلاق به ما استاندارد و معیار نشان می‌دهد، استانداردهای رفتاری.","iscorrect":1},{"id":"21490","description":"اخلاق همان کاری است که آدم‌های دیندار انجام می‌دهند.","iscorrect":0},{"id":"21491","description":"اخلاق همان کاری است که آدم‌های منطقی انجام می‌دهند.","iscorrect":0}]},{"id":"5607","description":"کدام مورد مثالی از نسبیت در اخلاق نیست؟","answers":[{"id":"21492","description":"در جامعه ما ازدواج فامیلی رایج است اما در جوامع دیگر ممکن است در حکم ازدواج با محارم باشد.","iscorrect":0},{"id":"21493","description":"شکنجه برای تفتیش عقاید در قرون وسطی رواج داشته است، اما امروزه امری غیرانسانی به شمار می‌رود.","iscorrect":0},{"id":"21494","description":"من گوجه فرنگی دوست دارم، اما شما از گوجه فرنگی متنفرید.","iscorrect":1},{"id":"21495","description":"مجازات اعدام در جامعه ما پذیرفته شده است، اما جوامع دیگری وجود دارند که مجازات اعدام را لغو کرده‌اند.","iscorrect":0}]},{"id":"5608","description":"کدام گزینه در مورد نسبی‌گرایی ساده و کاهلانه نادرست است؟","answers":[{"id":"21496","description":"نسبی‌گرایی کاهلانه اندیشه و انتقاد را عقیم می‌کند.","iscorrect":0},{"id":"21497","description":"انسان به عنوان موجودی اخلاقی نمی‌تواند در مورد اعمال و رفتار خودش و دیگران قضاوت و موضعی نداشته باشد.","iscorrect":1},{"id":"21498","description":"نسبی‌گرایی کاهلانه درست در جایی که باید آغاز شود پایان می‌یابد.","iscorrect":0},{"id":"21499","description":"نسبی‌گرایی کاهلانه با قبول متفاوت بودن قضاوت‌های اخلاقی، طرفین یک مسئله را در همان جایی که قبلا بودند نگه می‌دارد.","iscorrect":0}]}]}]},{"name":"درس سوم- در جستجوی منبع اخلاق در جهان بدون ارزش","id":"761","contentorder":"4","lesson_number":3,"type":0,"filename":"lesson761.html"},{"name":"درس چهارم- آیا علم می‌تواند منبع اخلاق باشد؟","id":"762","contentorder":"5","lesson_number":4,"type":0,"filename":"lesson762.html"},{"name":"آیا علم می‌تواند منبع اخلاق باشد؟","id":"1309","contentorder":"6","type":1,"set":[{"score":"60","questions":[{"id":"5609","description":"مسئله رسیدن از «هست‌ها و نیست‌ها» به «باید‌ها و نباید‌ها» متعلق به کدام فیلسوف است؟","answers":[{"id":"21500","description":"دیوید هیوم","iscorrect":1},{"id":"21501","description":"امانوئل کانت","iscorrect":0},{"id":"21502","description":"کارل فردریش هگل","iscorrect":0},{"id":"21503","description":"رنه دکارت","iscorrect":0}]},{"id":"5610","description":"کدام گزینه بر اساس دیدگاه هیوم نادرست است؟","answers":[{"id":"21504","description":"از «هست‌ها و نیست‌ها» نمی‌توان به «باید‌ها و نباید‌ها» رسید.","iscorrect":0},{"id":"21505","description":"از اخلاق نمی‌توان نتیجه گرفت که کلاغ سیاه است.","iscorrect":1},{"id":"21506","description":"نمی‌توان از جهان واقعیت‌ها به جهان ارزش‌ها رسید.","iscorrect":0},{"id":"21507","description":"از استدلال عقلانی نمی‌توان به دستورهای اخلاقی رسید.","iscorrect":0}]},{"id":"5611","description":"پژوهشگران حوزه‌های بین‌ رشته‌ای در مورد اخلاق و علم به چه نتیجه‌ای رسیده‌اند؟","answers":[{"id":"21508","description":"علم از اخلاق مستقل است.","iscorrect":0},{"id":"21509","description":"علم را می‌توان به گونه‌ای گسترش داد که اخلاق را هم مانند فیزیک توضیح دهد.","iscorrect":1},{"id":"21510","description":"علم در جهان امروز همه چیز را توضیح می‌دهد.","iscorrect":0},{"id":"21511","description":"علم همان اخلاق است.","iscorrect":0}]},{"id":"5612","description":"سام هریس در کتاب خود درباره اخلاق کدام گزینه را بیان نکرده است؟","answers":[{"id":"21512","description":"اخلاقیات باید به عنوان شاخه‌ای تکامل نیافته از علم در نظر گرفته شود.","iscorrect":0},{"id":"21513","description":"اخلاقیات چیزی آسمانی در آن بیرون نیست و یک پدیده کاملا انسانی است.","iscorrect":1},{"id":"21514","description":"خوبی و بدی تنها واژه‌های ساخته بشر در زبان طبیعی هستند که به پدیده‌هایی که در مغز و اعصاب انسان می‌گذرند، قابل تقلیل‌اند.","iscorrect":0},{"id":"21515","description":"واقعیت‌هایی مانند اینکه چگونه افکار و تمایلات انسان در مغز شکل می‌گیرند و به جامه عمل در می‌آیند و بر دیگران تاثیر می‌گذارند همه آن چیزی را که به طور معقولی از واژه‌های «خیر» و «شر» در نظر داریم بی‌معنا می‌کند.","iscorrect":0}]},{"id":"5613","description":"چرا علم نمی‌تواند منبع اخلاق باشد؟","answers":[{"id":"21516","description":"علم تنها پژوهش و کشف می‌کند. دستورالعمل ارائه نمی‌دهد.","iscorrect":1},{"id":"21517","description":"علم می‌تواند به این سوال جواب دهد که چرا ممکن است کسی از موضوعی خوشحال شود.","iscorrect":0},{"id":"21518","description":"علم می‌تواند عملکرد مغز انسان را موقع شادی، خشم یا رنج تصویر کند.","iscorrect":0},{"id":"21519","description":"علم می‌تواند توصیف کند که چرا قتل را نادرست می‌دانیم.","iscorrect":0}]}]},{"score":"60","questions":[{"id":"5614","description":"کدام مورد سوال دیوید هیوم در رابطه با اخلاق نیست؟","answers":[{"id":"21520","description":"چگونه می‌توان بایدها و نباید‌های اخلاق را با دلیل و برهان موجه کرد؟","iscorrect":0},{"id":"21521","description":"چگونه می‌توانیم از مواضع توصیفی در جهان به توصیه‌ها و دستورهای هنجاری برسیم؟","iscorrect":0},{"id":"21522","description":"چگونه می‌توان از هست‌ها و نیست‌ها به بایدها و نبایدها رسید؟","iscorrect":0},{"id":"21523","description":"آیا خورشید باید هر روز از شرق طلوع کند؟","iscorrect":1}]},{"id":"5615","description":"این موضوع در اخلاق که «هست» به «باید» منجر نمی‌شود به چه معناست؟","answers":[{"id":"21524","description":"از واقعیات جهان مانند اینکه کلاغ سیاه است نمی‌توان به این حکم اخلاقی رسید که باید با کلاغ خوشرفتاری کرد.","iscorrect":1},{"id":"21525","description":"خرد و عقلانیت هیچ نقشی در اخلاق عملی و تفکر اخلاقی ندارد.","iscorrect":0},{"id":"21526","description":"ارزش‌ها و هدف‌هامان با هم سازگار و هماهنگ نیست.","iscorrect":0},{"id":"21527","description":"این استنتاجی غیرقابل قبول است.","iscorrect":0}]},{"id":"5616","description":"عنوان کتاب سام هریس، دانشمند علوم اعصاب، چیست؟","answers":[{"id":"21528","description":"چگونه علم، اخلاق را توضیح می‌دهد.","iscorrect":0},{"id":"21529","description":"علم مبنای محکمی برای اخلاق","iscorrect":0},{"id":"21530","description":"علوم اعصاب و اخلاق","iscorrect":0},{"id":"21531","description":"چگونه علم ارزش‌های انسانی را معین می‌کند.","iscorrect":1}]},{"id":"5617","description":"رشته‌ای مانند اخلاق تکاملی چه نظری درباره رابطه اخلاق با انسان دارد؟","answers":[{"id":"21532","description":"اخلاق یک پدیده کاملا انسانی است و این به معنای آن است که موضوع اخلاق هم یک پدیده در تکامل داروینی به شمار می‌آید.","iscorrect":1},{"id":"21533","description":"اخلاق غیرقابل تقلیل به زیست‌شناسی است.","iscorrect":0},{"id":"21534","description":"اخلاق همان چیزی است که انسان را حیوانی پیچیده کرده است و فراتر از طبیعت است.","iscorrect":0},{"id":"21535","description":"اخلاق پدیده‌ای غیرانسانی است.","iscorrect":0}]},{"id":"5618","description":"استفن جی گولد، زیست‌شناس تکاملی به کدام مورد در مورد رابطه علم و اخلاق باور دارد؟","answers":[{"id":"21536","description":"علم نشان داده است که اخلاق یک توهم است.","iscorrect":0},{"id":"21537","description":"به هیچ وجه یک گزاره اخلاقی ارائه نمی‌دهد که ما «باید» به گونه‌ای خاص رفتار کنیم.","iscorrect":1},{"id":"21538","description":"علم حرف‌های زیادی درباره اخلاق دارد.","iscorrect":0},{"id":"21539","description":"علم همه چیز را توضیح می‌دهد.","iscorrect":0}]}]}]},{"name":"درس پنجم- آیا دین می‌تواند منبع اخلاق باشد؟","id":"763","contentorder":"7","lesson_number":5,"type":0,"filename":"lesson763.html"},{"name":"درس ششم- آیا اخلاق دارای یک حقیقت عینی است؟","id":"764","contentorder":"8","lesson_number":6,"type":0,"filename":"lesson764.html"},{"name":"آیا اخلاق دارای یک حقیقت عینی است؟","id":"1311","contentorder":"9","type":1,"set":[{"score":"60","questions":[{"id":"5619","description":"در ادیان «اهل کتاب» یعنی اسلام، مسیحیت و یهودیت، نظام اخلاقیات مبتنی بر چیست؟","answers":[{"id":"21540","description":"علم","iscorrect":0},{"id":"21541","description":"احساس","iscorrect":0},{"id":"21542","description":"فرمان الهی","iscorrect":1},{"id":"21543","description":"خوبی","iscorrect":0}]},{"id":"5620","description":"معمای اوتیفرون چه سوالی را مطرح می‌کند؟","answers":[{"id":"21544","description":"آیا نظریه فرمان الهی درست است؟","iscorrect":0},{"id":"21545","description":"آیا چیزهای خوب، خوب هستند به این دلیل که خدا دوست دارد؛ یا اینکه چون خوب هستند خدا دوستشان دارد؟","iscorrect":1},{"id":"21546","description":"آیا خدا همه را دوست دارد؟","iscorrect":0},{"id":"21547","description":"آیا خدا منبع اخلاق است؟","iscorrect":0}]},{"id":"5621","description":"پاسخ رایج به معمای اوتیفرون چیست؟","answers":[{"id":"21548","description":"خوبی آن چیزی است که توسط خدا امر شده است.","iscorrect":0},{"id":"21549","description":"خدا منبع خیر است و بنابراین حکم به بدی نمی‌دهد.","iscorrect":1},{"id":"21550","description":"دین مجموعه‌ای از قواعد اخلاقی و دستورالعمل‌های رفتاری را به بشر ارائه می‌دهد.","iscorrect":0},{"id":"21551","description":"فرمان خدا به طور اجتناب‌ناپذیری خوب خواهد بود.","iscorrect":0}]},{"id":"5622","description":"خاصیت استدلال معمای آنتروپرو در چیست؟","answers":[{"id":"21552","description":"همان معمای اوتیفرون است.","iscorrect":0},{"id":"21553","description":"صورتی از معمای اوتیفرون است که به چیزی تغییر شکل داده که علاوه بر اندیشمندان دیندار، متفکران سکولار را هم به مخمصه می‌اندازد.","iscorrect":1},{"id":"21554","description":"نتیجه می‌دهد که اخلاق مبنایی آسمانی دارد.","iscorrect":0},{"id":"21555","description":"نتیجه می‌دهد که اخلاق مبنایی انسانی دارد.","iscorrect":0}]},{"id":"5623","description":"بنا بر دیدگاه خام ذهن‌گرایانه ادعاهای اخلاقی چه چیزهایی هستند؟","answers":[{"id":"21556","description":"گفتن اینکه یک انتخاب دلخواه است به این معناست که بدون هیچگونه محدودیتی بر مبنای هوس یا ترجیح شخصی قرار دارد.","iscorrect":0},{"id":"21557","description":"ادعاهای اخلاقی به سادگی همان توصیف‌ها یا گزارش‌های ما از احساساتمان نسبت به چگونگی چیزها در جهان هستند.","iscorrect":1},{"id":"21558","description":"انواع متفاوتی از واقعیت‌ها در جهان وجود دارند که به طور عینی درست هستند.","iscorrect":0},{"id":"21559","description":"در چارچوب‌های متفاوت هم باید بتوان به دنبال یک معیار حداقلی و سرراست به عنوان دستور‌العمل‌ رفتار و قضاوت اخلاقی بود.","iscorrect":0}]}]},{"score":"60","questions":[{"id":"5624","description":"معمای اوتیفرون دیالوگ مردی به همین نام با کدام فیلسوف یونانی است؟","answers":[{"id":"21560","description":"افلاطون","iscorrect":0},{"id":"21561","description":"سقراط","iscorrect":1},{"id":"21562","description":"ارسطو","iscorrect":0},{"id":"21563","description":"تالس","iscorrect":0}]},{"id":"5625","description":"نتیجه معمای اوتیفرون چیست؟","answers":[{"id":"21564","description":"خدا حداقل به عنوان قانونگذار اخلاقیات نقشی ندارد.","iscorrect":1},{"id":"21565","description":"اگر خدا فرمان دهد که چیزی خوب است به آن دلیل که آن چیز خودش خوب است.","iscorrect":0},{"id":"21566","description":"خدایی را ممکن بود تصور کنیم که امر کند قتل اشکالی ندارد.","iscorrect":0},{"id":"21567","description":"قتل نادرست است چون خدا این گونه فرمان داده است.","iscorrect":0}]},{"id":"5626","description":"تعریف واقعیت عینی چیست؟","answers":[{"id":"21568","description":"هر آن چیزی که مبنایی خارج از ذهن انسان داشته باشد و به او یا انسان دیگری وابسته نباشد.","iscorrect":1},{"id":"21569","description":"هر آن چیزی که به انسان وابسته باشد.","iscorrect":0},{"id":"21570","description":"هر آن چیزی که ذهنی باشد.","iscorrect":0},{"id":"21571","description":"هر آن چیزی که به اخلاق وابسته باشد.","iscorrect":0}]},{"id":"5627","description":"اکثر کسانی که ایده اخلاق عینی را رد می‌کنند همچنان باور دارند که اخلاق واقعی است و ادعاهایی نسبت به ما دارد. چگونه می‌تواند این طور باشد؟","answers":[{"id":"21572","description":"به این دلیل است که اخلاق واقعی با ذهنی بودن اخلاق تناقضی ندارد.","iscorrect":0},{"id":"21573","description":"به این دلیل است که اخلاق ذهنی نیست.","iscorrect":0},{"id":"21574","description":"به این دلیل است که ادعاهایی غیر واقعی دارد.","iscorrect":0},{"id":"21575","description":"به این دلیل است که اخلاق یک بنیان یکتا ندارد. بلکه ظهور یافته از حاصل تلاقی واقعیت‌ها، امیال، احساسات و نیازهای مشخصی است.","iscorrect":1}]},{"id":"5628","description":"کدام مورد در مورد دوگانه اخلاق ذهنی و عینی درست نیست؟","answers":[{"id":"21576","description":"تا وقتی اخلاق مبنای کاملا عینی نداشته باشد، باید ذهنی باشد.","iscorrect":1},{"id":"21577","description":"امکان دارد که اخلاقیاتی داشته باشیم مثلا ذهنی‌تر از زیست‌شناسی سلولی،‌ که در عین حال از سلیقه موسیقی عینی‌تر است.","iscorrect":0},{"id":"21578","description":"مشکلی نیست اگر مولفه‌ای ذهنی در تفکر اخلاقی وجود داشته باشد.","iscorrect":0},{"id":"21579","description":"تنها زمانی مشکل وجود دارد که اجازه دهیم آن مولفه ذهنی بیش از اندازه چیره شود، و چیزها را به هوس اشخاص یا تصادف‌های تاریخی اعمال جاری اجتماعی واگذارد.","iscorrect":0}]}]}]},{"name":"درس هفتم- آیا قاعده طلایی در اخلاق وجود دارد؟","id":"765","contentorder":"10","lesson_number":7,"type":0,"filename":"lesson765.html"},{"name":"درس هشتم- آیا هدف وسیله را توجیه می‌کند؟","id":"766","contentorder":"11","lesson_number":8,"type":0,"filename":"lesson766.html"},{"name":"آیا هدف وسیله را توجیه می‌کند؟","id":"1313","contentorder":"12","type":1,"set":[{"score":"60","questions":[{"id":"5629","description":"ایده اصلی قاعده طلایی در اخلاق چیست؟","answers":[{"id":"21580","description":"دیگران را دوست داشته باشیم.","iscorrect":0},{"id":"21581","description":"از ما می‌خواهد با دیگران طوری رفتار کنیم که خودمان انتظارش را داریم.","iscorrect":1},{"id":"21582","description":"با دیگران مهربان باشیم.","iscorrect":0},{"id":"21583","description":"با دیگران صادق باشیم.","iscorrect":0}]},{"id":"5630","description":"نسخه‌ای از قاعده طلایی که به «فرمان قاطع» معروف است منسوب به کدام فیلسوف است؟","answers":[{"id":"21584","description":"امانوئل کانت","iscorrect":1},{"id":"21585","description":"دیوید هیوم","iscorrect":0},{"id":"21586","description":"کارل فردریش هگل","iscorrect":0},{"id":"21587","description":"اسپینوزا","iscorrect":0}]},{"id":"5631","description":"مشکل اصلی با قاعده طلایی کدام است؟","answers":[{"id":"21588","description":"قاعده‌ای بسیار پیچیده است.","iscorrect":0},{"id":"21589","description":"غیرقابل انجام است.","iscorrect":0},{"id":"21590","description":"قاعده طلایی واقعا یک اخلاق جهانشمول تولید نمی‌کند. در بهترین حالت یک نوع آزمون جهانشمول ارائه می‌دهد که آیا یک ارزش که به آن اعتقاد داریم سازگار است یا نه.","iscorrect":1},{"id":"21591","description":"اخلاقی نیست.","iscorrect":0}]},{"id":"5632","description":"اخلاق وظیفه گرایانه چه می‌گوید؟","answers":[{"id":"21592","description":"وظیفه‌گرایی از این ایده می‌آید که درست و غلط بودن اعمال را باید بر اساس نتایج و پیامدهای آنها قضاوت کرد.","iscorrect":0},{"id":"21593","description":"اخلاق وظیفه‌گرایانه مدعی است که اخلاقیات درباره بر آورده کردن وظیفه‌ها و تکالیف است، مستقل از پیامدها و نتایجی که ممکن است داشته باشند.","iscorrect":1},{"id":"21594","description":"«درست» آن چیزی است که چیز خوب را بیشتر نتیجه می‌دهد، «نادرست» آن چیزی است که بیشتر نتیجه بد تولید می‌کند.","iscorrect":0},{"id":"21595","description":"اگر دو عمل ممکن وجود داشته باشد، شما باید آن عملی را انتخاب کنید که خروجی بهتری دارد.","iscorrect":0}]},{"id":"5633","description":"چگونه می‌توان با استدلال نتیجه‌گرایانه نشان داد که تصمیم حمله به هواپیمای مسافربری کاری غیراخلاقی بوده است؟","answers":[{"id":"21596","description":"پیامد حمله این خواهد بود که اعتماد مردم را به دولت منتخب دموکراتیک از بین می‌برد که بر علیه مردم خودش اسلحه کشیده است.","iscorrect":1},{"id":"21597","description":"پیامدهای بعدی این حمله به چیزی که از آن به دست می‌آید نمی‌ارزد.","iscorrect":0},{"id":"21598","description":"پیامدهای غیراخلاقی این کار واقعا زیاد است.","iscorrect":0},{"id":"21599","description":"حفظ جان انسان‌های بی‌گناه مسافر هواپیما بر همه چیز مقدم است.","iscorrect":0}]}]},{"score":"60","questions":[{"id":"5634","description":"کدام نسخه از قاعده طلایی منسوب به امام علی است؟","answers":[{"id":"21600","description":"از انجام کاری که دیگران را برای انجام سرزنش می‌کنید پرهیز کنید.","iscorrect":0},{"id":"21601","description":"به دیگران به گونه‌ای آسیب نزنید که خودتان آن را آزاردهنده می‌دانید.","iscorrect":0},{"id":"21602","description":"با دیگران آن گونه رفتار کنید که می‌خواهید با شما رفتار شود.","iscorrect":0},{"id":"21603","description":"هر آنچه بر خود می‌پسندی بر دیگران هم بپسند، و آنچه بر خود نمی‌پسندی بر دیگران مپسند.","iscorrect":1}]},{"id":"5635","description":"«فرمان قاطع» چه می‌گوید؟","answers":[{"id":"21604","description":"هیچ وقت آن چیزی را که برای خود انتخاب نمی‌کنید بر دیگران تحمیل نکنید.","iscorrect":0},{"id":"21605","description":"تنها مطابق معیاری عمل کنید که همزمان بتوانید بخواهید که یک قانون جهانشمول شود.","iscorrect":1},{"id":"21606","description":"از انجام کاری که دیگران را برای انجام سرزنش می‌کنید پرهیز کنید.","iscorrect":0},{"id":"21607","description":"به دیگران به گونه‌ای آسیب نزنید که خودتان آن را آزاردهنده می‌دانید.","iscorrect":0}]},{"id":"5636","description":"اخلاق نتیجه گرایانه چه می‌گوید؟","answers":[{"id":"21608","description":"نتیجه‌گرایی از این ایده می‌آید که درست و غلط بودن اعمال را باید بر اساس نتایج و پیامدهای آنها قضاوت کرد.","iscorrect":1},{"id":"21609","description":"اخلاق نتیجه‌گرایانه مدعی است که اخلاقیات درباره بر آورده کردن وظیفه‌ها و تکالیف است، مستقل از پیامدها و نتایجی که ممکن است داشته باشند.","iscorrect":0},{"id":"21610","description":"ممکن است ما مجبور باشیم مجموعه اعمالی را انجام دهیم که منجر به نتایج بدی شود و افراد بی‌گناه بیشتری بمیرند، اما باید کار درست را انجام دهیم.","iscorrect":0},{"id":"21611","description":"خوب و بد از هم مستقل هستند.","iscorrect":0}]},{"id":"5637","description":"چگونه می‌توان حمله به هواپیمای مسافربری را با استدلال اخلاق وظیفه‌گرایانه توجیه کرد؟","answers":[{"id":"21612","description":"وظیفه هر سیاستمدار است که به هواپیمای دزدیده شده حمله کند.","iscorrect":0},{"id":"21613","description":"وظیفه معاون رییس جمهور است که تصمیمی جنجالی بگیرد.","iscorrect":0},{"id":"21614","description":"وظیفه چنی به عنوان معاون رییس جمهور برای حفظ جان شهروندان آمریکایی به وظیفه او بر نکشتن انسان‌های بی‌گناه مقدم است.","iscorrect":1},{"id":"21615","description":"وظیفه مسافران هواپیماست که برای حفظ جان تعداد بیشتری از انسان‌ها قربانی شوند.","iscorrect":0}]},{"id":"5638","description":"فایده گرایی چیست؟","answers":[{"id":"21616","description":"خدا بهترین منفعت را برای ما می‌خواهد و پیروی از او به طور غیرمستقیم به معنای بیشتر شدن رفاه انسان است.","iscorrect":0},{"id":"21617","description":"فایده‌گرایی توسط فلاسفه‌ای چون جرمی بنتام و آدام اسمیت برجسته شد، که بیشینه کردن شادی و کمینه کردن رنج را الزام اصلی اخلاقی قرار می‌دادند.","iscorrect":1},{"id":"21618","description":"نسخه‌های مدرن اولیه آن توسط امانوئل کانت ارائه شد که اصل راهنما و بنیادی وظیفه‌ای جز عقل نبود.","iscorrect":0},{"id":"21619","description":"ریشه در اخلاق دینی دارد، که در آن خدا وظیفه و اولویت اصلی است.","iscorrect":0}]}]}]},{"name":"درس نهم- محدودیت‌های اخلاق","id":"767","contentorder":"13","lesson_number":9,"type":0,"filename":"lesson767.html"},{"name":"درس دهم- تعاریف و منابعی برای مطالعه بیشتر","id":"768","contentorder":"14","lesson_number":10,"type":0,"filename":"lesson768.html"},{"name":"محدودیت‌های اخلاق","id":"1315","contentorder":"15","type":1,"set":[{"score":"60","questions":[{"id":"5639","description":"داشتن نظام سلسله مراتبی در ارزش‌های اخلاقی به چه معناست؟","answers":[{"id":"21620","description":"همیشه می‌توان تصمیم گرفت که هنگام برخورد اصول با یکدیگر کدام باید کنار گذاشته شود.","iscorrect":1},{"id":"21621","description":"معماهای اخلاقی نمی‌توانند راه‌حل‌های درست داشته باشند.","iscorrect":0},{"id":"21622","description":"هیچ معیاری برای اندازه‌گیری این که کدام انتخاب بهتر از دیگری است وجود ندارد.","iscorrect":0},{"id":"21623","description":"قطعا باید روشی برای دانستن اینکه چه کاری درست است وجود داشته باشد.","iscorrect":0}]},{"id":"5640","description":"مطلق‌گرایی به چه معناست؟","answers":[{"id":"21624","description":"امور اخلاقی به صورت بنیادین در طبیعت وجود دارد.","iscorrect":0},{"id":"21625","description":"باور به اینکه اعمال مشخص تحت هر شرایطی درست یا غلط هستند و ارزش آنها بستگی به زمان، شرایط و فردی که آنها را انجام می‌دهد ندارد.","iscorrect":1},{"id":"21626","description":"نظریه‌ای اخلاقی که اعمالی را مستقل از پیامدهای خوب یا بدی که دارند،‌ به اعمال ممنوع یا اعمال مجاز طبقه‌بندی می‌کند.","iscorrect":0},{"id":"21627","description":"شیوه‌ای برای داوری کردن درباره‌ی ارزش اخلاقی اعمال از طریق سنجیدن پیامدهای نیک و بد آنها.","iscorrect":0}]},{"id":"5641","description":"طبیعت‌گرایی به چه معناست؟","answers":[{"id":"21628","description":"باور به اینکه اعمال مشخص تحت هر شرایطی درست یا غلط هستند و ارزش آنها بستگی به زمان، شرایط و فردی که آنها را انجام می‌دهد ندارد.","iscorrect":0},{"id":"21629","description":"امور اخلاقی به صورت بنیادین در طبیعت وجود دارد. این دیدگاه باور دارد که اخلاق بخشی از نظام طبیعی اشیاء است.","iscorrect":1},{"id":"21630","description":"دیدگاهی اخلاقی که عقیده دارد ارزش‌های اخلاقی بخشی از بافت جهان هستند و مستقل از هر انسانی وجود دارند.","iscorrect":0},{"id":"21631","description":"نظریه‌ای اخلاقی است که عقیده دارد انسان معیار همه چیز است و هر آنچه هر فرد به آن باور دارد برای او درست است.","iscorrect":0}]},{"id":"5642","description":"لذت‌گرایی اخلاقی به چه معناست؟","answers":[{"id":"21632","description":"این عقیده که مردم باید اعمالی را انجام دهند که بیشترین خوشی را برای‌شان به ارمغان آورد.","iscorrect":1},{"id":"21633","description":"بر اساس این نظریه در اخلاق، هر عملی هنگامی صحیح است که بالاترین میزان خوشی در مقابل رنج را در میان همه مردمی که آن موضوع به آنها مربوط می‌شود در پی داشته باشد.","iscorrect":0},{"id":"21634","description":"هر عملی در صورتی از لحاظ اخلاقی ارزشمندتر است که به نتایج خوب بیشتر و نتایج بد کمتری بینجامد.","iscorrect":0},{"id":"21635","description":"نظریه‌ای اخلاقی که اعمالی را مستقل از پیامدهای خوب یا بدی که دارند،‌ به اعمال ممنوع یا اعمال مجاز طبقه‌بندی می‌کند.","iscorrect":0}]},{"id":"5643","description":"باور به اینکه اعمال مشخص تحت هر شرایطی درست یا غلط هستند و ارزش آنها بستگی به زمان، شرایط و فردی که آنها را انجام می‌دهد ندارد، در اخلاق چه نام دارد؟","answers":[{"id":"21636","description":"وظیفه‌گرایی","iscorrect":0},{"id":"21637","description":"جهانشمول‌گرایی","iscorrect":0},{"id":"21638","description":"مطلق‌گرایی","iscorrect":1},{"id":"21639","description":"فایده‌گرایی","iscorrect":0}]}]},{"score":"60","questions":[{"id":"5644","description":"از نظر آیزایا برلین چه چیزی پلورالیسم را از نسبی‌گرایی متمایز می‌کند؟","answers":[{"id":"21640","description":"تکثری از ارزش‌ها وجود دارد که انسان می‌تواند انجام دهد یا به دنبالش باشد، و این ارزش‌ها متفاوت هستند.","iscorrect":0},{"id":"21641","description":"نسبی‌گرایی و پلورالیسم از هم متمایز نیستند.","iscorrect":0},{"id":"21642","description":"چگونگی تفاوت در ارزش‌ها که در پلورالیسم عینی هستند و ماهیت آنها و جستجو برای آنها بخشی از انسان بودن است.","iscorrect":1},{"id":"21643","description":"مردم ارزش‌های متفاوتی دارند.","iscorrect":0}]},{"id":"5645","description":"واقع‌گرایی اخلاقی به چه معناست؟","answers":[{"id":"21644","description":"باور به اینکه اعمال مشخص تحت هر شرایطی درست یا غلط هستند و ارزش آنها بستگی به زمان، شرایط و فردی که آنها را انجام می‌دهد ندارد.","iscorrect":0},{"id":"21645","description":"این دیدگاه باور دارد که اخلاق بخشی از نظام طبیعی اشیاء است.","iscorrect":0},{"id":"21646","description":"به عنوان یکی از موضوعات اصلی فلسفه اخلاق به این نکته می‌پردازد که حقایق اخلاقی در وهله اول، هستی مستقل از انسان دارند و در وهله دوم توسط ابزارهای ادراک انسان قابل شناخت و قابل صدق و کذب هستند.","iscorrect":1},{"id":"21647","description":"دیدگاهی اخلاقی که باور دارد مفاهیم و ارزش‌های اخلاقی بر مبنای واقعیت‌های جهان خارج قرار ندارند و مبتنی بر باورهای ما یا واکنش‌های عاطفی ما به جهان هستند.","iscorrect":0}]},{"id":"5646","description":"جهانشمول‌گرایی اخلاقی به چه معناست؟","answers":[{"id":"21648","description":"باور به اینکه اعمال مشخص تحت هر شرایطی درست یا غلط هستند و ارزش آنها بستگی به زمان، شرایط و فردی که آنها را انجام می‌دهد ندارد.","iscorrect":0},{"id":"21649","description":"نظریه‌ای اخلاقی که اعمالی را مستقل از پیامدهای خوب یا بدی که دارند،‌ به اعمال ممنوع یا اعمال مجاز طبقه‌بندی می‌کند.","iscorrect":0},{"id":"21650","description":"نظریه‌ای اخلاقی است که عقیده دارد انسان معیار همه چیز است و هر آنچه هر فرد به آن باور دارد برای او درست است.","iscorrect":0},{"id":"21651","description":"دیدگاهی فرا اخلاقی است که در آن ارزش‌های اخلاقی یا نظام اخلاقی می‌تواند همه را فارغ از فرهنگ، دین، جنسیت، نژاد و ملیت در تمام زمان‌ها شامل شود. این گونه اخلاق برای تمام انسان‌ها کاربرد دارد و از این نظر ورای فرهنگ یا سلیقه شخصی است.","iscorrect":1}]},{"id":"5647","description":"نظریه فرمان الهی چه می‌گوید؟","answers":[{"id":"21652","description":"باور به اینکه اعمال مشخص تحت هر شرایطی درست یا غلط هستند و ارزش آنها بستگی به زمان، شرایط و فردی که آنها را انجام می‌دهد ندارد.","iscorrect":0},{"id":"21653","description":"دیدگاهی فرا اخلاقی است که معتقد است عملی از نظر اخلاقی خوب است که به فرمان خدا باشد.","iscorrect":1},{"id":"21654","description":"دیدگاهی اخلاقی که عقیده دار ارزش‌های اخلاقی بخشی از بافت جهان هستند و مستقل از هر انسانی وجود دارند.","iscorrect":0},{"id":"21655","description":"امور اخلاقی به صورت بنیادین در طبیعت وجود دارد.","iscorrect":0}]},{"id":"5648","description":"بر اساس این نظریه در اخلاق، هر عملی هنگامی صحیح است که بالاترین میزان خوشی در مقابل رنج را در میان همه مردمی که آن موضوع به آنها مربوط می‌شود در پی داشته باشد.","answers":[{"id":"21656","description":"لذت‌گرایی","iscorrect":0},{"id":"21657","description":"نسبی‌گرایی","iscorrect":0},{"id":"21658","description":"واقع‌گرایی اخلاقی","iscorrect":0},{"id":"21659","description":"فایده‌گرایی","iscorrect":1}]}]}]},{"name":"آزمون نهایی فلسفه اخلاق","id":"1317","contentorder":"16","type":1,"set":[{"score":"50","questions":[{"id":"5649","description":"انسان به چه معنا موجودی اخلاقی است؟","answers":[{"id":"21660","description":"در خلاء نسبت به مسائل اخلاقی نظر می‌دهیم.","iscorrect":0},{"id":"21661","description":"همیشه به طور طبیعی خوب رفتار می‌کند.","iscorrect":0},{"id":"21662","description":"بی وقفه به هم می‌گوییم چه باید کرد.","iscorrect":0},{"id":"21663","description":"رفتار یکدیگر را ارزیابی، مقایسه، تحسین و توجیه می‌کنیم.","iscorrect":1}]},{"id":"5650","description":"چرا در دنیای واقعی نسبی‌گرایی مطلق امکان‌پذیر نیست؟","answers":[{"id":"21664","description":"با اینکه هر کس با عینک خود چیزها را می‌بیند،‌ به آن معنا نیست که کلا نمی‌توان دیدگاهی داشت و قضاوت نکرد.","iscorrect":1},{"id":"21665","description":"دیدگاه غیرقابل اعتمادی است.","iscorrect":0},{"id":"21666","description":"دیدگاه رایجی نیست.","iscorrect":0},{"id":"21667","description":"دیدگاه جالبی نیست.","iscorrect":0}]},{"id":"5651","description":"این موضوع در اخلاق که «هست» به «باید» منجر نمی‌شود به چه معناست؟","answers":[{"id":"21668","description":"از واقعیات جهان مانند اینکه کلاغ سیاه است نمی‌توان به این حکم اخلاقی رسید که باید با کلاغ خوشرفتاری کرد.","iscorrect":1},{"id":"21669","description":"خرد و عقلانیت هیچ نقشی در اخلاق عملی و تفکر اخلاقی ندارد.","iscorrect":0},{"id":"21670","description":"ارزش‌ها و هدف‌هامان با هم سازگار و هماهنگ نیست.","iscorrect":0},{"id":"21671","description":"این استنتاجی غیرقابل قبول است.","iscorrect":0}]},{"id":"5652","description":"چرا علم نمی‌تواند منبع اخلاق باشد؟","answers":[{"id":"21672","description":"علم تنها پژوهش و کشف می‌کند. دستورالعمل ارائه نمی‌دهد.","iscorrect":1},{"id":"21673","description":"علم می‌تواند به این سوال جواب دهد که چرا ممکن است کسی از موضوعی خوشحال شود.","iscorrect":0},{"id":"21674","description":"علم می‌تواند عملکرد مغز انسان را موقع شادی، خشم یا رنج تصویر کند.","iscorrect":0},{"id":"21675","description":"علم می‌تواند توصیف کند که چرا قتل را نادرست می‌دانیم.","iscorrect":0}]},{"id":"5653","description":"تعریف واقعیت عینی چیست؟","answers":[{"id":"21676","description":"هر آن چیزی که مبنایی خارج از ذهن انسان داشته باشد و به او یا انسان دیگری وابسته نباشد.","iscorrect":1},{"id":"21677","description":"هر آن چیزی که به انسان وابسته باشد.","iscorrect":0},{"id":"21678","description":"هر آن چیزی که ذهنی باشد.","iscorrect":0},{"id":"21679","description":"هر آن چیزی که به اخلاق وابسته باشد.","iscorrect":0}]},{"id":"5654","description":"بنا بر دیدگاه خام ذهن‌گرایانه ادعاهای اخلاقی چه چیزهایی هستند؟","answers":[{"id":"21680","description":"گفتن اینکه یک انتخاب دلخواه است به این معناست که بدون هیچگونه محدودیتی بر مبنای هوس یا ترجیح شخصی قرار دارد.","iscorrect":0},{"id":"21681","description":"ادعاهای اخلاقی به سادگی همان توصیف‌ها یا گزارش‌های ما از احساساتمان نسبت به چگونگی چیزها در جهان هستند.","iscorrect":1},{"id":"21682","description":"انواع متفاوتی از واقعیت‌ها در جهان وجود دارند که به طور عینی درست هستند.","iscorrect":0},{"id":"21683","description":"در چارچوب‌های متفاوت هم باید بتوان به دنبال یک معیار حداقلی و سرراست به عنوان دستور‌العمل‌ رفتار و قضاوت اخلاقی بود.","iscorrect":0}]},{"id":"5655","description":"«فرمان قاطع» چه می‌گوید؟","answers":[{"id":"21684","description":"هیچ وقت آن چیزی را که برای خود انتخاب نمی‌کنید بر دیگران تحمیل نکنید.","iscorrect":0},{"id":"21685","description":"تنها مطابق معیاری عمل کنید که همزمان بتوانید بخواهید که یک قانون جهانشمول شود.","iscorrect":1},{"id":"21686","description":"از انجام کاری که دیگران را برای انجام سرزنش می‌کنید پرهیز کنید.","iscorrect":0},{"id":"21687","description":"به دیگران به گونه‌ای آسیب نزنید که خودتان آن را آزاردهنده می‌دانید.","iscorrect":0}]},{"id":"5656","description":"اخلاق وظیفه گرایانه چه می‌گوید؟","answers":[{"id":"21688","description":"وظیفه‌گرایی از این ایده می‌آید که درست و غلط بودن اعمال را باید بر اساس نتایج و پیامدهای آنها قضاوت کرد.","iscorrect":0},{"id":"21689","description":"اخلاق وظیفه‌گرایانه مدعی است که اخلاقیات درباره بر آورده کردن وظیفه‌ها و تکالیف است، مستقل از پیامدها و نتایجی که ممکن است داشته باشند.","iscorrect":1},{"id":"21690","description":"«درست» آن چیزی است که چیز خوب را بیشتر نتیجه می‌دهد، «نادرست» آن چیزی است که بیشتر نتیجه بد تولید می‌کند.","iscorrect":0},{"id":"21691","description":"اگر دو عمل ممکن وجود داشته باشد، شما باید آن عملی را انتخاب کنید که خروجی بهتری دارد.","iscorrect":0}]},{"id":"5657","description":"مطلق‌گرایی به چه معناست؟","answers":[{"id":"21692","description":"امور اخلاقی به صورت بنیادین در طبیعت وجود دارد.","iscorrect":0},{"id":"21693","description":"باور به اینکه اعمال مشخص تحت هر شرایطی درست یا غلط هستند و ارزش آنها بستگی به زمان، شرایط و فردی که آنها را انجام می‌دهد ندارد.","iscorrect":1},{"id":"21694","description":"نظریه‌ای اخلاقی که اعمالی را مستقل از پیامدهای خوب یا بدی که دارند،‌ به اعمال ممنوع یا اعمال مجاز طبقه‌بندی می‌کند.","iscorrect":0},{"id":"21695","description":"شیوه‌ای برای داوری کردن درباره‌ی ارزش اخلاقی اعمال از طریق سنجیدن پیامدهای نیک و بد آنها.","iscorrect":0}]},{"id":"5658","description":"جهانشمول‌گرایی اخلاقی به چه معناست؟","answers":[{"id":"21696","description":"باور به اینکه اعمال مشخص تحت هر شرایطی درست یا غلط هستند و ارزش آنها بستگی به زمان، شرایط و فردی که آنها را انجام می‌دهد ندارد.","iscorrect":0},{"id":"21697","description":"نظریه‌ای اخلاقی که اعمالی را مستقل از پیامدهای خوب یا بدی که دارند،‌ به اعمال ممنوع یا اعمال مجاز طبقه‌بندی می‌کند.","iscorrect":0},{"id":"21698","description":"نظریه‌ای اخلاقی است که عقیده دارد انسان معیار همه چیز است و هر آنچه هر فرد به آن باور دارد برای او درست است.","iscorrect":0},{"id":"21699","description":"دیدگاهی فرا اخلاقی است که در آن ارزش‌های اخلاقی یا نظام اخلاقی می‌تواند همه را فارغ از فرهنگ، دین، جنسیت، نژاد و ملیت در تمام زمان‌ها شامل شود. این گونه اخلاق برای تمام انسان‌ها کاربرد دارد و از این نظر ورای فرهنگ یا سلیقه شخصی است.","iscorrect":1}]}]},{"score":"50","questions":[{"id":"5659","description":"کدام مورد با آنچه که نسبی‌گرایی اخلاقی به آن باور دارد متفاوت است؟","answers":[{"id":"21700","description":"آن چیزی که اخلاقا درست است مطلق به نظر نمی‌رسد و نسبت به فرهنگ و سنت گروه‌های اجتماعی مختلف متغیر است.","iscorrect":0},{"id":"21701","description":"ارزش‌های اخلاقی مستقل از جامعه یا فرهنگ باید درست یا غلط شناخته شود.","iscorrect":1},{"id":"21702","description":"به طور عمومی و کلی هیچ حقیقت مطلق یا جهانشمولی وجود ندارد.","iscorrect":0},{"id":"21703","description":"همه ارزیابی‌های اخلاقی باید بر مبنای هنجارهای اجتماعی جامعه مورد بحث شکل بگیرند.","iscorrect":0}]},{"id":"5660","description":"کدام سوال را نمی‌توان سوالی اخلاقی دانست؟","answers":[{"id":"21704","description":"انسان واقعا چگونه است؟ خودخواه و حریص یا بخشنده و مهربان؟","iscorrect":0},{"id":"21705","description":"آیا هر کسی حق دارد که به بقیه بگوید خیر و شر چیست؟","iscorrect":0},{"id":"21706","description":"آیا انواع خاصی از اعمال، مانند شکنجه کودکان، وجود دارند که همواره و در هر شرایطی بد باشند؟","iscorrect":0},{"id":"21707","description":"آیا انسان حاصل تکامل داروینی است؟","iscorrect":1}]},{"id":"5661","description":"پژوهشگران حوزه‌های بین‌ رشته‌ای در مورد اخلاق و علم به چه نتیجه‌ای رسیده‌اند؟","answers":[{"id":"21708","description":"علم از اخلاق مستقل است.","iscorrect":0},{"id":"21709","description":"علم را می‌توان به گونه‌ای گسترش داد که اخلاق را هم مانند فیزیک توضیح دهد.","iscorrect":1},{"id":"21710","description":"علم در جهان امروز همه چیز را توضیح می‌دهد.","iscorrect":0},{"id":"21711","description":"علم همان اخلاق است.","iscorrect":0}]},{"id":"5662","description":"رشته‌ای مانند اخلاق تکاملی چه نظری درباره رابطه اخلاق با انسان دارد؟","answers":[{"id":"21712","description":"اخلاق یک پدیده کاملا انسانی است و این به معنای آن است که موضوع اخلاق هم یک پدیده در تکامل داروینی به شمار می‌آید.","iscorrect":1},{"id":"21713","description":"اخلاق غیرقابل تقلیل به زیست‌شناسی است.","iscorrect":0},{"id":"21714","description":"اخلاق همان چیزی است که انسان را حیوانی پیچیده کرده است و فراتر از طبیعت است.","iscorrect":0},{"id":"21715","description":"اخلاق پدیده‌ای غیرانسانی است.","iscorrect":0}]},{"id":"5663","description":"اکثر کسانی که ایده اخلاق عینی را رد می‌کنند همچنان باور دارند که اخلاق واقعی است و ادعاهایی نسبت به ما دارد. چگونه می‌تواند این طور باشد؟","answers":[{"id":"21716","description":"به این دلیل است که اخلاق واقعی با ذهنی بودن اخلاق تناقضی ندارد.","iscorrect":0},{"id":"21717","description":"به این دلیل است که اخلاق ذهنی نیست.","iscorrect":0},{"id":"21718","description":"به این دلیل است که ادعاهایی غیر واقعی دارد.","iscorrect":0},{"id":"21719","description":"به این دلیل است که اخلاق یک بنیان یکتا ندارد. بلکه ظهور یافته از حاصل تلاقی واقعیت‌ها، امیال، احساسات و نیازهای مشخصی است.","iscorrect":1}]},{"id":"5664","description":"کدام مورد در مورد دوگانه اخلاق ذهنی و عینی درست نیست؟","answers":[{"id":"21720","description":"تا وقتی اخلاق مبنای کاملا عینی نداشته باشد، باید ذهنی باشد.","iscorrect":1},{"id":"21721","description":"امکان دارد که اخلاقیاتی داشته باشیم مثلا ذهنی‌تر از زیست‌شناسی سلولی،‌ که در عین حال از سلیقه موسیقی عینی‌تر است.","iscorrect":0},{"id":"21722","description":"مشکلی نیست اگر مولفه‌ای ذهنی در تفکر اخلاقی وجود داشته باشد.","iscorrect":0},{"id":"21723","description":"تنها زمانی مشکل وجود دارد که اجازه دهیم آن مولفه ذهنی بیش از اندازه چیره شود، و چیزها را به هوس اشخاص یا تصادف‌های تاریخی اعمال جاری اجتماعی واگذارد.","iscorrect":0}]},{"id":"5665","description":"ایده اصلی قاعده طلایی در اخلاق چیست؟","answers":[{"id":"21724","description":"دیگران را دوست داشته باشیم.","iscorrect":0},{"id":"21725","description":"از ما می‌خواهد با دیگران طوری رفتار کنیم که خودمان انتظارش را داریم.","iscorrect":1},{"id":"21726","description":"با دیگران مهربان باشیم.","iscorrect":0},{"id":"21727","description":"با دیگران صادق باشیم.","iscorrect":0}]},{"id":"5666","description":"فایده گرایی چیست؟","answers":[{"id":"21728","description":"خدا بهترین منفعت را برای ما می‌خواهد و پیروی از او به طور غیرمستقیم به معنای بیشتر شدن رفاه انسان است.","iscorrect":0},{"id":"21729","description":"فایده‌گرایی توسط فلاسفه‌ای چون جرمی بنتام و آدام اسمیت برجسته شد، که بیشینه کردن شادی و کمینه کردن رنج را الزام اصلی اخلاقی قرار می‌دادند.","iscorrect":1},{"id":"21730","description":"نسخه‌های مدرن اولیه آن توسط امانوئل کانت ارائه شد که اصل راهنما و بنیادی وظیفه‌ای جز عقل نبود.","iscorrect":0},{"id":"21731","description":"ریشه در اخلاق دینی دارد، که در آن خدا وظیفه و اولویت اصلی است.","iscorrect":0}]},{"id":"5667","description":"داشتن نظام سلسله مراتبی در ارزش‌های اخلاقی به چه معناست؟","answers":[{"id":"21732","description":"همیشه می‌توان تصمیم گرفت که هنگام برخورد اصول با یکدیگر کدام باید کنار گذاشته شود.","iscorrect":1},{"id":"21733","description":"معماهای اخلاقی نمی‌توانند راه‌حل‌های درست داشته باشند.","iscorrect":0},{"id":"21734","description":"هیچ معیاری برای اندازه‌گیری این که کدام انتخاب بهتر از دیگری است وجود ندارد.","iscorrect":0},{"id":"21735","description":"قطعا باید روشی برای دانستن اینکه چه کاری درست است وجود داشته باشد.","iscorrect":0}]},{"id":"5668","description":"نظریه فرمان الهی چه می‌گوید؟","answers":[{"id":"21736","description":"باور به اینکه اعمال مشخص تحت هر شرایطی درست یا غلط هستند و ارزش آنها بستگی به زمان، شرایط و فردی که آنها را انجام می‌دهد ندارد.","iscorrect":0},{"id":"21737","description":"دیدگاهی فرا اخلاقی است که معتقد است عملی از نظر اخلاقی خوب است که به فرمان خدا باشد.","iscorrect":1},{"id":"21738","description":"دیدگاهی اخلاقی که عقیده دار ارزش‌های اخلاقی بخشی از بافت جهان هستند و مستقل از هر انسانی وجود دارند.","iscorrect":0},{"id":"21739","description":"امور اخلاقی به صورت بنیادین در طبیعت وجود دارد.","iscorrect":0}]}]}]}]}