{"courseId":"33","contents":[{"name":"تاریخچه کوتاهی از اینترنت","id":"199","contentorder":"1","lesson_number":1,"type":0,"filename":"lesson199.html"},{"name":"تاریخچه کوتاهی از اینترنت","id":"351","contentorder":"2","type":1,"set":[{"score":"60","questions":[{"id":"1035","description":"دلیل اصلی اختراع و توسعه اینترنت چه بود؟","answers":[{"id":"3944","description":"نگرانی آمریکا از پیامدهای جنگ سرد و قطع ارتباطات درون کشور","iscorrect":1},{"id":"3945","description":"احساس نیاز به تبادل سریع تر و مناسب تر اطلاعات و داده های علمی میان دانشگاه ها","iscorrect":0},{"id":"3946","description":"راه اندازی سیستمی برای کسب درآمد و تولید سرگرمی برای کاربران","iscorrect":0},{"id":"3947","description":"داشتن امکان جمع آوری سریع و مطمئن اطلاعات حساس دولتی و نظامی از سراسر جهان","iscorrect":0}]},{"id":"1036","description":"اینترنت اولیه براساس چه روشی کار می کرد؟","answers":[{"id":"3948","description":"توزیع گسترده اطلاعات در تمامی مراکز که در صورت قطع ارتباط نیازی به مراکز دیگر نداشته باشند.","iscorrect":0},{"id":"3949","description":"توزیع ارتباطات و تبادل اطلاعات در شبکه ای تار عنکبوتی که با قطع یک یا چند راه ارتباطی، اطلاعات از دیگر مسیرها عبور کنند.","iscorrect":1},{"id":"3950","description":"امکان پذیر ساختن ارتباط اطلاعاتی با تماس ماهواره ای و بدون نیاز به شبکه زمینی.","iscorrect":0},{"id":"3951","description":"اتصال نظیر به نظیر سیستم های اطلاعاتی و کامپیوترها در سرتاسر دنیا.","iscorrect":0}]},{"id":"1037","description":"ارسال اطلاعات از طریق TCP/IP یا پروتکل کنترل انتقال/پروتکل اینترنت در شبکه چگونه است؟","answers":[{"id":"3952","description":"هر فایل با آدرس آی پی کامپیوتر مقصد علامت گذاری شده و ارسال می گردد.","iscorrect":0},{"id":"3953","description":"فایل به بسته های بسیار کوچک اطلاعاتی تبدیل، علامت گذاری و درون شبکه ارسال می شود تا به مقصد برسد.","iscorrect":1},{"id":"3954","description":"فایل ها در دسته های ۸ یا ۱۶ تایی به هم متصل شده و به یکباره ارسال می شوند.","iscorrect":0},{"id":"3955","description":"فایل ها به صورت فشرده و رمز گذاری شده ارسال می گردند.","iscorrect":0}]}]},{"score":"60","questions":[{"id":"1038","description":"قبل از راه اندازی آرپانت در دانشگاه ها، ارتباط اطلاعاتی آنها با یکدیگر چگونه بود؟","answers":[{"id":"3956","description":"باید با مسافرت به دانشگاه مورد نظر از کامپیوتر آن استفاده می کردید.","iscorrect":0},{"id":"3957","description":"باید در خواست دریافت اطلاعات بر روی ابزارهای ذخیره اطلاعات مانند نوار مغناطیسی از طریق پست را می دادید.","iscorrect":0},{"id":"3958","description":"از طریق ارتباط ماهواره ای اطلاعات را دریافت می کردید.","iscorrect":0},{"id":"3959","description":"موارد الف و ب صحیح است.","iscorrect":1}]},{"id":"1039","description":"ارسال اطلاعات از طریق TCP/IP یا پروتکل کنترل انتقال/پروتکل اینترنت در شبکه چگونه است؟","answers":[{"id":"3960","description":"هر فایل با آدرس آی پی کامپیوتر مقصد علامت گذاری شده و ارسال می گردد.","iscorrect":0},{"id":"3961","description":"فایل به بسته های بسیار کوچک اطلاعاتی تبدیل، علامت گذاری و درون شبکه ارسال می شود تا به مقصد برسد.","iscorrect":1},{"id":"3962","description":"فایل ها در دسته های ۸ یا ۱۶ تایی به هم متصل شده و به یکباره ارسال می شوند.","iscorrect":0},{"id":"3963","description":"فایل ها به صورت فشرده و رمز گذاری شده ارسال می گردند.","iscorrect":0}]},{"id":"1040","description":"وب جهان شمول یا وب، بر پایه چه تکنولوژی بنا شده است؟","answers":[{"id":"3964","description":"زبان برنامه نویسی HTML، پروتکل انتقال اطلاعات HTTP و وب سرورها و مرورگرهای وب","iscorrect":1},{"id":"3965","description":"برنامه مدیریت محتوای جوملا، سایت جستجوی گوگل و ایمیل یاهو","iscorrect":0},{"id":"3966","description":"پروتکل کنترل انتقال و حذف اطلاعات بین المللی","iscorrect":0}]},{"id":"1041","description":"قبل از ابداع وب و سایت های اینترنتی، یافتن اطلاعات در اینترنت به چه صورت انجام می گرفت؟","answers":[{"id":"3967","description":"باید محل دقیق برنامه، متن یا فایل مورد نظر را در اینترنت و کامپیوتر و سرور مبدا می دانستید تا به آن دسترسی داشته باشید.","iscorrect":1},{"id":"3968","description":"دسترسی به فایل ها به صورت تصادفی و بدون امکان انتخاب بود.","iscorrect":0},{"id":"3969","description":"با جستجو در گوگل می توانستید فایل مورد نظرتان را بیابید.","iscorrect":0}]}]}]},{"name":"مرورگر چیست و چه کار می کند؟","id":"200","contentorder":"4","lesson_number":2,"type":0,"filename":"lesson200.html"},{"name":"داستان HTML","id":"201","contentorder":"5","lesson_number":3,"type":0,"filename":"lesson201.html"},{"name":"داستان HTML","id":"353","contentorder":"6","type":1,"set":[{"score":"60","questions":[{"id":"1042","description":"کدام مورد جزو اولین مرورگرهای گرافیکی است که محبوبیت فراوانی در بازار پیدا کرد، اما بعدها از میان رفت؟","answers":[{"id":"3970","description":"‏Google Chrome","iscorrect":0},{"id":"3971","description":"‏Flock","iscorrect":0},{"id":"3972","description":"‏Netscape Navigator","iscorrect":1},{"id":"3973","description":"‏Flash Player","iscorrect":0}]},{"id":"1043","description":"کدام یک خالق یکی از اولین مرورگرهای وب به حساب می آید؟","answers":[{"id":"3974","description":"تیم برنرز لی","iscorrect":1},{"id":"3975","description":"بیل گیتس","iscorrect":0},{"id":"3976","description":"استیو جابز","iscorrect":0},{"id":"3977","description":"استیو بالمر","iscorrect":0}]},{"id":"1044","description":"کار اصلی یک مرورگر وب چیست؟","answers":[{"id":"3978","description":"برقراری ارتباط دو طرفه بین دو کاربر برای تبادل فایل یا صحبت کردن","iscorrect":0},{"id":"3979","description":"کمک به کاربر در طراحی ظاهر گرافیکی و امکانات فنی یک محصول اینترنتی","iscorrect":0},{"id":"3980","description":"دریافت محتوا شامل متن، عکس، صوت، فیلم و… (وب سایت) از اینترنت و نمایش آنها در کامپیوتر کاربر","iscorrect":1},{"id":"3981","description":"ترمیم فایل های آسیب دیده کامپیوتر کاربر با کنترل و جایگزینی آنها","iscorrect":0}]}]},{"score":"60","questions":[{"id":"1045","description":"‏HTML چیست؟","answers":[{"id":"3982","description":"زبانی برای کدنویسی و آماده سازی مطالب برای انتشار اطلاعات و محتوا در اینترنت","iscorrect":1},{"id":"3983","description":"یکی از فرمت های رایج بازی های آنلاین اینترنتی","iscorrect":0},{"id":"3984","description":"نام یکی از شرکت های تولید کننده قالب های پیش ساخته سایت های اینترنتی","iscorrect":0},{"id":"3985","description":"شرکت تولید کننده نوعی نان شیرینی","iscorrect":0}]},{"id":"1046","description":"تگ چیست؟","answers":[{"id":"3986","description":"نوعی سنجاق رنگی آهنربایی برای اتصال مطالب بر روی دیوار","iscorrect":0},{"id":"3987","description":"کدهای اچ تی ام ال برای به هم چسباندن و نمایش محتوای سایت","iscorrect":1},{"id":"3988","description":"‎ابزاری برای اتصال عکس بر روی صفحه دسکتاپ","iscorrect":0},{"id":"3989","description":"نوعی سخت افزار ویژه برای نمایش اطلاعات ویژه ای در کامپیوتر","iscorrect":0}]},{"id":"1047","description":"دامنه کاربرد اچ تی ام ال چقدر است؟","answers":[{"id":"3990","description":"تنها صفحاتی که دارای متن باشند، با کدهای اچ تی ام ال تولید شده اند.","iscorrect":0},{"id":"3991","description":"تنها صفحات حاوی عکس یا فایل های فلش از کدهای اچ تی ام ال استفاده می کنند.","iscorrect":0},{"id":"3992","description":"اچ تی ام ال در اینترنت و وب کاربردی ندارد.","iscorrect":0},{"id":"3993","description":"تقریبا تمامی صفحاتی که در وب مشاهده می شوند، حاوی کدهای اچ تی ام ال هستند.","iscorrect":1}]}]}]},{"name":"‏HTML برای همه- بخش اول- اصول ساخت یک صفحه ساده وب","id":"202","contentorder":"7","lesson_number":4,"type":0,"filename":"lesson202.html"},{"name":"‏HTML برای همه - بخش دوم- شناخت تگ های ضروری","id":"211","contentorder":"8","lesson_number":5,"type":0,"filename":"lesson211.html"},{"name":"HTML برای همه","id":"369","contentorder":"9","type":1,"set":[{"score":"60","questions":[{"id":"1096","description":"پیغام 404 Not found معمولا چه هنگامی نمایش داده می شود؟","answers":[{"id":"4183","description":"هنگامی که اینترنت قطع باشد.","iscorrect":0},{"id":"4184","description":"هنگامی که آدرس یا صفحه مورد نظر شما را در سایت پیدا نکند.","iscorrect":1},{"id":"4185","description":"هنگامی که لینک دانلود فایل مورد نظر به فایل اشتباهی منتهی بشود.","iscorrect":0},{"id":"4186","description":"هنگامی که یک بدافزار را دریافت کنید.","iscorrect":0}]},{"id":"1097","description":"مرورگر چگونه می تواند تشخیص دهد محتوای نوشته شده در فایل اچ تی ام ال، جزو کدهای نمایش صفحه است یا اطلاعات و محتوایی که باید نمایش داده شود؟","answers":[{"id":"4187","description":"مرورگر نام تمامی دستورات اچ تی ام ال را می شناسد و آنها را از محتوای صفحه تمیز می دهد.","iscorrect":0},{"id":"4188","description":"کار تشخیص کدها و افتراق آنها از محتوا در سرور انجام شده و بر عهده مرورگر نیست.","iscorrect":0},{"id":"4189","description":"مرورگر هر گاه به علامت > برسد می داند که با کد اچ تی ام ال سروکار دارد و ترجمه کد را تا علامت < ادامه می دهد.","iscorrect":1}]},{"id":"1098","description":"تگ blockquote چه استفاده ای دارد؟","answers":[{"id":"4190","description":"برای جدا کردن متن نقل قول و برجسته سازی آن درون محتوای صفحه به کار می رود.","iscorrect":1},{"id":"4191","description":"جهت درج عکس افراد مشهور در صفحات وب کاربرد دارد.","iscorrect":0},{"id":"4192","description":"جزو کدهای استاندارد وب نیست و به هیچ وجه استفاده نمی شود.","iscorrect":0},{"id":"4193","description":"در برنامه های طراحی عکس و پوستر در زیر نقل قول نوشته می شود.","iscorrect":0}]}]},{"score":"60","questions":[{"id":"1099","description":"ابزارهای ضروری برای کدنویسی به زبان اچ تی ام ال کدام هستند؟","answers":[{"id":"4194","description":"فتوشاپ، مجموعه آفیس و کامپایلر سی","iscorrect":0},{"id":"4195","description":"تنها یک ادیتور متنی ساده مانند نوت پد یا نوت پد پلاس پلاس به علاوه یک مرورگر","iscorrect":1},{"id":"4196","description":"دوربین مدیوم فریم با قاب دیجیتال و برنامه لایت روم آدوب به همراه مرورگر وب اختصاصی نیکون","iscorrect":0},{"id":"4197","description":"کامپیوتر آی مک اپل همراه با مرورگر سافاری و برنامه آی کل","iscorrect":0}]},{"id":"1100","description":"کدام یک از موارد زیر خارج از قدرت HTML است؟","answers":[{"id":"4198","description":"کوچک کردن اندازه یک عکس و نشان دادن بخش خاصی از آن","iscorrect":0},{"id":"4199","description":"تغییر اندازه فونت و رنگ تیترهای متن و وسط چین کردن آنها","iscorrect":0},{"id":"4200","description":"اصلاح غلط های املایی و نگارشی متون و محتوای استفاده شده در صفحه وب","iscorrect":1},{"id":"4201","description":"آماده سازی نسخه مناسب چاپ از مطالب سایت","iscorrect":0}]},{"id":"1101","description":"پیغام 404 Not found معمولا چه هنگامی نمایش داده می شود؟","answers":[{"id":"4202","description":"هنگامی که اینترنت قطع باشد.","iscorrect":0},{"id":"4203","description":"هنگامی که لینک دانلود فایل مورد نظر به فایل اشتباهی منتهی بشود.","iscorrect":0},{"id":"4204","description":"هنگامی که یک بدافزار را دریافت کنید.","iscorrect":0},{"id":"4205","description":"هنگامی که آدرس یا صفحه مورد نظر شما را در سایت پیدا نکند.","iscorrect":1}]}]}]},{"name":"آشنایی با جاوا اسکریپت و آژاکس","id":"203","contentorder":"10","lesson_number":6,"type":0,"filename":"lesson203.html"},{"name":"سی اس اس از کجا آمد و به چه دردی می خورد؟","id":"204","contentorder":"11","lesson_number":7,"type":0,"filename":"lesson204.html"},{"name":"سی اس اس از کجا آمد و به چه دردی می خورد؟","id":"355","contentorder":"12","type":1,"set":[{"score":"60","questions":[{"id":"1048","description":"کدام یک از کاربردهای عملی و مهم سی اس اس است؟","answers":[{"id":"3994","description":"تا حد امکان محتوا را از شیوه نمایش آن جدا کنیم.","iscorrect":1},{"id":"3995","description":"جدا سازی تگ های اچ تی ام ال از فرم های ثبت نام","iscorrect":0},{"id":"3996","description":"ادغام کدهای تنظیمات ورد با متن کپی شده","iscorrect":0}]},{"id":"1049","description":"تگ کدنویسی جاوا اسکریپت درون فایل اچ تی ام ال چیست؟","answers":[{"id":"3997","description":"‏script","iscorrect":1},{"id":"3998","description":"‏head","iscorrect":0},{"id":"3999","description":"‏img","iscorrect":0},{"id":"4000","description":"‏php","iscorrect":0}]},{"id":"1050","description":"کدام یک از کاربردهای اصلی جاوا اسکریپت به حساب نمی آید؟","answers":[{"id":"4001","description":"واکنش نشان دادن به اتفاقات خاص در صفحه وب و نمایش پیام","iscorrect":0},{"id":"4002","description":"شناسایی مرورگر و ذخیره کوکی ها","iscorrect":0},{"id":"4003","description":"تایید اعتبار فرم ها","iscorrect":0},{"id":"4004","description":"مقابله با بدافزارها و نفوذگران اینترنتی","iscorrect":1}]}]},{"score":"60","questions":[{"id":"1051","description":"کدام شرکت از اولین حامی های استانداردهای CSS در اینترنت بود؟","answers":[{"id":"4005","description":"مک دونالد","iscorrect":0},{"id":"4006","description":"نت اسکیپ","iscorrect":0},{"id":"4007","description":"مایکروسافت","iscorrect":1},{"id":"4008","description":"سی ان ان","iscorrect":0}]},{"id":"1052","description":"کدام مورد از فواید استفاده از سی اس اس در ساخت صفحات وب نیست؟","answers":[{"id":"4009","description":"محتوای مشترک میان صفحات مختلف، تنها یک بار لود شده و در همه صفحات استفاده می شوند.","iscorrect":0},{"id":"4010","description":"میزان مصرف پهنای باند سایت کاهش یافته و بسیار سریع تر لود می شود.","iscorrect":0},{"id":"4011","description":"سی اس اس به صورت خودکار به تولید محتوای تصادفی و انتشار آنها در وب سایت شما می پردازد.","iscorrect":1},{"id":"4012","description":"سی اس اس امکان بهینه سازی نمایش سایت برای دستگاه های مختلف از قبیل کامپیوتر، موبایل و تبلت را فراهم می آورد.","iscorrect":0}]},{"id":"1053","description":"کاربرد اصلی آژاکس در صفحات وب چیست؟","answers":[{"id":"4013","description":"به روز کردن بخش هایی از اطلاعات صفحه با سرور، بدون بارگزاری مجدد صفحه","iscorrect":1},{"id":"4014","description":"نمایش تصادفی عکس های منتخب گالری عکس در صفحات مختلف سایت","iscorrect":0},{"id":"4015","description":"به روز رسانی و آپدیت خودکار مرورگرها و برنامه فلش پلیر بدون اطلاع کاربر","iscorrect":0},{"id":"4016","description":"مسدود کردن دسترسی کاربر به اطلاعات کدگذاری شده درون سایت","iscorrect":0}]},{"id":"1054","description":"وقوع کدام یک از اتفاقات زیر، ربطی به استفاده از آژاکس در صفحات وب ندارد؟","answers":[{"id":"4017","description":"نمایش پیام های خطا و اخطار در فیس بوک بدون نیاز به بارگزاری مجدد صفحه","iscorrect":0},{"id":"4018","description":"باز شدن منوی پیشنهادات پرکاربرد هنگام جستجو در گوگل","iscorrect":0},{"id":"4019","description":"بسته شدن صفحه وب هنگام استفاده از کلید ترکیبی کنترل و W","iscorrect":1},{"id":"4020","description":"اضافه شدن ایمیل های دریافتی جدید به اینباکس جیمیل بدون نیاز به لود مجدد کامل صفحه","iscorrect":0}]}]}]},{"name":"آشنایی با نرم افزارهای اینترنتی و برنامه های مدیریت محتوا","id":"205","contentorder":"13","lesson_number":8,"type":0,"filename":"lesson205.html"},{"name":"کار با ادیتورهای متنی- WYSIWYG","id":"206","contentorder":"14","lesson_number":9,"type":0,"filename":"lesson206.html"},{"name":"کار با ادیتور های متنی - WYSIWYG","id":"357","contentorder":"15","type":1,"set":[{"score":"60","questions":[{"id":"1055","description":"بهترین شیوه برای چینش و تعیین مشخصات پاراگراف بندی متن در ادیتور چیست؟","answers":[{"id":"4021","description":"کپی و پیست کردن متن از نرم افزار ورد به درون ادیتور","iscorrect":0},{"id":"4022","description":"اعتماد به سلیقه و ذوق زیبایی شناسی خودمان برای زیباتر شدن شیوه نمایش محتوا","iscorrect":0},{"id":"4023","description":"پایبندی به قوانین سایت در این مورد و در کنار آن استفاده از خلاقیت های فردی برای بهبود نتیجه","iscorrect":1},{"id":"4024","description":"صفحات وب امروزی چینش محتوا را به صورت خودکار انجام داده و نیازی به کار خاصی از طرف ما نیست.","iscorrect":0}]},{"id":"1056","description":"کدام گزینه در خصوص استفاده از عکس در سایت صحیح نیست؟","answers":[{"id":"4025","description":"استفاده از تعداد زیاد عکس زیبا و با کیفیت بالا، زیبایی و جلوه خاصی به سایت خواهد داد.","iscorrect":1},{"id":"4026","description":"در استفاده از عکس و همچنین حجم آنها باید محتاط بود تا حجم کلی سایت بالا نرفته و سنگین نشود.","iscorrect":0},{"id":"4027","description":"قبل از استفاده از عکس باید حجم، طول و عرض را در برنامه ویرایش تصویر، با توجه به اندازه های سایت ویرایش کرده و آنها را آماده استفاده کنیم.","iscorrect":0},{"id":"4028","description":"باید به یک نقطه اعتدال میان کیفیت و حجم برسید و هیچ گاه یکی را قربانی دیگری نکنید.","iscorrect":0}]},{"id":"1057","description":"کدام یک از مزیت های وب اپلیکیشن است؟","answers":[{"id":"4029","description":"نیازی به هیچ برنامه یا سی دی نصبی ندارد.","iscorrect":0},{"id":"4030","description":"به روز رسانی معمولا به صورت خودکار و بدون نیاز به دخالت شما انجام می شود.","iscorrect":0},{"id":"4031","description":"نیازی به قدرت سخت افزاری چندان خاصی روی سیستم شما نیست و همه پردازش های اصلی روی سرور انجام می گیرد.","iscorrect":0},{"id":"4032","description":"همه موارد","iscorrect":1}]}]},{"score":"60","questions":[{"id":"1058","description":"چرا نباید هنگام درج متن در ادیتور از رنگ فونت و یا رنگ پس زمینه برای نوشته های تان استفاده کنید؟","answers":[{"id":"4033","description":"باعث جلب توجه مخاطب می شود.","iscorrect":0},{"id":"4034","description":"ظاهر معمول سایت را به هم ریخته و برای خوانندگان با شرایط جسمی ویژه مشکل ساز می شود.","iscorrect":1},{"id":"4035","description":"باعث زیبایی خارج از معمول متن شما شده و توجه به دیگر مطالب درون وب سایت را به شکل ناعادلانه ای کم می کند.","iscorrect":0},{"id":"4036","description":"باعث افزایش غیر عادی تعداد بازدید کنندگان و استقبال از سایت شده و دیگر گروه های رقیب را به مشکل می اندازد.","iscorrect":0}]},{"id":"1059","description":"کدام یک تعریف بهتری برای وب اپلیکیشن است؟","answers":[{"id":"4037","description":"برنامه هایی که برای کار با صفحات وب و محتوای اینترنت طراحی شده اند.","iscorrect":0},{"id":"4038","description":"برنامه هایی که دسترسی به آنها تنها از طریق اینترنت یا شبکه داخلی امکان پذیر است.","iscorrect":1},{"id":"4039","description":"برنامه هایی که برای مدیریت میزان کارکرد و حجم تبادل اطلاعات ما در وب استفاده می شوند.","iscorrect":0},{"id":"4040","description":"برنامه هایی که از روی اینترنت در کامپیوتر خودمان نصب کرده و استفاده می کنیم.","iscorrect":0}]},{"id":"1060","description":"کدام یک جزو گروه وب اپلیکیشن ها محسوب نمی شود؟","answers":[{"id":"4041","description":"برنامه ویرایش متن حرفه ای آفیس مایکروسافت","iscorrect":1},{"id":"4042","description":"برنامه ویرایش متن و ذخیره سازی گوگل داکس","iscorrect":0},{"id":"4043","description":"جیمیل","iscorrect":0},{"id":"4044","description":"ادیتور آنلاین فتوشاپ در آدرس Photoshop.com","iscorrect":0}]},{"id":"1061","description":"یک ادیتور WYSIWYG از عهده کدام یک از کارهای زیر بر نمی آید؟","answers":[{"id":"4045","description":"درج عکس درون متن","iscorrect":0},{"id":"4046","description":"انتخاب شیوه پاراگراف بندی، بولت ها و شماره ها","iscorrect":0},{"id":"4047","description":"انتخاب شکل ظاهری فونت از قبیل بولد، ایتالیک، زیر خط و…","iscorrect":0},{"id":"4048","description":"ویرایش روشنایی و میزان اشباع رنگی عکس","iscorrect":1}]}]}]},{"name":"آناتومی یک صفحه وب","id":"207","contentorder":"16","lesson_number":10,"type":0,"filename":"lesson207.html"},{"name":"اف تی پی چیست و به چه کاری می آید؟","id":"208","contentorder":"17","lesson_number":11,"type":0,"filename":"lesson208.html"},{"name":"اف تی پی چیست و به چه کاری می آید؟","id":"359","contentorder":"18","type":1,"set":[{"score":"60","questions":[{"id":"1062","description":"کدام یک کاربرد اف تی پی به حساب می آید؟","answers":[{"id":"4049","description":"آپلود و دانلود فایل بین سرور و کامپیوتر","iscorrect":1},{"id":"4050","description":"تعیین شیوه نمایش فایل ها و به خصوص عکس ها درون سایت","iscorrect":0},{"id":"4051","description":"دریافت مشخصات کاربری اعضای سایت هنگام ثبت نام","iscorrect":0},{"id":"4052","description":"کنترل دفعات ورود و خروج کاربر به سایت","iscorrect":0}]},{"id":"1063","description":"‏SFTP یا Secure FTP چیست؟","answers":[{"id":"4053","description":"نوعی اف تی پی عمومی برای دسترسی به فایل های سایت بدون نیاز به نام کاربری و رمز عبور است.","iscorrect":0},{"id":"4054","description":"نوعی اف تی پی که داده ها به صورت رمزگذاری شده رد و بدل می شوند.","iscorrect":1},{"id":"4055","description":"نوعی اف تی پی کنترل شده که تعداد دفعات مجاز فایل برای هر کاربر را مشخص می کند.","iscorrect":0},{"id":"4056","description":"نوعی رمزنگاری ویژه اطلاعات که ربطی به بحث اف تی پی و شیوه انتقال اطلاعات ندارد.","iscorrect":0}]},{"id":"1064","description":"چگونه می توان از مرورگر برای ارتباط اف تی پی استفاده کرد؟","answers":[{"id":"4057","description":"استفاده از آدرس بار مرورگر و وارد کردن مشخصات و آدرس اف تی پی همانند یک URL ساده","iscorrect":1},{"id":"4058","description":"مرورگر وب به هیچ وجه برای اف تی پی قابل استفاده نیست.","iscorrect":0},{"id":"4059","description":"تنها مرورگر اینترنت اکسپلورر ۵ امکان ارتباط اف تی پی را فراهم می آورد.","iscorrect":0}]}]},{"score":"60","questions":[{"id":"1065","description":"کدام یک از اطلاعات زیر برای اتصال اف تی پی به یک سرور مورد نیاز نیستند؟","answers":[{"id":"4060","description":"آدرس سرور اف تی پی","iscorrect":0},{"id":"4061","description":"نام و نام خانوادگی کاربر","iscorrect":1},{"id":"4062","description":"رمز عبور و نام کاربری ویژه آن سرویس اف تی پی خاص","iscorrect":0},{"id":"4063","description":"انتخاب نوع اف تی پی مورد استفاده از قبیل FTP یا SFTP یا FTPS","iscorrect":0}]},{"id":"1066","description":"کدام یک از این برنامه ها برای مدیریت اف تی پی قابل استفاده است؟","answers":[{"id":"4064","description":"فتوشاپ","iscorrect":0},{"id":"4065","description":"فایل زیلا","iscorrect":1},{"id":"4066","description":"جی تاک","iscorrect":0},{"id":"4067","description":"گود زیلا","iscorrect":0}]},{"id":"1067","description":"کدام یک از شیوه های اتصال و استفاده از اف تی پی نیست؟","answers":[{"id":"4068","description":"برنامه های اف تی پی گرافیکی","iscorrect":0},{"id":"4069","description":"استفاده از مرورگر","iscorrect":0},{"id":"4070","description":"اف تی پی با خط فرمان","iscorrect":0},{"id":"4071","description":"استفاده از مسنجر","iscorrect":1}]}]}]},{"name":"جایگزین کننده های متن و برنامه های مدیریت کلیپ بورد","id":"209","contentorder":"19","lesson_number":12,"type":0,"filename":"lesson209.html"},{"name":"جایگزین کننده های متن و برنامه های مدیریت کلیپ بورد","id":"361","contentorder":"20","type":1,"set":[{"score":"60","questions":[{"id":"1068","description":"کار اصلی برنامه های جانشینی متن چیست؟","answers":[{"id":"4072","description":"عبارت یا کلمه خلاصه تایپ شده را شناسایی کرده و آن را با عبارت کامل از پیش تعیین شده جایگزین می کنند.","iscorrect":1},{"id":"4073","description":"اشتباهات املایی و گرامری متن را اصلاح می کنند.","iscorrect":0},{"id":"4074","description":"موقعیت جغرافیایی و مکانی فعلی شما را به فایل ها می افزایند.","iscorrect":0},{"id":"4075","description":"وظیفه Search and Replace یک کلمه را در تمام فایل های موجود در کامپیوتر بر عهده دارند.","iscorrect":0}]},{"id":"1069","description":"برنامه مدیریت کلیپ بورد در کدام یک از کارهای زیر موثرتر عمل می کند؟","answers":[{"id":"4076","description":"اصلاح رنگ و آماده سازی یک عکس در فتوشاپ جهت چاپ","iscorrect":0},{"id":"4077","description":"پرکردن تعدادی فرم آنلاین تقریبا مشابه در سایت دانشگاه","iscorrect":1},{"id":"4078","description":"بازی Need For Speed","iscorrect":0},{"id":"4079","description":"تهیه ۱۵ کپی از سی دی فیلم کنفرانس فیزیک دانشگاه برای هم کلاسی ها","iscorrect":0}]},{"id":"1070","description":"فایده استفاده از برنامه های جانشینی متن چیست؟","answers":[{"id":"4080","description":"باعث زیبایی نوشته ما و حل تمام غلط های املایی می گردند.","iscorrect":0},{"id":"4081","description":"باعث سهولت کار و صرفه جویی قابل توجهی در زمان می شوند.","iscorrect":1},{"id":"4082","description":"در کامپیوتر کاربرد خاصی نداشته و ویژه سرورهای لینوکسی هستند.","iscorrect":0}]}]},{"score":"60","questions":[{"id":"1071","description":"برنامه های مدیریت کلیپ بورد چه کاری را انجام می دهند؟","answers":[{"id":"4083","description":"کلیپ برد ویندوز را پاک سازی و خالی می کنند.","iscorrect":0},{"id":"4084","description":"تعداد نسبتا زیادی از موارد کپی شده را در خود نگه داشته و به صورت انتخابی آنها را در جای مناسب پیست می کنند.","iscorrect":1},{"id":"4085","description":"مسئول مدیریت و کنترل سلامت بورد سخت افزاری اصلی کامپیوتر هستند.","iscorrect":0},{"id":"4086","description":"شیوه انتقال اطلاعات بین اجزای نصب شده روی مادربورد را کنترل می کنند.","iscorrect":0}]},{"id":"1072","description":"برنامه مدیریت کلیپ بورد در کدام یک از کارهای زیر موثرتر عمل می کند؟","answers":[{"id":"4087","description":"اصلاح رنگ و آماده سازی یک عکس در فتوشاپ جهت چاپ","iscorrect":0},{"id":"4088","description":"پرکردن تعدادی فرم آنلاین تقریبا مشابه در سایت دانشگاه","iscorrect":1},{"id":"4089","description":"بازی Need For Speed","iscorrect":0},{"id":"4090","description":"تهیه ۱۵ کپی از سی دی فیلم کنفرانس فیزیک دانشگاه برای هم کلاسی ها","iscorrect":0}]},{"id":"1073","description":"کدام برنامه دارای قابلیت جانشینی متن در ویندوز است؟","answers":[{"id":"4091","description":"‏VLC","iscorrect":0},{"id":"4092","description":"‏Texter","iscorrect":1},{"id":"4093","description":"‏iTunes","iscorrect":0},{"id":"4094","description":"Photoshop","iscorrect":0}]}]}]},{"name":"نگاهی دقیق تر به نوار آدرس مرورگر","id":"210","contentorder":"21","lesson_number":13,"type":0,"filename":"lesson210.html"}]}