{"courseId":"79","contents":[{"name":"درس اول - پادکست چیست؟","id":"595","contentorder":"1","lesson_number":1,"type":0,"filename":"lesson595.html"},{"name":"درس دوم - چرا باید پادکست بسازیم؟","id":"596","contentorder":"2","lesson_number":2,"type":0,"filename":"lesson596.html"},{"name":"چرا باید پادکست بسازیم؟","id":"1003","contentorder":"5","type":1,"set":[{"score":"50","questions":[{"id":"4049","description":"کدام یک تعریف صحیحی از پادکست است؟","answers":[{"id":"15392","description":"یکی از انواع محتواهای دیجیتال که به صورت مجموعه دنباله داری حول یک موضوع مشخص تولید می‌گردد و معمولا به صورت صوتی یا ویدیویی است.","iscorrect":1},{"id":"15393","description":"بخش شروع موسیقیایی هر آلبوم که برای تبلیغ و به رایگان منتشر می‌شود.","iscorrect":0},{"id":"15394","description":"نوعی انتشار رادیویی مطالب مرتبط با اینترنت که روی طول موج‌های آزاد انجام می‌شود اما از طریق اینترنت هم قابل دریافت است.","iscorrect":0},{"id":"15395","description":"نام یکی از برنامه‌های مشهور شرکت اپل برای پخش اینترنتی شبکه‌های رادیویی روی آیپاد و آیپد‫‬.","iscorrect":0}]},{"id":"4050","description":"کدام مورد در دسته بندی انواع پادکست نمی‌گنجد؟","answers":[{"id":"15396","description":"گزارش چند رسانه‌ای","iscorrect":0},{"id":"15397","description":"پادکست داستانی","iscorrect":0},{"id":"15398","description":"پادکست ویدیویی","iscorrect":0},{"id":"15399","description":"گزارش رادیویی","iscorrect":1}]},{"id":"4051","description":"با تهیه پادکست و ارسال اینترنتی چه هزینه‌هایی را می‌توان از دوش یک شرکت یا انجمن برداشت؟","answers":[{"id":"15400","description":"رایت و چاپ سی دی و پست آن","iscorrect":0},{"id":"15401","description":"چاپ خبرنامه و پست آن","iscorrect":0},{"id":"15402","description":"جلسات آموزشی حضوری","iscorrect":0},{"id":"15403","description":"هر سه مورد","iscorrect":1}]},{"id":"4052","description":"یک پادکست کتاب صوتی شامل چه داستان‌ها و مطالبی است؟","answers":[{"id":"15404","description":"تنها کتابهایی که قبلا نسخه چاپی آنها عرضه شده است.","iscorrect":0},{"id":"15405","description":"فقط کتاب‌هایی که به صورت چاپی عرضه نشده‌اند اما نسخه الکترونیک آنها در اینترنت منتشر شده است.","iscorrect":0},{"id":"15406","description":"کتاب‌هایی که نویسنده هنوز در حال تولید آنها است و هر بخش را که آماده می‌شود به صورت یک کتاب صوتی ضبط و منتشر می‌کند.","iscorrect":0},{"id":"15407","description":"هر سه مورد.","iscorrect":1}]},{"id":"4053","description":"احتمال موفقیت کدام یک از اهداف زیر از طریق پادکست بسیار کمتر از دیگر گزینه‌ها است؟","answers":[{"id":"15408","description":"تبلیغ اجناس و کالا‌ها و خدمات و به بیان دیگر راه اندازی یک فروشگاه صوتی","iscorrect":1},{"id":"15409","description":"افزایش دانش و آگاهی کاربران درباره یک صنعت یا فناوری و آموزش مهارتی جدید","iscorrect":0},{"id":"15410","description":"انتقال اخبار و اطلاعات تازه در زمینه موضوعات گوناگون علمی، فرهنگی و هنری","iscorrect":0},{"id":"15411","description":"هر سه به یک اندازه شانس موفقیت دارند","iscorrect":0}]},{"id":"4054","description":"کدام یک می‌توانند کارکردهای جانبی یک پادکست موفق برای شما باشند؟","answers":[{"id":"15412","description":"بخش‌های تبلیغاتی میان برنامه یک پادکست محبوب پتانسیل خوبی برای کسب درآمد دارند.","iscorrect":0},{"id":"15413","description":"یک پادکست می‌تواند با برجسته کردن توانایی شما در زمینه‌ای خاص، اعتماد آفرین بوده و شما را به مرجعی در آن زمینه تبدیل کند.","iscorrect":0},{"id":"15414","description":"با پادکست می‌توانید به طور مستقیم و سریع به نگرانی‌ها و بازخوردهای مخاطبان خود پاسخ دهید.","iscorrect":0},{"id":"15415","description":"همه موارد","iscorrect":1}]}]},{"score":"60","questions":[{"id":"4066","description":"کدام پادکست به کاربران اجازه استفاده به صورت چند وظیفگی یا مولتی تسک را می‌دهد؟","answers":[{"id":"15460","description":"پادکست صوتی","iscorrect":1},{"id":"15461","description":"پادکست ویدویی","iscorrect":0},{"id":"15462","description":"پادکست افزوده","iscorrect":0},{"id":"15463","description":"هیچکدام","iscorrect":0}]},{"id":"4067","description":"به طور عمومی قشر هدف پادکست‌ها بیشتر در میان کدام گروه جامعه هستند؟","answers":[{"id":"15464","description":"جوان - مرد - زن - با سطوح تحصیلات متفاوت","iscorrect":0},{"id":"15465","description":"میان سال - زن - تحصیل کرده","iscorrect":0},{"id":"15466","description":"جوان - مرد - تحصیل کرده","iscorrect":1},{"id":"15467","description":"جوان - زن - تحصیل کرده","iscorrect":0}]},{"id":"4068","description":"Podcatcher چیست؟","answers":[{"id":"15468","description":"اپلیکیشنی برای دسته بندی و آرشیو پادکست‌های دانلود شده روی کامپیو‌تر و رایت آنها روی سی دی و دی وی دی","iscorrect":0},{"id":"15469","description":"اپلیکیشنی برای مرتب سازی و آپلود پادکست‌ها روی سرویس‌های ابری برای نگهداری نسخه‌ای امن از آنها","iscorrect":0},{"id":"15470","description":"اپلیکیشن ویژه‌ای که روی کامپیو‌تر یا موبایل نصب شده و به صورت خودکار آخرین آپدیت‌های پادکست‌ها را دریافت، مرتب سازی و پخش می‌کند","iscorrect":1},{"id":"15471","description":"اپلیکیشنی تنها با قابلیت پخش پادکست‌ها به ترتیب زمان تولید","iscorrect":0}]},{"id":"4069","description":"سه سوال ضروری پیش از تصمیم گیری برای شروع یک پادکست چه هستند؟","answers":[{"id":"15472","description":"پشتیبان مالی برای تامین هزینه‌ها دارید؟ به چه کسانی می‌خواهید برسید؟ به دنبال حوزه جدیدی از کاربران هستید؟","iscorrect":0},{"id":"15473","description":"به چه کسانی می‌خواهید برسید؟ چرا می‌خواهید برسید؟ می‌توانید به طور منظم کار کنید؟","iscorrect":1},{"id":"15474","description":"آیا توانایی خاصی دارید؟ کالا یا محصولی برای تبلیغ دارید؟ به این کار علاقه دارید؟","iscorrect":0},{"id":"15475","description":"کالایی برای تبلیغ دارید؟ به این کار علاقه دارید؟ توانایی خاصی دارید؟","iscorrect":0}]},{"id":"4070","description":"برای عرضه محتوای آموزشی در دانشگاه و مراکز آموزشی و همچنین در سایت خبری شبکه‌های تلویزیونی معمولا از چه نوع پادکستی استفاده می‌شود؟","answers":[{"id":"15476","description":"پادکست داستانی - پادکست افزوده","iscorrect":0},{"id":"15477","description":"پادکست صوتی - پادکست افزوده","iscorrect":0},{"id":"15478","description":"پادکست افزوده - پادکست افزوده","iscorrect":1},{"id":"15479","description":"پادکست صوتی - پادکست صوتی","iscorrect":0}]}]}]},{"name":"درس سوم - اتاق ضبط صدا یا استودیو","id":"597","contentorder":"6","lesson_number":3,"type":0,"filename":"lesson597.html"},{"name":"درس چهارم - ابزارهای لازم برای ضبط صدا","id":"598","contentorder":"7","lesson_number":4,"type":0,"filename":"lesson598.html"},{"name":"درس پنجم - نرم افزارها","id":"599","contentorder":"8","lesson_number":5,"type":0,"filename":"lesson599.html"},{"name":"نرم افزارها","id":"1005","contentorder":"9","type":1,"set":[{"score":"60","questions":[{"id":"4071","description":"برای تولید یک پادکست، به چه نرم افزارهایی نیاز داریم؟","answers":[{"id":"15480","description":"Audacity - MP3 Converter - FTP Manager","iscorrect":1},{"id":"15481","description":"FTP Manager - Video Converter ‪-‬ Photoshop","iscorrect":0},{"id":"15482","description":"Adobe Premiere ‪- MP3 converter - Instant Masaging‬","iscorrect":0},{"id":"15483","description":"Camtasia - Audacity - Adobe Premiere","iscorrect":0}]},{"id":"4072","description":"کدام یک از ویژگی‌های یک اتاق ضبط صدای مناسب نیستند؟","answers":[{"id":"15484","description":"دیوار‌ها آکواستیک بوده و جلوی انعکاس صدا را بگیرد","iscorrect":0},{"id":"15485","description":"درب و پنجره‌ها به گونه‌ای باشند که مانع ورود صداهای مزاحم بیرونی از دیگر اتاق‌ها و بیرون منزل شوند","iscorrect":0},{"id":"15486","description":"درون اتاق هیچ گونه اسباب و اثاثیه یا وسیله‌ای نباشد تا هنگام کار مزاحم شما نشود","iscorrect":1},{"id":"15487","description":"در محیط از گیاهان و گل‌ها استفاده شود تا انعکاس صدا کاهش یابد","iscorrect":0}]},{"id":"4073","description":"پاپ فیلتر چیست؟","answers":[{"id":"15488","description":"فیلتری در جلوی میکروفون که جلوی هوای خروجی دهان هنگام ادای برخی حروف را گرفته و آن را متعادل می‌سازد.","iscorrect":1},{"id":"15489","description":"فیلتری در جلوی میکروفون که با تصفیه هوای خروجی از دهان، ذرات آب آن را گرفته و مانع آسیب به میکروفون می‌شود.","iscorrect":0},{"id":"15490","description":"فیلتری در نرم افزار ویرایش صدای Audacity که برای کاهش تندی حرف پ به کار می‌رود.","iscorrect":0},{"id":"15491","description":"فیلتری در نرم افزارهای ویرایش صدا برای حذف صدای تنفس از پادکست ضبط شده به کار می‌رود.","iscorrect":0}]},{"id":"4074","description":"کدام شیوه برای اکواستیک کردن دیوراهای اتاق مناسب نیست؟","answers":[{"id":"15492","description":"پوشاندن آنها با کاهشی‌های آکواستیک","iscorrect":0},{"id":"15493","description":"پوشاندن آنها با شانه تخم مرغ خالی و پشم شیشه","iscorrect":0},{"id":"15494","description":"استفاده از پتوهای ضخیم برای پوشاندن دیوار‌ها","iscorrect":0},{"id":"15495","description":"استفاده از رنگ روغن به جای رنگ‌های پلاستیک برای پوشاندن دیوار","iscorrect":1}]},{"id":"4075","description":"مهم‌ترین سخت افزار ضبط پاکست چه هستند؟","answers":[{"id":"15496","description":"میکروفون، هدفون، پاپ فیلتر، کامپیو‌تر","iscorrect":1},{"id":"15497","description":"میکروفون، هدفون، کارت صوتی","iscorrect":0},{"id":"15498","description":"میکروفون، هدفون","iscorrect":0},{"id":"15499","description":"کارت صوتی، پاپ فیلتر، کامپیو‌تر","iscorrect":0}]}]},{"score":"60","questions":[{"id":"4086","description":"برای کنترل نویز صدای حروف «پ» و «ت» هنگام ضبط پادکست چه می‌توان کرد؟","answers":[{"id":"15541","description":"استفاده از پاپ فیلتر در جلوی میکروفون","iscorrect":0},{"id":"15542","description":"انجام تمرینات تلفظ صحیح حروف و کلمات برای کنترل هوای خروجی هنگام گفتن این حروف","iscorrect":0},{"id":"15543","description":"ویرایش فایل ضبط شده در برنامه Adobe Premiere و هواگیری آن","iscorrect":0},{"id":"15544","description":"گزینه‌های الف و ب","iscorrect":1},{"id":"15545","description":"این حروف مانند بقیه الفبای فارسی تلفظ می‌شوند و نویز خاصی ایجاد نمی‌کنند که مشکل ساز باشد.","iscorrect":0}]},{"id":"4087","description":"یک پکیج کامل استودیو پادکست معمولا شامل چه تجهیزاتی است؟","answers":[{"id":"15546","description":"هدفون، میکروفون و پایه میکروفون","iscorrect":0},{"id":"15547","description":"کارت صدای اکسترنال، هدفون، میکروفون، میکسر و نرم افزار ضبط و ویرایش","iscorrect":1},{"id":"15548","description":"کارت صدای اکسترنال، هدفون، میکروفون و میکسر به همراه پنل‌های عایق صوتی کامل محیط","iscorrect":0},{"id":"15549","description":"نرم افزارهای ضبط، ویرایش و تبدیل فایلهای صوتی و تصویری نهایی","iscorrect":0}]},{"id":"4088","description":"کدام اپلیکیشن در مرحله ضبط پادکست کاربردی ندارد؟","answers":[{"id":"15550","description":"Audacity","iscorrect":0},{"id":"15551","description":"GarageBand","iscorrect":0},{"id":"15552","description":"MP3 Converter","iscorrect":1},{"id":"15553","description":"Windows Movie Maker","iscorrect":0}]},{"id":"4089","description":"چرا فایل نهایی پادکست معمولا با فرمت MP3 برای شنوندگان عرضه می‌گردد؟","answers":[{"id":"15554","description":"تقریبا تمامی ابزارهای پخش صوتی پرتابل (MP3 Player) از آن پشتیبانی می‌کنند","iscorrect":0},{"id":"15555","description":"همچنین برنامه‌های پخش فایل تحت وب هم آن را اجرا می‌کنند","iscorrect":0},{"id":"15556","description":"دیگر فرمت‌ها (مانند wav) علی رغم کیفیت عالی، حجم بسیار بالایی دارند و برای استفاده در اینترنت مناسب نیستند","iscorrect":0},{"id":"15557","description":"همه موارد","iscorrect":1}]},{"id":"4090","description":"کدام اپلیکیشن برای ساخت‌های فایل‌های مورد نیاز و آماده سازی فید پادکست قابل استفاده است؟","answers":[{"id":"15558","description":"Podcatcher","iscorrect":0},{"id":"15559","description":"Feeder","iscorrect":1},{"id":"15560","description":"Camtasia","iscorrect":0},{"id":"15561","description":"Feedburner","iscorrect":0}]}]}]},{"name":"درس ششم - برنامه‌ریزی و انتخاب موضوع","id":"600","contentorder":"10","lesson_number":6,"type":0,"filename":"lesson600.html"},{"name":"درس هفتم - برنامه ریزی و انتخاب قالب","id":"601","contentorder":"11","lesson_number":7,"type":0,"filename":"lesson601.html"},{"name":"درس هشتم - اهمیت زمان در پادکست","id":"622","contentorder":"12","lesson_number":8,"type":0,"filename":"lesson622.html"},{"name":"اهمیت زمان در پادکست","id":"1007","contentorder":"13","type":1,"set":[{"score":"50","questions":[{"id":"4091","description":"مراحل چهارگانه تولید پادکست کدامند؟","answers":[{"id":"15562","description":"برنامه ریزی- تولید- انتشار- تبلیغ","iscorrect":1},{"id":"15563","description":"برنامه‌ریزی- ضبط- ویرایش- انتشار","iscorrect":0},{"id":"15564","description":"تولید- بارگذاری- انتشار- تبلیغ","iscorrect":0},{"id":"15565","description":"برنامه‌ریزی- ضبط- ویرایش- تبلیغ","iscorrect":0}]},{"id":"4092","description":"در مرحله برنامه‌ریزی چه انتخاب‌هایی باید صورت گیرند؟","answers":[{"id":"15566","description":"موضوع پادکست- بخش بندی‌ها- موسیقی‌های انتخابی","iscorrect":0},{"id":"15567","description":"موضوع پادکست- فرمت پادکست- مدت زمان پادکست- دوره زمانی انتشار","iscorrect":1},{"id":"15568","description":"نام پادکست- محتوای پادکست- مدت زمان پادکست- بخش‌بندی‌ها","iscorrect":0},{"id":"15569","description":"بخش بندی‌ها- نام پادکست- موسیقی‌های انتخابی- دوره زمانی انتشار","iscorrect":0}]},{"id":"4093","description":"بهترین شیوه انتخاب موضوع پادکست کدام است؟","answers":[{"id":"15570","description":"مباحث داغ جامعه را مورد مطالعه قرار داده و پادکست کنید.","iscorrect":0},{"id":"15571","description":"تنها به اخبار و رویدادهای جذاب هفته بپردازید.","iscorrect":0},{"id":"15572","description":"علایق و اشتیاق‌تان را پادکست کنید.","iscorrect":1},{"id":"15573","description":"به پیروی از پادکست‌های موفق و پرطرفدار پرداخته و موضوع آنها را دنبال کنید.","iscorrect":0}]},{"id":"4094","description":"کدام موارد در انتخاب موضوع پادکست تاثیرگذار خواهند بود؟","answers":[{"id":"15574","description":"گستردگی بازار هدف انتخابی","iscorrect":0},{"id":"15575","description":"آیا مردم حاضرند هزینه‌ای بابت آن بپردازند.","iscorrect":0},{"id":"15576","description":"میزان رقابت در این زمینه چقدر است.","iscorrect":0},{"id":"15577","description":"هر سه مورد","iscorrect":1}]},{"id":"4095","description":"شما در تهران صاحب یک کارگاه تولیدی و فروشگاه مجسمه‌های گچی هستید که سرگرمیتان هم گشت و گذار در رستوران و کافی شاپ‌های شهر است. بهترین موضوع برای یک پادکست که بتواند در کارتان هم تاثیر مثبتی داشته باشد کدام است؟","answers":[{"id":"15578","description":"پادکستی هفتگی درباره تاریخچه، شیوه‌های تولید و شناخت مجسمه‌های گچی","iscorrect":1},{"id":"15579","description":"پادکستی ویژه معرفی شیوه ساخت و آماده سازی مجسمه‌های موجود در فروشگاه‌تان به همراه اعلام قیمت هر کدام","iscorrect":0},{"id":"15580","description":"پادکستی در خصوص شهر تهران و جاذبه‌ها و سرگرمی‌های آن با تمرکز بر خوراکی‌ها","iscorrect":0},{"id":"15581","description":"در این حرفه پادکست چندان کاربردی نمی‌تواند داشته باشد","iscorrect":0}]},{"id":"4096","description":"در چه صورت می‌توان از پادکست انتظار درآمدزایی داشت؟","answers":[{"id":"15582","description":"جامعه هدف موضوع انتخابی به اندازه کافی بزرگ باشد.","iscorrect":0},{"id":"15583","description":"موضوع چنان جذاب باشد که مردم حاضر به پرداخت هزینه برای آن شوند.","iscorrect":0},{"id":"15584","description":"با انتخاب موضوع اختصاصی، پادکست را به منبعی قدرتمند از اطلاعات و داده‌های ارزشمند تبدیل کرد.","iscorrect":0},{"id":"15585","description":"هر سه مورد","iscorrect":1}]}]},{"score":"50","questions":[{"id":"4110","description":"هنگام انتخاب فرمت و قالب پادکست چه انتخاب‌هایی را پیش رو داریم؟","answers":[{"id":"15638","description":"پادکست تک نفره یا چند نفره- استفاده یا عدم استفاده از موسیقی- مدت زمان هر قسمت- بخش بندی‌های هر قسمت","iscorrect":1},{"id":"15639","description":"پادکست تک نفره یا چند نفره- استفاده از موسیقی زنده یا آهنگ‌های آماده- ضبط یک باره یا ضبط و ویرایش","iscorrect":0},{"id":"15640","description":"استفاده یا عدم استفاده از موسیقی- انتخاب موضوع اختصاصی یا عمومی- دعوت از مهمان یا مصاحبه تلفنی با وی","iscorrect":0},{"id":"15641","description":"هیچکدام","iscorrect":0}]},{"id":"4111","description":"آیا در تهیه پادکست به همکار نیاز دارید؟","answers":[{"id":"15642","description":"بله، برای شنونده بحث میان چند گوینده بسیار جذاب‌تر است و از سویی تقسیم کار هم صورت می‌گیرد.","iscorrect":1},{"id":"15643","description":"بله، زیرا مدت زمان صحبت کردن هر کدام در طول پادکست کمتر شده و خستگی کمتری به همراه دارد.","iscorrect":0},{"id":"15644","description":"خیر، زیرا هماهنگی میان دو نفر و آماده سازی چنین پادکستی در مراحل ضبط و ویرایش بسیار سخت‌تر است.","iscorrect":0},{"id":"15645","description":"خیر، زیرا موجب بالا گرفتن بحث‌های لفظی در برخی موارد شده و همچنین شنونده را سردرگم می‌کند.","iscorrect":0}]},{"id":"4112","description":"آیا می‌توانیم از موسیقی مورد علاقه‌مان به عنوان آهنگ آغازین، پایانی، میان برنامه یا پس زمینه استفاده کنیم؟","answers":[{"id":"15646","description":"با توجه به تعداد کم شنوندگان پادکست و همچنین پخش اینترنتی آن، استفاده از هر موسیقی بلامانع است.","iscorrect":0},{"id":"15647","description":"درصورتی که آلبوم موسیقی اصلی را از بازار خریداری کرده باشید، ایرادی ندارد.","iscorrect":0},{"id":"15648","description":"اگر شما سازنده موسیقی نباشید، یا از خالق‪/‬صاحب آن اجازه چنین کاربردی را نگرفته باشید، حق استفاده این گونه را ندارید.","iscorrect":1},{"id":"15649","description":"در صورتی که آن را از یک برنامه رادیو تلویزیونی ضبط کرده باشید، اشکالی ندارد.","iscorrect":0}]},{"id":"4113","description":"از کدام موسیقی‌ها می‌توان بدون هیچ دغدغه‌ای و آزادانه در پادکست بهره برد؟","answers":[{"id":"15650","description":"موسیقی‌های دارای کپی رایت","iscorrect":0},{"id":"15651","description":"موسیقی‌های منتشر شده تحت قوانین کریتیو کامنز","iscorrect":0},{"id":"15652","description":"موسیقی‌های تحت قوانین مالکیت عمومی","iscorrect":1},{"id":"15653","description":"استفاده از موسیقی در پادکست محدودیتی ندارد.","iscorrect":0}]},{"id":"4114","description":"قوانین استفاده منصفانه یا Fair Use در خصوص موسیقی چگونه‌اند؟","answers":[{"id":"15654","description":"در صورت رعایت حقوق صاحب اثر و عدم تغییر موسیقی و نام بردن از صاحب آن، می‌توان از هر موسیقی استفاده کرد.","iscorrect":0},{"id":"15655","description":"در صورتی که مجبور به استفاده باشید و موسیقی مجاز دیگری دردسترس نباشد، کاربرد هر موسیقی اشکالی ندارد.","iscorrect":0},{"id":"15656","description":"چنین قانونی در خصوص موسیقی صدق نکرده و مطرح نیست.","iscorrect":0},{"id":"15657","description":"استفاده ۳۰ ثانیه‌ای یا کمتر از یک آهنگ بدون اهداف تجاری و عدم کسب درآمد، ایرادی ندارد.","iscorrect":1}]},{"id":"4115","description":"قوانین مالکیتی همچون کپی رایت، کریتیو کامنز و... شامل چه بخش‌هایی از پادکست می‌شود؟","answers":[{"id":"15658","description":"این مورد تنها شامل موسیقی است و هیچ بخش دیگری از پادکست (همچون محتوا و...) را در بر نمی‌گیرد.","iscorrect":0},{"id":"15659","description":"تنها شامل موسیقی نمی‌شود. بلکه درباره مطالب، مقالات و دیگر موارد و مطالب هم باید طبق قوانین منابع رفتار کرده و علاوه بر ذکر منبع، در صورت نیاز، به کسب مجوز لازم اقدام کنیم.","iscorrect":1},{"id":"15660","description":"این قوانین تنها شامل پادکست‌های تجاری و شرکتی هستند و درباره پادکست‌های شخصی صدق نمی‌کنند.","iscorrect":0},{"id":"15661","description":"این قوانین به کلی در زمینه پادکست جایگاهی ندارند.","iscorrect":0}]},{"id":"4116","description":"تعیین بازه زمانی انتشار پادکست به چه عواملی بستگی دارد؟","answers":[{"id":"15662","description":"در چه مدت زمانی محتوای لازم برای هر قسمت قابل جمع آوری است.","iscorrect":0},{"id":"15663","description":"شنودگان در هفته یا ماه چند ساعت برای شنیدنش وقت می‌گذارد.","iscorrect":0},{"id":"15664","description":"چه مقدار محتوا در خصوص موضوع انتخابی وجود دارد و چقدر طول می‌کشد تا اطلاعات تازه در این زمینه منتشر شوند.","iscorrect":0},{"id":"15665","description":"همه موارد","iscorrect":1}]}]}]},{"name":"درس نهم - آماده سازی اولین قسمت پادکست","id":"602","contentorder":"14","lesson_number":9,"type":0,"filename":"lesson602.html"},{"name":"درس دهم - انتشار و تبلیغ - بخش اول","id":"603","contentorder":"15","lesson_number":10,"type":0,"filename":"lesson603.html"},{"name":"درس یازدهم - انتشار و تبلیغ - بخش دوم","id":"604","contentorder":"16","lesson_number":11,"type":0,"filename":"lesson604.html"},{"name":"انتشار و تبلیغ","id":"1009","contentorder":"17","type":1,"set":[{"score":"50","questions":[{"id":"4117","description":"شیوه تهیه پادکست On The Fly چیست؟","answers":[{"id":"15666","description":"برنامه را از طریق رادیو اینترنتی به صورت آنلاین در‌‌ همان لحظه اجرا، برای شنونده پخش کنید.","iscorrect":0},{"id":"15667","description":"به صورت یک جا تمام برنامه را پشت سر هم ضبط کرده و آن را منتشر می‌کنید.","iscorrect":1},{"id":"15668","description":"برنامه را پشت سر هم و یکجا ضبط کرده و ایرادات را در مرحله ویرایش اصلاح می‌کنید.","iscorrect":0},{"id":"15669","description":"On the Fly اصطلاحی مربوط به برنامه‌های رادیو تلویزیونی است و برای پادکست به کار نمی‌رود.","iscorrect":0}]},{"id":"4118","description":"طرح کلی برنامه را چگونه باید آماده کرد؟","answers":[{"id":"15670","description":"آن را باید به صورت جدول بندی شده با زمان دقیق و متن کامل مطالبی که قرار است گفته شود، آماده کنیم.","iscorrect":0},{"id":"15671","description":"می‌توان به صورت یک داستان جزئیات را پشت سر هم نوشت تا همه چیز جلوی چشممان باشد و چیزی از قلم نیفتد.","iscorrect":0},{"id":"15672","description":"اگر برنامه ساده‌ای دارید یا به ذهن خود مطمئن هستید، می‌توانید همه چیز را در ذهنتان مرتب کرده و روی کاغذ نیاورید.","iscorrect":0},{"id":"15673","description":"بسته به موقعیت هر سه گزینه صحیح هستند.","iscorrect":1}]},{"id":"4119","description":"کدام یک از معایب شیوه Post-Production است؟","answers":[{"id":"15674","description":"پس از اتمام ضبط، زمان بسیار زیادی صرف ویرایش و آماده سازی می‌شود.","iscorrect":1},{"id":"15675","description":"با کاهش زمان ضبط صرفه جویی فراوانی در وقت شما می‌شود.","iscorrect":0},{"id":"15676","description":"نسبت به دیگر روش‌ها، به تجهیزات گرانقیمت تری نیاز دارد.","iscorrect":0},{"id":"15677","description":"هیچ کدام","iscorrect":0}]},{"id":"4120","description":"تعیین میزان فضای هاستینگ لازم برای پادکست به چه مواردی بستگی دارد؟","answers":[{"id":"15678","description":"مدت زمان هر قسمت برنامه","iscorrect":0},{"id":"15679","description":"کیفیت فایل‌های MP3","iscorrect":0},{"id":"15680","description":"دوره زمانی به روز کردن پادکست","iscorrect":0},{"id":"15681","description":"همه موارد","iscorrect":1}]},{"id":"4121","description":"کدام شیوه برای راه اندازی سایت پادکست مناسب‌تر است؟","answers":[{"id":"15682","description":"خرید هاست و دامین اختصاصی و نصب اپلیکیشن‌های ویژه پادکست","iscorrect":0},{"id":"15683","description":"استفاده از سرویس‌های وبلاگ رایگان و آپلود فایل روی سرورهای مجانی","iscorrect":0},{"id":"15684","description":"استفاده از سرویس دهندگان اختصاصی پادکست که گزینه‌های رایگان و غیر رایگان را عرضه می‌کنند.","iscorrect":0},{"id":"15685","description":"انتخاب به هدف، سرمایه و میزان جدیت شما بستگی دارد و هر یک می‌توانند گزینه مناسبی باشند.","iscorrect":1}]},{"id":"4122","description":"کدام یک تعریف بهتری از پست‌های معرفی پادکست است؟","answers":[{"id":"15686","description":"توضیحی خلاصه و کاملا گویا درباره ماهیت پادکست و اهداف شما از راه اندازی آن","iscorrect":0},{"id":"15687","description":"لیستی از تمامی قسمت‌هایی که تا کنون منتشر شده‌اند.","iscorrect":0},{"id":"15688","description":"ارائه رئوس کلی و خلاصه‌ای از محتوای هر قسمت از پادکست","iscorrect":1},{"id":"15689","description":"ارائه بیوگرافی و رزومه کاری کوتاهی از سازنده پادکست","iscorrect":0}]}]},{"score":"50","questions":[{"id":"4135","description":"شیوه صحیح نامگذاری فایل‌های پادکست چگونه است؟","answers":[{"id":"15740","description":"این مورد کاملا سلیقه‌ای بوده و به برنامه ویرایش مورد استفاده شما بستگی دارد.","iscorrect":0},{"id":"15741","description":"باید به گونه باشد که برای شنونده منطقی بوده و آرشیو و جستجوی آن‌ها را برایشان آسان سازد.","iscorrect":1},{"id":"15742","description":"به نام انتخابی بستگی دارد و اینکه پادکست قرار است روی چه سرور و سرویسی به شنونده ارائه شود.","iscorrect":0},{"id":"15743","description":"استفاده اختصاصی از سیستم عددی چهار رقمی بدون استفاده از هیچ علامت و نوشته دیگری","iscorrect":0}]},{"id":"4136","description":"شیوه تهیه پادکست Post-Production چیست؟","answers":[{"id":"15744","description":"برنامه را در بخش‌های جداگانه‌ای ضبط کرده و سپس با ویرایش و پشت سر هم گذاردن آنها پادکست را آماده کنید.","iscorrect":1},{"id":"15745","description":"برنامه را یکجا و پشت سر هم ضبط کرده و سپس آن را ویرایش نموده و آماده نمایید.","iscorrect":0},{"id":"15746","description":"این شیوه درباره مراحل ضبط و اماده سازی نیست و به بعد از تولید یعنی زمان انتشار و تبلیغ تعلق دارد.","iscorrect":0},{"id":"15747","description":"Post-Production روشی برای تبلیغ برنامه‌های تلویزیونی و رادیویی است و ارتباطی با پادکست ندارد.","iscorrect":0}]},{"id":"4137","description":"کدام یک از مزایای شیوه On The Fly هستند؟","answers":[{"id":"15748","description":"نتیجه نهایی حرفه‌ای‌تر، بی‌نقص و با رنگ و لعاب فراوان همراه است.","iscorrect":0},{"id":"15749","description":"صرفه جویی فراوان در وقت شما با کاهش زمان ضبط و حذف مرحله ویرایش","iscorrect":1},{"id":"15750","description":"در مرحله ویرایش می‌توان افکت‌های صوتی و فرآیندهای آماده سازی زیادی را روی برنامه اجرا کنید.","iscorrect":0},{"id":"15751","description":"هیچکدام","iscorrect":0}]},{"id":"4138","description":"کدام فرمول برای محاسبه پهنای باند مورد نیاز سایت پادکست می‌تواند منطقی و معقول باشد؟","answers":[{"id":"15752","description":"تعداد بازدیدکنندگان از سایت در ماه x حجم کل فضای هاستینگ","iscorrect":0},{"id":"15753","description":"میانگین اندازه هر فایل x تعداد دانلودکنندگان هر قسمت x تعداد برنامه‌های منتشره در هر ماه","iscorrect":1},{"id":"15754","description":"تعداد اعضای فید سایت x تعداد برنامه‌های منتشره در ماه x حجم هر برنامه","iscorrect":0},{"id":"15755","description":"تعداد اعضای فید سایت x حجم کل فضای هاستینگ","iscorrect":0}]},{"id":"4139","description":"کدام یک از شیوه‌های صحیح نامگذاری پادکست محسوب می‌شوند؟","answers":[{"id":"15756","description":"DarsnamehNew002.mp3","iscorrect":0},{"id":"15757","description":"Darsnameh20130411.mp3","iscorrect":0},{"id":"15758","description":"DN008.‬mp3","iscorrect":0},{"id":"15759","description":"هر سه مورد","iscorrect":1}]},{"id":"4140","description":"یک پست معرفی شامل چه بخش‌هایی است؟","answers":[{"id":"15760","description":"لینک به فایل پادکست","iscorrect":0},{"id":"15761","description":"کلمات کلیدی محبوب و پرکاربرد","iscorrect":0},{"id":"15762","description":"خلاصه‌ای از رئوس مطالب هر قسمت","iscorrect":0},{"id":"15763","description":"لینک‌های مرتبط و منابع مربوط به برنامه","iscorrect":0},{"id":"15764","description":"همه موارد","iscorrect":1},{"id":"15765","description":"گزینه اول و سوم","iscorrect":0}]}]}]},{"name":"دوره پادکست- آزمون نهایی","id":"1026","contentorder":"18","type":1,"set":[{"score":"50","questions":[{"id":"4224","description":"به طور عمومی قشر هدف پادکست‌ها بیشتر در میان کدام گروه جامعه هستند؟","answers":[{"id":"16082","description":"جوان - مرد - زن - با سطوح تحصیلات متفاوت","iscorrect":0},{"id":"16083","description":"میان سال - زن - تحصیل کرده","iscorrect":0},{"id":"16084","description":"جوان - مرد - تحصیل کرده","iscorrect":1},{"id":"16085","description":"جوان - زن - تحصیل کرده","iscorrect":0}]},{"id":"4225","description":"سه سوال ضروری پیش از تصمیم گیری برای شروع یک پادکست چه هستند؟","answers":[{"id":"16086","description":"پشتیبان مالی برای تامین هزینه‌ها دارید؟ به چه کسانی می‌خواهید برسید؟ به دنبال حوزه جدیدی از کاربران هستید؟","iscorrect":0},{"id":"16087","description":"به چه کسانی می‌خواهید برسید؟ چرا می‌خواهید برسید؟ می‌توانید به طور منظم کار کنید؟","iscorrect":1},{"id":"16088","description":"آیا توانایی خاصی دارید؟ کالا یا محصولی برای تبلیغ دارید؟ به این کار علاقه دارید؟","iscorrect":0},{"id":"16089","description":"کالایی برای تبلیغ دارید؟ به این کار علاقه دارید؟ توانایی خاصی دارید؟","iscorrect":0}]},{"id":"4226","description":"یک پکیج کامل استودیو پادکست معمولا شامل چه تجهیزاتی است؟","answers":[{"id":"16090","description":"هدفون، میکروفون و پایه میکروفون","iscorrect":0},{"id":"16091","description":"کارت صدای اکسترنال، هدفون، میکروفون، میکسر و نرم افزار ضبط و ویرایش","iscorrect":1},{"id":"16092","description":"کارت صدای اکسترنال، هدفون، میکروفون و میکسر به همراه پنل‌های عایق صوتی کامل محیط","iscorrect":0},{"id":"16093","description":"نرم افزارهای ضبط، ویرایش و تبدیل فایلهای صوتی و تصویری نهایی","iscorrect":0}]},{"id":"4227","description":"چرا فایل نهایی پادکست معمولا با فرمت MP3 برای شنوندگان عرضه می‌گردد؟","answers":[{"id":"16094","description":"تقریبا تمامی ابزارهای پخش صوتی پرتابل (MP3 Player) از آن پشتیبانی می‌کنند","iscorrect":0},{"id":"16095","description":"همچنین برنامه‌های پخش فایل تحت وب هم آن را اجرا می‌کنند","iscorrect":0},{"id":"16096","description":"دیگر فرمت‌ها (مانند wav) علی رغم کیفیت عالی، حجم بسیار بالایی دارند و برای استفاده در اینترنت مناسب نیستند","iscorrect":0},{"id":"16097","description":"همه موارد","iscorrect":1}]},{"id":"4228","description":"هنگام انتخاب فرمت و قالب پادکست چه انتخاب‌هایی را پیش رو داریم؟","answers":[{"id":"16098","description":"پادکست تک نفره یا چند نفره- استفاده یا عدم استفاده از موسیقی- مدت زمان هر قسمت- بخش بندی‌های هر قسمت","iscorrect":1},{"id":"16099","description":"پادکست تک نفره یا چند نفره- استفاده از موسیقی زنده یا آهنگ‌های آماده- ضبط یک باره یا ضبط و ویرایش","iscorrect":0},{"id":"16100","description":"استفاده یا عدم استفاده از موسیقی- انتخاب موضوع اختصاصی یا عمومی- دعوت از مهمان یا مصاحبه تلفنی با وی","iscorrect":0},{"id":"16101","description":"هیچکدام","iscorrect":0}]},{"id":"4229","description":"آیا می‌توانیم از موسیقی مورد علاقه‌مان به عنوان آهنگ آغازین، پایانی، میان برنامه یا پس زمینه استفاده کنیم؟","answers":[{"id":"16102","description":"با توجه به تعداد کم شنوندگان پادکست و همچنین پخش اینترنتی آن، استفاده از هر موسیقی بلامانع است.","iscorrect":0},{"id":"16103","description":"درصورتی که آلبوم موسیقی اصلی را از بازار خریداری کرده باشید، ایرادی ندارد.","iscorrect":0},{"id":"16104","description":"اگر شما سازنده موسیقی نباشید، یا از خالق‪/‬صاحب آن اجازه چنین کاربردی را نگرفته باشید، حق استفاده این گونه را ندارید.","iscorrect":1},{"id":"16105","description":"در صورتی که آن را از یک برنامه رادیو تلویزیونی ضبط کرده باشید، اشکالی ندارد.","iscorrect":0}]},{"id":"4230","description":"شیوه تهیه پادکست Post-Production چیست؟","answers":[{"id":"16106","description":"برنامه را در بخش‌های جداگانه‌ای ضبط کرده و سپس با ویرایش و پشت سر هم گذاردن آنها پادکست را آماده کنید.","iscorrect":1},{"id":"16107","description":"برنامه را یکجا و پشت سر هم ضبط کرده و سپس آن را ویرایش نموده و آماده نمایید.","iscorrect":0},{"id":"16108","description":"این شیوه درباره مراحل ضبط و اماده سازی نیست و به بعد از تولید یعنی زمان انتشار و تبلیغ تعلق دارد.","iscorrect":0},{"id":"16109","description":"Post-Production روشی برای تبلیغ برنامه‌های تلویزیونی و رادیویی است و ارتباطی با پادکست ندارد.","iscorrect":0}]},{"id":"4231","description":"کدام یک از شیوه‌های صحیح نامگذاری پادکست محسوب می‌شوند؟","answers":[{"id":"16110","description":"DarsnamehNew002.mp3","iscorrect":0},{"id":"16111","description":"Darsnameh20130411.mp3","iscorrect":0},{"id":"16112","description":"DN008.‬mp3","iscorrect":0},{"id":"16113","description":"هر سه مورد","iscorrect":1}]}]},{"score":"50","questions":[{"id":"4232","description":"کدام یک تعریف صحیحی از پادکست است؟","answers":[{"id":"16114","description":"یکی از انواع محتواهای دیجیتال که به صورت مجموعه دنباله داری حول یک موضوع مشخص تولید می‌گردد و معمولا به صورت صوتی یا ویدیویی است.","iscorrect":1},{"id":"16115","description":"بخش شروع موسیقیایی هر آلبوم که برای تبلیغ و به رایگان منتشر می‌شود.","iscorrect":0},{"id":"16116","description":"نوعی انتشار رادیویی مطالب مرتبط با اینترنت که روی طول موج‌های آزاد انجام می‌شود اما از طریق اینترنت هم قابل دریافت است.","iscorrect":0},{"id":"16117","description":"نام یکی از برنامه‌های مشهور شرکت اپل برای پخش اینترنتی شبکه‌های رادیویی روی آیپاد و آیپد‫‬.","iscorrect":0}]},{"id":"4233","description":"احتمال موفقیت کدام یک از اهداف زیر از طریق پادکست بسیار کمتر از دیگر گزینه‌ها است؟","answers":[{"id":"16118","description":"تبلیغ اجناس و کالا‌ها و خدمات و به بیان دیگر راه اندازی یک فروشگاه صوتی","iscorrect":1},{"id":"16119","description":"افزایش دانش و آگاهی کاربران درباره یک صنعت یا فناوری و آموزش مهارتی جدید","iscorrect":0},{"id":"16120","description":"انتقال اخبار و اطلاعات تازه در زمینه موضوعات گوناگون علمی، فرهنگی و هنری","iscorrect":0},{"id":"16121","description":"هر سه به یک اندازه شانس موفقیت دارند","iscorrect":0}]},{"id":"4234","description":"برای تولید یک پادکست، به چه نرم افزارهایی نیاز داریم؟","answers":[{"id":"16122","description":"Audacity - MP3 Converter - FTP Manager","iscorrect":1},{"id":"16123","description":"FTP Manager - Video Converter ‪-‬ Photoshop","iscorrect":0},{"id":"16124","description":"Adobe Premiere ‪- MP3 converter - Instant Masaging‬","iscorrect":0},{"id":"16125","description":"Camtasia - Audacity - Adobe Premiere","iscorrect":0}]},{"id":"4235","description":"کدام شیوه برای اکواستیک کردن دیوراهای اتاق مناسب نیست؟","answers":[{"id":"16126","description":"پوشاندن آنها با کاهشی‌های آکواستیک","iscorrect":0},{"id":"16127","description":"پوشاندن آنها با شانه تخم مرغ خالی و پشم شیشه","iscorrect":0},{"id":"16128","description":"استفاده از پتوهای ضخیم برای پوشاندن دیوار‌ها","iscorrect":0},{"id":"16129","description":"استفاده از رنگ روغن به جای رنگ‌های پلاستیک برای پوشاندن دیوار","iscorrect":1}]},{"id":"4236","description":"در مرحله برنامه‌ریزی چه انتخاب‌هایی باید صورت گیرند؟","answers":[{"id":"16130","description":"موضوع پادکست- بخش بندی‌ها- موسیقی‌های انتخابی","iscorrect":0},{"id":"16131","description":"موضوع پادکست- فرمت پادکست- مدت زمان پادکست- دوره زمانی انتشار","iscorrect":1},{"id":"16132","description":"نام پادکست- محتوای پادکست- مدت زمان پادکست- بخش‌بندی‌ها","iscorrect":0},{"id":"16133","description":"نام پادکست- محتوای پادکست- مدت زمان پادکست- بخش‌بندی‌ها","iscorrect":0}]},{"id":"4237","description":"کدام موارد در انتخاب موضوع پادکست تاثیرگذار خواهند بود؟","answers":[{"id":"16134","description":"گستردگی بازار هدف انتخابی","iscorrect":0},{"id":"16135","description":"آیا مردم حاضرند هزینه‌ای بابت آن بپردازند.","iscorrect":0},{"id":"16136","description":"میزان رقابت در این زمینه چقدر است.","iscorrect":0},{"id":"16137","description":"هر سه مورد","iscorrect":1}]},{"id":"4238","description":"شیوه تهیه پادکست On The Fly چیست؟","answers":[{"id":"16138","description":"برنامه را از طریق رادیو اینترنتی به صورت آنلاین در‌‌ همان لحظه اجرا، برای شنونده پخش کنید.","iscorrect":0},{"id":"16139","description":"به صورت یک جا تمام برنامه را پشت سر هم ضبط کرده و آن را منتشر می‌کنید.","iscorrect":1},{"id":"16140","description":"برنامه را پشت سر هم و یکجا ضبط کرده و ایرادات را در مرحله ویرایش اصلاح می‌کنید.","iscorrect":0},{"id":"16141","description":"On the Fly اصطلاحی مربوط به برنامه‌های رادیو تلویزیونی است و برای پادکست به کار نمی‌رود.","iscorrect":0}]},{"id":"4239","description":"تعیین میزان فضای هاستینگ لازم برای پادکست به چه مواردی بستگی دارد؟","answers":[{"id":"16142","description":"مدت زمان هر قسمت برنامه","iscorrect":0},{"id":"16143","description":"کیفیت فایل‌های MP3","iscorrect":0},{"id":"16144","description":"دوره زمانی به روز کردن پادکست","iscorrect":0},{"id":"16145","description":"همه موارد","iscorrect":1}]}]}]}]}