{"courseId":"91","contents":[{"name":"درس اول- پیش‌نیازهای ویرایش یک متن","id":"769","contentorder":"1","lesson_number":1,"type":0,"filename":"lesson769.html"},{"name":"پیش نیازهای ویرایش یک متن","id":"1321","contentorder":"2","type":1,"set":[{"score":"60","questions":[{"id":"5681","description":"هدف از ویراستاری یک متن چیست؟","answers":[{"id":"21799","description":"کاربرد درست دستور زبان","iscorrect":0},{"id":"21800","description":"زیبا و راحت فهم کردن متن","iscorrect":0},{"id":"21801","description":"انتقال دقیق و درست معنی و مفهوم مورد نظر نویسنده یا مترجم","iscorrect":0},{"id":"21802","description":"هرسه مورد","iscorrect":1}]},{"id":"5682","description":"برای درست نویسی و ویرایش یک متن چه پیش نیازهایی الزامی نیست؟","answers":[{"id":"21803","description":"آشنایی با دستور زبان","iscorrect":0},{"id":"21804","description":"مطالعه دقیق متن و اطلاع هرچه بیشتر درباره اصطلاحات و عبارت‌های تخصصی","iscorrect":0},{"id":"21805","description":"آشنایی با نویسنده اثر","iscorrect":1},{"id":"21806","description":"تسلط بر زبان مبدا در صورتی که متن ترجمه باشد.","iscorrect":0}]},{"id":"5683","description":"نگارش کلمات به صورت محاوره‌ای در چه صورتی مجاز است؟","answers":[{"id":"21807","description":"در صورت نقل قول مستقیم یا لزوم فنی به کار بردن آن (مثلا برای توضیح درباره آن)","iscorrect":1},{"id":"21808","description":"در صورتی که زیبا باشد.","iscorrect":0},{"id":"21809","description":"در صورتی که فهمیده شود.","iscorrect":0},{"id":"21810","description":"به هیچ وجه مجاز نیستیم.","iscorrect":0}]},{"id":"5684","description":"استفاده از کدامیک از عبارت‌های زیر که کاربرد آنها به غلط شایع است، متون را نیازمند ویرایش می‌کند؟","answers":[{"id":"21811","description":"شایان ذکر است که","iscorrect":0},{"id":"21812","description":"نگفته پیداست که","iscorrect":0},{"id":"21813","description":"بدون شک","iscorrect":0},{"id":"21814","description":"هرسه مورد","iscorrect":1}]},{"id":"5685","description":"جای خالی را در این جمله پر کنید: در فارسی اکثر جمله‌ها با ......... شروع می‌شود و .......... بعد از آن می‌آید.","answers":[{"id":"21815","description":"مفعول/ فاعل","iscorrect":0},{"id":"21816","description":"فاعل/ قید","iscorrect":1},{"id":"21817","description":"قید/ فاعل","iscorrect":0},{"id":"21818","description":"فعل/ فاعل","iscorrect":0}]}]},{"score":"60","questions":[{"id":"5711","description":"کدام مورد هدف ویراستاری یک متن نیست؟","answers":[{"id":"21919","description":"شاعرانه کردن متن","iscorrect":0},{"id":"21920","description":"آهنگین کردن و به کار بردن صنایع ادبی در آن","iscorrect":0},{"id":"21921","description":"انتقال دقیق و درست معنی و مفهوم مورد نظر نویسنده و به کارگیری درست دستور زبان","iscorrect":0},{"id":"21922","description":"الف و ب","iscorrect":1}]},{"id":"5712","description":"برای درست نویسی و ویرایش یک متن چه پیش نیازهایی الزامی نیست؟","answers":[{"id":"21923","description":"آشنایی با دستور زبان","iscorrect":0},{"id":"21924","description":"مطالعه دقیق متن و اطلاع هرچه بیشتر درباره اصطلاحات و عبارت‌های تخصصی","iscorrect":0},{"id":"21925","description":"آشنایی با نویسنده اثر","iscorrect":1},{"id":"21926","description":"تسلط بر زبان مبدا در صورتی که متن ترجمه باشد.","iscorrect":0}]},{"id":"5713","description":"نگارش کلمات به صورت محاوره‌ای و شکسته در صورتی مجاز است که …...","answers":[{"id":"21927","description":"نقل قول مستقیم باشد یا توضیح درباره یک کلمه محاروه‌ای یا شکسته","iscorrect":1},{"id":"21928","description":"در صورتی که نویسنده آن از ما بزرگتر باشد.","iscorrect":0},{"id":"21929","description":"در صورتی که آن کلمه توهین آمیز نباشد.","iscorrect":0},{"id":"21930","description":"در صورتی که آن کلمه متن ما کاملا رسمی باشد.","iscorrect":0}]},{"id":"5714","description":"استفاده از کدامیک از عبارت‌های زیر که کاربرد آنها به غلط شایع است، متون را نیازمند ویرایش می‌کند؟","answers":[{"id":"21931","description":"به کار بردن آن به جای شدن","iscorrect":0},{"id":"21932","description":"به کار بردن نمودن به جای کردن","iscorrect":0},{"id":"21933","description":"به کار بردن می‌باشد به جای است","iscorrect":0},{"id":"21934","description":"هرسه مورد","iscorrect":1}]},{"id":"5715","description":"جای خالی را در این جمله پر کنید: در فارسی اکثر جمله‌ها با …........... شروع می‌شود و …........... بعد از آن می‌آید.","answers":[{"id":"21935","description":"مفعول/ فاعل","iscorrect":0},{"id":"21936","description":"فاعل/ قید","iscorrect":1},{"id":"21937","description":"قید/ فاعل","iscorrect":0},{"id":"21938","description":"فعل/ فاعل","iscorrect":0}]}]}]},{"name":"درس دوم- گویا نویسی و رعایت تناسب محتوی و مخاطب","id":"770","contentorder":"3","lesson_number":2,"type":0,"filename":"lesson770.html"},{"name":"گویا نویسی و رعایت تناسب محتوی و مخاطب","id":"1322","contentorder":"4","type":1,"set":[{"score":"60","questions":[{"id":"5686","description":"در یک متن تحقیقی، دانشگاهی اگر بخواهیم درباره موضوعی تردید نشان دهیم...","answers":[{"id":"21819","description":"به صورت شاعرانه آن را بیان می‌کنیم.","iscorrect":0},{"id":"21820","description":"اصلا درباره موضوعی تردید نشان نمی‌دهیم.","iscorrect":0},{"id":"21821","description":"به صراحت می‌نویسیم که درباره موضوع تردید وجود دارد.","iscorrect":1},{"id":"21822","description":"با چند علامت تعجب نشان می‌دهیم که تردید داریم.","iscorrect":0}]},{"id":"5687","description":"ویژگی یک متن ویرایش شده .................... است.","answers":[{"id":"21823","description":"سادگی","iscorrect":0},{"id":"21824","description":"صراحت","iscorrect":0},{"id":"21825","description":"نزدیک به لحن گفتاری (و نه شکسته نویسی)","iscorrect":0},{"id":"21826","description":"هرسه مورد","iscorrect":1}]},{"id":"5688","description":"جای خالی را پر کنید: عینیت گرایی دانشگاهی و آکادمیک در متون عمومی از جمله در نگارش یک متن گزارشی مهم است اما........","answers":[{"id":"21827","description":"نگذارید که آن را متنی خشک و بی روح کند.","iscorrect":0},{"id":"21828","description":"به شکل افراطی در آید.","iscorrect":0},{"id":"21829","description":"گزینه الف و ب","iscorrect":1},{"id":"21830","description":"فقط باید در متون دانشگاهی و آکادمیک از آن استفاده کرد.","iscorrect":0}]},{"id":"5689","description":"از پیچیده نویسی برای پنهان کردن ضعف دانش و بنیه علمی متن .......","answers":[{"id":"21831","description":"استفاده کنید.","iscorrect":0},{"id":"21832","description":"اصلا استفاده نکنید چون خواننده به راحتی این ترفند را تشخیص می‌دهد و درمان ضعف نویسنده هم محسوب نمی‌شود.","iscorrect":1},{"id":"21833","description":"کمی استفاده کنید.","iscorrect":0},{"id":"21834","description":"تا می‌توانید استفاده کنید و اصطلاحات کمتر شنیده شده یا منسوخ در متن به کار ببرید.","iscorrect":0}]},{"id":"5690","description":"کدامیک از ویژگی‌های زیر، مشخصات یک متن پاکیزه و ویرایش شده است؟","answers":[{"id":"21835","description":"می‌شود کوتاه‌تر باشد، پر از اصطلاحات غیرضروری است.","iscorrect":0},{"id":"21836","description":"از کلمات غیر فارسی در آن استفاده شده که معادل فارسی و مصطلح آن وجود دارد.","iscorrect":0},{"id":"21837","description":"غیر دقیق و حاوی اطلاعات نادرست است اما زیباست.","iscorrect":0},{"id":"21838","description":"حجم آن متناسب با محتوا و مخاطب است.","iscorrect":1}]}]},{"score":"60","questions":[{"id":"5716","description":"در یک متن تحقیقی و دانشگاهی و حتی ژورنالیستی اگر لازم باشد باید درباره موضوعی که تردید داریم آن را به خواننده نشان دهیم این کار باید ….........","answers":[{"id":"21939","description":"به صورت شاعرانه بیان شود.","iscorrect":0},{"id":"21940","description":"کاملا صریح و بدون پرده پوشی و لفاظی بی جا صورت بگیرد.","iscorrect":1},{"id":"21941","description":"اصلا لازم نیست بیان شود.","iscorrect":0},{"id":"21942","description":"با چند علامت تعجب نشان می‌دهیم که تردید داریم.","iscorrect":0}]},{"id":"5717","description":"یک متن ویرایش شده …................. نیست.","answers":[{"id":"21943","description":"دارای غلط املایی و دستوری","iscorrect":0},{"id":"21944","description":"دارای جملات طولانی و افعال نامتناسب با ضمایر","iscorrect":0},{"id":"21945","description":"دارای لحن گفتاری و کلمات شکسته","iscorrect":0},{"id":"21946","description":"هرسه مورد","iscorrect":1}]},{"id":"5718","description":"جای خالی را پر کنید: وقتی متنی را ویرایش زبانی و محتوایی می‌کنید نباید …........","answers":[{"id":"21947","description":"مقصود نویسنده یا مترجم در آن تغییر کند.","iscorrect":0},{"id":"21948","description":"تعابیر و مضامین تازه ای به آن اضافه شود که منظور نویسنده نبوده.","iscorrect":0},{"id":"21949","description":"گزینه الف و ب","iscorrect":1},{"id":"21950","description":"غلط‌های املایی آن را تصحیح کنید.","iscorrect":0}]},{"id":"5719","description":"از پیچیده نویسی برای نشان دادن ضعف دانش و بنیه علمی متن ….........","answers":[{"id":"21951","description":"استفاده کنید.","iscorrect":0},{"id":"21952","description":"اصلا استفاده نکنید چون خواننده به راحتی این ترفند را تشخیص می‌دهد و درمان ضعف نویسنده هم محسوب نمی‌شود.","iscorrect":1},{"id":"21953","description":"کمی استفاده کنید.","iscorrect":0},{"id":"21954","description":"تا می‌توانید استفاده کنید و اصطلاحات کمتر شنیده شده یا منسوخ در متن به کار ببرید.","iscorrect":0}]},{"id":"5720","description":"کدامیک از ویژگی‌های زیر، مشخصات یک متن نیازمند ویرایش است؟","answers":[{"id":"21955","description":"می‌شود کوتاه‌تر باشد، پر از اصطلاحات غیرضروری است.","iscorrect":0},{"id":"21956","description":"از کلمات غیر فارسی در آن استفاده شده که معادل فارسی و مصطلح آن وجود دارد.","iscorrect":0},{"id":"21957","description":"غیر دقیق و حاوی اطلاعات نادرست است اما زیباست.","iscorrect":1},{"id":"21958","description":"هر سه گزینه صحیح است.","iscorrect":0}]}]}]},{"name":"درس سوم- عددنویسی در متون فارسی","id":"771","contentorder":"5","lesson_number":3,"type":0,"filename":"lesson771.html"},{"name":"عددنویسی در متون فارسی","id":"1323","contentorder":"6","type":1,"set":[{"score":"60","questions":[{"id":"5691","description":"در جمله «21421 ورزشکار دوچرخه سوار آسیایی خاستار حضور در تورنمنت هستند» چند نکته ویرایشی وجود دارد؟","answers":[{"id":"21839","description":"یک مورد","iscorrect":0},{"id":"21840","description":"سه مورد","iscorrect":0},{"id":"21841","description":"چهار مورد","iscorrect":1},{"id":"21842","description":"نکته ویرایشی وجود ندارد.","iscorrect":0}]},{"id":"5692","description":"کدام گزینه ویرایش بهتری برای این جمله است؟21421 ورزشکار دوچرخه سوار آسیایی خاستار حضور در تورنمنت هستند","answers":[{"id":"21844","description":"21 هزار 421 ورزشکار دوچرخه سوار آسیایی خواستار حضور در مسابقه هستند.","iscorrect":0},{"id":"21845","description":"21 هزار 421 دوچرخه سوار آسیایی خاستار حضور در تورنمنت هستند.","iscorrect":0},{"id":"21846","description":"21 هزار و خرده ای دوچرخه سوار آسیایی خواستار حضور در مسابقه هستند.","iscorrect":0},{"id":"21843","description":"21 هزار و 421 دوچرخه سوار آسیایی خواستار حضور در مسابقه هستند.","iscorrect":1}]},{"id":"5693","description":"اگر بخواهیم عدد 256048195 را به شکلی بنویسیم که سریع تر و راحت تر خوانده شود، کدام صورت صحیح است؟","answers":[{"id":"21847","description":"دویست و پنجاه وشش میلیون و خرده ای","iscorrect":0},{"id":"21848","description":"256 میلیون و 48 هزار و 195","iscorrect":1},{"id":"21849","description":"دویست و پنجاه وشش میلیون 48 هزار و صد و نود پنج","iscorrect":0},{"id":"21850","description":"256 میلیون و چهل و هشت هزار و صد و نود پنج","iscorrect":0}]},{"id":"5694","description":"در کدام عبارت واحد شمارش اشتباه است؟","answers":[{"id":"21851","description":"هزاران راس گوسفند","iscorrect":0},{"id":"21852","description":"یک فقره آپارتمان","iscorrect":1},{"id":"21853","description":"چند عراده توپ","iscorrect":0},{"id":"21854","description":"دو باب مغازه","iscorrect":0}]},{"id":"5695","description":"برای نوشتن عدد 34/ 551 کدام گزینه بهتر است؟","answers":[{"id":"21855","description":"551 ممیز 34 صدم یا 551 و 34 صدم","iscorrect":1},{"id":"21856","description":"کمی بیش از 551","iscorrect":0},{"id":"21857","description":"کمی کمتر از 552","iscorrect":0},{"id":"21858","description":"551","iscorrect":0}]}]},{"score":"60","questions":[{"id":"5721","description":"در جمله «فرماندهان نظامی در هر سنی که باشد باید به مقام ارشد‌تر از خود احترام نظامی بگزارند» چند نکته ویرایشی یا املایی وجود دارد؟","answers":[{"id":"21959","description":"یک مورد غلط املایی","iscorrect":1},{"id":"21960","description":"یک مورد غلط دستوری","iscorrect":0},{"id":"21961","description":"دو غلط املایی","iscorrect":0},{"id":"21962","description":"نکته املایی وجود ندارد.","iscorrect":0}]},{"id":"5722","description":"در جمله «در جشنواره امسال 50 هنرمند نوازنده به هم رقابت خواهند کرد» کدام کلمه را می‌توان حذف کرد بدون اینکه به ساختار و معنی جمله آسیب وارد شود؟","answers":[{"id":"21963","description":"در","iscorrect":0},{"id":"21964","description":"امسال","iscorrect":0},{"id":"21965","description":"رقابت","iscorrect":0},{"id":"21966","description":"هنرمند","iscorrect":1}]},{"id":"5723","description":"اگر بخواهیم عدد 73409 را به شکلی بنویسیم که سریع‌تر و راحت‌تر خوانده شود، کدام صورت صحیح است؟","answers":[{"id":"21967","description":"هفتاد و سه هزار و 400 و نه","iscorrect":0},{"id":"21968","description":"73 هزار و 409","iscorrect":1},{"id":"21969","description":"کمی بیش از 73 هزار","iscorrect":0},{"id":"21970","description":"کمی بیش از هفتاد و سه هزار","iscorrect":0}]},{"id":"5724","description":"در کدام عبارت واحد شمارش اشتباه است؟","answers":[{"id":"21971","description":"بیست دست لباس زنانه","iscorrect":0},{"id":"21972","description":"هفتاد فروند کشتی","iscorrect":0},{"id":"21973","description":"بیست تکه چک و اسکانس","iscorrect":1},{"id":"21974","description":"دویست قبضه سلاح","iscorrect":0}]},{"id":"5725","description":"برای نوشتن عدد 43/ 77 کدام گزینه بهتر است؟","answers":[{"id":"21975","description":"77 ممیز 43 صدم یا 77 و 43 صدم","iscorrect":1},{"id":"21976","description":"کمی بیش از 77","iscorrect":0},{"id":"21977","description":"77 و خرده ای","iscorrect":0},{"id":"21978","description":"77","iscorrect":0}]}]}]},{"name":"درس چهارم- استفاده درست از علامت‌های سجاوندی","id":"772","contentorder":"7","lesson_number":4,"type":0,"filename":"lesson772.html"},{"name":"استفاده درست از علامت‌های سجاوندی","id":"1324","contentorder":"8","type":1,"set":[{"score":"60","questions":[{"id":"5696","description":"جای خالی را پر کنید: علامت‌های سجاوندی .......... و از کلمه بعدی فاصله بگیرند.","answers":[{"id":"21859","description":"باید به کلمه قبل از خود بچسبند","iscorrect":1},{"id":"21860","description":"باید از کلمه قبل از خود فاصله بگیرند","iscorrect":0},{"id":"21861","description":"می‌توانند به کلمه قبل از خود بچسبند","iscorrect":0}]},{"id":"5697","description":"در جملاتی که پرسش مستقیم مطرح نمی‌شود به کار بردن علامت سئوال .........","answers":[{"id":"21863","description":"لازم است.","iscorrect":0},{"id":"21864","description":"خیلی لازم است.","iscorrect":0},{"id":"21865","description":"اشتباه است.","iscorrect":1},{"id":"21866","description":"حتما باید بیاید.","iscorrect":0}]},{"id":"5698","description":"وقتی در یک نقل قول مستقیم می‌خواهیم از خودمان توضیحی ضروری بیاوریم، باید از ‌............ و کلمه یا عبارت اضافه شده را درون آن بنویسم.","answers":[{"id":"21867","description":"علامت تعجب! استفاده کنیم.","iscorrect":0},{"id":"21868","description":"علامت کروشه [] استفاده کنیم.","iscorrect":1},{"id":"21869","description":"از علامت سئوال ؟ استفاده کنیم.","iscorrect":0},{"id":"21870","description":"از هیچ علامتی استفاده نکنیم.","iscorrect":0}]},{"id":"5699","description":"در جمله « از نظر نویسنده فیلمنامه جدایی نادر از سیمین آدم‌ها سیاه و سفید تک بعدی و بد و خوب مطلق نیستند» چند ویرگول باید اضافه شود؟","answers":[{"id":"21871","description":"دو ویرگول یکی بعد از سیمین و دیگری بعد از سیاه و سفید","iscorrect":1},{"id":"21872","description":"اصلا ویرگول نمی‌خواهد.","iscorrect":0},{"id":"21873","description":"یک ویرگول بعد از سیاه و سفید","iscorrect":0},{"id":"21874","description":"یک ویرگول بعد از بد و خوب","iscorrect":0}]},{"id":"5700","description":"بعد از پایان جمله کامل .......... می‌آید.","answers":[{"id":"21875","description":"علامت سئوال","iscorrect":0},{"id":"21876","description":"علامت تعجب","iscorrect":0},{"id":"21877","description":"نقطه","iscorrect":1},{"id":"21878","description":"چند نقطه می‌آید.","iscorrect":0}]}]},{"score":"60","questions":[{"id":"5726","description":"جای خالی را پر کنید: علامت‌های سجاوندی .......... و از کلمه بعدی فاصله بگیرند.","answers":[{"id":"21979","description":"باید به کلمه قبل از خود بچسبند","iscorrect":1},{"id":"21980","description":"باید از کلمه قبل از خود فاصله بگیرند","iscorrect":0},{"id":"21981","description":"می‌توانند به کلمه قبل از خود بچسبند","iscorrect":0}]},{"id":"5727","description":"فقط در جملاتی که پرسش مستقیم مطرح می‌شود …........","answers":[{"id":"21983","description":"پایان جمله نقطه می‌گذاریم.","iscorrect":0},{"id":"21984","description":"چند نقطه می‌گذاریم.","iscorrect":0},{"id":"21985","description":"از علامت سئوال استفاده می‌کنیم.","iscorrect":1},{"id":"21986","description":"چند علامت تعجب می‌گذاریم.","iscorrect":0}]},{"id":"5728","description":"وقتی در یک نقل مستقیم می‌خواهیم از خودمان توضیحی ضروری بیاوریم، باید از ‌............. و کلمه یا عبارت اضافه شده را درون آن بنویسم.","answers":[{"id":"21987","description":"علامت تعجب! استفاده کنیم","iscorrect":0},{"id":"21988","description":"علامت کروشه [] استفاده کنیم","iscorrect":1},{"id":"21989","description":"از علامت سئوال ؟ استفاده کنیم","iscorrect":0},{"id":"21990","description":"از هیچ علامتی استفاده نکنیم","iscorrect":0}]},{"id":"5729","description":"در جمله «اصلاحات اجتماعی، از فرد فرد شهروندان آغاز می‌شود، نیازی به دخالت دولت در همه زمینه‌ها نیست.» از چند علامت سجاوندی استفاده شده؟","answers":[{"id":"21991","description":"دو ویرگول و یک نقطه","iscorrect":0},{"id":"21992","description":"دو ویرگول و یک نقطه و گیومه","iscorrect":1},{"id":"21993","description":"از علامت‌های سجاوندی استفاده نشده","iscorrect":0},{"id":"21994","description":"از دو ویرگول","iscorrect":0}]},{"id":"5730","description":"بعد از پایان جمله کامل …...................","answers":[{"id":"21995","description":"باید علامت سئوال بگذاریم.","iscorrect":0},{"id":"21996","description":"باید علامت تعجب بگذاریم.","iscorrect":0},{"id":"21997","description":"باید چند نقطه بگذاریم.","iscorrect":0},{"id":"21998","description":"باید یک نقطه به معنای بسته شدن جمله بگذاریم.","iscorrect":1}]}]}]},{"name":"درس پنجم- اهمیت پاراگراف بندی و یکدستی افعال و ضمایر","id":"773","contentorder":"9","lesson_number":5,"type":0,"filename":"lesson773.html"},{"name":"اهمیت پاراگراف بندی و یکدستی افعال و ضمایر","id":"1325","contentorder":"10","type":1,"set":[{"score":"60","questions":[{"id":"5701","description":"بین تمام کلمات یک جمله همیشه …............... وجود دارد.","answers":[{"id":"21879","description":"یک فاصله و نه بیشتر","iscorrect":1},{"id":"21880","description":"نقطه","iscorrect":0},{"id":"21881","description":"علامت تعجب","iscorrect":0},{"id":"21882","description":"چندین فاصله","iscorrect":0}]},{"id":"5702","description":"بین هر پاراگراف دست کم …......... نیاز است.","answers":[{"id":"21883","description":"یک نقطه","iscorrect":0},{"id":"21884","description":"علامت تعجب","iscorrect":0},{"id":"21885","description":"علامت سئوال","iscorrect":0},{"id":"21886","description":"یک سطر فاصله","iscorrect":1}]},{"id":"5703","description":"اشکال این جمله در چیست؟ مظفرالدین شاه اولین شاه مشروطه ایران است. جانشینان او به میراث ارزشمندشان اهمیت نداد.","answers":[{"id":"21887","description":"اشکالی در جمله وجود ندارد.","iscorrect":0},{"id":"21888","description":"ضمایر و افعال متناسب نیست.","iscorrect":1},{"id":"21889","description":"علامت تعجب ندارد.","iscorrect":0},{"id":"21890","description":"ویرگول کم دارد.","iscorrect":0}]},{"id":"5704","description":"ایراد این جمله در چیست؟ یک گروه تجسسی و نجات به همراه غواص و نجات غریق باید همواره در پایگاه های دریایی حاضر باشند تا در صورت نیاز به عمق دریا رفته و کشتی های غرق شده را نجات دهد و از عرق شدن افراد در آب جلوگیری کنند تا کسی در آب غرق نشود.","answers":[{"id":"21891","description":"جمله بلند است.","iscorrect":0},{"id":"21892","description":"توضحیات اضافی و تکراری دارد.","iscorrect":0},{"id":"21893","description":"ضمایر آن یکدست نیست.","iscorrect":0},{"id":"21894","description":"همه موارد","iscorrect":1}]}]},{"score":"60","questions":[{"id":"5731","description":"برای این که کلمات به یکدیگر نچسبد و قابل خواندن باشد، بین تمام کلمات یک جمله همیشه …............ وجود دارد.","answers":[{"id":"21999","description":"یک فاصله و نه بیشتر","iscorrect":1},{"id":"22000","description":"نقطه","iscorrect":0},{"id":"22001","description":"علامت تعجب","iscorrect":0},{"id":"22002","description":"چندین فاصله","iscorrect":0}]},{"id":"5732","description":"بین گروهی از جملات که معنای پیوسته به هم دارند با گروه بعدی باید فاصله باشد تا خواننده هم راحت تغییر موضوع را دریابد هم مطالعه متن را آسان کند. به این گروه از جملات یک …............ می‌گویند.","answers":[{"id":"22003","description":"یک نقطه","iscorrect":0},{"id":"22004","description":"فصل","iscorrect":0},{"id":"22005","description":"پاراگراف","iscorrect":1},{"id":"22006","description":"جمله","iscorrect":0}]},{"id":"5733","description":"اشکال جمله زیر در چیست؟ در خرابه‌های شهر سوخته، از میان صدها وسائل کشف شده در اعماق زمین، شیئی به دست آمده که از نظر کاوشگران نخستین خط کش جهان است.","answers":[{"id":"22007","description":"اشکالی در جمله وجود ندارد.","iscorrect":0},{"id":"22008","description":"صدها و وسائل هر دو جمع هستند. بعد از کلمه صدها به جای وسائل باید از کلمه وسیله استفاده شود.","iscorrect":1},{"id":"22009","description":"علامت تعجب ندارد.","iscorrect":0},{"id":"22010","description":"علامت سئوال لازم دارد.","iscorrect":0}]},{"id":"5734","description":"ایراد جمله این جمله در چیست؟ ناسا امیدوار است که دستگاه تصفیه هوا که بلافاصله پس از تصادم خاموش بود، در صورت داشتن انرژی احتمالا بار دیگر روشن خواهد شد.","answers":[{"id":"22011","description":"جمله بلند است.","iscorrect":0},{"id":"22012","description":"خاموش شده بود باید بشود خاموش شده است.","iscorrect":0},{"id":"22013","description":"روشن خواهد شد باید بشود روشن بشود.","iscorrect":0},{"id":"22014","description":"گزینه ب و ج","iscorrect":1}]}]}]},{"name":"درس ششم- پرهیز از اشتباهات متداول","id":"774","contentorder":"11","lesson_number":6,"type":0,"filename":"lesson774.html"},{"name":"پرهیز از اشتباهات متداول","id":"1326","contentorder":"12","type":1,"set":[{"score":"60","questions":[{"id":"5706","description":"هدف از ویراستاری یک متن چیست؟","answers":[{"id":"21899","description":"کاربرد درست دستور زبان","iscorrect":0},{"id":"21900","description":"زیبا و راحت فهم کردن متن","iscorrect":0},{"id":"21901","description":"انتقال دقیق و درست معنی و مفهوم مورد نظر نویسنده یا مترجم","iscorrect":0},{"id":"21902","description":"هرسه مورد","iscorrect":1}]},{"id":"5707","description":"برای درست نویسی و ویرایش یک متن چه پیش نیازهایی الزامی نیست؟","answers":[{"id":"21903","description":"مطالعه دقیق متن و اطلاع هرچه بیشتر درباره اصطلاحات و عبارت‌های تخصصی","iscorrect":0},{"id":"21904","description":"آشنایی با نویسنده اثر","iscorrect":1},{"id":"21905","description":"آشنایی با دستور زبان","iscorrect":0},{"id":"21906","description":"تسلط بر زبان مبدا در صورتی که متن ترجمه باشد.","iscorrect":0}]},{"id":"5708","description":"در هر متنی باید:","answers":[{"id":"21907","description":"باید ضمایر و افعال یکدست و به جا به کار رفته باشد.","iscorrect":0},{"id":"21908","description":"از علامت های سجاوندی زیاد استفاده کرد.","iscorrect":0},{"id":"21909","description":"مناسب مخاطب و محتوا، از کلمات و اصطلاحات و عبارت‌ها استفاده کرد.","iscorrect":0},{"id":"21910","description":"گزینه الف و ج صحیح است.","iscorrect":1}]},{"id":"5709","description":"در این جمله «را» باید بعد از کدام کلمه قرار بگیرد؟ شهروندان محترم می‌کوشند تا حمایت ضمنی همسایگان در مجموعه‌های مسکونی برای تصمیم‌هایی که نیازمند مشارکت همگانی است، جلب کنند.","answers":[{"id":"21911","description":"بعد از کلمه است","iscorrect":0},{"id":"21912","description":"بعد از کلمه همسایگان","iscorrect":0},{"id":"21913","description":"گزنیه الف و ب صحیح است.","iscorrect":0},{"id":"21914","description":"بعد از کلمه جلب","iscorrect":1}]},{"id":"5710","description":"در کدامیک از جمله‌های زیر کلمات به کار رفته متناسب با معنی و روح جمله نیست؟","answers":[{"id":"21915","description":"آمار چک‌های برگشتی در سال‌های اخیر به شدت افزایش داشته است.","iscorrect":0},{"id":"21916","description":"مصرف مواد مخدر شیمیایی در ایران رو به افزایش است و هر ساله جمعیت جدید را گرفتار می‌کند.","iscorrect":0},{"id":"21917","description":"روابط جنسی سالم احتمال ابتلا به بیماری‌های آمیزشی از جمله برخورداری از ویروس «اچ ای وی» را کاهش می‌دهد.","iscorrect":1},{"id":"21918","description":"اطلاع از قوانین محلی، برای برخورداری از زندگی آرام نیاز ضروری شهروندان است.","iscorrect":0}]}]},{"score":"60","questions":[{"id":"5736","description":"هدف از ویراستاری یک متن چیست؟","answers":[{"id":"22019","description":"کاربرد درست دستور زبان","iscorrect":0},{"id":"22020","description":"زیبا و راحت فهم کردن متن","iscorrect":0},{"id":"22021","description":"انتقال دقیق و درست معنی و مفهوم مورد نظر نویسنده یا مترجم","iscorrect":0},{"id":"22022","description":"هرسه مورد","iscorrect":1}]},{"id":"5737","description":"برای درست نویسی و ویرایش یک متن چه پیش نیازهایی الزامی نیست؟","answers":[{"id":"22023","description":"مطالعه دقیق متن و اطلاع هرچه بیشتر درباره اصطلاحات و عبارت‌های تخصصی","iscorrect":0},{"id":"22024","description":"آشنایی با نویسنده اثر","iscorrect":1},{"id":"22025","description":"آشنایی با دستور زبان","iscorrect":0},{"id":"22026","description":"تسلط بر زبان مبدا در صورتی که متن ترجمه باشد.","iscorrect":0}]},{"id":"5738","description":"در هر متنی نباید:","answers":[{"id":"22027","description":"بضمایر و افعال ناهمسان به کار رفته باشد.","iscorrect":0},{"id":"22028","description":"از علامت های سجاوندی بی جا استفاده کرد.","iscorrect":0},{"id":"22029","description":"از کلمات محاوره و شکسته و گویش‌های محلی که برای عموم خوانندگان آشنا نیست، استفاده کرد.","iscorrect":0},{"id":"22030","description":"هر سه گزینه صحیح است.","iscorrect":1}]},{"id":"5739","description":"در این جمله «را» باید بعد از کدام کلمه قرار بگیرد؟ مجالس قانونگذاری و ایالتی آمریکا باید قوانینی تصویب کنند که در تضاد با قانون اساسی ایالات متحده نباشد.","answers":[{"id":"22031","description":"بعد از آمریکا","iscorrect":0},{"id":"22032","description":"بعد از کلمه کنند","iscorrect":0},{"id":"22033","description":"بعد از کلمه متحده","iscorrect":0},{"id":"22034","description":"این جمله به را احتیاج ندارد.","iscorrect":1}]},{"id":"5740","description":"در کدامیک از جمله‌های زیر کلمات به کار رفته متناسب با معنی و روح جمله نیست؟","answers":[{"id":"22035","description":"اطلاع از قوانین محلی، برای برخورداری از زندگی آرام نیاز ضروری شهروندان است.","iscorrect":0},{"id":"22036","description":"مصرف مواد مخدر شیمیایی در ایران رو به افزایش است و هر ساله جمعیت جدیدی از آن برخوردار می‌شوند.","iscorrect":0},{"id":"22037","description":"روابط جنسی سالم احتمال ابتلا به بیماری‌های آمیزشی از جمله ابتلا به ویروس «اچ ای وی» را کاهش می‌دهد.","iscorrect":1},{"id":"22038","description":"آموختن دست کم یک زبان خارجی به رشد فردی و تقویت حافطه می‌انجامد.","iscorrect":0}]}]}]},{"name":"ویرایش استاندارد متون فارسی - آزمون نهایی","id":"1333","contentorder":"13","type":1,"set":[{"score":"50","questions":[{"id":"5741","description":"برای درست نویسی و ویرایش یک متن چه پیش نیازهایی الزامی نیست؟","answers":[{"id":"22039","description":"آشنایی با دستور زبان","iscorrect":0},{"id":"22040","description":"مطالعه دقیق متن و اطلاع هرچه بیشتر درباره اصطلاحات و عبارت‌های تخصصی","iscorrect":0},{"id":"22041","description":"آشنایی با نویسنده اثر","iscorrect":1},{"id":"22042","description":"تسلط بر زبان مبدا در صورتی که متن ترجمه باشد.","iscorrect":0}]},{"id":"5742","description":"ویژگی یک متن ویرایش شده ............ است.","answers":[{"id":"22043","description":"سادگی","iscorrect":0},{"id":"22044","description":"صراحت","iscorrect":0},{"id":"22045","description":"نزدیک به لحن گفتاری (و نه شکسته نویسی)","iscorrect":0},{"id":"22046","description":"هرسه مورد","iscorrect":1}]},{"id":"5743","description":"اگر بخواهیم عدد 256048195 را به شکلی بنویسیم که سریع‌تر و راحت‌تر خوانده شود، کدام صورت صحیح است؟","answers":[{"id":"22047","description":"دویست و پنجاه وشش میلیون و خرده ای","iscorrect":0},{"id":"22048","description":"256 میلیون و 48 هزار و 195","iscorrect":1},{"id":"22049","description":"دویست و پنجاه وشش میلیون 48 هزار و صد و نود پنج","iscorrect":0},{"id":"22050","description":"256 میلیون و چهل و هشت هزار و صد و نود پنج","iscorrect":0}]},{"id":"5744","description":"وقتی در یک نقل مستقیم می‌خواهیم از خودمان توضیحی ضروری بیاوریم، باید از …......... و کلمه یا عبارت اضافه شده را درون آن بنویسم.","answers":[{"id":"22051","description":"علامت تعجب! استفاده کنیم.","iscorrect":0},{"id":"22052","description":"علامت قلاب [] استفاده کنیم.","iscorrect":1},{"id":"22053","description":"از علامت سئوال ؟ استفاده کنیم.","iscorrect":0},{"id":"22054","description":"از هیچ علامتی استفاده نکنیم.","iscorrect":0}]},{"id":"5745","description":"بین هر پاراگراف دست کم …......... نیاز است.","answers":[{"id":"22055","description":"یک نقطه","iscorrect":0},{"id":"22056","description":"علامت تعجب","iscorrect":0},{"id":"22057","description":"از علامت سئوال","iscorrect":0},{"id":"22058","description":"یک سطر فاصله","iscorrect":1}]},{"id":"5746","description":"علامت سئوال در متنی که به طور مستقیم پرسشی را مطرح نمی‌کند …........","answers":[{"id":"22059","description":"نباید به کار رود.","iscorrect":1},{"id":"22060","description":"حتما باید به کار رود.","iscorrect":0},{"id":"22061","description":"باید چند بار به کار برود.","iscorrect":0},{"id":"22062","description":"چندین بار پشت سرهم به کار می‌رود.","iscorrect":0}]},{"id":"5747","description":"کدامیک از جملات زیر احتیاج به ویرایش ندارد؟","answers":[{"id":"22063","description":"مجمع جهانی اقتصاد در داووس سوئیس هر ساله با حضور چهره‌های برتر کارآفرین، سیاستمداران خوش فکر و اقتصاددانان معتبر برگزار می‌شود و علیرغم سرمای زمستان در سوئیس همچنان به پیش می‌رود.","iscorrect":0},{"id":"22064","description":"مصرف الکل حتی در حد متعارف شانس مادران جوان را در به دنیا آوردن فرزند کم هوش بالا می‌برد.","iscorrect":0},{"id":"22065","description":"نقش برجسته «پری شو» که از معدود نقوش حجاری شده زنان است حفاظ فیزیکی قرار ندارد و همین دلیل در معرض قربانی شدن است.","iscorrect":0},{"id":"22066","description":"پژوهشگران می‌گویند مواجهه با اضطراب و فشار روحی شدید در سنین کودکی، افراد را در بزرگسالی در معرض خطر ابتلا به بیماری های قلبی و عروقی قرار می‌دهد.","iscorrect":1}]},{"id":"5748","description":"جای خالی را در این جمله پر کنید: پس از جنگ جهانی دوم برای حقوقی که همه انسان‌ها مستحق آن هستند در …........... جهانی حقوق بشر در مجمع عمومی سازمان ملل به تصویب همه اعضا رسید.","answers":[{"id":"22067","description":"اطلاعیه","iscorrect":0},{"id":"22068","description":"اعلامیه","iscorrect":1},{"id":"22069","description":"بیانیه","iscorrect":0},{"id":"22070","description":"هر سه مورد صحیح است.","iscorrect":0}]},{"id":"5749","description":"در جمله زیر کلمه خشک باید ویرایش شود. چه کلمه ای مناسب جایگزینی آن است؟ تعابیر خشک طالبان از شریعت اسلامی باعث خشم و تنفر مردم از آنها است.","answers":[{"id":"22071","description":"هر یک از کلمه‌های: جزمی، سختگیرانه، نامنعطف، خشن.","iscorrect":1},{"id":"22072","description":"همین کلمه چه ایرادی دارد؟","iscorrect":0},{"id":"22073","description":"خیلی خشک","iscorrect":0},{"id":"22074","description":"خیلی خیلی خشک","iscorrect":0}]},{"id":"5750","description":"در جمله «معلمین خردمند از مهمترین عوامل توسعه و پیشرفت هستند» کلمه معلمین باید ویرایش شود، چرا؟","answers":[{"id":"22075","description":"دلیل خاصی ندارد.","iscorrect":0},{"id":"22076","description":"چون معلمین جمع کلمه معلم با قاعده عربی است در صورتی که می‌توان با قاعده فارسی آن را به صورت مکسر می‌توان با الف و نون (معلمان) جمع بست و یا با ها (معلم‌ها). در این جا چون معلم خاصی و مشخصی در نظر نیست با الف و نون صحیح‌تر است.","iscorrect":1},{"id":"22077","description":"چون معلمین از مهمترین عوامل توسعه نیستند.","iscorrect":0},{"id":"22078","description":"چون اگر معلم بنویسم بهتر است.","iscorrect":0}]}]},{"score":"50","questions":[{"id":"5751","description":"استفاده از کدامیک از عبارت‌های زیر که کاربرد آنها به غلط شایع است، متون را نیازمند ویرایش می‌کند؟","answers":[{"id":"22079","description":"به کار بردن آن به جای شدن","iscorrect":0},{"id":"22080","description":"به کار بردن نمودن به جای کردن","iscorrect":0},{"id":"22081","description":"به کار بردن می‌باشد به جای است","iscorrect":0},{"id":"22082","description":"هرسه مورد","iscorrect":1}]},{"id":"5752","description":"یک متن ویرایش شده …................. نیست.","answers":[{"id":"22083","description":"دارای غلط املایی و دستوری","iscorrect":0},{"id":"22084","description":"دارای جملات طولانی و افعال نامتناسب با ضمایر","iscorrect":0},{"id":"22085","description":"دارای لحن گفتاری و کلمات شکسته","iscorrect":0},{"id":"22086","description":"هرسه مورد","iscorrect":1}]},{"id":"5753","description":"در کدام عبارت واحد شمارش اشتباه است؟","answers":[{"id":"22087","description":"بیست دست لباس زنانه","iscorrect":0},{"id":"22088","description":"هفتاد فروند کشتی","iscorrect":0},{"id":"22089","description":"بیست تکه چک و اسکانس","iscorrect":1},{"id":"22090","description":"دویست قبضه سلاح","iscorrect":0}]},{"id":"5754","description":"وقتی در یک نقل مستقیم می‌خواهیم از خودمان توضیحی ضروری بیاوریم، باید از ….......... و کلمه یا عبارت اضافه شده را درون آن بنویسم اگر جمله نقل قول مستقیم نیست می‌توانیم از ….......... استفاده کنیم.","answers":[{"id":"22091","description":"علامت تعجب! استفاده کنیم/ علامت سئوال","iscorrect":0},{"id":"22092","description":"علامت قلاب [] استفاده کنیم/ از علامت پرانتز () استفاده کنیم","iscorrect":1},{"id":"22093","description":"از علامت سئوال ؟ استفاده کنیم/ از علامت تعجب","iscorrect":0},{"id":"22094","description":"از هیچ علامتی استفاده نکنیم","iscorrect":0}]},{"id":"5755","description":"ایراد جمله این جمله در چیست؟ ناسا امیدوار است که دستگاه تصفیه هوا که بلافاصله پس از تصادم خاموش بود، در صورت داشتن انرژی احتمالا بار دیگر روشن خواهد شد.","answers":[{"id":"22095","description":"جمله بلند است.","iscorrect":0},{"id":"22096","description":"خاموش شده بود باید بشود خاموش شده است.","iscorrect":0},{"id":"22097","description":"روشن خواهد شد باید بشود روشن بشود.","iscorrect":0},{"id":"22098","description":"گزینه ب و ج با هم","iscorrect":1}]},{"id":"5756","description":"علامت نقل مستقیم ...........","answers":[{"id":"22099","description":"دو نقطه : است.","iscorrect":1},{"id":"22100","description":"پرانتز () است.","iscorrect":0},{"id":"22101","description":"سه نقطه . . . است.","iscorrect":0},{"id":"22102","description":"ویرگول نقطه ؛ است.","iscorrect":0}]},{"id":"5757","description":"کدامیک از جملات زیر احتیاج به ویرایش ندارد؟","answers":[{"id":"22103","description":"با اجرای طرح توسعه، دانشگاه ایران بزرگ می‌شود.","iscorrect":0},{"id":"22104","description":"مصرف الکل حتی در حد متعارف شانس مادران جوان را در به دنیا آوردن فرزند کم هوش بالا می‌برد.","iscorrect":0},{"id":"22105","description":"سانحه بارش برف موجب بند آمدن راه‌ها شد.","iscorrect":0},{"id":"22106","description":"رابطه جنسی در کشورهای غربی هم تابع قوانین است و هرگونه آزار و اذیت فیزیکی و جنسی، مجازات سنگینی در اغلب کشورهای توسعه یافته دارد.","iscorrect":1}]},{"id":"5758","description":"جای خالی را در این جمله پر کنید: بیانیه یک متن …............ است. به رویدادی که انسان در آن نقش غیر ارادی داشته باشد ….............. یا …............ می‌گویند.","answers":[{"id":"22107","description":"مکتوب/ سانحه","iscorrect":1},{"id":"22108","description":"مکتوب/ فاجعه","iscorrect":0},{"id":"22109","description":"شفاهی/ بلای طبیعی","iscorrect":0},{"id":"22110","description":"مکتوب/ عارضه","iscorrect":0}]},{"id":"5759","description":"در جمله زیر کلمه به خاطر باید ویرایش شود. چه کلمه‌ای مناسب جایگزینی آن است؟ رهبران مسئولیت شناس در پایان دوره شان به خاطر احترام به قانون از قدرت کنار می‌روند.","answers":[{"id":"22111","description":"هیچ کلمه ای عوض نشود.","iscorrect":0},{"id":"22112","description":"فقط انسان است که برای خاطر او کاری صورت می‌گیرد برای همین باید به جای از کلمه (برای) استفاده کرد.","iscorrect":1},{"id":"22113","description":"به خاطر بشود بخاطر","iscorrect":0},{"id":"22114","description":"کنار می‌روند بشود کناره گیری می‌کنند.","iscorrect":0}]},{"id":"5760","description":"در جمله «شئونات اسلامی را رعایت کنید» کلمه شئونات باید ویرایش شود، چرا؟","answers":[{"id":"22115","description":"چون زیبا نیست.","iscorrect":0},{"id":"22116","description":"چون شئون جمع مکسر شان است و جمع بستن دوباره کلمه جمع با (ات) که اسم جمع موثث در زبان عربی است غلط است.","iscorrect":1},{"id":"22117","description":"چون تکراری است.","iscorrect":0},{"id":"22118","description":"نباید عوض شود.","iscorrect":0}]}]}]}]}