{"courseId":"45","contents":[{"name":"مقدمه- آشنایی با موسیقی غرب؛ از ابتدا تا شکل گیری موسیقی مدرن","id":"508","contentorder":"1","lesson_number":1,"type":0,"filename":"lesson508.html"},{"name":"درس اول- موسیقی قرون وسطی و دوره رنسانس","id":"509","contentorder":"2","lesson_number":2,"type":0,"filename":"lesson509.html"},{"name":"موسیقی قرون وسطی و دوره رنسانس","id":"840","contentorder":"3","type":1,"set":[{"score":"50","questions":[{"id":"3220","description":"اصطلاح مونوفونیک به چه موسیقی گفته می شود؟","answers":[{"id":"12198","description":"موسیقی چند صدایی","iscorrect":0},{"id":"12199","description":"موسیقی تک صدایی","iscorrect":1},{"id":"12200","description":"موسیقی تک صدایی همراه با بخش همراهی کننده","iscorrect":0}]},{"id":"3221","description":"آوازهای گریگوریایی به چه آوازهایی گفته می شود؟","answers":[{"id":"12201","description":"آوازهایی که بر روی متون کتاب مقدس به زبان لاتین نوشته می شدند.","iscorrect":1},{"id":"12202","description":"آوازهای غیر مذهبی قرون وسطی","iscorrect":0},{"id":"12203","description":"آوازهای پولیفونیک قرون وسطی","iscorrect":0}]},{"id":"3222","description":"آکاپلا در موسیقی به چه معنا است؟","answers":[{"id":"12204","description":"موسیقی مونوفونیک","iscorrect":0},{"id":"12205","description":"موسیقی کرال همراه با ساز","iscorrect":0},{"id":"12206","description":"موسیقی کرال بدون همراهی ساز","iscorrect":1}]},{"id":"3223","description":"کدامیک از فرم های موسیقی مذهبی (کلیسایی) رنسانس است؟","answers":[{"id":"12207","description":"شانسون","iscorrect":0},{"id":"12208","description":"مس","iscorrect":1},{"id":"12209","description":"لید","iscorrect":0}]}]},{"score":"50","questions":[{"id":"3224","description":"کدام گزینه از فرم های غیر مذهبی دوران رنسانس است که معمولا بر روی اشعار عاشقانه نوشته می شدند؟","answers":[{"id":"12210","description":"مادریگال","iscorrect":1},{"id":"12211","description":"سمفونی","iscorrect":0},{"id":"12212","description":"سونات","iscorrect":0}]},{"id":"3225","description":"موسیقی پولیفونیک به چه موسیقی گفته می شود؟","answers":[{"id":"12213","description":"موسیقی تک صدایی","iscorrect":0},{"id":"12214","description":"موسیقی چند صدایی","iscorrect":1},{"id":"12215","description":"موسیقی تک صدایی همراه با بخش همراهی کننده","iscorrect":0}]},{"id":"3226","description":"لید آلمانی، شانسون فرانسوی و ویلانچیکو اسپانیایی به چه فرمی از موسیقی رنسانس گفته می شود؟","answers":[{"id":"12216","description":"فرم های موسیقی مذهبی رنسانس","iscorrect":0},{"id":"12217","description":"فرم های موسیقی غیر مذهبی رنسانس","iscorrect":1},{"id":"12218","description":"موسیقی کرال رنسانس","iscorrect":0}]},{"id":"3227","description":"کدامیک از این آهنگسازان خطوط حامل و سیستم نت نگاری امروزی را ابداع کرده است؟","answers":[{"id":"12219","description":"گیوم دو ماشو","iscorrect":0},{"id":"12220","description":"گیوم دوفای","iscorrect":0},{"id":"12221","description":"گوئیدو دآرتسو","iscorrect":1}]}]}]},{"name":"درس دوم- آشنایی با موسیقی باروک","id":"510","contentorder":"4","lesson_number":3,"type":0,"filename":"lesson510.html"},{"name":"آشنایی با موسیقی باروک","id":"842","contentorder":"5","type":1,"set":[{"score":"50","questions":[{"id":"3228","description":"در دوره آغازین باروک چه موسیقی شکل گرفت؟","answers":[{"id":"12222","description":"اپرا","iscorrect":1},{"id":"12223","description":"موسیقی مذهبی","iscorrect":0},{"id":"12224","description":"موسیقی چند صدایی","iscorrect":0}]},{"id":"3229","description":"اپرای ارفئوس اثر کدام آهنگساز است؟","answers":[{"id":"12225","description":"بتهوون","iscorrect":0},{"id":"12226","description":"موتسارت","iscorrect":0},{"id":"12227","description":"کلودیو مونته وردی","iscorrect":1}]},{"id":"3230","description":"قطعه معروف چهار فصل اثر کدام آهنگساز است؟","answers":[{"id":"12228","description":"ویوالدی","iscorrect":1},{"id":"12229","description":"اسکارلاتی","iscorrect":0},{"id":"12230","description":"موتسارت","iscorrect":0}]},{"id":"3231","description":"اپرای جولیوس سزار اثر کدام آهنگساز است؟","answers":[{"id":"12231","description":"باخ","iscorrect":0},{"id":"12232","description":"هندل","iscorrect":1},{"id":"12233","description":"پرسل","iscorrect":0}]}]},{"score":"50","questions":[{"id":"3232","description":"کدام آهنگساز باروک بر روی تمامی فرم های موسیقی بجز اپرا قطعه تصنیف کرده است؟","answers":[{"id":"12234","description":"ویوالدی","iscorrect":0},{"id":"12235","description":"باخ","iscorrect":1},{"id":"12236","description":"هندل","iscorrect":0}]},{"id":"3233","description":"اوراتوریو چیست؟","answers":[{"id":"12237","description":"فرمی است که همزمان با اپرا شکل گرفته و تنها بر روی داستان های مذهبی از کتاب مقدس تصنیف شده است.","iscorrect":1},{"id":"12238","description":"فرمی است که از تکامل آن اپرا به وجود آمده است.","iscorrect":0},{"id":"12239","description":"فرمی است که مضمون آن داستان های عاشقانه است.","iscorrect":0}]},{"id":"3234","description":"سونات چیست؟","answers":[{"id":"12240","description":"از فرم های آوازی موسیقی باروک","iscorrect":0},{"id":"12241","description":"از فرم های سازی دوران باروک","iscorrect":1},{"id":"12242","description":"موسیقی رقص دوران باروک","iscorrect":0}]},{"id":"3235","description":"کدام اپرا اثر پرسل است؟","answers":[{"id":"12243","description":"دیدو و آینیاس","iscorrect":1},{"id":"12244","description":"ارفئوس","iscorrect":0},{"id":"12245","description":"جولیوس سزار","iscorrect":0}]}]}]},{"name":"درس سوم- اپرا","id":"511","contentorder":"6","lesson_number":4,"type":0,"filename":"lesson511.html"},{"name":"اپرا","id":"844","contentorder":"7","type":1,"set":[{"score":"50","questions":[{"id":"3236","description":"اوورتور چیست؟","answers":[{"id":"12246","description":"مقدمه اپرا که در آغاز توسط ارکستر اجرا می شود.","iscorrect":1},{"id":"12247","description":"مقدمه ای که ارکستر در هر بخش اجرا می کند.","iscorrect":0},{"id":"12248","description":"بخش پایانی اپرا","iscorrect":0}]},{"id":"3237","description":"آریا چیست؟","answers":[{"id":"12249","description":"قطعه آوازی که دو خواننده همزمان اجرا می کنند.","iscorrect":0},{"id":"12250","description":"مقدمه اپرا","iscorrect":0},{"id":"12251","description":"قطعه ای است مستقل که تک خوان همراه با ارکستر اجرا می کند.","iscorrect":1}]},{"id":"3238","description":"دوئت چیست؟","answers":[{"id":"12252","description":"قطعه ای است که برای دو خواننده و یا نوازنده نوشته می شود.","iscorrect":1},{"id":"12253","description":"قطعه ای است که برای سه خواننده نوشته می شود.","iscorrect":0},{"id":"12254","description":"قطعه ای است که دارای مضمون عاشقانه است.","iscorrect":0}]},{"id":"3239","description":"اپرای آرایشگر شهر سویل شاهکار کدام آهنگساز است؟","answers":[{"id":"12255","description":"وردی","iscorrect":0},{"id":"12256","description":"روسینی","iscorrect":1},{"id":"12257","description":"دونیزتی","iscorrect":0}]}]},{"score":"50","questions":[{"id":"3240","description":"پرلود چیست؟","answers":[{"id":"12258","description":"قطعه ای است که برای سه خواننده نوشته می شود.","iscorrect":0},{"id":"12259","description":"فرمی است که خواننده در قالب آن تکنیک خود را به نمایش می گذارد.","iscorrect":0},{"id":"12260","description":"مقدمه های ارکستری برای پرده های دیگر اپرا غیر از پرده اول است.","iscorrect":1}]},{"id":"3241","description":"اپرا بوفا چیست؟","answers":[{"id":"12261","description":"به اپرای جدی گفته می شود.","iscorrect":0},{"id":"12262","description":"به اپرای کمدی گفته می شود.","iscorrect":1},{"id":"12263","description":"به اپرایی که موضوع آن قهرمانان رومی و یونان باستان است گفته می شود.","iscorrect":0}]},{"id":"3242","description":"رچیتاتیف چیست؟","answers":[{"id":"12264","description":"آوازی گفتار گونه است.","iscorrect":1},{"id":"12265","description":"مقدمه اپرا که توسط ارکستر اجرا می شود.","iscorrect":0},{"id":"12266","description":"آوازی که دو خواننده همزمان اجرا می کنند.","iscorrect":0}]},{"id":"3243","description":"کدام اپرا اثر پوچینی است؟","answers":[{"id":"12267","description":"آیدا","iscorrect":0},{"id":"12268","description":"لوچیا لامرمور","iscorrect":0},{"id":"12269","description":"مادام باتر فلای","iscorrect":1}]}]}]},{"name":"درس چهارم- دوران کلاسیک (۱۸۲۰-۱۷۵۰)","id":"512","contentorder":"8","lesson_number":5,"type":0,"filename":"lesson512.html"},{"name":"دوران کلاسیک (۱۸۲۰-۱۷۵۰)","id":"846","contentorder":"9","type":1,"set":[{"score":"50","questions":[{"id":"3244","description":"سمفونی کرال سرود شادی (شماره ۹)، اثر کدام آهنگساز است؟","answers":[{"id":"12270","description":"موتسارت","iscorrect":0},{"id":"12271","description":"بتهوون","iscorrect":1},{"id":"12272","description":"باخ","iscorrect":0}]},{"id":"3245","description":"سمفونی شگفتی اثر کیست؟","answers":[{"id":"12273","description":"بتهوون","iscorrect":0},{"id":"12274","description":"باخ","iscorrect":0},{"id":"12275","description":"هایدن","iscorrect":1}]},{"id":"3246","description":"اپرای دون ژوان اثر کدام آهنگساز است؟","answers":[{"id":"12276","description":"موتسارت","iscorrect":1},{"id":"12277","description":"بتهوون","iscorrect":0},{"id":"12278","description":"هندل","iscorrect":0}]},{"id":"3247","description":"کوارتت به چه قطعه ای گفته می شود؟","answers":[{"id":"12279","description":"قطعه ای برای سه نوازنده یا خواننده","iscorrect":0},{"id":"12280","description":"قطعه ای برای چهار نوازنده یا خواننده","iscorrect":1},{"id":"12281","description":"قطعه ای برای یک ساز یا یک خط آوازی","iscorrect":0}]}]},{"score":"50","questions":[{"id":"3248","description":"از ویژگی های دوران کلاسیک:","answers":[{"id":"12282","description":"به وجود آمدن اپرا در این دوران","iscorrect":0},{"id":"12283","description":"بافت هموفونیک موسیقی","iscorrect":1},{"id":"12284","description":"اهمیت موسیقی آوازی نسبت به موسیقی سازی","iscorrect":0}]},{"id":"3249","description":"نام تنها اپرای بتهوون چیست؟","answers":[{"id":"12285","description":"شگفتی","iscorrect":0},{"id":"12286","description":"فلوت سحر آمیز","iscorrect":0},{"id":"12287","description":"فیدلیو","iscorrect":1}]},{"id":"3250","description":"کدامیک از فرم های زیر فرم موسیقی سازی است؟","answers":[{"id":"12288","description":"اوراتوریو","iscorrect":0},{"id":"12289","description":"لید","iscorrect":0},{"id":"12290","description":"سمفونی","iscorrect":1}]},{"id":"3251","description":"اپرای عروسی فیگارو اثر کدام آهنگساز است؟","answers":[{"id":"12291","description":"موتسارت","iscorrect":1},{"id":"12292","description":"بتهوون","iscorrect":0},{"id":"12293","description":"هایدن","iscorrect":0}]}]}]},{"name":"درس پنجم- رمانتیسم در موسیقی (۱۹۰۰-۱۸۲۰)","id":"513","contentorder":"10","lesson_number":6,"type":0,"filename":"lesson513.html"},{"name":"رمانتیسم در موسیقی (۱۹۰۰-۱۸۲۰)","id":"848","contentorder":"11","type":1,"set":[{"score":"50","questions":[{"id":"3252","description":"باله دریاچه قو اثر کدام آهنگساز است؟","answers":[{"id":"12294","description":"شومان","iscorrect":0},{"id":"12295","description":"چایکوفسکی","iscorrect":1},{"id":"12296","description":"بتهوون","iscorrect":0}]},{"id":"3253","description":"کدام اپرا اثر ژرژ بیزه آهنگساز فرانسوی است؟","answers":[{"id":"12297","description":"کارمن","iscorrect":1},{"id":"12298","description":"بی بی پیک","iscorrect":0},{"id":"12299","description":"عروسی فیگارو","iscorrect":0}]},{"id":"3254","description":"اپرای حلقه نیبلونگ اثر کدام آهنگساز است؟","answers":[{"id":"12300","description":"برامس","iscorrect":0},{"id":"12301","description":"واگنر","iscorrect":1},{"id":"12302","description":"بیزه","iscorrect":0}]},{"id":"3255","description":"اوورتور تراژیک اثر کدام آهنگساز است؟","answers":[{"id":"12303","description":"لیست","iscorrect":0},{"id":"12304","description":"برامس","iscorrect":1},{"id":"12305","description":"چایکوفسکی","iscorrect":0}]}]},{"score":"50","questions":[{"id":"3256","description":"کدام یک از آثار زیر از آثار فرانتس لیست آهنگساز مجاری است؟","answers":[{"id":"12306","description":"رویای نیمه شب تابستان","iscorrect":0},{"id":"12307","description":"اوورتور تراژیک","iscorrect":0},{"id":"12308","description":"راپسودی های مجار","iscorrect":1}]},{"id":"3257","description":"اولین آهنگساز دوره رمانتیک که قطعات آوازی او بسیار معروف است چه نام دارد؟","answers":[{"id":"12309","description":"شوبرت","iscorrect":1},{"id":"12310","description":"مندلسون","iscorrect":0},{"id":"12311","description":"شوپن","iscorrect":0}]},{"id":"3258","description":"کدام آهنگساز رمانتیک تنها برای ساز پیانو آهنگسازی کرده است؟","answers":[{"id":"12312","description":"مندلسون","iscorrect":0},{"id":"12313","description":"لیست","iscorrect":0},{"id":"12314","description":"شوپن","iscorrect":1}]},{"id":"3259","description":"کدام اپرا اثر واگنر است؟","answers":[{"id":"12315","description":"تریستان و ایزولد","iscorrect":1},{"id":"12316","description":"اوژن و اونگین","iscorrect":0},{"id":"12317","description":"بی بی پیک","iscorrect":0}]}]}]},{"name":"درس ششم- موسیقی قرن بیستم","id":"514","contentorder":"12","lesson_number":7,"type":0,"filename":"lesson514.html"},{"name":"موسیقی قرن بیستم","id":"854","contentorder":"13","type":1,"set":[{"score":"50","questions":[{"id":"3276","description":"کدام آهنگساز معرف سبک امپرسونیسم در موسیقی است؟","answers":[{"id":"12366","description":"دبوسی","iscorrect":1},{"id":"12367","description":"استراوینسکی","iscorrect":0},{"id":"12368","description":"پاول هیندمیت","iscorrect":0}]},{"id":"3277","description":"باله پرستش بهار اثر کدام آهنگساز است؟","answers":[{"id":"12369","description":"شومان","iscorrect":0},{"id":"12370","description":"استراوینسکی","iscorrect":1},{"id":"12371","description":"راول","iscorrect":0}]},{"id":"3278","description":"کدام یک از آثار زیر متعلق به موریس راول آهنگساز فرانسوی است؟","answers":[{"id":"12372","description":"باله پتروشکا","iscorrect":0},{"id":"12373","description":"پرستش بهار","iscorrect":0},{"id":"12374","description":"بولرو","iscorrect":1}]},{"id":"3279","description":"اکسپرسیونیسم چیست؟","answers":[{"id":"12375","description":"خودداری از بیان احساسات تند و تیز، حفظ توازن و وضوح است.","iscorrect":0},{"id":"12376","description":"جنبشی است معطوف به نارضایی های اجتماعی، که به گونه ای زنده و پویا انتقال دهنده خشم رنج دیدگان و زیردستان است.","iscorrect":1},{"id":"12377","description":"توجه به آثار دوره کلاسیک","iscorrect":0}]}]},{"score":"50","questions":[{"id":"3280","description":"آرنولد شوئنبرگ آهنگساز کدام مکتب است؟","answers":[{"id":"12378","description":"نو کلاسیک","iscorrect":0},{"id":"12379","description":"اکسپرسیونیسم","iscorrect":1},{"id":"12380","description":"امپرسونیسم","iscorrect":0}]},{"id":"3281","description":"اپرای پلئاس و ملیزاند اثر کدام آهنگساز و نماینده کدام مکتب است؟","answers":[{"id":"12381","description":"پاول هیندمیت- نوکلاسیک","iscorrect":0},{"id":"12382","description":"آلبان برگ- اکسپرسونیسم","iscorrect":0},{"id":"12383","description":"دبوسی- امپرسونیسم","iscorrect":1}]},{"id":"3282","description":"کدام آهنگسازان نمایندگان اکسپرسونیسم هستند؟","answers":[{"id":"12384","description":"شوئنبرگ، آلبان برگ، آنتوان وبرن","iscorrect":1},{"id":"12385","description":"دبوسی، راول","iscorrect":0},{"id":"12386","description":"ایگور استراوینسکی، پاول هیندمیت","iscorrect":0}]},{"id":"3283","description":"کدام قطعه از آثار استراوینسکی است؟","answers":[{"id":"12387","description":"باله پتروشکا","iscorrect":1},{"id":"12388","description":"اپرای موسی و هارون","iscorrect":0},{"id":"12389","description":"باله دافنیس و کلوئه","iscorrect":0}]}]}]},{"name":"درس هفتم- آشنایی با سازهای غربی ۱","id":"515","contentorder":"14","lesson_number":8,"type":0,"filename":"lesson515.html"},{"name":"آشنایی با سازهای غربی ۱","id":"852","contentorder":"15","type":1,"set":[{"score":"50","questions":[{"id":"3268","description":"ساز کنترباس از خانواده کدام سازها است؟","answers":[{"id":"12342","description":"سازهایی که تولید صوت در آنها توسط سیم یا زه صورت می گیرد.","iscorrect":1},{"id":"12343","description":"سازهایی که صوت در آنها در نتیجه دمیدن هوا حاصل می شود.","iscorrect":0},{"id":"12344","description":"سازهایی که صوت در آنها در نتیجه کوبیدن حاصل می شود.","iscorrect":0}]},{"id":"3269","description":"ساز هارپ در شاخه کدام سازها از خانواده سازهای زهی قرار دارد؟","answers":[{"id":"12345","description":"سازهای زهی- آرشه ای","iscorrect":0},{"id":"12346","description":"سازهای زهی- زخمه ای","iscorrect":1},{"id":"12347","description":"سازهای زهی- کوبه ای","iscorrect":0}]},{"id":"3270","description":"کدام یک از این سازها از خانواده سازهای زهی- کوبه ای محسوب می شود؟","answers":[{"id":"12348","description":"ویولن","iscorrect":0},{"id":"12349","description":"پیانو","iscorrect":1},{"id":"12350","description":"کنترباس","iscorrect":0}]},{"id":"3271","description":"کدام دسته بندی صحیح است؟","answers":[{"id":"12351","description":"سازهای زهی آرشه ای: ویولن، کنترباس، پیانو","iscorrect":0},{"id":"12352","description":"سازهای زهی آرشه ای: ویولن، هارپ، کنترباس","iscorrect":0},{"id":"12353","description":"سازهای زهی آرشه ای: ویولن، آلتو، کنترباس","iscorrect":1}]}]},{"score":"50","questions":[{"id":"3272","description":"ساز ویولن سل از خانواده کدام سازها است؟","answers":[{"id":"12354","description":"سازهایی که صوت در آنها در نتیجه کوبیدن حاصل می شود.","iscorrect":0},{"id":"12355","description":"سازهایی که صوت در آنها در نتیجه دمیدن هوا حاصل می شود.","iscorrect":0},{"id":"12356","description":"سازهایی که تولید صوت در آنها توسط سیم یا زه صورت می گیرد.","iscorrect":1}]},{"id":"3273","description":"کدامیک از این سازها از دسته سازهای زهی آرشه ای نیست؟","answers":[{"id":"12357","description":"ویولن سل","iscorrect":0},{"id":"12358","description":"ویولن آلتو","iscorrect":0},{"id":"12359","description":"هارپ","iscorrect":1}]},{"id":"3274","description":"کنترباس چه سازی است؟","answers":[{"id":"12360","description":"سازی از خانواده سازهای زهی- کوبه ای، کمی از ویولن بزرگ تر، دارای ۳ سیم است.","iscorrect":0},{"id":"12361","description":"سازی از خانواده سازهای زهی- آرشه ای، بزرگ ترین ساز از خانواده زهی- آرشه ای، دارای ۴ سیم است.","iscorrect":1},{"id":"12362","description":"سازی از خانواده سازهای زهی- زخمه ای، از نظر شکل ظاهری کمی بزرگ تر از ویولن است.","iscorrect":0}]},{"id":"3275","description":"کدام ساز از سازهای ثابت در ارکستر سمفونیک است؟","answers":[{"id":"12363","description":"ویولنسل","iscorrect":0},{"id":"12364","description":"هارپ","iscorrect":0},{"id":"12365","description":"پیانو","iscorrect":1}]}]}]},{"name":"درس هشتم- آشنایی با سازهای غربی ۲","id":"516","contentorder":"16","lesson_number":9,"type":0,"filename":"lesson516.html"},{"name":"آشنایی با سازهای غربی ۲","id":"850","contentorder":"17","type":1,"set":[{"score":"50","questions":[{"id":"3260","description":"فلوت از خانواده کدام سازها است؟","answers":[{"id":"12318","description":"بادی برنجی","iscorrect":0},{"id":"12319","description":"بادی چوبی","iscorrect":1},{"id":"12320","description":"کوبه ای","iscorrect":0}]},{"id":"3261","description":"کدامیک از این سازها از خانواده سازهای بادی چوبی هستند؟","answers":[{"id":"12321","description":"ابوآ","iscorrect":1},{"id":"12322","description":"ترومپت","iscorrect":0},{"id":"12323","description":"تیمپانی","iscorrect":0}]},{"id":"3262","description":"کدامیک از این سازها از خانواده سازهای کوبه ای نیست؟","answers":[{"id":"12324","description":"ترمبون","iscorrect":1},{"id":"12325","description":"بلز ارکستری","iscorrect":0},{"id":"12326","description":"تیمپانی","iscorrect":0}]},{"id":"3263","description":"چلستا چیست؟","answers":[{"id":"12327","description":"بزرگ ترین ساز از خانواده سازهای مسی است که بم ترین نت ها را تولید می کند.","iscorrect":0},{"id":"12328","description":"سازی است شبیه پیانو که دارای تیغه های فولادین است و صدایی شفاف و درخشان تولید می کند.","iscorrect":1},{"id":"12329","description":"مجموعه ای از میله های چوبی با اندازه های متفاوت است که به ترتیب نت های پیانو قرار گرفته است.","iscorrect":0}]}]},{"score":"50","questions":[{"id":"3264","description":"هورن چیست؟","answers":[{"id":"12330","description":"سازی از خانواده سازهای بادی چوبی است.","iscorrect":0},{"id":"12331","description":"سازی از خانواده سازهای بادی برنجی است.","iscorrect":1},{"id":"12332","description":"سازی از خانواده سازهای کوبه ای است.","iscorrect":0}]},{"id":"3265","description":"کدام ساز از خانواده سازهای بادی برنجی (مسی) است؟","answers":[{"id":"12333","description":"کرانگله","iscorrect":0},{"id":"12334","description":"پیکولو","iscorrect":0},{"id":"12335","description":"ترومپت","iscorrect":1}]},{"id":"3266","description":"کدام گروه از لحاظ دسته بندی صحیح نیست؟","answers":[{"id":"12336","description":"سازهای بادی چوبی: فلوت، ابوآ، کلارینت","iscorrect":0},{"id":"12337","description":"سازهای بادی برنجی: ترمپت، ترمبون، فاگوت","iscorrect":0},{"id":"12338","description":"سازهای کوبه ای: تیمپانی، کرانگله، توبا","iscorrect":1}]},{"id":"3267","description":"ابوآ چیست؟","answers":[{"id":"12339","description":"سازی است با قمیش (یا زبانک دو تایی) که از دو لایه ظریف و نازک از نی مخصوص بر روی هم گذاشته شده اند.","iscorrect":1},{"id":"12340","description":"از سازهای بادی برنجی است که طول لوله ها به وسیله یک راهرو کشویی کوتاه و بلند می شود.","iscorrect":0},{"id":"12341","description":"از سازهای بادی برنجی است که زیرترین صدا را از خانواده این سازها می تواند تولید کند.","iscorrect":0}]}]}]},{"name":"دوره آشنایی با موسیقی غرب- آزمون نهایی","id":"856","contentorder":"18","type":1,"set":[{"score":"50","questions":[{"id":"3284","description":"اصطلاح مونوفونیک به چه موسیقی گفته می شود؟","answers":[{"id":"12390","description":"موسیقی چند صدایی","iscorrect":0},{"id":"12391","description":"موسیقی تک صدایی","iscorrect":1},{"id":"12392","description":"موسیقی تک صدایی همراه با بخش همراهی کننده","iscorrect":0}]},{"id":"3285","description":"آکاپلا در موسیقی به چه معنا است؟","answers":[{"id":"12393","description":"موسیقی مونوفونیک","iscorrect":0},{"id":"12394","description":"موسیقی کرال همراه با ساز","iscorrect":0},{"id":"12395","description":"موسیقی کرال بدون همراهی ساز","iscorrect":1}]},{"id":"3286","description":"کدام اپرا اثر ژرژ بیزه آهنگساز فرانسوی است؟","answers":[{"id":"12396","description":"کارمن","iscorrect":1},{"id":"12397","description":"بی بی پیک","iscorrect":0},{"id":"12398","description":"عروسی فیگارو","iscorrect":0}]},{"id":"3287","description":"قطعه معروف چهار فصل اثر کدام آهنگساز است؟","answers":[{"id":"12399","description":"ویوالدی","iscorrect":1},{"id":"12400","description":"اسکارلاتی","iscorrect":0},{"id":"12401","description":"موتسارت","iscorrect":0}]},{"id":"3288","description":"اوورتور چیست؟","answers":[{"id":"12402","description":"مقدمه اپرا که در آغاز توسط ارکستر اجرا می شود.","iscorrect":1},{"id":"12403","description":"مقدمه ای که ارکستر در هر بخش اجرا می کند.","iscorrect":0},{"id":"12404","description":"بخش پایانی اپرا","iscorrect":0}]},{"id":"3289","description":"کدامیک از این سازها از خانواده سازهای زهی- کوبه ای محسوب می شود؟","answers":[{"id":"12405","description":"ویولن","iscorrect":0},{"id":"12406","description":"پیانو","iscorrect":1},{"id":"12407","description":"کنترباس","iscorrect":0}]},{"id":"3290","description":"کدامیک از این سازها از خانواده سازهای بادی چوبی است؟","answers":[{"id":"12408","description":"ابوآ","iscorrect":1},{"id":"12409","description":"ترومپت","iscorrect":0},{"id":"12410","description":"تیمپانی","iscorrect":0}]},{"id":"3291","description":"فلوت از خانواده کدام سازها است؟","answers":[{"id":"12411","description":"بادی برنجی","iscorrect":0},{"id":"12412","description":"بادی چوبی","iscorrect":1},{"id":"12413","description":"کوبه ای","iscorrect":0}]},{"id":"3292","description":"آرنولد شوئنبرگ آهنگساز کدام مکتب است؟","answers":[{"id":"12414","description":"نوکلاسیک","iscorrect":0},{"id":"12415","description":"اکسپرسیونیسم","iscorrect":1},{"id":"12416","description":"امپرسونیسم","iscorrect":0}]},{"id":"3293","description":"دوئت چیست؟","answers":[{"id":"12417","description":"قطعه ای است که برای دو خواننده و یا نوازنده نوشته می شود.","iscorrect":1},{"id":"12418","description":"قطعه ای است که برای سه خواننده نوشته می شود.","iscorrect":0},{"id":"12419","description":"قطعه ایست که دارای مضمون عاشقانه است.","iscorrect":0}]}]},{"score":"50","questions":[{"id":"3294","description":"آریا چیست؟","answers":[{"id":"12420","description":"قطعه آوازی که دو خواننده همزمان اجرا می کنند.","iscorrect":0},{"id":"12421","description":"مقدمه اپرا","iscorrect":0},{"id":"12422","description":"قطعه ای است مستقل که تک خوان همراه با ارکستر اجرا می کند.","iscorrect":1}]},{"id":"3295","description":"رچیتاتیف چیست؟","answers":[{"id":"12423","description":"به آوازی گفتارگونه در اپرا گفته می شود.","iscorrect":1},{"id":"12424","description":"مقدمه اپرا که توسط ارکستر اجرا می شود.","iscorrect":0},{"id":"12425","description":"آوازی که دو خواننده همزمان اجرا می کنند.","iscorrect":0}]},{"id":"3296","description":"سمفونی کرال سرود شادی (شماره ۹) اثر کدام آهنگساز است؟","answers":[{"id":"12426","description":"موتسارت","iscorrect":0},{"id":"12427","description":"بتهوون","iscorrect":1},{"id":"12428","description":"باخ","iscorrect":0}]},{"id":"3297","description":"موسیقی پولیفونیک به چه موسیقی ای گفته می شود؟","answers":[{"id":"12429","description":"موسیقی تک صدایی","iscorrect":0},{"id":"12430","description":"موسیقی چند صدایی","iscorrect":1},{"id":"12431","description":"موسیقی تک صدایی همراه با بخش همراهی کننده","iscorrect":0}]},{"id":"3298","description":"کدام آهنگساز معرف سبک امپرسونیسم در موسیقی است؟","answers":[{"id":"12432","description":"دبوسی","iscorrect":1},{"id":"12433","description":"استراوینسکی","iscorrect":0},{"id":"12434","description":"پاول هیندمیت","iscorrect":0}]},{"id":"3299","description":"هورن چیست؟","answers":[{"id":"12435","description":"سازی از خانواده سازهای بادی چوبی است.","iscorrect":0},{"id":"12436","description":"سازی از خانواده سازهای بادی برنجی است.","iscorrect":1},{"id":"12437","description":"سازی از خانواده سازهای کوبه ای است.","iscorrect":0}]},{"id":"3300","description":"کدام ساز از خانواده سازهای بادی برنجی (مسی) است؟","answers":[{"id":"12438","description":"کرانگله","iscorrect":0},{"id":"12439","description":"پیکولو","iscorrect":0},{"id":"12440","description":"ترومپت","iscorrect":1}]},{"id":"3301","description":"کدامیک از این سازها از خانواده سازهای کوبه ای نیست؟","answers":[{"id":"12441","description":"ترمبون","iscorrect":1},{"id":"12442","description":"بلز ارکستری","iscorrect":0},{"id":"12443","description":"تیمپانی","iscorrect":0}]},{"id":"3302","description":"اپرای دون ژوان اثر کدام آهنگساز است؟","answers":[{"id":"12444","description":"موتسارت","iscorrect":1},{"id":"12445","description":"بتهوون","iscorrect":0},{"id":"12446","description":"هندل","iscorrect":0}]},{"id":"3303","description":"باله دریاچه قو اثر کدام آهنگساز است؟","answers":[{"id":"12447","description":"شومان","iscorrect":0},{"id":"12448","description":"چایکوفسکی","iscorrect":1},{"id":"12449","description":"بتهوون","iscorrect":0}]}]}]}]}