{"courseId":"50","contents":[{"name":"درس اول- اصول و انگیزه شخصی","id":"360","contentorder":"1","lesson_number":1,"type":0,"filename":"lesson360.html"},{"name":"درس دوم- مالتی تسکینگ و عواقب آن","id":"361","contentorder":"2","lesson_number":2,"type":0,"filename":"lesson361.html","attachments":[{"name":"Attachement 1","filename":"Multitasking.pdf","file_type":"application/pdf"}]},{"name":"مالتی تسکینگ و عواقب آن","id":"595","contentorder":"3","type":1,"set":[{"score":"50","questions":[{"id":"1952","description":"مالتی تسکینگ (Multitasking) چیست؟","answers":[{"id":"7385","description":"انجام دادن چندین کار به صورت غیر همزمان","iscorrect":0},{"id":"7386","description":"انجام دادن چندین کار در طول روز","iscorrect":0},{"id":"7387","description":"انجام دادن چندین کار به صورت همزمان","iscorrect":1},{"id":"7388","description":"هیچکدام","iscorrect":0}]},{"id":"1953","description":"تفاوت مالتی تسکینگ (Multitasking) با سوویچ تسکینگ (Switchtasking) در چیست؟","answers":[{"id":"7389","description":"هیچ تفاوتی با هم ندارد.","iscorrect":1},{"id":"7390","description":"اولی به معنای انجام همزمان چندین کار و دومی به معنای انجام غیرهمزمان چندین کار","iscorrect":0},{"id":"7391","description":"این دو واژه هیچ ربطی به هم ندارند.","iscorrect":0},{"id":"7392","description":"اولی به معنای انجام غیرهمزمان چندین کار و دومی به معنای انجام همزمان چندین کار","iscorrect":0}]},{"id":"1954","description":"سه تاثیر مهم سوویچ تسکینگ چیست؟","answers":[{"id":"7393","description":"افزایش زمان، کاهش کیفیت، کاهش استرس","iscorrect":0},{"id":"7394","description":"کاهش زمان، افزایش کیفیت، کاهش استرس","iscorrect":0},{"id":"7395","description":"افزایش زمان، کاهش کیفیت، افزایش استرس","iscorrect":1},{"id":"7396","description":"کاهش زمان، کاهش کیفیت، کاهش استرس","iscorrect":0}]},{"id":"1955","description":"سوویچ تسکینگ (Switchtasking) به چه معناست؟","answers":[{"id":"7397","description":"انجام چندین کار به صورت غیرهمزمان","iscorrect":0},{"id":"7398","description":"انجام چندین کار به صورت همزمان و پریدن بین کارهای مختلف","iscorrect":1},{"id":"7399","description":"انجام چندین کار به صورت همزمان","iscorrect":0},{"id":"7400","description":"هیچکدام","iscorrect":0}]},{"id":"1956","description":"بهترین روش انجام دادن این سه کار چیست: پاسخ به تلفن- پاسخ به ایمیل- صحبت با همکار.","answers":[{"id":"7401","description":"انجام دادن همزمان آنها","iscorrect":0},{"id":"7402","description":"پاسخ به تلفن و صحبت کردن با همکار به صورت همزمان و سپس پاسخ به ایمیل","iscorrect":0},{"id":"7403","description":"انجام دادن هر کدام به صورت مجزا و غیرهمزمان","iscorrect":1},{"id":"7404","description":"هیچکدام","iscorrect":0}]}]},{"score":"50","questions":[{"id":"1963","description":"مالتی تسکینگ (Multitasking) چیست؟","answers":[{"id":"7430","description":"انجام دادن چندین کار به صورت همزمان","iscorrect":1},{"id":"7429","description":"انجام دادن چندین کار در طول روز","iscorrect":0},{"id":"7428","description":"انجام دادن چندین کار به صورت غیر همزمان","iscorrect":0},{"id":"7431","description":"هیچکدام","iscorrect":0}]},{"id":"1964","description":"کدام مورد از تاثیرات مهم سوویچ تسکینگ نیست؟","answers":[{"id":"7432","description":"افزایش استرس","iscorrect":0},{"id":"7433","description":"کاهش کیفیت","iscorrect":0},{"id":"7434","description":"افزایش زمان","iscorrect":0},{"id":"7435","description":"افزایش کار","iscorrect":1}]},{"id":"1965","description":"کدام کار باعث کاهش کیفیت یک کار می شود؟","answers":[{"id":"7436","description":"سوویچ تسکینگ","iscorrect":0},{"id":"7437","description":"مالتی تسکینگ","iscorrect":0},{"id":"7438","description":"هر دو مورد","iscorrect":1},{"id":"7439","description":"هیچکدام","iscorrect":0}]},{"id":"1966","description":"تفاوت مالتی تسکینگ (Multitasking) با سوویچ تسکینگ (Switchtasking) در چیست؟","answers":[{"id":"7440","description":"اولی به معنای انجام همزمان چندین کار و دومی به معنای انجام غیرهمزمان چندین کار","iscorrect":0},{"id":"7441","description":"این دو واژه هیچ ربطی به هم ندارند.","iscorrect":0},{"id":"7442","description":"اولی به معنای انجام غیرهمزمان چندین کار و دومی به معنای انجام همزمان چندین کار","iscorrect":0},{"id":"7443","description":"هیچ تفاوتی با هم ندارد.","iscorrect":1}]}]}]},{"name":"درس سوم- سه اصل بهره وری","id":"362","contentorder":"4","lesson_number":3,"type":0,"filename":"lesson362.html"},{"name":"سه اصل بهره وری","id":"599","contentorder":"5","type":1,"set":[{"score":"60","questions":[{"id":"1967","description":"سه اصل بهره وری را نام ببرید؟","answers":[{"id":"7444","description":"فضا، خلاقیت، زمان","iscorrect":0},{"id":"7445","description":"فضا، ذهن، زمان","iscorrect":1},{"id":"7446","description":"کار، زمان، ذهن","iscorrect":0},{"id":"7447","description":"خلاقیت، ذهن، زمان","iscorrect":0}]},{"id":"1968","description":"نقاطی که محل تجمع ایده، ابزار، وسایل، لیست کارها و... باشند چه نامیده می شوند؟","answers":[{"id":"7448","description":"نقاط تجمعی","iscorrect":1},{"id":"7449","description":"نقاط غیر تجمعی","iscorrect":0},{"id":"7450","description":"نقاط جدایی","iscorrect":0},{"id":"7451","description":"هیچکدام","iscorrect":0}]},{"id":"1969","description":"بهره زمانی یعنی چه؟","answers":[{"id":"7452","description":"پرداخت پول بابت خریدن زمان","iscorrect":0},{"id":"7453","description":"تمدید زمان تحویل یک پروژه","iscorrect":0},{"id":"7454","description":"قرض گرفتن زمان از یک کار برای انجام کار دیگری","iscorrect":1},{"id":"7455","description":"چنین مفهوم وجود خارجی ندارد.","iscorrect":0}]}]},{"score":"60","questions":[{"id":"1970","description":"کدام گزینه از نتایج افزایش نقاط تجمعی است؟","answers":[{"id":"7456","description":"افزایش استرس","iscorrect":0},{"id":"7457","description":"کاهش تمرکز","iscorrect":0},{"id":"7458","description":"افزایش مدت زمان انجام کار","iscorrect":0},{"id":"7459","description":"همه موارد","iscorrect":1}]},{"id":"1971","description":"سه اصل بهره وری را نام ببرید؟","answers":[{"id":"7460","description":"فضا، خلاقیت، زمان","iscorrect":0},{"id":"7461","description":"کار، زمان، ذهن","iscorrect":0},{"id":"7462","description":"فضا، ذهن، زمان","iscorrect":1},{"id":"7463","description":"خلاقیت، ذهن، زمان","iscorrect":0}]},{"id":"1972","description":"کدام یک از اصول بهره وری رابطه ای مستقیم با میزان نقاط تجمعی دارند؟","answers":[{"id":"7464","description":"ذهن","iscorrect":0},{"id":"7465","description":"زمان","iscorrect":0},{"id":"7466","description":"فضا","iscorrect":0},{"id":"7467","description":"موارد اول و سوم","iscorrect":1}]}]}]},{"name":"درس چهارم- اصل اول: فضا","id":"363","contentorder":"6","lesson_number":4,"type":0,"filename":"lesson363.html","attachments":[{"name":"Attachement 1","filename":"GatheringPoints.pdf","file_type":"application/pdf"}]},{"name":"اصل اول: فضا","id":"601","contentorder":"7","type":1,"set":[{"score":"50","questions":[{"id":"1973","description":"روش فهمیدن یک آیتم به عنوان نقطه تجمعی چیست؟","answers":[{"id":"7468","description":"پیدا نکردن پاسخ برای پرسش های چه زمانی، چه مکانی و چگونه","iscorrect":1},{"id":"7469","description":"پیدا کردن پاسخ برای پرسش های چه زمانی، چه مکانی و چگونه","iscorrect":0},{"id":"7470","description":"پیدا نکردن پاسخ برای آنکه چگونه آن را انجام دهیم.","iscorrect":0},{"id":"7471","description":"پیدا نکردن پاسخ برای آنکه چه زمانی آن را انجام دهیم.","iscorrect":0}]},{"id":"1974","description":"تعداد مطلوب نقاط تجمعی برای بهره وری مطلوب از زمان چه میزان است؟","answers":[{"id":"7472","description":"۶","iscorrect":0},{"id":"7473","description":"۶ یا کمتر","iscorrect":1},{"id":"7474","description":"بیشتر از ۶","iscorrect":0},{"id":"7475","description":"نمی توان پاسخ دقیقی به این سوال داد.","iscorrect":0}]},{"id":"1975","description":"کدامیک از موارد زیر نقاط تجمعی مهم در اصل فضا نیستند؟","answers":[{"id":"7476","description":"دفترچه یادداشت","iscorrect":0},{"id":"7477","description":"رسید بانکی","iscorrect":1},{"id":"7478","description":"جعبه فیزیکی","iscorrect":0},{"id":"7479","description":"کیف قابل حمل","iscorrect":0}]},{"id":"1976","description":"رابطه میان تعداد نقاط تجمعی و مدیریت و بهره وری از زمان چگونه است؟","answers":[{"id":"7480","description":"مستقیم","iscorrect":0},{"id":"7481","description":"عکس","iscorrect":1},{"id":"7482","description":"رابطه ای بین این دو وجود ندارد.","iscorrect":0},{"id":"7483","description":"هیچکدام","iscorrect":0}]}]},{"score":"50","questions":[{"id":"1977","description":"کدامیک از موارد زیر تاثیر آنچنانی در افزایش بهره وری زمان ندارد؟","answers":[{"id":"7484","description":"یکسان سازی حساب های ایمیل","iscorrect":0},{"id":"7485","description":"یکسان سازی پیام های صوتی","iscorrect":0},{"id":"7486","description":"استفاده از گوشی هوشمند به عنوان دفترچه یادداشت","iscorrect":0},{"id":"7487","description":"هیچکدام","iscorrect":1}]},{"id":"1978","description":"روش فهمیدن یک آیتم به عنوان نقطه تجمعی چیست؟","answers":[{"id":"7488","description":"پیدا نکردن پاسخ برای پرسش های چه زمانی، چه مکانی و چگونه","iscorrect":1},{"id":"7489","description":"پیدا کردن پاسخ برای پرسش های چه زمانی، چه مکانی و چگونه","iscorrect":0},{"id":"7490","description":"پیدا نکردن پاسخ برای آنکه چگونه آن را انجام دهیم.","iscorrect":0},{"id":"7491","description":"پیدا نکردن پاسخ برای آنکه چه زمانی آن را انجام دهیم.","iscorrect":0}]},{"id":"1979","description":"کدامیک از موارد زیر نقاط تجمعی مهم در اصل فضا هست؟","answers":[{"id":"7492","description":"دفترچه یادداشت","iscorrect":1},{"id":"7493","description":"رسید بانکی","iscorrect":0},{"id":"7494","description":"کتابخانه","iscorrect":0},{"id":"7495","description":"تمامی موارد","iscorrect":0}]},{"id":"1980","description":"میزان نقاط تجمعی متوسط چقدر است؟","answers":[{"id":"7496","description":"۱۰ تا ۲۰","iscorrect":0},{"id":"7497","description":"۲۰ تا ۳۰","iscorrect":0},{"id":"7498","description":"۳۰ تا ۴۰","iscorrect":1},{"id":"7499","description":"۴۰ تا ۵۰","iscorrect":0}]}]}]},{"name":"درس پنجم- اصل دوم: ذهن","id":"364","contentorder":"8","lesson_number":5,"type":0,"filename":"lesson364.html","attachments":[{"name":"Attachement 1","filename":"MentalTriggers.pdf","file_type":"application/pdf"}]},{"name":"درس ششم- اصل سوم: زمان","id":"365","contentorder":"9","lesson_number":6,"type":0,"filename":"lesson365.html"},{"name":"درس هفتم- سه اصل پردازش یک کار","id":"366","contentorder":"10","lesson_number":7,"type":0,"filename":"lesson366.html"},{"name":"سه اصل پردازش یک کار","id":"603","contentorder":"11","type":1,"set":[{"score":"50","questions":[{"id":"1981","description":"کدام یک از گزینه های زیر شامل یکی از سه اصل پردازش کار نیست؟","answers":[{"id":"7500","description":"چه چیزی؟","iscorrect":0},{"id":"7501","description":"چه زمانی؟","iscorrect":0},{"id":"7502","description":"چه ابزاری؟","iscorrect":1},{"id":"7503","description":"چه مکانی؟","iscorrect":0}]},{"id":"1982","description":"اگر یک کار یا آیتم را از نقطه تجمعی خارج کردید و نمی دانستید چه باید بکنید:","answers":[{"id":"7504","description":"باید آن کار یا آیتم را به همان نقطه تجمعی بازگردانید.","iscorrect":0},{"id":"7505","description":"باید به هیچ عنوان آن را به نقطه تجمعی بازنگردانید.","iscorrect":0},{"id":"7506","description":"باید صبر کنید و در صورت نیاز آن را به فرد دیگری برای پردازش واگذار کنید.","iscorrect":0},{"id":"7507","description":"موارد ب و ج","iscorrect":1}]},{"id":"1983","description":"اگر کاری را به فرد دیگری واگذار کنید، گام بعدی در قدم اول پردازش کار چیست؟","answers":[{"id":"7508","description":"انتظار","iscorrect":1},{"id":"7509","description":"صبر","iscorrect":0},{"id":"7510","description":"موارد الف و ب","iscorrect":0},{"id":"7511","description":"هیچکدام","iscorrect":0}]},{"id":"1984","description":"کار یا آیتمی که زمان انجام آن حدود ۵ دقیقه یا کمتر باشد را باید:","answers":[{"id":"7512","description":"در تقویم یادداشت کرد تا در آینده انجام داد.","iscorrect":0},{"id":"7513","description":"بلافاصله انجام داد.","iscorrect":1},{"id":"7514","description":"در لیست کارهای روزانه نوشت.","iscorrect":0},{"id":"7515","description":"چنین کار یا آیتمی وجود خارجی ندارد!","iscorrect":0}]},{"id":"1985","description":"اگر در دور انداختن آیتمی فیزیکی شک داشته باشید باید:","answers":[{"id":"7516","description":"آن را نگه دارید.","iscorrect":0},{"id":"7517","description":"آن را در یک مکان امن و مخفی نگه دارید.","iscorrect":0},{"id":"7518","description":"آن را دور بیاندازید.","iscorrect":1},{"id":"7519","description":"هیچکدام","iscorrect":0}]}]},{"score":"50","questions":[{"id":"1986","description":"برای کارهای مختلف خودمان همواره باید:","answers":[{"id":"7520","description":"یک تاریخ مشخص انتخاب کنیم.","iscorrect":0},{"id":"7521","description":"یک زمان مشخص انتخاب کنیم.","iscorrect":0},{"id":"7522","description":"بسته به نظر شخصی مان پاسخ می تواند متفاوت باشد.","iscorrect":0},{"id":"7523","description":"موارد الف و ب","iscorrect":1}]},{"id":"1987","description":"اگر کار یا آیتمی زمانی بیشتر از ۱۵ دقیقه نیاز داشته باشد باید:","answers":[{"id":"7524","description":"آن را در لیست کارهایمان اضافه کنیم.","iscorrect":0},{"id":"7525","description":"آن را بلافاصله انجام دهیم.","iscorrect":0},{"id":"7526","description":"آن را هر زمان دلمان خواست انجام دهیم.","iscorrect":0},{"id":"7527","description":"باید آن را در تقویم خود یادداشت کنیم.","iscorrect":1}]},{"id":"1988","description":"اگر در دور انداختن آیتم های دیجیتالی شک داشتیم باید:","answers":[{"id":"7528","description":"آنها را بدون معطلی دور می اندازیم.","iscorrect":0},{"id":"7529","description":"آنها را نگه می داریم.","iscorrect":1},{"id":"7530","description":"بسته به هر فرد این پاسخ می تواند متفاوت باشد.","iscorrect":0},{"id":"7531","description":"یک نسخه پشتیبان می گیریم و سپس آنها را نابود می کنیم.","iscorrect":0}]},{"id":"1989","description":"بین هر ملاقات و قرار کاری حداقل چه مدت زمان باید فاصله باشد؟","answers":[{"id":"7532","description":"۵","iscorrect":0},{"id":"7533","description":"۱۰","iscorrect":1},{"id":"7534","description":"۱۵","iscorrect":0},{"id":"7535","description":"۲۰","iscorrect":0}]},{"id":"1990","description":"چه کارهایی را باید در لیست کارهای روزانه قرار داد؟","answers":[{"id":"7536","description":"کارهایی که مدت زمان انجام آنها ۵ دقیقه یا کمتر باشد.","iscorrect":0},{"id":"7537","description":"کارهایی که مدت زمان انجام آنها بین ۵ تا ۱۵ دقیقه باشد.","iscorrect":1},{"id":"7538","description":"کارهایی که مدت زمان انجام آنها بیشتر از ۱۵ دقیقه باشد.","iscorrect":0},{"id":"7539","description":"هیچکدام","iscorrect":0}]}]}]},{"name":"درس هشتم- پردازش ایمیل","id":"367","contentorder":"12","lesson_number":8,"type":0,"filename":"lesson367.html"},{"name":"پردازش ایمیل","id":"605","contentorder":"13","type":1,"set":[{"score":"50","questions":[{"id":"1991","description":"هدف از پردازش ایمیل چیست؟","answers":[{"id":"7540","description":"کاهش ایمیل های موجود در اینباکس به عدد صفر در هفته","iscorrect":0},{"id":"7541","description":"پیروی از اصول مدیریت زمان برای بهره وری بیشتر","iscorrect":0},{"id":"7542","description":"موارد الف و ب","iscorrect":1},{"id":"7543","description":"هیچکدام","iscorrect":0}]},{"id":"1992","description":"دو قدم کاربردی برای پردازش ایمیل چیست؟","answers":[{"id":"7544","description":"برچسب زدن و فیلتر کردن ایمیل ها","iscorrect":1},{"id":"7545","description":"برچسب زدن و پاسخ به موقع ایمیل ها","iscorrect":0},{"id":"7546","description":"فیلتر کردن و پاسخ به موقع به ایمیل ها","iscorrect":0},{"id":"7547","description":"برچسب زدن و کاهش تعداد ایمیل های دریافتی","iscorrect":0}]},{"id":"1993","description":"مدت زمان پردازش هر ۱۰۰ ایمیل چند ساعت است؟","answers":[{"id":"7548","description":"۱ ساعت","iscorrect":1},{"id":"7549","description":"۲ ساعت","iscorrect":0},{"id":"7550","description":"۳ ساعت","iscorrect":0},{"id":"7551","description":"۴ ساعت","iscorrect":0}]},{"id":"1994","description":"مدت زمان تقریبی برای چک کردن ایمیل ها چقدر است؟","answers":[{"id":"7552","description":"۱ ساعت","iscorrect":0},{"id":"7553","description":"۴۵ دقیقه","iscorrect":0},{"id":"7554","description":"۳۰ دقیقه","iscorrect":0},{"id":"7555","description":"۱۵ دقیقه","iscorrect":1}]},{"id":"1995","description":"به کمک کدام گزینه می توان سه سوال پردازش کار را توسط کامپیوتر انجام داد؟","answers":[{"id":"7556","description":"برچسب","iscorrect":0},{"id":"7557","description":"پاسخ خودکار","iscorrect":0},{"id":"7558","description":"فیلتر کردن","iscorrect":1},{"id":"7559","description":"هیچکدام","iscorrect":0}]}]},{"score":"50","questions":[{"id":"1996","description":"برای بهره وری بیشتر و مدیریت زمان، چند بار در روز می توان ایمیل را چک کرد؟","answers":[{"id":"7560","description":"نامحدود","iscorrect":0},{"id":"7561","description":"۳ بار","iscorrect":1},{"id":"7562","description":"۶ بار","iscorrect":0},{"id":"7563","description":"بستگی به هر شخص، این عدد می تواند متفاوت باشد.","iscorrect":0}]},{"id":"1997","description":"کدامیک از گزینه های زیر برای پردازش ایمیل سودمند نیست؟","answers":[{"id":"7564","description":"فیلتر کردن","iscorrect":0},{"id":"7565","description":"برچسب زدن","iscorrect":0},{"id":"7566","description":"عدم چک کردن ایمیل به صورت مستمر","iscorrect":0},{"id":"7567","description":"هیچکدام","iscorrect":1}]},{"id":"1998","description":"منظور از «صفر ایمیل در هفته» چیست؟","answers":[{"id":"7568","description":"کاهش تعداد ایمیل های دریافتی به عدد صفر","iscorrect":0},{"id":"7569","description":"کاهش ایمیل های موجود در اینباکس به عدد صفر در پایان هفته","iscorrect":1},{"id":"7570","description":"کاهش ایمیل های ارسالی به عدد صفر","iscorrect":0},{"id":"7571","description":"این کار غیرممکن است!","iscorrect":0}]},{"id":"1999","description":"برای پردازش ۳۰۰ ایمیل، چه مدت زمانی لازم است؟","answers":[{"id":"7572","description":"۹ ساعت","iscorrect":0},{"id":"7573","description":"۶ ساعت","iscorrect":0},{"id":"7574","description":"۳ ساعت","iscorrect":1},{"id":"7575","description":"۱ ساعت","iscorrect":0}]},{"id":"2000","description":"کدام گزینه شامل سه اصل برای پردازش ایمیل نمی شود؟","answers":[{"id":"7576","description":"چه مکانی؟","iscorrect":0},{"id":"7577","description":"چه زمانی؟","iscorrect":0},{"id":"7578","description":"چه چیزی؟","iscorrect":0},{"id":"7579","description":"چه ساختاری؟","iscorrect":1}]}]}]},{"name":"درس نهم- بودجه زمانی","id":"368","contentorder":"14","lesson_number":9,"type":0,"filename":"lesson368.html"},{"name":"بودجه زمانی","id":"607","contentorder":"15","type":1,"set":[{"score":"50","questions":[{"id":"2001","description":"کدام گزینه جز زمان کاری حساب نمی شود؟","answers":[{"id":"7580","description":"فکر کردن به یکی از پروژهای کاری در خانه","iscorrect":0},{"id":"7581","description":"مسیر رفتن به محل کار","iscorrect":0},{"id":"7582","description":"مسیر بازگشت به کار","iscorrect":0},{"id":"7583","description":"هیچکدام","iscorrect":1}]},{"id":"2002","description":"معیار شناسایی یک کار باارزش چیست؟","answers":[{"id":"7584","description":"میزان مدت زمانی که باید صرف آن شود.","iscorrect":0},{"id":"7585","description":"میزان هزینه ای که باید صرف آن شود.","iscorrect":0},{"id":"7586","description":"میزان درآمدی و پولی که از آن حاصل می شود.","iscorrect":1},{"id":"7587","description":"موارد الف و ب","iscorrect":0}]},{"id":"2003","description":"منظور از LVAs چیست؟","answers":[{"id":"7588","description":"کارها و فعالیت های با ارزش","iscorrect":0},{"id":"7589","description":"کارهای و فعالیت های با ارزش و کم ارزش","iscorrect":0},{"id":"7590","description":"کارهای و فعالیت های کم ارزش","iscorrect":1},{"id":"7591","description":"چنین مفهومی وجود خارجی ندارد!","iscorrect":0}]},{"id":"2004","description":"مدت زمان کار مفید در هر سال چقدر است؟","answers":[{"id":"7592","description":"۳۰۰۰ ساعت","iscorrect":0},{"id":"7593","description":"۲۴۹۶ ساعت","iscorrect":1},{"id":"7594","description":"۲۸۲۹ ساعت","iscorrect":0},{"id":"7595","description":"نمی توان به صورت دقیق محاسبه کرد.","iscorrect":0}]},{"id":"2005","description":"منظور و نقش تقویم بودجه زمانی چیست؟","answers":[{"id":"7596","description":"کتاب راهنما برای تقویم کارهای روزانه","iscorrect":0},{"id":"7597","description":"همان تقویم کارهای روزانه است.","iscorrect":0},{"id":"7598","description":"تقویمی مجزا از تقویم روزانه است.","iscorrect":0},{"id":"7599","description":"موارد الف و ج","iscorrect":1}]}]},{"score":"50","questions":[{"id":"2006","description":"کدام گزینه جز زمان زندگی خصوصی نیست؟","answers":[{"id":"7600","description":"مدت زمان خوابیدن","iscorrect":0},{"id":"7601","description":"مدت زمان غذا خوردن","iscorrect":0},{"id":"7602","description":"مدت زمان فکر کردن به یک پروژه کاری در خانه","iscorrect":1},{"id":"7603","description":"هیچکدام","iscorrect":0}]},{"id":"2007","description":"منظور از MVAs چیست؟","answers":[{"id":"7604","description":"کارها و فعالیت های با ارزش","iscorrect":1},{"id":"7605","description":"کارها و فعالیت های با ارزش و کم ارزش","iscorrect":0},{"id":"7606","description":"کارها و فعالیت های کم ارزش","iscorrect":0},{"id":"7607","description":"چنین مفهومی وجود خارجی ندارد!","iscorrect":0}]},{"id":"2008","description":"چند درصد از زمان کل در یک هفته را می توان به کارهای باارزش اختصاص داد؟","answers":[{"id":"7608","description":"۵۰ درصد","iscorrect":0},{"id":"7609","description":"۴۰ درصد","iscorrect":1},{"id":"7610","description":"۳۰ درصد","iscorrect":0},{"id":"7611","description":"۲۰ درصد","iscorrect":0}]},{"id":"2009","description":"معیار شناسایی یک کار باارزش چیست؟","answers":[{"id":"7612","description":"میزان مدت زمانی که باید صرف آن شود.","iscorrect":0},{"id":"7613","description":"میزان هزینه ای که باید صرف آن شود.","iscorrect":0},{"id":"7614","description":"میزان درآمدی و پولی که از آن حاصل می شود.","iscorrect":1},{"id":"7615","description":"موارد الف و ب","iscorrect":0}]},{"id":"2010","description":"اکثر افراد چند درصد از زمان خود را به MVAs اختصاص می دهند؟","answers":[{"id":"7616","description":"۵۰ درصد","iscorrect":0},{"id":"7617","description":"۴۰ درصد","iscorrect":0},{"id":"7618","description":"۳۰ درصد","iscorrect":0},{"id":"7619","description":"۲۰ درصد","iscorrect":1}]}]}]},{"name":"دوره مبانی مدیریت زمان- آزمون نهایی","id":"609","contentorder":"16","type":1,"set":[{"score":"50","questions":[{"id":"2011","description":"مالتی تسکینگ (Multitasking) چیست؟","answers":[{"id":"7620","description":"انجام دادن چندین کار به صورت غیر همزمان","iscorrect":0},{"id":"7621","description":"انجام دادن چندین کار در طول روز","iscorrect":0},{"id":"7622","description":"انجام دادن چندین کار به صورت همزمان","iscorrect":1},{"id":"7623","description":"هیچکدام","iscorrect":0}]},{"id":"2012","description":"کدام کار باعث کاهش کیفیت یک کار می شود؟","answers":[{"id":"7624","description":"سوویچ تسکینگ","iscorrect":0},{"id":"7625","description":"مالتی تسکینگ","iscorrect":0},{"id":"7626","description":"هر دو مورد","iscorrect":1},{"id":"7627","description":"هیچکدام","iscorrect":0}]},{"id":"2013","description":"سه اصل بهره وری را نام ببرید؟","answers":[{"id":"7628","description":"فضا، خلاقیت، زمان","iscorrect":0},{"id":"7629","description":"فضا، ذهن، زمان","iscorrect":1},{"id":"7630","description":"کار، زمان، ذهن","iscorrect":0},{"id":"7631","description":"خلاقیت، ذهن، زمان","iscorrect":0}]},{"id":"2014","description":"کدام گزینه از نتایج افزایش نقاط تجمعی است؟","answers":[{"id":"7632","description":"افزایش استرس","iscorrect":0},{"id":"7633","description":"کاهش تمرکز","iscorrect":0},{"id":"7634","description":"افزایش مدت زمان انجام کار","iscorrect":0},{"id":"7635","description":"همه موارد","iscorrect":1}]},{"id":"2015","description":"روش فهمیدن یک آیتم به عنوان نقطه تجمعی چیست؟","answers":[{"id":"7636","description":"پیدا نکردن پاسخ برای پرسش های چه زمانی، چه مکانی و چگونه","iscorrect":1},{"id":"7637","description":"پیدا کردن پاسخ برای پرسش های چه زمانی، چه مکانی و چگونه","iscorrect":0},{"id":"7638","description":"پیدا نکردن پاسخ برای آنکه چگونه آن را انجام دهیم.","iscorrect":0},{"id":"7639","description":"پیدا نکردن پاسخ برای آنکه چه زمانی آن را انجام دهیم.","iscorrect":0}]},{"id":"2016","description":"کدامیک از موارد زیر تاثیر آنچنانی در افزایش بهره وری زمان ندارد؟","answers":[{"id":"7640","description":"یکسان سازی حساب های ایمیل","iscorrect":0},{"id":"7641","description":"یکسان سازی پیام های صوتی","iscorrect":0},{"id":"7642","description":"استفاده از گوشی هوشمند به عنوان دفترچه یادداشت","iscorrect":0},{"id":"7643","description":"هیچکدام","iscorrect":1}]},{"id":"2017","description":"کدام یک از گزینه های زیر شامل یکی از سه اصل پردازش کار نیست؟","answers":[{"id":"7644","description":"چه چیزی؟","iscorrect":0},{"id":"7645","description":"چه زمانی؟","iscorrect":0},{"id":"7646","description":"چه ابزاری؟","iscorrect":1},{"id":"7647","description":"چه مکانی؟","iscorrect":0}]},{"id":"2018","description":"اگر کار یا آیتمی زمانی بیشتر از ۱۵ دقیقه نیاز داشته باشد باید:","answers":[{"id":"7648","description":"آن را در لیست کارهایمان اضافه کنیم.","iscorrect":0},{"id":"7649","description":"آن را بلافاصله انجام دهیم.","iscorrect":0},{"id":"7650","description":"آن را هر زمان دلمان خواست انجام دهیم.","iscorrect":0},{"id":"7651","description":"باید آن را در تقویم خود یادداشت کنیم.","iscorrect":1}]},{"id":"2019","description":"مدت زمان پردازش هر ۱۰۰ ایمیل چند ساعت است؟","answers":[{"id":"7652","description":"۱ ساعت","iscorrect":1},{"id":"7653","description":"۲ ساعت","iscorrect":0},{"id":"7654","description":"۳ ساعت","iscorrect":0},{"id":"7655","description":"۴ ساعت","iscorrect":0}]},{"id":"2020","description":"برای بهره وری بیشتر و مدیریت زمان، چند بار در روز می توان ایمیل را چک کرد؟","answers":[{"id":"7656","description":"نامحدود","iscorrect":0},{"id":"7657","description":"۳ بار","iscorrect":1},{"id":"7658","description":"۶ بار","iscorrect":0},{"id":"7659","description":"بستگی به هر شخص، این عدد می تواند متفاوت باشد.","iscorrect":0}]},{"id":"2021","description":"معیار شناسایی یک کار باارزش چیست؟","answers":[{"id":"7660","description":"میزان مدت زمانی که باید صرف آن شود.","iscorrect":0},{"id":"7661","description":"میزان هزینه ای که باید صرف آن شود.","iscorrect":0},{"id":"7662","description":"میزان درآمدی و پولی که از آن حاصل می شود.","iscorrect":1},{"id":"7663","description":"موارد الف و ب","iscorrect":0}]},{"id":"2022","description":"منظور از MVAs چیست؟","answers":[{"id":"7664","description":"کارها و فعالیت های با ارزش","iscorrect":1},{"id":"7665","description":"کارها و فعالیت های با ارزش و کم ارزش","iscorrect":0},{"id":"7666","description":"کارها و فعالیت های کم ارزش","iscorrect":0},{"id":"7667","description":"چنین مفهومی وجود خارجی ندارد!","iscorrect":0}]}]},{"score":"50","questions":[{"id":"2035","description":"سه تاثیر مهم سوویچ تسکینگ چیست؟","answers":[{"id":"7716","description":"افزایش زمان، کاهش کیفیت، کاهش استرس","iscorrect":0},{"id":"7717","description":"کاهش زمان، افزایش کیفیت، کاهش استرس","iscorrect":0},{"id":"7718","description":"افزایش زمان، کاهش کیفیت، افزایش استرس","iscorrect":1},{"id":"7719","description":"کاهش زمان، کاهش کیفیت، کاهش استرس","iscorrect":0}]},{"id":"2036","description":"تفاوت مالتی تسکینگ (Multitasking) با سوویچ تسکینگ (Switchtasking) در چیست؟","answers":[{"id":"7720","description":"اولی به معنای انجام همزمان چندین کار و دومی به معنای انجام غیرهمزمان چندین کار","iscorrect":0},{"id":"7721","description":"این دو واژه هیچ ربطی به هم ندارند.","iscorrect":0},{"id":"7722","description":"اولی به معنای انجام غیرهمزمان چندین کار و دومی به معنای انجام همزمان چندین کار","iscorrect":0},{"id":"7723","description":"هیچ تفاوتی با هم ندارد.","iscorrect":1}]},{"id":"2037","description":"بهره زمانی یعنی چه؟","answers":[{"id":"7724","description":"پرداخت پول بابت خریدن زمان","iscorrect":0},{"id":"7725","description":"تمدید زمان تحویل یک پروژه","iscorrect":0},{"id":"7726","description":"قرض گرفتن زمان از یک کار برای انجام کار دیگری","iscorrect":1},{"id":"7727","description":"چنین مفهوم وجود خارجی ندارد.","iscorrect":0}]},{"id":"2038","description":"کدام یک از اصول بهره وری رابطه ای مستقیم با میزان نقاط تجمعی دارند؟","answers":[{"id":"7728","description":"ذهن","iscorrect":0},{"id":"7729","description":"زمان","iscorrect":0},{"id":"7730","description":"فضا","iscorrect":0},{"id":"7731","description":"موارد اول و سوم","iscorrect":1}]},{"id":"2039","description":"تعداد مطلوب نقاط تجمعی برای بهره وری مطلوب از زمان چه میزان است؟","answers":[{"id":"7732","description":"۶","iscorrect":0},{"id":"7733","description":"۶ یا کمتر","iscorrect":1},{"id":"7734","description":"بیشتر از ۶","iscorrect":0},{"id":"7735","description":"نمی توان پاسخ دقیقی به این سوال داد.","iscorrect":0}]},{"id":"2040","description":"کدامیک از موارد زیر نقاط تجمعی مهم در اصل فضا هست؟","answers":[{"id":"7736","description":"دفترچه یادداشت","iscorrect":1},{"id":"7737","description":"رسید بانکی","iscorrect":0},{"id":"7738","description":"کتابخانه","iscorrect":0},{"id":"7739","description":"تمامی موارد","iscorrect":0}]},{"id":"2041","description":"اگر یک کار یا آیتم را از نقطه تجمعی خارج کردید و نمی دانستید چه باید بکنید:","answers":[{"id":"7740","description":"باید آن کار یا آیتم را به همان نقطه تجمعی بازگردانید.","iscorrect":0},{"id":"7741","description":"باید به هیچ عنوان آن را به نقطه تجمعی بازنگردانید.","iscorrect":0},{"id":"7742","description":"باید صبر کنید و در صورت نیاز آن را به فرد دیگری برای پردازش واگذار کنید.","iscorrect":0},{"id":"7743","description":"موارد ب و ج","iscorrect":1}]},{"id":"2042","description":"چه کارهایی را باید در لیست کارهای روزانه قرار داد؟","answers":[{"id":"7744","description":"کارهایی که مدت زمان انجام آنها ۵ دقیقه یا کمتر باشد.","iscorrect":0},{"id":"7745","description":"کارهایی که مدت زمان انجام آنها بین ۵ تا ۱۵ دقیقه باشد.","iscorrect":1},{"id":"7746","description":"کارهایی که مدت زمان انجام آنها بیشتر از ۱۵ دقیقه باشد.","iscorrect":0},{"id":"7747","description":"هیچکدام","iscorrect":0}]},{"id":"2043","description":"به کمک کدام گزینه می توان سه سوال پردازش کار را توسط کامپیوتر انجام داد؟","answers":[{"id":"7748","description":"برچسب","iscorrect":0},{"id":"7749","description":"پاسخ خودکار","iscorrect":0},{"id":"7750","description":"فیلتر کردن","iscorrect":1},{"id":"7751","description":"هیچکدام","iscorrect":0}]},{"id":"2044","description":"منظور از «صفر ایمیل در هفته» چیست؟","answers":[{"id":"7752","description":"کاهش تعداد ایمیل های دریافتی به عدد صفر","iscorrect":0},{"id":"7753","description":"کاهش ایمیل های موجود در اینباکس به عدد صفر در پایان هفته","iscorrect":1},{"id":"7754","description":"کاهش ایمیل های ارسالی به عدد صفر","iscorrect":0},{"id":"7755","description":"این کار غیرممکن است!","iscorrect":0}]},{"id":"2045","description":"منظور از LVAs چیست؟","answers":[{"id":"7756","description":"کارها و فعالیت های با ارزش","iscorrect":0},{"id":"7757","description":"کارهای و فعالیت های با ارزش و کم ارزش","iscorrect":0},{"id":"7758","description":"کارهای و فعالیت های کم ارزش","iscorrect":1},{"id":"7759","description":"چنین مفهومی وجود خارجی ندارد!","iscorrect":0}]},{"id":"2046","description":"معیار شناسایی یک کار باارزش چیست؟","answers":[{"id":"7760","description":"میزان مدت زمانی که باید صرف آن شود.","iscorrect":0},{"id":"7761","description":"میزان هزینه ای که باید صرف آن شود.","iscorrect":0},{"id":"7762","description":"میزان درآمدی و پولی که از آن حاصل می شود.","iscorrect":1},{"id":"7763","description":"موارد الف و ب","iscorrect":0}]}]}]}]}