{"courseId":"22","contents":[{"name":"مقدمه ای بر وب نویسی","id":"120","contentorder":"1","lesson_number":1,"type":0,"filename":"lesson120.html"},{"name":"مقدمه ای بر وب نویسی","id":"246","contentorder":"2","type":1,"set":[{"score":"60","questions":[{"id":"672","description":"پيدايش اينترنت چه تأثيری بر نويسندگی داشته است؟","answers":[{"id":"2509","description":"باعث معروف شدن نويسنده ها شده است.","iscorrect":0},{"id":"2510","description":"باعث افزايش تعداد نويسنده ها شده است.","iscorrect":1},{"id":"2511","description":"باعث کاهش تعداد نويسنده ها شده است.","iscorrect":0},{"id":"2512","description":"تأثيری نداشته است.","iscorrect":0}]},{"id":"673","description":"در نوشتن برای وب بايد چه گروه مخاطبی را در نظر داشت؟","answers":[{"id":"2513","description":"يک گروه از ساکنان محل انتشار متن را","iscorrect":0},{"id":"2514","description":"افراد متفاوتی در اطراف جهان با سطح دانش و علائق متفاوت","iscorrect":1},{"id":"2515","description":"مخاطبان حرفه ای و متخصص","iscorrect":0},{"id":"2516","description":"طبقات مرفه تر اجتماعی","iscorrect":0}]},{"id":"674","description":"مخاطبان با متن های اينترنتی چگونه برخورد می کنند؟","answers":[{"id":"2517","description":"متن را با دقت می خوانند.","iscorrect":0},{"id":"2518","description":"فقط عنوان صفحات را می خوانند.","iscorrect":0},{"id":"2519","description":"فقط متن های مربوط به تخصص خودشان را می خوانند.","iscorrect":0},{"id":"2520","description":"متن را به صورت گزينشی و پاره پاره می خوانند.","iscorrect":1}]}]},{"score":"60","questions":[{"id":"675","description":"برای جلب اعتماد مخاطب ها بهتر است نويسنده:","answers":[{"id":"2521","description":"از نقل قول های مهم استفاده کند.","iscorrect":0},{"id":"2522","description":"با نشريات معتبر کار کند.","iscorrect":0},{"id":"2523","description":"مشخصات و توضيحی در مورد خودش به مخاطب بدهد.","iscorrect":1},{"id":"2524","description":"از افراد سرشناس تأييديه بگيرد.","iscorrect":0}]},{"id":"676","description":"برای بالا بردن تعداد مراجعان به يک گزارش کدام راه بهتر است؟","answers":[{"id":"2525","description":"مفصل نوشتن و افزودن همه ی لينک های مرتبط","iscorrect":0},{"id":"2526","description":"افزودن کليد واژه هائی که جستجوگرها را به آن جلب کند.","iscorrect":1},{"id":"2527","description":"گذاشتن تکه هائی از مقالات مشابه در متن","iscorrect":0},{"id":"2528","description":"گذاشتن آگهی در صفحه","iscorrect":0}]},{"id":"677","description":"اگر گزارشی را به سفارش کسی تهيه می کنيد:","answers":[{"id":"2529","description":"لازم نيست از او نامی ببريد.","iscorrect":0},{"id":"2530","description":"نام او را در بخش ديگری از نشريه بگذاريد.","iscorrect":0},{"id":"2531","description":"حتماً در متن به اين موضوع اشاره کنيد.","iscorrect":1},{"id":"2532","description":"از او بخواهيد که موضوع را اعلام کند.","iscorrect":0}]}]}]},{"name":"دو راهنمای کوتاه برای وب نویسی","id":"121","contentorder":"3","lesson_number":2,"type":0,"filename":"lesson121.html"},{"name":"دو راهنمای کوتاه برای وب نویسی","id":"248","contentorder":"4","type":1,"set":[{"score":"60","questions":[{"id":"678","description":"تفاوت اصلیِ خوانشِ متن های چاپی و اينترنتی در چيست؟","answers":[{"id":"2533","description":"متن های چاپی را بايد به دقت خواند اما متن های اينترنتی را لازم نيست دقيق بخوانيد.","iscorrect":0},{"id":"2534","description":"متن های چاپی برای افراد مسن تر تهيه می شوند و متن های اينترنتی برای جوان ترها.","iscorrect":0},{"id":"2535","description":"متن های چاپی به طور خطی و پيوسته خوانده می شوند و متن های اينترنتی غير خطی و تکه تکه.","iscorrect":1},{"id":"2536","description":"متن چاپی قابل حمل کردن است اما متن اينترنتی را نمی شود جا به جا کرد.","iscorrect":0}]},{"id":"679","description":"در ارائه ی مطالب در اينترنت بهتر است از چه فرمتی استفاده کنيم؟","answers":[{"id":"2537","description":"متن را به صورت PDF ضمیمه یا منتشر کنیم.","iscorrect":0},{"id":"2538","description":"متن را در نرم افزار Word به صفحه ی آنلاين ضميمه می کنيم.","iscorrect":0},{"id":"2539","description":"متن چاپی را به صورت اسکن شده در صفحه بگذاريم.","iscorrect":0},{"id":"2540","description":"متن را مستقيماً در متن صفحه ی آنلاين بنويسيم.","iscorrect":1}]},{"id":"680","description":"نوشتن مطالب به صورت هرم معکوس به چه معنائی است؟","answers":[{"id":"2541","description":"يعنی سطرهای بالاتر پهن تر و سطرهای پائين تر باريک تر باشند.","iscorrect":0},{"id":"2542","description":"يعنی اطلاعات اصلی در بالا و جزئيات در پائين متن بيايد.","iscorrect":1},{"id":"2543","description":"يعنی داده های يک نوشتار چند وجهی باشد.","iscorrect":0},{"id":"2544","description":"يعنی متن به شکلی باشد که از همه جهت قابل خواندن باشد.","iscorrect":0}]}]},{"score":"60","questions":[{"id":"681","description":"به اعتقاد بوخهولتز نسبت مطالب بکر و دست اول در اينترنت به مطالب تکراری چقدر است؟","answers":[{"id":"2545","description":"۲۵ درصد","iscorrect":1},{"id":"2546","description":"۵۰ درصد","iscorrect":0},{"id":"2547","description":"۳۰ درصد","iscorrect":0},{"id":"2548","description":"۱۰ درصد","iscorrect":0}]},{"id":"682","description":"کاربرها در وهله ی اول به کدام جنبه ی يک نوشتار توجه می کنند؟","answers":[{"id":"2549","description":"اسم نویسنده","iscorrect":0},{"id":"2550","description":"زبان متن","iscorrect":0},{"id":"2551","description":"تعداد کلمه ها","iscorrect":0},{"id":"2552","description":"شکل و چینش صفحه","iscorrect":1}]},{"id":"683","description":"چرا توصيه می شود متن اينترنتی در پاراگراف های کوتاه و فاصله دار نوشته شود؟","answers":[{"id":"2553","description":"چون فضاهای خالی به نمايش بهتر متن کمک می کند.","iscorrect":1},{"id":"2554","description":"چون خواندن پاراگراف های طولانی در اينترنت دشوار است.","iscorrect":0},{"id":"2555","description":"چون کاربران اينترنت به ديدن تصوير علاقه دارند.","iscorrect":0},{"id":"2556","description":"چون کاربران اينترنت کم حوصله اند.","iscorrect":0}]}]}]},{"name":"از کجا به کجا","id":"122","contentorder":"5","lesson_number":3,"type":0,"filename":"lesson122.html"},{"name":"از کجا به کجا","id":"250","contentorder":"6","type":1,"set":[{"score":"60","questions":[{"id":"684","description":"پاسخ به شش سؤال اصلی خبری در ابتدای يک گزارش چرا اهميت دارد؟","answers":[{"id":"2557","description":"نشان دهنده ی آگاهی شما به قواعد گزارشگری است.","iscorrect":0},{"id":"2558","description":"با دادن خلاصه ای از موضوع به مخاطب در تصميم به پی گرفتن يا نگرفتن مطلب کمک می کند.","iscorrect":1},{"id":"2559","description":"مخاطب را از پرداختن به موضوع های فرعی منصرف می کند.","iscorrect":0},{"id":"2560","description":"تمرکز گزارش را بر نکات اوليه ی گزارش قرار می دهد.","iscorrect":0}]},{"id":"685","description":"نقش تيتر در يک گزارش چيست؟","answers":[{"id":"2561","description":"پيش آگهی و خلاصه ی يک گزارش در چند کلمه ی کوتاه است.","iscorrect":1},{"id":"2562","description":"معرف سياست نشريه در موضوع گزارش است.","iscorrect":0},{"id":"2563","description":"ابزار جذب مخاطب ها به هر شکل ممکن است.","iscorrect":0},{"id":"2564","description":"به چينش بهتر مطالب در صفحه کمک می کند.","iscorrect":0}]},{"id":"686","description":"در چه مواردی از صفات تفضيلی و عالی مثل «بهتر» يا «بزرگترين» می توان استفاده کرد؟","answers":[{"id":"2565","description":"وقتی گزارشگر می خواهد توجه مخاطبان را به اهميت موضوع جلب کند.","iscorrect":0},{"id":"2566","description":"وقتی به نظر گزارشگر اينگونه صفت ها بيان کننده ی درک او از مسأله اند.","iscorrect":0},{"id":"2567","description":"وقتی مبنای استفاده از آنها داده های اثبات شده ی علمی يا بديهی است.","iscorrect":1},{"id":"2568","description":"وقتی واژه ی مناسب ديگری برای تشريح يک وضعيت پيدا نمی شود.","iscorrect":0}]}]},{"score":"60","questions":[{"id":"687","description":"بهترين روش برای پرهيز از غلط های املائی کدام است؟","answers":[{"id":"2569","description":"استفاده نکردن از لغت های دشوار.","iscorrect":0},{"id":"2570","description":"دوباره خواندن متن نوشتار.","iscorrect":0},{"id":"2571","description":"مراجعه و جستجو در فرهنگ نامه ها.","iscorrect":1},{"id":"2572","description":"پرسيدن از دوستان.","iscorrect":0}]},{"id":"688","description":"چرا اکثراً ويرايش متن های آنلاين به اندازه ی ويرايش متن های چاپی مورد دقت قرار نمی گيرد؟","answers":[{"id":"2573","description":"چون مخاطب های آنلاين به اين مسأله اهميت نمی دهند.","iscorrect":0},{"id":"2574","description":"چون نويسندگان آنلاين کم سوادتر هستند.","iscorrect":0},{"id":"2575","description":"چون امکان بالقوه ی ويرايش بعدی آن وجود دارد.","iscorrect":1},{"id":"2576","description":"چون مخاطب ها مطالب آنلاين را نمی خوانند بلکه مرور (اسکن) می کنند.","iscorrect":0}]},{"id":"689","description":"در گذاشتن لينک ها کدام يک از نکات زير بايد مراعات شود؟","answers":[{"id":"2577","description":"همه ی مطالب مرتبط با موضوع گزارش فهرست شود.","iscorrect":0},{"id":"2578","description":"گزينه ای محدود اما مفيد از پيوست ها ارائه شود.","iscorrect":1},{"id":"2579","description":"گزينه ای محدود از مطالب مخالف با گزارش ارائه شود.","iscorrect":0},{"id":"2580","description":"گزينه ای محدود از مطالب در تأييد گزارش ارائه شود.","iscorrect":0}]}]}]},{"name":"نقش شکل در معنا","id":"123","contentorder":"7","lesson_number":4,"type":0,"filename":"lesson123.html"},{"name":"نقش شکل در معنا","id":"252","contentorder":"8","type":1,"set":[{"score":"60","questions":[{"id":"690","description":"پژوهش دانشگاه پرينستون چه روشی را برای درک بهتر يک متن پيشنهاد می کند؟","answers":[{"id":"2581","description":"افزودن عکس به متن","iscorrect":0},{"id":"2582","description":"استفاده از فونت های زيبا","iscorrect":0},{"id":"2583","description":"گذاشتن لينک های مرتبط","iscorrect":0},{"id":"2584","description":"ايجاد چالش های مناسب در ارائه ی مطلب","iscorrect":1}]},{"id":"691","description":"چرا بايد از شيوه ی نگارشی مشابهی در تمام متن استفاده کرد؟","answers":[{"id":"2585","description":"چون شکل صفحه بهتر می شود.","iscorrect":0},{"id":"2586","description":"چون ويراستاران بهتر می توانند متن را تصحيح کنند.","iscorrect":0},{"id":"2587","description":"چون ذهن مخاطب درگير نکات نالازم نمی شود.","iscorrect":1},{"id":"2588","description":"چون نشان دهنده ی اعتبار يک نشريه است.","iscorrect":0}]},{"id":"692","description":"گزارشگر برای انتخاب لحن مناسب در يک متن چه نکته ای را بايد در نظر داشته باشد؟","answers":[{"id":"2589","description":"خواست دبيران نشريه را","iscorrect":0},{"id":"2590","description":"زبان متداول در جامعه را","iscorrect":0},{"id":"2591","description":"نوع مخاطب های يک گزارش را","iscorrect":1},{"id":"2592","description":"از زبان محاوره ی روزمره ی خودش استفاده کند.","iscorrect":0}]}]},{"score":"60","questions":[{"id":"693","description":"بهترين روش برای جلوگيری از اشتباه های متداول در نويسندگی کدام است؟","answers":[{"id":"2593","description":"دقت در موقع نوشتن و ويرايش حرفه ای","iscorrect":1},{"id":"2594","description":"کم نوشتن و ويرايش حرفه ای","iscorrect":0},{"id":"2595","description":"زياد نوشتن و ويرايش حرفه ای","iscorrect":0},{"id":"2596","description":"کم اما با اشتياق نوشتن","iscorrect":0}]},{"id":"694","description":"در خواندن مروری (اسکن) مطالب آنلاين چه چيزی مخاطب ها را جلب می کند؟","answers":[{"id":"2597","description":"طول مطلب","iscorrect":0},{"id":"2598","description":"تعداد عکس ها","iscorrect":0},{"id":"2599","description":"سرتيترها و کلماتِ درشت نوشته شده.","iscorrect":1},{"id":"2600","description":"آگهی و باندهای صدا","iscorrect":0}]},{"id":"695","description":"مخاطب ها در يک متن به دنبال چه چيزی هستند؟","answers":[{"id":"2601","description":"سرگرمی","iscorrect":0},{"id":"2602","description":"تنوع","iscorrect":0},{"id":"2603","description":"زیبائی","iscorrect":0},{"id":"2604","description":"مطلب تازه","iscorrect":1}]}]}]},{"name":"بعضی ملاحظات در گویندگی","id":"124","contentorder":"9","lesson_number":5,"type":0,"filename":"lesson124.html"},{"name":"بعضی ملاحظات در گویندگی","id":"254","contentorder":"10","type":1,"set":[{"score":"60","questions":[{"id":"696","description":"در گفتگوی تلفنی يا گوش کردن به راديو چه چيزی نقش تعيين کننده تری دارد؟","answers":[{"id":"2605","description":"متن گفتار يا حرف ها.","iscorrect":0},{"id":"2606","description":"کيفيت گيرنده يا گوشی.","iscorrect":0},{"id":"2607","description":"صدا و لحن گوينده.","iscorrect":1},{"id":"2608","description":"توجه و علاقه ی شنونده.","iscorrect":0}]},{"id":"697","description":"چه روشی به درست خواندن يک متن در موقع ضبط صدا کمک می کند؟","answers":[{"id":"2609","description":"نوشتن متن با حروف جدا","iscorrect":0},{"id":"2610","description":"علامت گذاریِ جای تجديد نفس در متن","iscorrect":1},{"id":"2611","description":"استفاده از جمله های ساده","iscorrect":0},{"id":"2612","description":"داشتن گوشی و شنيدن صدای خود در موقع ضبط","iscorrect":0}]},{"id":"698","description":"مصاحبه کننده بايد به کدام يک از امور زير توجه بيشتری داشته باشد؟","answers":[{"id":"2613","description":"نحوه ی نشستن خودش در برابر ميکروفون","iscorrect":0},{"id":"2614","description":"زاويه ی ميکروفون با مصاحبه شونده","iscorrect":0},{"id":"2615","description":"حرف های مصاحبه شونده","iscorrect":1},{"id":"2616","description":"فاصله ی بين خودش و مصاحبه شونده","iscorrect":0}]}]},{"score":"60","questions":[{"id":"699","description":"گزارشگر چطور می تواند احساسات خودش را نشان بدهد؟","answers":[{"id":"2617","description":"با طبيعی رفتار کردن","iscorrect":1},{"id":"2618","description":"با تمرين قبلی روی صدای خودش","iscorrect":0},{"id":"2619","description":"با تغيير لحن و آهنگ صدا","iscorrect":0},{"id":"2620","description":"با ابراز آن توسط کلمات","iscorrect":0}]},{"id":"700","description":"چه چيزی اعتماد مخاطب را به مصاحبه کننده جلب می کند؟","answers":[{"id":"2621","description":"داشتن صدای آرام و اطمينان بخش","iscorrect":0},{"id":"2622","description":"عکس العمل درست به حرف های مصاحبه شونده","iscorrect":1},{"id":"2623","description":"همراه داشتن سؤال های خوب و از قبل آماده شده","iscorrect":0},{"id":"2624","description":"جلوگيری از پرگوئی مصاحبه شونده","iscorrect":0}]},{"id":"701","description":"برای آرام کردن مصاحبه شونده قبل از شروع گفتگو چه کاری بهتر است؟","answers":[{"id":"2625","description":"سؤال ها را به او بدهيد.","iscorrect":0},{"id":"2626","description":"از او بخواهيد متنی را برايتان بخواند.","iscorrect":0},{"id":"2627","description":"چند دقيقه سکوت کنيد.","iscorrect":0},{"id":"2628","description":"چند دقيقه ای با او خارج از موضوع مصاحبه گفتگوی آزاد داشته باشيد.","iscorrect":1}]}]}]},{"name":"اسباب و روش ضبط صدا","id":"125","contentorder":"11","lesson_number":6,"type":0,"filename":"lesson125.html"},{"name":"اسباب و روش ضبط صدا","id":"256","contentorder":"12","type":1,"set":[{"score":"60","questions":[{"id":"702","description":"برای ضبط صدا از راه دور چه نوع ميکروفونی مناسب تر است؟","answers":[{"id":"2629","description":"آمنی يا چندجهتی","iscorrect":0},{"id":"2630","description":"يقه ای","iscorrect":0},{"id":"2631","description":"دستی","iscorrect":0},{"id":"2632","description":"جهت دار","iscorrect":1}]},{"id":"703","description":"چه وسيله ای بيش از همه در موقع ضبط صدا در هوای بارانی مفيد است؟","answers":[{"id":"2633","description":"بارانی","iscorrect":0},{"id":"2634","description":"کلاه","iscorrect":0},{"id":"2635","description":"کاندوم","iscorrect":1},{"id":"2636","description":"بادگیر","iscorrect":0}]},{"id":"704","description":"برای ضبط صدا در جای شلوغ کدام تدبير مفيد است؟","answers":[{"id":"2637","description":"نزديک کردن ميکروفون به دهان گوينده.","iscorrect":1},{"id":"2638","description":"پائين گرفتن ميکروفون.","iscorrect":0},{"id":"2639","description":"گرفتن ميکروفون با زاويه.","iscorrect":0},{"id":"2640","description":"بلند کردن Level ضبط صدا.","iscorrect":0}]}]},{"score":"60","questions":[{"id":"705","description":"وقتی قدرت صدای دو طرف يک گفتگو با هم برابر نيست چه بايد کرد؟","answers":[{"id":"2641","description":"تنظيم صدا را مرتباً تغيير داد.","iscorrect":0},{"id":"2642","description":"ميکروفون را در وسط دو نفر گرفت.","iscorrect":0},{"id":"2643","description":"ميکروفون را به همان نسبت به يکی نزديک و از ديگری دور گرفت.","iscorrect":1},{"id":"2644","description":"از دو ميکروفون استفاده کرد.","iscorrect":0}]},{"id":"706","description":"برای اين که صدای پافِ گوينده شنيده نشود چه بايد کرد؟","answers":[{"id":"2645","description":"به او يادآوری کرد که از کلماتی که با حروف پرفشار مثل پ و ب شروع می شوند کمتر استفاده کند.","iscorrect":0},{"id":"2646","description":"از ميکروفون جهت دار استفاده کرد.","iscorrect":0},{"id":"2647","description":"ميکروفون را با زاويه در مقابل او گرفت.","iscorrect":1},{"id":"2648","description":"ميکروفون را با فاصله از او نگه داشت.","iscorrect":0}]},{"id":"707","description":"برای مصاحبه در فضاهای بزرگ سرپوشيده بهترين جا کجاست؟","answers":[{"id":"2649","description":"در وسط محوطه.","iscorrect":0},{"id":"2650","description":"در کنار اما نه چسبيده به ديوار.","iscorrect":1},{"id":"2651","description":"چسبيده به يکی از ديوارها.","iscorrect":0},{"id":"2652","description":"در کنار و رو به ديوار.","iscorrect":0}]}]}]}]}