{"courseId":"20","contents":[{"name":"کدام رسانه ها","id":"87","contentorder":"1","lesson_number":1,"type":0,"filename":"lesson87.html"},{"name":"کدام رسانه ها","id":"184","contentorder":"2","type":1,"set":[{"score":"60","questions":[{"id":"487","description":"در شروع ساخت يک گزارش چندرسانه ای چه کاری اولويت دارد؟","answers":[{"id":"1769","description":"پيدا کردن افرادی که بايد مصاحبه شوند.","iscorrect":0},{"id":"1770","description":"نوشتن متن گزارش.","iscorrect":0},{"id":"1771","description":"تعيين قابليت های متفاوت رسانه ای آن.","iscorrect":1},{"id":"1772","description":"گرفتن عکس.","iscorrect":0}]},{"id":"488","description":"مقصود از غير خطی بودن گزارش چندرسانه ای چيست؟","answers":[{"id":"1773","description":"يعنی متن نوشته ندارد.","iscorrect":0},{"id":"1774","description":"يعنی از خط فکری خاصی پيروی نمی کند. ‌","iscorrect":0},{"id":"1775","description":"يعنی مخاطب نبايد آن را از ابتدا تا انتهای مسير مشخصی دنبال کند.","iscorrect":1},{"id":"1776","description":"يعنی شکل منظمی ندارد.","iscorrect":0}]},{"id":"489","description":"کارآمدترين شيوه ی تحقيق اوليه برای گزارش چندرسانه ای کدام است؟","answers":[{"id":"1777","description":"جستجو در اينترنت.","iscorrect":1},{"id":"1778","description":"تماس با افراد مطلع.","iscorrect":0},{"id":"1779","description":"جستجو در آرشيوهای دولتی.","iscorrect":0},{"id":"1780","description":"مراجعه به ويکی پيديا.","iscorrect":0}]}]},{"score":"60","questions":[{"id":"490","description":"خبرنگار نيويورک تايمز چه مدت در اسارت طالبان بود؟","answers":[{"id":"1781","description":"چهار ماه","iscorrect":0},{"id":"1782","description":"هفت ماه و ده روز","iscorrect":1},{"id":"1783","description":"صد روز","iscorrect":0},{"id":"1784","description":"هشت ماه و نيم","iscorrect":0}]},{"id":"491","description":"بنا بر گزارش کودکان افغان بچه ها بعد از زلزله ی بم به چه کسی پناه برده اند؟","answers":[{"id":"1785","description":"به دوست خانوادگی شان.","iscorrect":0},{"id":"1786","description":"به عمو و زن عمويشان.","iscorrect":0},{"id":"1787","description":"به يک مسگر در يزد.","iscorrect":1},{"id":"1788","description":"به يک خانواده ی ايرانی در يزد.","iscorrect":0}]},{"id":"492","description":"چرا بايد اطلاعات ويکی پيديا را با دقت زيادتری بررسی کرد؟","answers":[{"id":"1789","description":"چون نويسنده ی ويکی پيديا اشتباهات زيادی دارد.","iscorrect":0},{"id":"1790","description":"چون همه کس می تواند در ويکی پيديا مطلب بنويسد و الزاماً همه ی مطالب نوشته شده درست نيست.","iscorrect":1},{"id":"1791","description":"چون ويکی پيديا ابزاری برای تبليغات غرب است.","iscorrect":0},{"id":"1792","description":"چون ويکی پيديا نسخه ی چاپی ندارد.","iscorrect":0}]}]}]},{"name":"پژوهش","id":"88","contentorder":"3","lesson_number":2,"type":0,"filename":"lesson88.html"},{"name":"پژوهش","id":"186","contentorder":"4","type":1,"set":[{"score":"60","questions":[{"id":"493","description":"چرا گزارشگر بايد در جوانب گوناگون يک موضوع پژوهش کند؟","answers":[{"id":"1793","description":"چون به کارش تنوع می دهد.","iscorrect":0},{"id":"1794","description":"چون می تواند از آن مطالب در گزارش های ديگری استفاده کند.","iscorrect":0},{"id":"1795","description":"چون گزارش اش جامع و فراگير خواهد شد.","iscorrect":1},{"id":"1796","description":"چون نوشتن متن را آسان می کند.","iscorrect":0}]},{"id":"494","description":"تصور وجود يک مخاطب مطلع برای گزارش چه فايده ای دارد؟","answers":[{"id":"1797","description":"اسباب دلخوشی گزارشگر می شود.","iscorrect":0},{"id":"1798","description":"گزارشگر را به دقت در محتوای‌ گزارش وا می دارد.","iscorrect":1},{"id":"1799","description":"به گزارشگر در انجام پژوهش اش کمک می کند.","iscorrect":0},{"id":"1800","description":"جلوی طولانی شدن گزارش را می گیرد.","iscorrect":0}]},{"id":"495","description":"چرا بايد از جانب ديگر همه ی اطلاعات پايه ای را نيز در يک گزارش گنجاند؟","answers":[{"id":"1801","description":"برای اين که گزارشگر بتواند با راحتی بيشتری بنويسد.","iscorrect":0},{"id":"1802","description":"برای اين که هيچ نکته ای به عنوان پيش فرض از قلم نيفتد.","iscorrect":1},{"id":"1803","description":"برای اين که به حجم گزارش اضافه شود.","iscorrect":0},{"id":"1804","description":"برای اين که اکثر مخاطب ها فقط به اطلاعات پايه ای علاقه دارند.","iscorrect":0}]}]},{"score":"60","questions":[{"id":"496","description":"نداشتن پژوهش ميدانی و تماس با افراد درگير در يک مسأله چه تأثيری بر يک گزارش می گذارد؟","answers":[{"id":"1805","description":"آن را ساده تر می کند.","iscorrect":0},{"id":"1806","description":"ن را خلاصه می کند.","iscorrect":0},{"id":"1807","description":"دقت و فراگيری آن را کاهش می دهد.","iscorrect":1},{"id":"1808","description":"نظر افراد غير مطلع را انتشار می دهد.","iscorrect":0}]},{"id":"497","description":"دادن پيوست ها به مطالبی در زمينه ی پايه ای به چه منظوری است؟","answers":[{"id":"1809","description":"کار گزارشگر آسان تر بشود.","iscorrect":0},{"id":"1810","description":"به مخاطب اطلاعات بيش تری داده شود.","iscorrect":1},{"id":"1811","description":"اگر مخاطب مايل بود بتواند در صفحات ديگری گردش کند.","iscorrect":0},{"id":"1812","description":"شکل گزارش تنوع پيدا کند.","iscorrect":0}]},{"id":"498","description":"گزينش اطلاعات برای ارائه در يک گزارش بايد به چه نحو و بر چه اساسی باشد؟","answers":[{"id":"1813","description":"توسط سردبير و به سليقه ی او.","iscorrect":0},{"id":"1814","description":"توسط گزارشگر و به اقتضای نيازهای مخاطبان.","iscorrect":1},{"id":"1815","description":"توسط مخاطب ها و به توصيه ی سردبير.","iscorrect":0},{"id":"1816","description":"به پيشنهاد افراد مطلع و تصويب سردبير.","iscorrect":0}]}]}]},{"name":"نوشتن طرح اوليه","id":"89","contentorder":"5","lesson_number":3,"type":0,"filename":"lesson89.html"},{"name":"نوشتن طرح اوليه","id":"189","contentorder":"6","type":1,"set":[{"score":"60","questions":[{"id":"502","description":"طرح اوليه يعنی چه؟","answers":[{"id":"1829","description":"کشيدن تصاويری از آنچه در يک فيلم می آيد.","iscorrect":0},{"id":"1830","description":"يادداشت مقدماتی از انگيزه ها و دلائل و روش ساخت يک گزارش.","iscorrect":1},{"id":"1831","description":"برآورد مالی توليد يک گزارش.","iscorrect":0},{"id":"1832","description":"برنامه ی روزهای توليد گزارش.","iscorrect":0}]},{"id":"503","description":"اولين تصميم در تهيه ی يک گزارش در چه موردی است؟","answers":[{"id":"1833","description":"موضوع و رسانه های آن.","iscorrect":1},{"id":"1834","description":"هزينه ها و زمان توليد.","iscorrect":0},{"id":"1835","description":"همکاران و کسانی که با آنها بايد تماس گرفت.","iscorrect":0},{"id":"1836","description":"شناسائی مخاطبان گزارش.","iscorrect":0}]},{"id":"504","description":"دوسويه گی در گزارش اينترنتی به چه می گويند؟","answers":[{"id":"1837","description":"اين که کاربر بتواند به هر دو جانب يک موضوع دسترسی پيدا کند.","iscorrect":0},{"id":"1838","description":"اين که کاربر در مسير گزارش هدايت بشود.","iscorrect":0},{"id":"1839","description":"اين که کاربر در صورت تمايل از صفحه خارج شود.","iscorrect":0},{"id":"1840","description":"اين که امکان ارتباط دوسويه ميان مخاطب و گزارشگر در سايت وجود داشته باشد.","iscorrect":1}]}]},{"score":"60","questions":[{"id":"508","description":"طرح اوليه بهتر است بر چه اساسی تقسيم و لايه لايه شود؟","answers":[{"id":"1853","description":"براساس موضوع ها.","iscorrect":0},{"id":"1854","description":"براساس زمان انجام کار.","iscorrect":0},{"id":"1855","description":"براساس ابزارهای کار.","iscorrect":1},{"id":"1856","description":"براساس هزينه ها.","iscorrect":0}]},{"id":"509","description":"در انتخاب ابزار ارائه ی يک مطلب مهمترين عامل چيست؟","answers":[{"id":"1857","description":"کارآئی آن در فهم گزارش.","iscorrect":1},{"id":"1858","description":"زيبائی آن در صفحه.","iscorrect":0},{"id":"1859","description":"آسان تر بودن توليد.","iscorrect":0},{"id":"1860","description":"داشتن ابزار کار.","iscorrect":0}]},{"id":"510","description":"مهمترين فايده ی طرح اوليه برای گزارشگر چيست؟","answers":[{"id":"1861","description":"که کارها زودتر انجام شود.","iscorrect":0},{"id":"1862","description":"که هزينه ها قابل کنترل بشوند.","iscorrect":0},{"id":"1863","description":"که همکاران در جريان کار قرار گيرند.","iscorrect":0},{"id":"1864","description":"که در ازدحام توليد چيزی از قلم نيفتد.","iscorrect":1}]}]}]},{"name":"برنامه ريزی ساخت و تهيه ی بودجه","id":"90","contentorder":"7","lesson_number":4,"type":0,"filename":"lesson90.html"},{"name":"برنامه ريزی ساخت و تهيه ی بودجه","id":"188","contentorder":"8","type":1,"set":[{"score":"60","questions":[{"id":"499","description":"برنامه ريزی ساخت يک گزارش بر چه اساسی انجام می شود؟","answers":[{"id":"1817","description":"پيشنهاد مسئول نشريه ی اينترنتی.","iscorrect":0},{"id":"1818","description":"طرح اوليه گزارش.","iscorrect":1},{"id":"1819","description":"مذاکرات بين گزارشگر و تيم همراه اش.","iscorrect":0},{"id":"1820","description":"زمان ساخت گزارش.","iscorrect":0}]},{"id":"500","description":"چرا يک گزارشگر بايد مراقب نظافت شخصی اش باشد؟","answers":[{"id":"1821","description":"برای اين که فقدان آن ممکن است ذهن مخاطبان و مصاحبه شونده ها را مغشوش کند.","iscorrect":0},{"id":"1822","description":"برای اين که مورد احترام قرار گيرد.","iscorrect":0},{"id":"1823","description":"برای اين که زيبا جلوه کند.","iscorrect":0},{"id":"1824","description":"همه ی موارد بالا.","iscorrect":1}]},{"id":"501","description":"پيش از رفتن به يک سفر چندروزه برای تهيه ی گزارش بايد مطمئن شد که:","answers":[{"id":"1825","description":"توافق ها و اجازه های لازم برای کار فراهم شده.","iscorrect":1},{"id":"1826","description":"در محل رستوران های مناسبی وجود دارد.","iscorrect":0},{"id":"1827","description":"راه های اطلاع رسانی و تماس با مرکز وجود دارد.","iscorrect":0},{"id":"1828","description":"کسی در محل راهنمای گروه خواهد شد.","iscorrect":0}]}]},{"score":"60","questions":[{"id":"505","description":"در برنامه ريزی توليد کدام قسمت های کار بايد پوشش داده شود؟","answers":[{"id":"1841","description":"پژوهش.","iscorrect":0},{"id":"1842","description":"تمام مراحل از پژوهش تا تحويل.","iscorrect":1},{"id":"1843","description":"نگارش و سفر.","iscorrect":0},{"id":"1844","description":"مشکلات احتمالی.","iscorrect":0}]},{"id":"506","description":"در تنظيم هزينه های توليد يک گزارش تا چه حد می توان دقيق عمل کرد؟","answers":[{"id":"1845","description":"صد در صد.","iscorrect":0},{"id":"1846","description":"مطلقاً نمی توان دقيق بود.","iscorrect":0},{"id":"1847","description":"پنجاه درصد.","iscorrect":0},{"id":"1848","description":"صد در صد برای هزينه های قابل پيش بينی و با ضريبی تقريبی برای رويدادهای پيش بينی نشده.","iscorrect":1}]},{"id":"507","description":"دبير يک نشريه ی اينترنتی برای ارزيابی و پذيرش يک طرح بايد:","answers":[{"id":"1849","description":"رضايت صاحب امتياز آن را داشته باشد.","iscorrect":0},{"id":"1850","description":"توافق مسئول مالی را بگيرد.","iscorrect":0},{"id":"1851","description":"طرح اوليه، برنامه‌ ريزی و بودجه ی کار را ببيند.","iscorrect":1},{"id":"1852","description":"با دبيران نشريات ديگر مشورت کند.","iscorrect":0}]}]}]},{"name":"اطلاعات شفاهی و مصاحبه","id":"91","contentorder":"9","lesson_number":5,"type":0,"filename":"lesson91.html"},{"name":"اطلاعات شفاهی و مصاحبه","id":"192","contentorder":"10","type":1,"set":[{"score":"60","questions":[{"id":"511","description":"هميشه بهتر است که گزارشگر قبل از مصاحبه:","answers":[{"id":"1865","description":"سؤال ها را به مصاحبه شونده بدهد.","iscorrect":0},{"id":"1866","description":"با گفتگوئی شخصی مصاحبه شونده را برای مصاحبه آماده کند.","iscorrect":1},{"id":"1867","description":"سعی کند مصاحبه شونده، تا حد ممکن، از موضوع گفتگو بی خبر بماند.","iscorrect":0},{"id":"1868","description":"سؤال هائی را که در جريان مصاحبه نمی تواند مطرح کند بپرسد.","iscorrect":0}]},{"id":"512","description":"مصاحبه کننده برای اين که بتواند پاسخ های درستی از مصاحبه شونده بگيرد بايد:","answers":[{"id":"1869","description":"تا جای ممکن از سؤالات چالش برانگيز پرهيز کند.","iscorrect":0},{"id":"1870","description":"به مصاحبه شونده اجازه بدهد گفتگو را در جهت تمايل خودش جلو ببرد.","iscorrect":0},{"id":"1871","description":"پاسخ های کليشه ای و از پيش تمرين شده را با آرامش و خونسردی به چالش بگيرد.","iscorrect":1},{"id":"1872","description":"در مواردی که پاسخ درست به نظر نمی رسد به مصاحبه شونده اعتراض کند.","iscorrect":0}]},{"id":"513","description":"اگر مصاحبه شونده ای در جواب پرسش های شما پاسخ های غير واقعی می دهد بايد چه کنيد؟","answers":[{"id":"1873","description":"با لحن مؤدبانه ای به او يادآوری کنيد که دروغ می گويد.","iscorrect":0},{"id":"1874","description":"حرف او را قطع کنيد و تذکر دهيد که بهتر است دروغ نگويد.","iscorrect":0},{"id":"1875","description":"با ارائه ی مستندهائی نشان دهيد که آنچه می گويد درست نيست.","iscorrect":1},{"id":"1876","description":"از کسان ديگری که در مصاحبه حضور دارند برای افشای دروغ او کمک بگيريد.","iscorrect":0}]}]},{"score":"60","questions":[{"id":"514","description":"در مصاحبه ای که به منظور نظرسنجی انجام می شود چه چيزی اهميت دارد؟","answers":[{"id":"1877","description":"جواب ها کوتاه باشد.","iscorrect":0},{"id":"1878","description":"جواب ها متنوع باشد.","iscorrect":0},{"id":"1879","description":"تعداد جواب دهنده ها زياد نباشد.","iscorrect":0},{"id":"1880","description":"جواب دهنده ها از گروه های مختلف اجتماعی باشند.","iscorrect":1}]},{"id":"515","description":"اگر مصاحبه شونده ای در نيمه ی کار از ادامه ی گفتگو منصرف شد چه بايد کرد؟","answers":[{"id":"1881","description":"بايد به او تذکر داد که از نظر حقوقی موظف به اتمام مصاحبه است.","iscorrect":0},{"id":"1882","description":"بايد از مديران رسانه خواست که با مصاحبه شونده تماس بگيرند و امکان ادامه ی کار را فراهم کنند.","iscorrect":0},{"id":"1883","description":"بايد خواسته ی مصاحبه شونده را پذيرفت.","iscorrect":1},{"id":"1884","description":"بايد نظر او را که بيرون از مصاحبه بيان کرده به نقل از او در گزارش گنجاند.","iscorrect":0}]},{"id":"516","description":"اگر برای گردآوری اطلاعات در يک زمينه با کسی مصاحبه می کنيد چه پرسش هائی اهميت دارد؟","answers":[{"id":"1885","description":"مصاحبه شونده اطلاعات اش را از کجا آورده.","iscorrect":0},{"id":"1886","description":"چرا مصاحبه شونده حاضر به گفتگو شده.","iscorrect":0},{"id":"1887","description":"مصاحبه شونده در مقابل دادن اطلاعات چه انتظاری از شما دارد؟","iscorrect":0},{"id":"1888","description":"پرسش های پايه ای کی، چی، کِی، چرا، کجا، و چه وقت.","iscorrect":1}]}]}]},{"name":"آداب مصاحبه","id":"92","contentorder":"11","lesson_number":6,"type":0,"filename":"lesson92.html"},{"name":"آداب مصاحبه","id":"194","contentorder":"12","type":1,"set":[{"score":"60","questions":[{"id":"517","description":"در برابر خواسته های مصاحبه شونده بايد چه کرد؟","answers":[{"id":"1889","description":"خواسته های او را پذيرفت.","iscorrect":0},{"id":"1890","description":"خواسته های او را ناديده گرفت.","iscorrect":0},{"id":"1891","description":"از مصاحبه صرف نظر کرد.","iscorrect":0},{"id":"1892","description":"فقط در مشورت با صاحب نظران خواسته های قابل قبول را پذيرفت.","iscorrect":1}]},{"id":"518","description":"اگر مصاحبه شونده از حضور وسائل ضبط مضطرب شد بايد چه کرد؟","answers":[{"id":"1893","description":"بدون ضبط کردن گفتگو کرد.","iscorrect":0},{"id":"1894","description":"وسائل ضبط را مخفی کرد.","iscorrect":0},{"id":"1895","description":"با گفتگوهای پراکنده و دادن اطمينان به مصاحبه شونده او را آرام کرد.","iscorrect":1},{"id":"1896","description":"به گفتگو ادامه داد چون به تدريج آرام خواهد شد.","iscorrect":0}]},{"id":"519","description":"بهترين روش طرح سؤال کدام است؟","answers":[{"id":"1897","description":"تنظيم سؤال ها در مشورت با مصاحبه شونده.","iscorrect":0},{"id":"1898","description":"انتخاب سؤال هائی که قبلاً در مصاحبه های ديگر پرسيده شده و مصاحبه شونده به پاسخ آن تسلط دارد.","iscorrect":0},{"id":"1899","description":"پژوهش کافی پيش از مصاحبه و طرح پرسش های بکر.","iscorrect":1},{"id":"1900","description":"داشتن يک سؤال اوليه و دنبال کردن آن بنا به پاسخ مصاحبه شونده.","iscorrect":0}]}]},{"score":"60","questions":[{"id":"520","description":"اگر در هنگام مصاحبه آثار خستگی در مصاحبه شونده پيدا شد چه بايد کرد؟","answers":[{"id":"1901","description":"جهت گفتگو را تغيير داد.","iscorrect":0},{"id":"1902","description":"سرعت گفتگو را افزايش داد.","iscorrect":0},{"id":"1903","description":"به مصاحبه پايان داد.","iscorrect":0},{"id":"1904","description":"در صورت امکان به مصاحبه شونده فرصتی برای تجديد قوا داد.","iscorrect":1}]},{"id":"521","description":"برای گرفتن اطلاعات بهتر است با چه نوع افرادی مصاحبه کرد؟","answers":[{"id":"1905","description":"کسانی که در زمينه ی مورد بحث اطلاعات کافی دارند.","iscorrect":1},{"id":"1906","description":"با مقامات مسئول.","iscorrect":0},{"id":"1907","description":"با افرادی که از دستگاه های ضبط گفتگو نمی ترسند.","iscorrect":0},{"id":"1908","description":"با افراد مسن تر و مجرب تر.","iscorrect":0}]},{"id":"522","description":"اگر پاسخ های مصاحبه شونده با پرسش ها همخوانی نداشت بايد چه کرد؟","answers":[{"id":"1909","description":"مؤدبانه حرف او را قطع کرد و گفتگو را به مسير درست برگرداند.","iscorrect":1},{"id":"1910","description":"اجازه داد که به حرف هايش ادامه دهد.","iscorrect":0},{"id":"1911","description":"به او تذکر داد که بايد به پرسش ها توجه کند.","iscorrect":0},{"id":"1912","description":"از او پرسيد که آيا سؤال را فهميده يا نه؟","iscorrect":0}]}]}]},{"name":"دشواری های مصاحبه و بعضی راه حل ها","id":"93","contentorder":"13","lesson_number":7,"type":0,"filename":"lesson93.html"},{"name":"دشواری های مصاحبه و بعضی راه حل ها","id":"196","contentorder":"14","type":1,"set":[{"score":"60","questions":[{"id":"523","description":"بهترين روش برای جلب کسی که به انجام مصاحبه علاقه ندارد چيست؟","answers":[{"id":"1913","description":"برخورد قاطع و جدی.","iscorrect":0},{"id":"1914","description":"دوستی و جلب اعتماد.","iscorrect":1},{"id":"1915","description":"تماس از طريق آشنايان او.","iscorrect":0},{"id":"1916","description":"پرداخت پول.","iscorrect":0}]},{"id":"524","description":"وقتی مصاحبه شونده شما را به جانبداری متهم می کند بايد چه برخوردی داشته باشيد؟","answers":[{"id":"1917","description":"بايد توضيح و پاسخ روشنی به اتهامات بدهيد.","iscorrect":0},{"id":"1918","description":"بدون دادن جوابی به اتهامات گفتگو را به موضوع اصلی برگردانيد.","iscorrect":1},{"id":"1919","description":"از مصاحبه شونده بخواهيد سند ارائه کند.","iscorrect":0},{"id":"1920","description":"به مصاحبه شونده تذکر بدهيد که می دانيد چرا موضوع بحث را عوض کرده است.","iscorrect":0}]},{"id":"525","description":"آيا پرداخت دستمزد به مصاحبه شونده مجاز است؟","answers":[{"id":"1921","description":"کاملاً مجاز است.","iscorrect":0},{"id":"1922","description":"مطلقاً مجاز نيست.","iscorrect":0},{"id":"1923","description":"بهتر است به صورت نقدی نباشد.","iscorrect":0},{"id":"1924","description":"در شرايط خاص و ضروری مجاز است.","iscorrect":1}]}]},{"score":"60","questions":[{"id":"526","description":"وقتی مصاحبه شونده ای پاسخ های‌ تک کلمه ای و خيلی کوتاه می دهد چه بايد کرد؟","answers":[{"id":"1925","description":"به او تذکر داد که بهتر است پاسخ های مشروح تری بدهد.","iscorrect":0},{"id":"1926","description":"شکل سؤال را طوری تغيير داد که مصاحبه شونده نتواند پاسخ کوتاهی بدهد.","iscorrect":1},{"id":"1927","description":"از مصاحبه با او صرف نظر کرد.","iscorrect":0},{"id":"1928","description":"مصاحبه را به وقت ديگری موکول کرد.","iscorrect":0}]},{"id":"527","description":"اولين اقدام در انجام يک مصاحبه ی خوب کدام است؟","answers":[{"id":"1929","description":"پوشيدن لباس مناسب.","iscorrect":0},{"id":"1930","description":"آراستن صحنه و تنظيم دستگاه ها.","iscorrect":0},{"id":"1931","description":"پژوهش قبلی در مورد مصاحبه شونده و موضوع گفتگو.","iscorrect":1},{"id":"1932","description":"حضور به موقع در محل مصاحبه.","iscorrect":0}]},{"id":"528","description":"کدام يک از روش های زير در انجام مصاحبه کارآمدتر است؟","answers":[{"id":"1933","description":"آماده کردن سؤال ها از قبل و پی گيری آنها.","iscorrect":0},{"id":"1934","description":"برخورد فی البداهه و جستجو برای سؤال های تازه از حرف مصاحبه شونده.","iscorrect":0},{"id":"1935","description":"آماده کردن سؤال ها از قبل اما تغيير و تبديل آنها به مناسبت و در جريان گفتگو.","iscorrect":1},{"id":"1936","description":"مشورت با مصاحبه‌شونده برای انتخاب سؤال ها‌ی مناسب.","iscorrect":0}]}]}]},{"name":"مصاحبه- نگاهی ديگر","id":"94","contentorder":"15","lesson_number":8,"type":0,"filename":"lesson94.html"},{"name":"مصاحبه- نگاهی ديگر","id":"198","contentorder":"16","type":1,"set":[{"score":"60","questions":[{"id":"529","description":"برای گی تاليز تأثير مسأله ی زبان بر مصاحبه چيست؟","answers":[{"id":"1937","description":"تأثير زيادی ندارد چون او بيشتر به متن زندگی مصاحبه شونده کار دارد تا حرف هايش.","iscorrect":1},{"id":"1938","description":"خيلی زياد چون زبان در توجيه رفتارهای افراد نقش تعيين کننده ای دارد.","iscorrect":0},{"id":"1939","description":"بستگی به فرد و زبان اش دارد. اگر زبان مصاحبه شونده را بداند تکيه ی مصاحبه را بر آن می گذارد.","iscorrect":0},{"id":"1940","description":"حتی وقتی زبان مصاحبه شونده را می فهمد سعی می کند با او ارتباط کلامی نداشته باشد.","iscorrect":0}]},{"id":"530","description":"ابزار ارتباطی اصلی گی تاليز برای مصاحبه هايش کدام است؟","answers":[{"id":"1941","description":"ایمیل.","iscorrect":0},{"id":"1942","description":"تلفن.","iscorrect":0},{"id":"1943","description":"نامه.","iscorrect":0},{"id":"1944","description":"تماس رو در رو.","iscorrect":1}]},{"id":"531","description":"گی تالیز چه نوع مکانی را برای مصاحبه بهتر می داند؟","answers":[{"id":"1945","description":"فضاهای بی طرف.","iscorrect":0},{"id":"1946","description":"خانه ی خودش.","iscorrect":0},{"id":"1947","description":"استوديوی ضبط.","iscorrect":0},{"id":"1948","description":"محل زندگی‌ مصاحبه شونده.","iscorrect":1}]}]},{"score":"60","questions":[{"id":"532","description":"گی تاليز دليل موفقيت خودش در جلب افراد به مصاحبه را چه می داند؟","answers":[{"id":"1949","description":"پذيرفتن حرف آنها.","iscorrect":0},{"id":"1950","description":"جلب دوستی و اعتماد آنها.","iscorrect":1},{"id":"1951","description":"برنامه ريزی دقيق.","iscorrect":0},{"id":"1952","description":"داشتن پشتوانه ی مالی کافی.","iscorrect":0}]},{"id":"533","description":"برای تاليز نقطه ی شروع گفتگو در باره ی يک موضوع کجاست؟","answers":[{"id":"1953","description":"زمانی که رويداد خاصی موضوع را برجسته کند.","iscorrect":0},{"id":"1954","description":"زمانی که شروع يک فکر است و هنوز، حتی برای مصاحبه شونده هم، کارها به جريان نيفتاده اند.","iscorrect":1},{"id":"1955","description":"زمانی که طرح گفتگو آماده بشود.","iscorrect":0},{"id":"1956","description":"زمانی که نشريه ای گفتگو را سفارش بدهد.","iscorrect":0}]},{"id":"534","description":"نظر تاليز در مورد استفاده از اسم مستعار چيست؟","answers":[{"id":"1957","description":"تا جای ممکن استفاده از آن را توصيه می کند.","iscorrect":0},{"id":"1958","description":"استفاده از آن را فقط در مواقع ضروری مجاز می داند.","iscorrect":0},{"id":"1959","description":"مطلقاً با اين کار مخالف است.","iscorrect":1},{"id":"1960","description":"خودش اکثراً از اسم مستعار استفاده می کند.","iscorrect":0}]}]}]}]}