{"courseId":"61","contents":[{"name":"مقدمه","id":"437","contentorder":"1","lesson_number":1,"type":0,"filename":"lesson437.html"},{"name":"درس اول- ملزومات سخت افزاری","id":"438","contentorder":"2","lesson_number":2,"type":0,"filename":"lesson438.html"},{"name":"ملزومات سخت افزاری","id":"726","contentorder":"3","type":1,"set":[{"score":"60","questions":[{"id":"2608","description":"کدامیک از قطعات زیر در یک دستگاه کامپیوتر، در بازدهی نرم افزار فتوشاپ موثر نیست؟","answers":[{"id":"9895","description":"RAM","iscorrect":0},{"id":"9896","description":"Video Graphic Card","iscorrect":0},{"id":"9897","description":"Hard Disk","iscorrect":0},{"id":"9898","description":"Modem","iscorrect":1}]},{"id":"2609","description":"کدامیک از موارد زیر، از مزایای سیستم عامل ۶۴ بیتی محسوب می شود؟","answers":[{"id":"9899","description":"افزایش سرعت و حجم عملیات در واحد زمان","iscorrect":0},{"id":"9900","description":"امکان استفاده از RAMهای بالای 3GB","iscorrect":0},{"id":"9901","description":"افزایش ظرفیت حافظه موجود","iscorrect":0},{"id":"9902","description":"موارد اول و دوم","iscorrect":1}]},{"id":"2610","description":"برای بهبود کارایی، بهتر است چه میزانی از RAM موجود به فتوشاپ اختصاص یابد؟","answers":[{"id":"9903","description":"حداقل ممکن","iscorrect":0},{"id":"9904","description":"حداکثر ممکن","iscorrect":0},{"id":"9905","description":"بهتر است میزان RAM از دامنه ایده آل توصیه شده توسط برنامه باشد.","iscorrect":1},{"id":"9906","description":"میزان RAM اختصاص یافته به نرم افزار مبنا نیست. بلکه میزان RAM در کامپیوتر نقش اساسی دارد.","iscorrect":0}]},{"id":"2611","description":"میزان Storage کامپیوتر، در کدامیک از جنبه های زیر با فتوشاپ در ارتباط است؟","answers":[{"id":"9907","description":"Scratch Disk","iscorrect":0},{"id":"9908","description":"Startup Drive","iscorrect":0},{"id":"9909","description":"Data Drive","iscorrect":0},{"id":"9910","description":"همه موارد","iscorrect":1}]},{"id":"2612","description":"در تقسیم Storage برای استفاده بهینه از Photoshop، کدامیک از موارد زیر توصیه می شود؟","answers":[{"id":"9911","description":"استفاده از تنها یک پارتیشن در زمانی که با پارتیشن های متعدد مواجهیم.","iscorrect":0},{"id":"9912","description":"استفاده از پارتیشن های مختلف برای Scratch Disk و Startup Drive و Data Drive","iscorrect":1},{"id":"9913","description":"استفاده مشترک از یک پارتیشن برای Data Drive و Scratch Disk","iscorrect":0},{"id":"9914","description":"تقسیم مساوی فضای حافظه موجود بین همه پارتیشن ها","iscorrect":0}]}]},{"score":"60","questions":[{"id":"2613","description":"کدامیک از موارد زیر می توانند در افزایش بازدهی فتوشاپ موثر باشند؟","answers":[{"id":"9915","description":"RAM","iscorrect":0},{"id":"9916","description":"CPU","iscorrect":0},{"id":"9917","description":"Video Graphic Card","iscorrect":0},{"id":"9918","description":"همه موارد","iscorrect":1}]},{"id":"2614","description":"کدامیک از مسیرهای زیر برای اختصاص RAM در فتوشاپ مورد استفاده قرار می گیرد؟","answers":[{"id":"9919","description":"Edit > Preferences > Performance (Windows)","iscorrect":0},{"id":"9920","description":"Edit > Preferences > Interface (Windows)","iscorrect":0},{"id":"9921","description":"Photoshop > Preferences > Performance (Mac)","iscorrect":0},{"id":"9922","description":"موارد اول و دوم","iscorrect":1}]},{"id":"2615","description":"کدامیک از موارد زیر، مسئول ایجاد فضای مجازی در زمان کمبود RAM در فرآیندهای فتوشاپ است؟","answers":[{"id":"9923","description":"Scratch Disk","iscorrect":1},{"id":"9924","description":"Startup Drive","iscorrect":0},{"id":"9925","description":"Data Drive","iscorrect":0},{"id":"9926","description":"هیچکدام","iscorrect":0}]},{"id":"2616","description":"پردازشگر کارت گرافیک در فتوشاپ با چه اصطلاحی شناخته می شود؟","answers":[{"id":"9927","description":"CPU","iscorrect":0},{"id":"9928","description":"Scratch Disc","iscorrect":0},{"id":"9929","description":"GPU","iscorrect":1},{"id":"9930","description":"VGA","iscorrect":0}]},{"id":"2617","description":"کدامیک از موارد زیر اهمیت استفاده از مانیتور در فتوشاپ را نشان می دهد؟","answers":[{"id":"9931","description":"نمایش صحیح و دقیق رنگ ها","iscorrect":0},{"id":"9932","description":"از بین بردن نیاز به کارت گرافیک قوی","iscorrect":0},{"id":"9933","description":"تعداد رنگ هایی که قادر به نمایش در مانیتور است.","iscorrect":0},{"id":"9934","description":"موارد اول و سوم","iscorrect":1}]}]}]},{"name":"درس دوم- معرفی Interface و Work Space (فضای کاری)","id":"441","contentorder":"4","lesson_number":3,"type":0,"filename":"lesson441.html"},{"name":"معرفی Interface و Work Space (فضای کاری)","id":"728","contentorder":"5","type":1,"set":[{"score":"60","questions":[{"id":"2618","description":"قابلیت ها و تنظیمات هر ابزار، در کدام بخش محیط فتوشاپ یافت می شوند؟","answers":[{"id":"9935","description":"Menu Bar","iscorrect":0},{"id":"9936","description":"Option Bar","iscorrect":1},{"id":"9937","description":"Tool Bar","iscorrect":0},{"id":"9938","description":"Panel","iscorrect":0}]},{"id":"2619","description":"فهرست پنل ها در کدامیک از Menuهای اصلی فتوشاپ یافت می شوند؟","answers":[{"id":"9939","description":"Window","iscorrect":1},{"id":"9940","description":"File","iscorrect":0},{"id":"9941","description":"Image","iscorrect":0},{"id":"9942","description":"Edit","iscorrect":0}]},{"id":"2620","description":"برای بستن یک پنل در محیط فتوشاپ، از کدام فرمان و در کدام مسیر استفاده می شود؟","answers":[{"id":"9943","description":"فرمان Close در منوی File","iscorrect":0},{"id":"9944","description":"فرمان Close در منوی پنل","iscorrect":1},{"id":"9945","description":"فرمان Close Tab Group در منوی پنل","iscorrect":0},{"id":"9946","description":"استفاده از کلید Escape","iscorrect":0}]},{"id":"2621","description":"برای اینکه پنل ها در محیط فتوشاپ، فضای کمتری را در محیط فتوشاپ اشغال کنند، از چه فرمان یا سمبلی باید استفاده کرد؟","answers":[{"id":"9947","description":"فرمان Close Tab Group در منوی پنل","iscorrect":0},{"id":"9948","description":"فرمان Close در منوی پنل","iscorrect":0},{"id":"9949","description":"سمبل دو مثلث به راست در گوشه بالای بخش پنل ها","iscorrect":1},{"id":"9950","description":"سمبل دو مثلث به چپ در گوشه بالای بخش پنل ها","iscorrect":0}]},{"id":"2622","description":"در کدامیک از مسیرهای زیر می توان منوها و محتویات آنها را تنظیم کرد؟","answers":[{"id":"9951","description":"Edit > Preferences > Performance","iscorrect":0},{"id":"9952","description":"Edit > Preferences > Interface","iscorrect":0},{"id":"9953","description":"منوی Window","iscorrect":0},{"id":"9954","description":"Edit > Menus","iscorrect":1}]}]},{"score":"60","questions":[{"id":"2623","description":"ابزارهای فتوشاپ در کدامیک از قسمت های محیط فتوشاپ یافت می شوند؟","answers":[{"id":"9955","description":"Menu Bar","iscorrect":0},{"id":"9956","description":"Option Bar","iscorrect":0},{"id":"9957","description":"Tool Bar","iscorrect":1},{"id":"9958","description":"Panel","iscorrect":0}]},{"id":"2624","description":"با کدام فرمان می توان کلیه پنل های موجود در یک گروه را بست؟","answers":[{"id":"9959","description":"فرمان Close در منوی File","iscorrect":0},{"id":"9960","description":"فرمان Close در منوی پنل","iscorrect":0},{"id":"9961","description":"فرمان Close Tab Group در منوی پنل","iscorrect":1},{"id":"9962","description":"استفاده از کلید Escape","iscorrect":0}]},{"id":"2625","description":"اگر بخواهیم منوهای مربوط به پنل ها را تنظیم کنیم، از کدام بخش در پنجره مربوط به منوها استفاده می شود؟","answers":[{"id":"9963","description":"Menu For","iscorrect":1},{"id":"9964","description":"Set","iscorrect":0},{"id":"9965","description":"Visibility","iscorrect":0},{"id":"9966","description":"Color","iscorrect":0}]},{"id":"2626","description":"اگر بخواهیم برای فرامینی در منوها، رنگ انتخاب کنیم، از کدام بخش در پنجره منوها استفاده می شود؟","answers":[{"id":"9967","description":"Menu For","iscorrect":0},{"id":"9968","description":"Set","iscorrect":0},{"id":"9969","description":"Visibility","iscorrect":0},{"id":"9970","description":"Color","iscorrect":1}]},{"id":"2627","description":"اگر بخواهیم مشخص کنیم که کدامیک از فرامین در منوها نمایش داده شوند یا مخفی باشند، در پنجره مربوط به منوها از کدام بخش استفاده می شود؟","answers":[{"id":"9971","description":"Menu For","iscorrect":0},{"id":"9972","description":"Set","iscorrect":0},{"id":"9973","description":"Visibility","iscorrect":1},{"id":"9974","description":"Color","iscorrect":0}]}]}]},{"name":"درس سوم- کلیدهای میانبر","id":"442","contentorder":"6","lesson_number":4,"type":0,"filename":"lesson442.html"},{"name":"کلیدهای میانبر","id":"730","contentorder":"7","type":1,"set":[{"score":"60","questions":[{"id":"2628","description":"برای تنظیم میانبرها، از کدام مسیر استفاده می شود؟","answers":[{"id":"9975","description":"Edit > Preferences > Performance","iscorrect":0},{"id":"9976","description":"Edit > Preferences > Interface","iscorrect":0},{"id":"9977","description":"منوی Window","iscorrect":0},{"id":"9978","description":"Edit > Keyboard Shortcuts…","iscorrect":1}]},{"id":"2629","description":"برای اینکه میانبرهای مربوط به ابزار را تنظیم کنیم، از کدام بخش در پنجره میانبرها استفاده می شود؟","answers":[{"id":"9979","description":"Shortcuts For: Application Menus","iscorrect":0},{"id":"9980","description":"Shortcuts For: Panel Menus","iscorrect":0},{"id":"9981","description":"Shortcuts For: Tools","iscorrect":1},{"id":"9982","description":"تعیین میانبر برای ابزار در اختیار کاربر نیست.","iscorrect":0}]},{"id":"2630","description":"برای ایجاد فضای بیشتر در محیط کار و مخفی کردن میله ابزار، پنل ها و Option Bar، از کدام میانبر استفاده می شود؟","answers":[{"id":"9983","description":"کلید F","iscorrect":0},{"id":"9984","description":"کلید Tab","iscorrect":1},{"id":"9985","description":"کلید Shift+Tab","iscorrect":0},{"id":"9986","description":"کلید Tab و سپس Enter","iscorrect":0}]},{"id":"2631","description":"برای اینکه زمینه محیط کار سیاه شود از کدامیک از میانبرهای زیر استفاده می شود؟","answers":[{"id":"9987","description":"یک بار فشار دادن کلید F","iscorrect":0},{"id":"9988","description":"کلید Tab","iscorrect":0},{"id":"9989","description":"دو بار فشار دادن کلید F","iscorrect":1},{"id":"9990","description":"کلید Tab و سپس Enter","iscorrect":0}]},{"id":"2632","description":"با استفاده از کدام فرمان یا مسیر زیر می توان Workspace جاری را ذخیره کرد؟","answers":[{"id":"9991","description":"Window > Workspace > New Workspace","iscorrect":0},{"id":"9992","description":"استفاده از دکمه مربوط به Workspace و فرمان New Workspace","iscorrect":0},{"id":"9993","description":"استفاده از دکمه مربوط به Workspace و فرمان Reset Workspace","iscorrect":0},{"id":"9994","description":"موارد اول و دوم","iscorrect":1}]}]},{"score":"60","questions":[{"id":"2633","description":"برای اینکه به طور موقت، میله ابزار و پنل ها از محیط کار مخفی شود، اما Option Bar را مشاهده کنیم، از کدامیک از میانبرهای زیر استفاده می شود؟","answers":[{"id":"9995","description":"کلید F","iscorrect":0},{"id":"9996","description":"کلید Tab","iscorrect":0},{"id":"9997","description":"کلید Shift+Tab","iscorrect":0},{"id":"9998","description":"کلید Tab و سپس Enter","iscorrect":1}]},{"id":"2634","description":"برای شناور کردن تصویر در محیط از کدامیک از میانبرهای زیر استفاده می شود؟","answers":[{"id":"9999","description":"کلید F","iscorrect":1},{"id":"10000","description":"کلید Tab","iscorrect":0},{"id":"10001","description":"کلید Shift+Tab","iscorrect":0},{"id":"10002","description":"کلید Tab و سپس Enter","iscorrect":0}]},{"id":"2635","description":"برای اختصاص دادن میانبرها به فرامین اجرایی از کدام بخش در پنجره مربوط به میانبرها استفاده می شود؟","answers":[{"id":"10003","description":"Shortcuts For: Application Menus","iscorrect":1},{"id":"10004","description":"Shortcuts For: Panel Menus","iscorrect":0},{"id":"10005","description":"Shortcuts For: Tools","iscorrect":0},{"id":"10006","description":"تعیین میانبر برای فرامین در اختیار کاربر نیست.","iscorrect":0}]},{"id":"2636","description":"لیست Workspaceهایی که ذخیره کرده ایم، در کدامیک از موارد زیر یافت می شود؟","answers":[{"id":"10007","description":"Window > Workspace","iscorrect":0},{"id":"10008","description":"استفاده از دکمه مربوط به Workspace","iscorrect":0},{"id":"10009","description":"پنجره مربوط به میانبرها","iscorrect":0},{"id":"10010","description":"موارد اول و دوم","iscorrect":1}]},{"id":"2637","description":"برای پاک کردن یک Workspace از کدامیک از فرامین یا مسیرهای زیر استفاده می شود؟","answers":[{"id":"10011","description":"Window > Workspace > Delete Workspace","iscorrect":0},{"id":"10012","description":"استفاده از دکمه مربوط به Workspace و فرمان Reset Workspace","iscorrect":0},{"id":"10013","description":"استفاده از دکمه مربوط به Workspace و فرمان Delete Workspace","iscorrect":0},{"id":"10014","description":"موارد اول و سوم","iscorrect":1}]}]}]},{"name":"درس چهارم- باز کردن و ذخیره سازی فایل تصویری","id":"443","contentorder":"8","lesson_number":5,"type":0,"filename":"lesson443.html"},{"name":"باز کردن و ذخیره سازی فایل تصویری","id":"732","contentorder":"9","type":1,"set":[{"score":"60","questions":[{"id":"2638","description":"کدامیک از موارد زیر، امکان بازگشایی یک فایل تصویری را ایجاد می کنند؟","answers":[{"id":"10015","description":"فرمان Open","iscorrect":0},{"id":"10016","description":"استفاده از فرمان New","iscorrect":0},{"id":"10017","description":"درگ (Drag) کردن فایل مورد نظر در محیط فتوشاپ","iscorrect":0},{"id":"10018","description":"موارد اول و سوم","iscorrect":1}]},{"id":"2639","description":"برای نظم دادن و سازماندهی فایل های باز در فتوشاپ، از کدامیک از مسیرهای زیر می توان استفاده کرد؟","answers":[{"id":"10019","description":"Window > Arrange","iscorrect":1},{"id":"10020","description":"Window > Workspace","iscorrect":0},{"id":"10021","description":"View","iscorrect":0},{"id":"10022","description":"Image > Mode","iscorrect":0}]},{"id":"2640","description":"فرمان Consolidate all to tabs چه عملی را انجام می دهد؟","answers":[{"id":"10023","description":"تمام پنجره ها را از حالت Tab به حالت شناور در می آورد.","iscorrect":0},{"id":"10024","description":"تمام پنجره ها را از حالت شناور به حالت Tab منظم می کند.","iscorrect":1},{"id":"10025","description":"تمام پنجره ها را به یک اندازه Zoom می کند.","iscorrect":0},{"id":"10026","description":"مکان تمام تصاویر در پنجره ها را یکسان می کند.","iscorrect":0}]},{"id":"2641","description":"فرمان Match Location کدامیک از اعمال زیر را انجام می دهد؟","answers":[{"id":"10027","description":"تمام پنجره ها را از حالت Tabبه حالت شناور در می آورد.","iscorrect":0},{"id":"10028","description":"تمام پنجره ها را از حالت شناور به حالت Tab منظم می کند.","iscorrect":0},{"id":"10029","description":"تمام پنجره ها را به یک اندازه Zoom می کند.","iscorrect":0},{"id":"10030","description":"مکان تمام تصاویر در پنجره ها را یکسان می کند.","iscorrect":1}]},{"id":"2642","description":"میانبر Ctrl S، کدامیک از فرامین زیر را اجرا می کند؟","answers":[{"id":"10031","description":"Save","iscorrect":1},{"id":"10032","description":"Save As","iscorrect":0},{"id":"10033","description":"Open","iscorrect":0},{"id":"10034","description":"Close","iscorrect":0}]}]},{"score":"60","questions":[{"id":"2643","description":"شناور کردن پنجره های باز در فتوشاپ، کدامیک از قابلیت های زیر را ایجاد می کند؟","answers":[{"id":"10035","description":"جا به جا کردن پنجره به هر قسمت از محیط","iscorrect":0},{"id":"10036","description":"مقایسه چند تصویر باز به صورت همزمان","iscorrect":0},{"id":"10037","description":"دیدن همزمان چند تصویر باز در فتوشاپ","iscorrect":0},{"id":"10038","description":"همه موارد","iscorrect":1}]},{"id":"2644","description":"با کدامیک از موارد زیر می توان پنجره یک تصویر باز در فتوشاپ را از حالت Tab به حالت شناور تبدیل کرد؟","answers":[{"id":"10039","description":"با استفاده از درگ (Drag) کردن Tab مربوط به درون محیط","iscorrect":0},{"id":"10040","description":"با استفاده از فرمان Float In Window","iscorrect":0},{"id":"10041","description":"با استفاده از فرمان Consolidate all to tabs","iscorrect":0},{"id":"10042","description":"موارد اول و دوم","iscorrect":1}]},{"id":"2645","description":"فرمان Match Zoom، کدامیک از اعمال زیر را انجام می دهد؟","answers":[{"id":"10043","description":"تمام پنجره ها را از حالت Tab به حالت شناور در می آورد.","iscorrect":0},{"id":"10044","description":"تمام پنجره ها را از حالت شناور به حالت Tab منظم می کند.","iscorrect":0},{"id":"10045","description":"تمام پنجره ها را به یک اندازه Zoom می کند.","iscorrect":1},{"id":"10046","description":"مکان تمام تصاویر در پنجره ها را یکسان می کند.","iscorrect":0}]},{"id":"2646","description":"فرمان Float All in Windows کدامیک از اعمال زیر را انجام می دهد؟","answers":[{"id":"10047","description":"تمام پنجره ها را از حالت Tabبه حالت شناور در می آورد.","iscorrect":1},{"id":"10048","description":"تمام پنجره ها را از حالت شناور به حالت Tab منظم می کند.","iscorrect":0},{"id":"10049","description":"تمام پنجره ها را به یک اندازه Zoom می کند.","iscorrect":0},{"id":"10050","description":"مکان تمام تصاویر در پنجره ها را یکسان می کند.","iscorrect":0}]},{"id":"2647","description":"برای اینکه بتوان فایلی را با فرمتی دیگر ذخیره سازی کرد، از کدامیک از فرامین زیر استفاده می شود؟","answers":[{"id":"10051","description":"Save","iscorrect":0},{"id":"10052","description":"Save As","iscorrect":1},{"id":"10053","description":"Open","iscorrect":0},{"id":"10054","description":"Close","iscorrect":0}]}]}]},{"name":"درس پنجم- فایل های تصویری با قالب های گوناگون- بخش اول","id":"444","contentorder":"10","lesson_number":6,"type":0,"filename":"lesson444.html"},{"name":"فایل های تصویری با قالب های گوناگون- بخش اول","id":"734","contentorder":"11","type":1,"set":[{"score":"60","questions":[{"id":"2648","description":"استفاده از یک فرمت نامناسب برای فایل تصویری ممکن است با کدامیک از اختلالات زیر همراه شود؟","answers":[{"id":"10055","description":"بالا رفتن بیش از حد حجم فایل","iscorrect":0},{"id":"10056","description":"افت کیفیت","iscorrect":0},{"id":"10057","description":"از دست رفتن لایه ها و برخی از جلوه های تصویری","iscorrect":0},{"id":"10058","description":"همه موارد فوق","iscorrect":1}]},{"id":"2649","description":"کدامیک از فرمت های زیر برای استفاده در وب (Web) مناسب ترند؟","answers":[{"id":"10059","description":"JPEG","iscorrect":1},{"id":"10060","description":"TIF","iscorrect":0},{"id":"10061","description":"PSD","iscorrect":0},{"id":"10062","description":"RAW","iscorrect":0}]},{"id":"2650","description":"کدامیک از موارد زیر از معایب فایل های TIF محسوب می شوند؟","answers":[{"id":"10063","description":"عدم همخوانی با اغلب دستگاه ها","iscorrect":0},{"id":"10064","description":"یک قالب تخریبی است.","iscorrect":0},{"id":"10065","description":"حجمی نسبتا بالا دارد.","iscorrect":1},{"id":"10066","description":"عمق رنگی پایین دارد","iscorrect":0}]},{"id":"2651","description":"از معایب عمده فایل های GIF کدام است؟","answers":[{"id":"10067","description":"اندازه (حجم) کوچک این فایل ها","iscorrect":0},{"id":"10068","description":"می توانند چند عکس را در خود جای دهند.","iscorrect":0},{"id":"10069","description":"پایین بودن زیاد عمق رنگ در آنها","iscorrect":1},{"id":"10070","description":"موارد اول و سوم","iscorrect":0}]},{"id":"2652","description":"کدامیک از قالب های زیر برای ذخیره سازی فایل اصلی و مرجع مناسب است؟","answers":[{"id":"10071","description":"TIF","iscorrect":1},{"id":"10072","description":"JPEG","iscorrect":0},{"id":"10073","description":"GIF","iscorrect":0},{"id":"10074","description":"هیچکدام","iscorrect":0}]}]},{"score":"60","questions":[{"id":"2653","description":"برای تبدیل فرمت (قالب) یک فایل در فتوشاپ، از کدامیک از دستورات زیر می توان استفاده نمود؟","answers":[{"id":"10075","description":"Save","iscorrect":0},{"id":"10076","description":"Save As","iscorrect":1},{"id":"10077","description":"New","iscorrect":0},{"id":"10078","description":"Open","iscorrect":0}]},{"id":"2654","description":"از معایب عمده فایل های JPEG چیست؟","answers":[{"id":"10079","description":"از دست رفتن اطلاعات تصویری به علت فشرده سازی","iscorrect":1},{"id":"10080","description":"عمق رنگ ۸ بیتی (۲۵۶ رنگ)","iscorrect":0},{"id":"10081","description":"عدم همخوانی اکثر دستگاه ها با این فرمت","iscorrect":0},{"id":"10082","description":"بسیار بالا بودن حجم آنها","iscorrect":0}]},{"id":"2655","description":"کدامیک از موارد زیر را می توان به عنوان مزیت فایل های TIF در نظر گرفت؟","answers":[{"id":"10083","description":"یک قالب غیر مخرب است.","iscorrect":0},{"id":"10084","description":"با بسیاری از دستگاه ها همخوانی دارد.","iscorrect":0},{"id":"10085","description":"اغلب جلوه های ویرایشی اعم از لایه ها را در خود جای می دهد.","iscorrect":0},{"id":"10086","description":"همه موارد فوق","iscorrect":1}]},{"id":"2656","description":"کدامیک از موارد زیر از محاسن فایل های GIF تلقی می شوند؟","answers":[{"id":"10087","description":"حجم پایین","iscorrect":0},{"id":"10088","description":"توانایی ثبت چند عکس در یک فایل","iscorrect":0},{"id":"10089","description":"توانایی ذخیره پیکسل ها به صورت ترنسپرنت","iscorrect":0},{"id":"10090","description":"همه موارد فوق","iscorrect":1}]},{"id":"2657","description":"کدامیک از موارد زیر برای استفاده در وب مناسب است؟","answers":[{"id":"10091","description":"TIF","iscorrect":0},{"id":"10092","description":"JPEG","iscorrect":0},{"id":"10093","description":"GIF","iscorrect":0},{"id":"10094","description":"موارد دوم و سوم","iscorrect":1}]}]}]},{"name":"درس ششم- فایل های تصویری با قالب های گوناگون- بخش دوم","id":"445","contentorder":"12","lesson_number":7,"type":0,"filename":"lesson445.html"},{"name":"فایل های تصویری با قالب های گوناگون- بخش دوم","id":"736","contentorder":"13","type":1,"set":[{"score":"60","questions":[{"id":"2658","description":"کدامیک از قالب های زیر قابلیت Interlacing را دارا هستند؟","answers":[{"id":"10095","description":"RAW","iscorrect":0},{"id":"10096","description":"PNG","iscorrect":0},{"id":"10097","description":"GIF","iscorrect":0},{"id":"10098","description":"موارد دوم و سوم","iscorrect":1}]},{"id":"2659","description":"کدامیک از فرمت های زیر امکان ثبت عمق رنگی برابر ۴۸bpp را فراهم می سازند؟","answers":[{"id":"10099","description":"JPEG","iscorrect":0},{"id":"10100","description":"GIF","iscorrect":1},{"id":"10101","description":"PNG","iscorrect":0},{"id":"10102","description":"موارد دوم و سوم","iscorrect":0}]},{"id":"2660","description":"کدامیک از موارد زیر از معایب فرمت PSD محسوب می شود؟","answers":[{"id":"10103","description":"عدم تخریب","iscorrect":0},{"id":"10104","description":"نیاز به نرم افزارهای خاص برای باز شدن","iscorrect":1},{"id":"10105","description":"توانایی ذخیره سازی اغلب جلوه های ویرایشی مانند لایه ها","iscorrect":0},{"id":"10106","description":"هیچکدام","iscorrect":0}]},{"id":"2661","description":"ویژگی Device Independent در کدامیک از قالب های زیر دیده می شود؟","answers":[{"id":"10107","description":"PSD","iscorrect":0},{"id":"10108","description":"GIF","iscorrect":0},{"id":"10109","description":"BMP","iscorrect":1},{"id":"10110","description":"PNG","iscorrect":0}]},{"id":"2662","description":"کدامیک از قالب های زیر از فرمت های RAW محسوب می شود؟","answers":[{"id":"10111","description":"PSD و GIF","iscorrect":0},{"id":"10112","description":"TIF و JPEG","iscorrect":0},{"id":"10113","description":"CR2 و NEF","iscorrect":1},{"id":"10114","description":"GIF و PNG","iscorrect":0}]}]},{"score":"60","questions":[{"id":"2663","description":"مزیت فرمت PNG نسبت به GIF عبارتست از:","answers":[{"id":"10115","description":"فشرده سازی بیشتر","iscorrect":0},{"id":"10116","description":"عمق رنگ بیشتر","iscorrect":0},{"id":"10117","description":"سطوح شفاف متعدد","iscorrect":0},{"id":"10118","description":"همه موارد فوق","iscorrect":1}]},{"id":"2664","description":"از بین فرمت های زیر کدامیک برای ذخیره سازی فایل اصلی یا مرجع مناسب ترند؟","answers":[{"id":"10119","description":"PSD","iscorrect":1},{"id":"10120","description":"GIF","iscorrect":0},{"id":"10121","description":"PNG","iscorrect":0},{"id":"10122","description":"JPEG","iscorrect":0}]},{"id":"2665","description":"کدامیک از فرمت های زیر برای ذخیره سازی فایل های مرجع و بزرگ مناسب است؟","answers":[{"id":"10123","description":"PNG","iscorrect":0},{"id":"10124","description":"GIF","iscorrect":0},{"id":"10125","description":"PSB","iscorrect":1},{"id":"10126","description":"JPEG","iscorrect":0}]},{"id":"2666","description":"کدامیک از فرمت های زیر، استاندارد سیستم مکینتاش محسوب می شود؟","answers":[{"id":"10127","description":"PNG","iscorrect":0},{"id":"10128","description":"GIF","iscorrect":0},{"id":"10129","description":"PSB","iscorrect":0},{"id":"10130","description":"PIC","iscorrect":1}]},{"id":"2667","description":"کدامیک از موارد زیر از محاسن فرمت PSD است؟","answers":[{"id":"10131","description":"غیر مخرب است.","iscorrect":0},{"id":"10132","description":"تقریبا تمام جلوه های ویرایشی مانند لایه ها را شامل می شود.","iscorrect":0},{"id":"10133","description":"قابلیت ذخیره سازی عمق رنگ بسیار بالا را داراست.","iscorrect":0},{"id":"10134","description":"همه موارد فوق","iscorrect":1}]}]}]},{"name":"درس هفتم - Save As و چرخش تصویر","id":"446","contentorder":"14","lesson_number":8,"type":0,"filename":"lesson446.html"},{"name":"Save As و چرخش تصویر","id":"738","contentorder":"15","type":1,"set":[{"score":"60","questions":[{"id":"2668","description":"در پنجره مربوط به Save As، کدامیک از گزینه های زیر، یک کپی از فایل جاری را با مشخصات دیگری ذخیره می کند در حالی که فایل جاری با مشخصات قبلی در فتوشاپ باز می ماند؟","answers":[{"id":"10135","description":"گزینه Alpha Channels","iscorrect":0},{"id":"10136","description":"گزینه As a Copy","iscorrect":1},{"id":"10137","description":"گزینه Layers","iscorrect":0},{"id":"10138","description":"گزینه Notes","iscorrect":0}]},{"id":"2669","description":"در پنجره مربوط به Save As، کدامیک از گزینه های زیر، کانال های آلفا را نیز در فایل تصویری ذخیره می کند؟","answers":[{"id":"10139","description":"گزینه Alpha Channels","iscorrect":1},{"id":"10140","description":"گزینه As a Copy","iscorrect":0},{"id":"10141","description":"گزینه Layers","iscorrect":0},{"id":"10142","description":"گزینه Notes","iscorrect":0}]},{"id":"2670","description":"اگر بخواهیم تصویری را به اندازه ۹۰ درجه در خلاف جهت عقربه های ساعت بچرخانیم، از کدامیک از مسیرها زیر استفاده می شود؟","answers":[{"id":"10143","description":"Image > Image Rotation > 90 CCW","iscorrect":1},{"id":"10144","description":"Image > Image Rotation > 90 CW","iscorrect":0},{"id":"10145","description":"Flip Canvas Horizontal","iscorrect":0},{"id":"10146","description":"Flip Canvas Vertical","iscorrect":0}]},{"id":"2671","description":"برای چرخاندن عکس به اندازه ۴۵ درجه در جهت عقربه ساعت، از کدامیک از فرامین و مسیرهای زیر استفاده می شود؟","answers":[{"id":"10147","description":"Flip Canvas Horizontal","iscorrect":0},{"id":"10148","description":"Flip Canvas Vertical","iscorrect":0},{"id":"10149","description":"Image > Image Rotation > Arbitrary و 45 CW","iscorrect":1},{"id":"10150","description":"Image > Image Rotation > Arbitrary و 45 CCW","iscorrect":0}]},{"id":"2672","description":"اگر بخواهیم عکس را در راستای افقی قرینه کنیم، از کدامیک از فرامین و مسیرهای زیر استفاده می شود؟","answers":[{"id":"10151","description":"Image > Image Rotation > 90 CCW","iscorrect":0},{"id":"10152","description":"Image > Image Rotation > 90 CW","iscorrect":0},{"id":"10153","description":"Flip Canvas Horizontal","iscorrect":1},{"id":"10154","description":"Flip Canvas Vertical","iscorrect":0}]}]},{"score":"60","questions":[{"id":"2673","description":"در پنجره Save As، در کدامیک از حالات زیر گزینه As a Copy به صورت خودکار فعال است؟","answers":[{"id":"10155","description":"ذخیره سازی فایل با لایه های زیاد در قالب JPEG","iscorrect":1},{"id":"10156","description":"ذخیره سازی فایل JPEG به TIF","iscorrect":0},{"id":"10157","description":"در تمام حالات، گزینه خود به خود فعال است.","iscorrect":0},{"id":"10158","description":"در هیچ یک از حالات، خود به خود فعال نیست.","iscorrect":0}]},{"id":"2674","description":"در پنجره مربوط به Save As برای اینکه اطلاعات مربوط به لایه ها را نیز به صورت مجزا ذخیره کنیم، کدامیک از گزینه های زیر، باید فعال باشد؟","answers":[{"id":"10159","description":"گزینه Alpha Channels","iscorrect":0},{"id":"10160","description":"گزینه As a Cop","iscorrect":0},{"id":"10161","description":"گزینه Layers","iscorrect":1},{"id":"10162","description":"گزینه Notes","iscorrect":0}]},{"id":"2675","description":"برای اینکه تصویری را سر و ته کنیم، از کدامیک از فرامین زیر باید استفاده کنیم؟","answers":[{"id":"10163","description":"Image > Image Rotation > 90 CCW","iscorrect":0},{"id":"10164","description":"Image > Image Rotation > 90 CW","iscorrect":0},{"id":"10165","description":"Flip Canvas Horizontal","iscorrect":0},{"id":"10166","description":"Image > Image Rotation > 180","iscorrect":1}]},{"id":"2676","description":"برای اینکه تصویری را در خلاف جهت عقربه های ساعت و به اندازه ۳۰ درجه بچرخانیم، باید از کدامیک از فرامین و مسیرهای زیر استفاده نمود؟","answers":[{"id":"10167","description":"Flip Canvas Horizontal","iscorrect":0},{"id":"10168","description":"Flip Canvas Vertical","iscorrect":0},{"id":"10169","description":"Image > Image Rotation > Arbitrary و 30 CW","iscorrect":0},{"id":"10170","description":"Image > Image Rotation > Arbitraryو 30 CCW","iscorrect":1}]},{"id":"2677","description":"برای اینکه تصویر در راستای قائم، قرینه شود، از کدامیک از مسیرهای و فرامین زیر باید استفاده نمود؟","answers":[{"id":"10171","description":"Image > Image Rotation > 90 CCW","iscorrect":0},{"id":"10172","description":"Image > Image Rotation > 90 CW","iscorrect":0},{"id":"10173","description":"Flip Canvas Vertical","iscorrect":1},{"id":"10174","description":"Image > Image Rotation > 180","iscorrect":0}]}]}]},{"name":"درس هشتم- بازگشت به مراحل قبلی و بعدی (History Panel)","id":"447","contentorder":"16","lesson_number":9,"type":0,"filename":"lesson447.html"},{"name":"بازگشت به مراحل قبلی و بعدی (History Panel)","id":"754","contentorder":"17","type":1,"set":[{"score":"60","questions":[{"id":"2760","description":"برای بازگشتن به مراحل عملیاتی قبل در فتوشاپ، از کدامیک از پنل های زیر استفاده می شود؟","answers":[{"id":"10483","description":"پنل Layer","iscorrect":0},{"id":"10484","description":"پنل History","iscorrect":1},{"id":"10485","description":"پنل Adjustment","iscorrect":0},{"id":"10486","description":"پنل Histogram","iscorrect":0}]},{"id":"2761","description":"کلید میانبر برای رفتن تک به تک به مراحل قبل، کدامیک از موارد زیر است؟","answers":[{"id":"10487","description":"Shift+Alt+Z","iscorrect":0},{"id":"10488","description":"Ctrl+Alt+Z","iscorrect":1},{"id":"10489","description":"Alt+Z","iscorrect":0},{"id":"10490","description":"Shift+Z","iscorrect":0}]},{"id":"2762","description":"در کدامیک از مسیرهای زیر می توان تعداد مراحل ذخیره شده در پنل هیستوری را تعیین کرد؟","answers":[{"id":"10491","description":"Edit > Preferences > Performance… > History","iscorrect":1},{"id":"10492","description":"Edit > Preferences > Performance… > Memory Usage","iscorrect":0},{"id":"10493","description":"Edit > Preferences > Interface… > History","iscorrect":0},{"id":"10494","description":"Edit > Preferences > Performance… > Scratch Disc","iscorrect":0}]},{"id":"2763","description":"برای ایجاد یک Document جدیدی از مرحله ای که در آن قرار گرفته ایم، باید از کدامیک از فرامین یا دکمه های زیر استفاده کنیم؟","answers":[{"id":"10495","description":"در منوی پنل New Document","iscorrect":0},{"id":"10496","description":"در پنل هیستوری، استفاده از دکمه با نماد دوربین عکاسی","iscorrect":0},{"id":"10497","description":"در پنل هیستوری، استفاده از دکمه با نماد یک ورقه کاغذ که بر روی آن علامت به اضافه وجود دارد.","iscorrect":0},{"id":"10498","description":"موارد اول و سوم","iscorrect":1}]},{"id":"2764","description":"با استفاده از کدام نماد یا فرمان می توان یک Snapshot ساخت؟","answers":[{"id":"10499","description":"با استفاده از نماد یک ورقه کاغذ که بر روی آن علامت به اضافه وجود دارد در پنل هیستوری","iscorrect":0},{"id":"10500","description":"با استفاده از نماد دوربین در پنل هیستوری","iscorrect":0},{"id":"10501","description":"با استفاده از فرمان New Snapshot… در منوی پنل","iscorrect":0},{"id":"10502","description":"موارد دوم و سوم","iscorrect":1}]}]},{"score":"60","questions":[{"id":"2765","description":"بهتر است تعداد مراحل ذخیره شده در منوی History چه قدر باشد؟","answers":[{"id":"10503","description":"هر چه کمتر بهتر","iscorrect":0},{"id":"10504","description":"هر چه بیشتر بهتر","iscorrect":0},{"id":"10505","description":"۱۰۰۰ مرحله","iscorrect":0},{"id":"10506","description":"به تعدادی که مراحل، تا حدی مناسب ذخیره شوند اما بیش از حد از RAM استفاده نشود.","iscorrect":1}]},{"id":"2766","description":"چگونه می توان مرحله ای را در پنل هیستوری پاک کرد؟","answers":[{"id":"10507","description":"با انتخاب کردن مرحله و سپس کلیک کردن روی نماد سطل زباله در پنل هیستوری","iscorrect":0},{"id":"10508","description":"با درگ کردن مرحله به درون سطل زباله","iscorrect":0},{"id":"10509","description":"با استفاده از فرمان Delete در منوی پنل","iscorrect":0},{"id":"10510","description":"همه موارد","iscorrect":1}]},{"id":"2767","description":"کدامیک از موارد زیر از محاسن Snapshot در پنل هیستوری محسوب می شود؟","answers":[{"id":"10511","description":"امکان نگهداری مرحله مورد نظر بدون پاک شدن از منوی هیستوری تا زمان باز بودن فایل تصویر","iscorrect":0},{"id":"10512","description":"امکان مقایسه سریع بین مراحل مورد نظر یا منتخب","iscorrect":0},{"id":"10513","description":"موارد اول و دوم","iscorrect":1},{"id":"10514","description":"هیچکدام","iscorrect":0}]},{"id":"2768","description":"در منوی پنل هیستوری و در بخش History Options، گزینه Allow Non-Linear History، چه کاری انجام می دهد؟","answers":[{"id":"10515","description":"امکان پاک کردن مجزای مراحل در پنل هیستوری","iscorrect":1},{"id":"10516","description":"امکان پاک کردن کل مراحل بعد از مرحله ای که پاک می کنیم به صورت خودکار","iscorrect":0},{"id":"10517","description":"ذخیره کردن تنها برخی از مراحل","iscorrect":0},{"id":"10518","description":"پاک کردن کل مراحل از منوی هیستوری","iscorrect":0}]},{"id":"2769","description":"چگونه می توان برای Snapshot نام انتخاب کرد؟","answers":[{"id":"10519","description":"با دوبار کلیک کردن بر روی نماد دوربین در پنل هیستوری","iscorrect":0},{"id":"10520","description":"با دو بار کلیک کردن بر روی عکس یا نام روبروی Snapshot در پنل هیستوری","iscorrect":1},{"id":"10521","description":"با تیک زدن در سمت چپ Snapshot","iscorrect":0},{"id":"10522","description":"با راست کلیک کردن روی Snapshot","iscorrect":0}]}]}]},{"name":"درس نهم- بررسی تصویر","id":"448","contentorder":"18","lesson_number":10,"type":0,"filename":"lesson448.html"},{"name":"بررسی تصویر","id":"756","contentorder":"19","type":1,"set":[{"score":"60","questions":[{"id":"2770","description":"کدامیک از موارد زیر از میانبرهای ابزار زوم محسوب می شود؟","answers":[{"id":"10523","description":"استفاده از کلید Z در صفحه کلید","iscorrect":0},{"id":"10524","description":"استفاده از کلید Alt به همراه چرخ Scroll موس","iscorrect":0},{"id":"10525","description":"استفاده از کلید Ctrl و علامت + و -","iscorrect":0},{"id":"10526","description":"همه موارد","iscorrect":1}]},{"id":"2771","description":"در Option Bar ابزار زوم، گزینه Resize Windows to Fit در زمان زوم کردن، کدامیک از اعمال زیر را انجام می دهد؟","answers":[{"id":"10527","description":"تغییر اندازه پنجره تصویر در زمان تغییر اندازه تصویر","iscorrect":1},{"id":"10528","description":"امکان زوم کردن تمام تصاویر باز","iscorrect":0},{"id":"10529","description":"امکان انتخاب قسمت مورد نظر برای زوم با Drag کردن و رسم خط چین در اطراف آن","iscorrect":0},{"id":"10530","description":"بزرگنمایی تصویر به گونه ای که کل تصویر در پنجره آن مشاهده شود.","iscorrect":0}]},{"id":"2772","description":"دکمه Actual Pixel در Option Bar ابزار زوم، کدامیک از اعمال زیر را انجام می دهد؟","answers":[{"id":"10531","description":"تغییر اندازه پنجره تصویر در زمان تغییر اندازه تصویر","iscorrect":0},{"id":"10532","description":"امکان زوم کردن تمام تصاویر باز","iscorrect":0},{"id":"10533","description":"بزرگنمایی ۱۰۰ درصد تصویر","iscorrect":1},{"id":"10534","description":"بزرگنمایی تصویر به گونه ای که کل تصویر در پنجره آن مشاهده شود.","iscorrect":0}]},{"id":"2773","description":"گزینه Scroll All Windows در Option Bar ابزار دست، کدامیک از کارهای زیر را انجام می دهد؟","answers":[{"id":"10535","description":"تغییر اندازه پنجره تصویر در زمان تغییر اندازه تصویر","iscorrect":0},{"id":"10536","description":"امکان جا به جا کردن تمام تصاویر باز در زمان جا به جا کردن یک تصویر","iscorrect":1},{"id":"10537","description":"بزرگنمایی ۱۰۰ درصد تصویر","iscorrect":0},{"id":"10538","description":"بزرگنمایی تصویر به گونه ای که کل تصویر در پنجره آن مشاهده شود.","iscorrect":0}]},{"id":"2774","description":"برای جا به جا کردن تصویر از کدامیک از فرامین یا میانبرهای زیر می توان استفاده کرد؟","answers":[{"id":"10539","description":"Hand Tool","iscorrect":0},{"id":"10540","description":"میانبر H","iscorrect":0},{"id":"10541","description":"استفاده از میانبر Space در صفحه کلید","iscorrect":0},{"id":"10542","description":"همه موارد","iscorrect":1}]}]},{"score":"60","questions":[{"id":"2775","description":"کدام ابزار وظیفه جا به جا کردن تصویر در محیط فتوشاپ را بر عهده دارد؟","answers":[{"id":"10543","description":"Zoom Tool","iscorrect":0},{"id":"10544","description":"Hand Tool","iscorrect":1},{"id":"10545","description":"Crop","iscorrect":0},{"id":"10546","description":"Image Size","iscorrect":0}]},{"id":"2776","description":"در Option Bar ابزار زوم، خاموش بودن گزینه Scrubby Zoom، کدامیک از امکان های زیر را فراهم می کند؟","answers":[{"id":"10547","description":"تغییر اندازه پنجره تصویر در زمان تغییر اندازه تصویر","iscorrect":0},{"id":"10548","description":"امکان زوم کردن تمام تصاویر باز","iscorrect":0},{"id":"10549","description":"امکان انتخاب قسمت مورد نظر برای زوم با Drag کردن و رسم خط چین در اطراف آن","iscorrect":1},{"id":"10550","description":"بزرگنمایی تصویر به گونه ای که کل تصویر در پنجره آن مشاهده شود.","iscorrect":0}]},{"id":"2777","description":"در Option Bar ابزار زوم، دکمه Fit to Screen، کدامیک از موارد زیر را انجام می دهد؟","answers":[{"id":"10551","description":"تغییر اندازه پنجره تصویر در زمان تغییر اندازه تصویر","iscorrect":0},{"id":"10552","description":"امکان زوم کردن تمام تصاویر باز","iscorrect":0},{"id":"10553","description":"امکان انتخاب قسمت مورد نظر برای زوم با Drag کردن و رسم خط چین در اطراف آن","iscorrect":0},{"id":"10554","description":"بزرگنمایی تصویر به گونه ای که کل تصویر در پنجره آن مشاهده شود.","iscorrect":1}]},{"id":"2778","description":"در زمانی که ابزار زوم فعال است و در Option Bar، علامت مثبت انتخاب شده، برای اینکه بتوان کوچکنمایی کرد از کدامیک از موارد زیر می توان استفاده نمود؟","answers":[{"id":"10555","description":"کلیک کردن بر روی عکس","iscorrect":0},{"id":"10556","description":"استفاده از کلید Alt در زمان کلیک کردن","iscorrect":1},{"id":"10557","description":"استفاده از کلید Ctrl در زمان کلیک کردن","iscorrect":0},{"id":"10558","description":"استفاده از کلید Shift در زمان کلیک کردن","iscorrect":0}]},{"id":"2779","description":"در Option Bar ابزار زوم، گزینه Zoom All Windows، کدامیک از اعمال زیر را انجام می دهد؟","answers":[{"id":"10559","description":"تغییر اندازه پنجره تصویر در زمان تغییر اندازه تصویر","iscorrect":0},{"id":"10560","description":"امکان زوم کردن همزمان تمام تصاویر باز","iscorrect":1},{"id":"10561","description":"امکان انتخاب قسمت مورد نظر برای زوم با Drag کردن و رسم خط چین در اطراف آن","iscorrect":0},{"id":"10562","description":"بزرگنمایی تصویر به گونه ای که کل تصویر در پنجره آن مشاهده شود.","iscorrect":0}]}]}]},{"name":"درس دهم- اندازه تصویر","id":"449","contentorder":"20","lesson_number":11,"type":0,"filename":"lesson449.html"},{"name":"اندازه تصویر","id":"758","contentorder":"21","type":1,"set":[{"score":"60","questions":[{"id":"2780","description":"کدامیک از موارد زیر در مورد پیکسل اشتباه است؟","answers":[{"id":"10563","description":"پیکسل ممکن است اشکال گوناگونی داشته باشد.","iscorrect":0},{"id":"10564","description":"پیکسل می تواند در اندازه های مختلف موجود باشد.","iscorrect":0},{"id":"10565","description":"پیکسل می تواند همزمان چند رنگ را نشان بدهد.","iscorrect":1},{"id":"10566","description":"هر چه تعداد پیکسل ها در عکس بیشتر باشد، جزئیات عکس بیشتر است.","iscorrect":0}]},{"id":"2781","description":"کدامیک از موارد زیر تعریف رزولوشن تصویر است؟","answers":[{"id":"10567","description":"تعداد پیکسل ها در کل عکس","iscorrect":0},{"id":"10568","description":"تعداد پیکسل ها در واحد طول","iscorrect":1},{"id":"10569","description":"ابعاد پیکسل ها","iscorrect":0},{"id":"10570","description":"کیفیت رنگی تصویر","iscorrect":0}]},{"id":"2782","description":"در دو سنسور هم اندازه، هر کدام تعداد پیکسل بیشتری داشته باشد:","answers":[{"id":"10571","description":"دارای رزولوشن بالاتر است.","iscorrect":1},{"id":"10572","description":"دارای رزولوشن پایین تر است.","iscorrect":0},{"id":"10573","description":"ارتباطی با رزولوشن ندارد.","iscorrect":0},{"id":"10574","description":"دارای پیکسل های بزرگ تر است.","iscorrect":0}]},{"id":"2783","description":"واحد رزولوشن در عکس دیجیتال چیست؟","answers":[{"id":"10575","description":"DPI","iscorrect":0},{"id":"10576","description":"PPI","iscorrect":1},{"id":"10577","description":"Mega Pixel","iscorrect":0},{"id":"10578","description":"bit","iscorrect":0}]},{"id":"2784","description":"حداقل رزولوشن معمول و مناسب برای چاپ چیست؟","answers":[{"id":"10579","description":"۲۰۰DPI","iscorrect":0},{"id":"10580","description":"۱۳۳DPI","iscorrect":0},{"id":"10581","description":"۳۰۰DPI","iscorrect":1},{"id":"10582","description":"۱۲۰۰DPI","iscorrect":0}]}]},{"score":"60","questions":[{"id":"2785","description":"هر چه رزولوشن بالاتر باشد، اندازه پیکسل ها:","answers":[{"id":"10583","description":"بزرگ تر است.","iscorrect":0},{"id":"10584","description":"کوچک تر است.","iscorrect":1},{"id":"10585","description":"نمی توان تشخیص داد.","iscorrect":0},{"id":"10586","description":"فرقی نمی کند.","iscorrect":0}]},{"id":"2786","description":"در دو تصویر با اندازه یکسان، هر چه رزولوشن بالاتر باشد:","answers":[{"id":"10587","description":"تصویر با جزئیات و وضوح بیشتر ثبت می شود.","iscorrect":1},{"id":"10588","description":"تصویر با جزئیات و وضوح کمتری ثبت می شود.","iscorrect":0},{"id":"10589","description":"اندازه پیکسل ها بزرگ تر است.","iscorrect":0},{"id":"10590","description":"هیچکدام","iscorrect":0}]},{"id":"2787","description":"واحد رایج رزولوشن در چاپ دیجیتال چیست؟","answers":[{"id":"10591","description":"DPI","iscorrect":1},{"id":"10592","description":"PPI","iscorrect":0},{"id":"10593","description":"Mega Pixel","iscorrect":0},{"id":"10594","description":"bit","iscorrect":0}]},{"id":"2788","description":"کدامیک از رزولوشن های زیر برای چاپ مناسب اند؟","answers":[{"id":"10595","description":"۱۳۳DPI","iscorrect":0},{"id":"10596","description":"۹۶DPI","iscorrect":0},{"id":"10597","description":"۷۲DPI","iscorrect":0},{"id":"10598","description":"۳۰۰DPI","iscorrect":1}]},{"id":"2789","description":"کدامیک از موارد زیر، در وهله اول برای تنظیم سایز عکس برای نمایشگر مناسب است؟","answers":[{"id":"10599","description":"استفاده از رزولوشن ۷۲PPI","iscorrect":0},{"id":"10600","description":"استفاده از رزولوشن ۹۶PPI","iscorrect":0},{"id":"10601","description":"استفاده از اندازه ابعاد براساس اینچ","iscorrect":0},{"id":"10602","description":"استفاده از اندازه ابعاد براساس پیکسل","iscorrect":1}]}]}]},{"name":"درس یازدهم- تغییر اندازه، ابعاد و رزولوشن","id":"450","contentorder":"22","lesson_number":12,"type":0,"filename":"lesson450.html"},{"name":"تغییر اندازه، ابعاد و رزولوشن","id":"760","contentorder":"23","type":1,"set":[{"score":"60","questions":[{"id":"2790","description":"می خواهیم تصویری را بدون افت کیفیت با رزولوشنی خاص برای چاپ آماده کنیم. در این حالت استفاده از کدامیک از گزینه های زیر در پنجره Image Size مناسب است؟","answers":[{"id":"10603","description":"خاموش کردن گزینه Resample و تنظیم رزولوشن","iscorrect":1},{"id":"10604","description":"روشن کردن گزینه Resample و تنظیم رزولوشن","iscorrect":0},{"id":"10605","description":"روشن کردن گزینه Resample و روشن کردن گزینه Scale Style","iscorrect":0},{"id":"10606","description":"روشن کردن گزینه Resample و تنظیم ابعاد","iscorrect":0}]},{"id":"2791","description":"در تغییر اندازه تصویر برای چاپ، کدامیک از گزینه های زیر تناسب اضلاع را حفظ می کند؟","answers":[{"id":"10607","description":"خاموش کردن گزینه Resample","iscorrect":0},{"id":"10608","description":"روشن کردن گزینه Resample و خاموش کردن گزینه Constrain Proportion","iscorrect":0},{"id":"10609","description":"روشن کردن گزینه Resample و Constrain Proportion","iscorrect":0},{"id":"10610","description":"گزینه های اول و سوم","iscorrect":1}]},{"id":"2792","description":"برای اینکه روی ابعاد و رزولوشن تصویر برای چاپ از هر لحاظ کنترل داشته باشیم، کدام یک از گزینه های زیر مناسب باشد؟","answers":[{"id":"10611","description":"خاموش کردن گزینه Resample","iscorrect":0},{"id":"10612","description":"روشن کردن گزینه Resample و خاموش کردن گزینه Constrain Proportion","iscorrect":0},{"id":"10613","description":"روشن کردن گزینه Resample و Constrain Proportion","iscorrect":0},{"id":"10614","description":"روشن کردن گزینه Resample و Scale Style و خاموش کردن گزینه Constrain Proportion","iscorrect":1}]},{"id":"2793","description":"الگوریتم Nearest Neighbour، برای استفاده در چه مواردی مناسب است؟","answers":[{"id":"10615","description":"طرح های گرافیکی با لبه های بسیار مشخص","iscorrect":1},{"id":"10616","description":"طرح های گرافیکی با رنگ های خالص","iscorrect":0},{"id":"10617","description":"برای مصارف مربوط به عکاسی","iscorrect":0},{"id":"10618","description":"همه موارد","iscorrect":0}]},{"id":"2794","description":"الگوریتم Bicubic Smoother برای چه مصارفی مناسب است؟","answers":[{"id":"10619","description":"طرح های گرافیکی با لبه های بسیار مشخص","iscorrect":0},{"id":"10620","description":"طرح های گرافیکی با رنگ های خالص","iscorrect":0},{"id":"10621","description":"برای مصارف مربوط به بزرگ کردن عکس و طرح هایی با تغییرات تدریجی در رنگ ها","iscorrect":1},{"id":"10622","description":"برای مصارف مربوط به کوچک کردن عکس و طرح هایی با تغییرات تدریجی در رنگ ها","iscorrect":0}]}]},{"score":"60","questions":[{"id":"2795","description":"می خواهیم تصویری را از رزولوشنی برابر ۳۰۰PPI، بدون افت کیفیت برای چاپ آماده کنیم. در این حالت کدامیک از موارد زیر در پنجره Image Size مناسب است؟","answers":[{"id":"10623","description":"خاموش کردن گزینه Resample و تنظیم رزولوشن برای ۳۰۰PPI","iscorrect":1},{"id":"10624","description":"روشن کردن گزینه Resample و تنظیم رزولوشن برای ۳۰۰PPI","iscorrect":0},{"id":"10625","description":"روشن کردن گزینه های Resample و Scale Style و تنظیم رزولوشن برای ۳۰۰PPI","iscorrect":0},{"id":"10626","description":"روشن کردن گزینه Resample و تنظیم ابعاد","iscorrect":0}]},{"id":"2796","description":"می خواهیم عکسی را برای چاپ با سایز ۱۵ در ۳۰ سانتی متر و با رزولوشن ۳۰۰PPI آماده کنیم. کدامیک از تنظیمات زیر مناسب است؟","answers":[{"id":"10627","description":"خاموش کردن گزینه Resample","iscorrect":0},{"id":"10628","description":"روشن کردن گزینه Resample و خاموش کردن گزینه Constrain Proportion","iscorrect":1},{"id":"10629","description":"روشن کردن گزینه Resample و Constrain Proportion","iscorrect":0},{"id":"10630","description":"روشن کردن گزینه های Resample و Scale Style و Constrain Proportion","iscorrect":0}]},{"id":"2797","description":"اگر بخواهیم عکس را با سایز ۱۰ در ۱۳ سانتی متر روی یک رول کاغذ با عرض ۲۰ سانت بدون از دست دادن تناسب ابعاد و ایجاد برش در عکس، به گونه ای چاپ کنیم که حداکثر استفاده از کاغذ شود، طول عکس چه قدر خواهد بود؟","answers":[{"id":"10631","description":"۲۰ سانتی متر","iscorrect":0},{"id":"10632","description":"۳۰ سانتی متر","iscorrect":0},{"id":"10633","description":"۲۶ سانتی متر","iscorrect":1},{"id":"10634","description":"۳۶ سانتی متر","iscorrect":0}]},{"id":"2798","description":"الگوریتم Bilinear برای کدامیک از مصارف زیر مناسب است؟","answers":[{"id":"10635","description":"طرح های گرافیکی با لبه های بسیار مشخص","iscorrect":0},{"id":"10636","description":"طرح های گرافیکی با رنگ های خالص","iscorrect":1},{"id":"10637","description":"برای مصارف مربوط به عکاسی","iscorrect":0},{"id":"10638","description":"همه موارد","iscorrect":0}]},{"id":"2799","description":"الگوریتم Bicubic Sharper برای چه مصارفی مناسب است؟","answers":[{"id":"10639","description":"طرح های گرافیکی با لبه های بسیار مشخص","iscorrect":0},{"id":"10640","description":"طرح های گرافیکی با رنگ های خالص","iscorrect":0},{"id":"10641","description":"برای مصارف مربوط به بزرگ کردن عکس و طرح هایی با تغییرات تدریجی در رنگ ها","iscorrect":0},{"id":"10642","description":"برای مصارف مربوط به کوچک کردن عکس و طرح هایی با تغییرات تدریجی در رنگ ها","iscorrect":1}]}]}]},{"name":"درس دوازدهم- ابزار کراپ و تنظیمات مربوط به آن","id":"451","contentorder":"24","lesson_number":13,"type":0,"filename":"lesson451.html"},{"name":"ابزار کراپ و تنظیمات مربوط به آن","id":"762","contentorder":"25","type":1,"set":[{"score":"60","questions":[{"id":"2800","description":"چگونه می توان تنظیماتی را که برای ابزار Crop انجام می دهیم، ذخیره کنیم؟","answers":[{"id":"10643","description":"با استفاده از فرمان Save در منوی File","iscorrect":0},{"id":"10644","description":"با استفاده از فرمان Save As در منوی File","iscorrect":0},{"id":"10645","description":"با استفاده از قسمت مربوط به Preset در Option Bar ابزار","iscorrect":1},{"id":"10646","description":"با ذخیره سازی Workspace","iscorrect":0}]},{"id":"2801","description":"در Option Bar ابزار کراپ در دکمه اول، گزینه Original Ratio چه عملی را انجام می دهد؟","answers":[{"id":"10647","description":"باعث می شود با هر نسبتی که بخواهیم عمل کراپ را انجام دهیم.","iscorrect":0},{"id":"10648","description":"باعث می شود بتوانیم رزولوشن بخش کراپ شده را نیز انتخاب کنیم.","iscorrect":0},{"id":"10649","description":"امکان کراپ کردن با نسبت اصلی عکس را ایجاد می کند.","iscorrect":1},{"id":"10650","description":"بخش کراپ شده را ۱۸۰ درجه می چرخاند.","iscorrect":0}]},{"id":"2802","description":"فرمان Straighten در ابزار کراپ، برای چه منظوری مورد استفاده قرار می گیرد؟","answers":[{"id":"10651","description":"باعث می شود با هر نسبتی که بخواهیم، عمل کراپ را انجام دهیم.","iscorrect":0},{"id":"10652","description":"برای راست کردن عکس در راستای افق استفاده می شود.","iscorrect":1},{"id":"10653","description":"امکان کراپ کردن با نسبت اصلی عکس را ایجاد می کند.","iscorrect":0},{"id":"10654","description":"بخش کراپ شده را ۱۸۰ درجه می چرخاند.","iscorrect":0}]},{"id":"2803","description":"برای تیره کردن لایه پوششی روی بخشی که می خواهیم کراپ شود، از کدام قسمت یا بخش استفاده می شود؟","answers":[{"id":"10655","description":"در بخش View","iscorrect":0},{"id":"10656","description":"در بخش Set Additional Crop Options","iscorrect":1},{"id":"10657","description":"Straighten","iscorrect":0},{"id":"10658","description":"فرمان Delete Cropped Pixel","iscorrect":0}]},{"id":"2804","description":"گزینه Match Canvas در ابزار Crop چه عملی را انجام می دهد؟","answers":[{"id":"10659","description":"لایه پوشاننده را به رنگ سیاه تبدیل می کند.","iscorrect":0},{"id":"10660","description":"ابعاد کراپ به اندازه کل عکس می شود.","iscorrect":0},{"id":"10661","description":"لایه پوشاننده را به رنگ سفید تبدیل می کند.","iscorrect":0},{"id":"10662","description":"لایه پوشاننده را با پس زمینه همرنگ می کند.","iscorrect":1}]}]},{"score":"60","questions":[{"id":"2805","description":"در Option Bar ابزار کراپ، تیک زدن در کنار گزینه Unconstrained چه تاثیری بر فرمان کراپ دارد؟","answers":[{"id":"10663","description":"باعث می شود با هر نسبتی که بخواهیم عمل کراپ را انجام دهیم.","iscorrect":1},{"id":"10664","description":"باعث می شود بتوانیم رزولوشن بخش کراپ شده را نیز انتخاب کنیم.","iscorrect":0},{"id":"10665","description":"امکان کراپ کردن با نسبت اصلی عکس را ایجاد می کند.","iscorrect":0},{"id":"10666","description":"بخش کراپ شده را ۱۸۰ درجه می چرخاند.","iscorrect":0}]},{"id":"2806","description":"برای اینکه بتوانیم با ابعاد و رزولوشنی خاص، یک تصویر را کراپ کنیم، از کدام فرمان در Option Bar استفاده می شود؟","answers":[{"id":"10667","description":"گزینه Unconstrained","iscorrect":0},{"id":"10668","description":"گزینه Resize Crop Size","iscorrect":1},{"id":"10669","description":"گزینه Straighten","iscorrect":0},{"id":"10670","description":"Delete Cropped Pixel","iscorrect":0}]},{"id":"2807","description":"اگر با تنظیمات مربوطه، پیکسل های کراپ شده را پاک نکنیم، چگونه می توان این پیکسل ها را دوباره به تصویر بازگرداند؟","answers":[{"id":"10671","description":"با استفاده از گزینه Delete Cropped Pixel","iscorrect":0},{"id":"10672","description":"رفتن به منوی Image و استفاده از فرمان Reveal All","iscorrect":1},{"id":"10673","description":"رفتن به منوی Image و استفاده از فرمان Apply Image","iscorrect":0},{"id":"10674","description":"با دو بار کلیک کردن بر روی ابزار کراپ","iscorrect":0}]},{"id":"2808","description":"در کدام بخش از Option Bar ابزار کراپ، می توان رنگ لایه پوشاننده این ابزار را تعیین کرد؟","answers":[{"id":"10675","description":"در بخش View","iscorrect":0},{"id":"10676","description":"در بخش Set Additional Crop Options","iscorrect":1},{"id":"10677","description":"Straighten","iscorrect":0},{"id":"10678","description":"فرمان Delete Cropped Pixel","iscorrect":0}]},{"id":"2809","description":"کدامیک از گزینه ها در Option Bar ابزار کراپ، تقسیم بندی هایی را که ابزار کراپ موقتا روی تصویر می گذارد را حذف می کند؟","answers":[{"id":"10679","description":"Auto Show Overlay","iscorrect":0},{"id":"10680","description":"Always Show Overlay","iscorrect":0},{"id":"10681","description":"Cycle Overlay","iscorrect":0},{"id":"10682","description":"Never Show Overlay","iscorrect":1}]}]}]},{"name":"درس سیزدهم- فرمان Canvas Size","id":"452","contentorder":"26","lesson_number":14,"type":0,"filename":"lesson452.html"},{"name":"فرمان Canvas Size","id":"764","contentorder":"27","type":1,"set":[{"score":"50","questions":[{"id":"2810","description":"برای افزودن کادر یا حاشیه از کدامیک از فرامین زیر استفاده می شود؟","answers":[{"id":"10683","description":"Crop","iscorrect":0},{"id":"10684","description":"Image Size","iscorrect":0},{"id":"10685","description":"Canvas Size","iscorrect":1},{"id":"10686","description":"Hand Tool","iscorrect":0}]},{"id":"2811","description":"برای اینکه نسبت ابعاد در پنجره Canvas Size ثابت بماند از کدام گزینه زیر استفاده می شود؟","answers":[{"id":"10687","description":"Relative","iscorrect":1},{"id":"10688","description":"Canvas Extension Color","iscorrect":0},{"id":"10689","description":"Width","iscorrect":0},{"id":"10690","description":"Height","iscorrect":0}]},{"id":"2812","description":"برای تعیین رنگ حاشیه، از کدامیک از گزینه های زیر در پنجره مربوط به Canvas Size استفاده می شود؟","answers":[{"id":"10691","description":"Relative","iscorrect":0},{"id":"10692","description":"Canvas Extension Color","iscorrect":1},{"id":"10693","description":"Width","iscorrect":0},{"id":"10694","description":"Height","iscorrect":0}]},{"id":"2813","description":"اگر پهنای یک تصویر برابر با ۲۰cm باشد و بخواهیم در پهنا، حاشیه ای برابر با ۲cm در هر طرف داشته باشیم، باید از کدامیک از تنظیمات زیر استفاده کنیم؟","answers":[{"id":"10695","description":"Width: 22cm","iscorrect":0},{"id":"10696","description":"Height: 22cm","iscorrect":0},{"id":"10697","description":"Width: 24cm","iscorrect":1},{"id":"10698","description":"Height: 24cm","iscorrect":0}]}]},{"score":"50","questions":[{"id":"2814","description":"اگر اعدادی که در پنجره Canvas Size وارد می شود، کوچک تر از ابعاد تصویر باشد ، روی تصویر چه اتفاقی خواهد افتاد؟","answers":[{"id":"10699","description":"حاشیه ای به عکس اضافه نمی شود.","iscorrect":0},{"id":"10700","description":"در داخل عکس حاشیه اضافه می شود.","iscorrect":0},{"id":"10701","description":"عکس بریده می شود.","iscorrect":1},{"id":"10702","description":"نمی توان عددی کوچک تر از ابعاد وارد کرد.","iscorrect":0}]},{"id":"2815","description":"برای اینکه رنگ حاشیه سیاه شود، از کدامیک از موارد زیر می توان استفاده کرد؟","answers":[{"id":"10703","description":"استفاده از بخش آخر پنجره Canvas Size و انتخاب گزینه Black","iscorrect":0},{"id":"10704","description":"استفاده از بخش آخر پنجره Canvas Size و انتخاب گزینه Other…","iscorrect":0},{"id":"10705","description":"استفاده از بخش آخر پنجره Canvas Size و کلیک بر روی مربع و انتخاب از پنجره انتخاب رنگ","iscorrect":0},{"id":"10706","description":"همه موارد","iscorrect":1}]},{"id":"2816","description":"برای اینکه به ارتفاع عکسی با ارتفاع ۲۵ سانتی متر، از هر سمت ۳ سانتی متر اضافه شود، از کدامیک از موارد زیر استفاده می شود؟","answers":[{"id":"10707","description":"Width: 28cm","iscorrect":0},{"id":"10708","description":"Height: 28cm","iscorrect":0},{"id":"10709","description":"Width: 31cm","iscorrect":0},{"id":"10710","description":"Height: 31cm","iscorrect":1}]},{"id":"2817","description":"برای اینکه نسبت ابعاد در پنجره Canvas Size ثابت بماند، از کدام گزینه زیر باید استفاده کرد؟","answers":[{"id":"10711","description":"Relative","iscorrect":1},{"id":"10712","description":"Canvas Extension Color","iscorrect":0},{"id":"10713","description":"Width","iscorrect":0},{"id":"10714","description":"Height","iscorrect":0}]}]}]},{"name":"دوره آموزش مقدماتی فوتوشاپ سی اس ۶- آزمون نهایی","id":"766","contentorder":"28","type":1,"set":[{"score":"50","questions":[{"id":"2818","description":"برای بهبود کارایی، بهتر است چه میزانی از RAM موجود به فتوشاپ اختصاص یابد؟","answers":[{"id":"10715","description":"حداقل ممکن","iscorrect":0},{"id":"10716","description":"حداکثر ممکن","iscorrect":0},{"id":"10717","description":"بهتر است میزان RAM از دامنه ایده آل توصیه شده توسط برنامه باشد.","iscorrect":1},{"id":"10718","description":"میزان RAM اختصاص یافته به نرم افزار مبنا نیست. بلکه میزان RAM در کامپیوتر نقش اساسی دار","iscorrect":0}]},{"id":"2819","description":"برای بستن یک پنل در محیط فتوشاپ، از کدام فرمان و در کدام مسیر استفاده می شود؟","answers":[{"id":"10719","description":"فرمان Close در منوی File","iscorrect":0},{"id":"10720","description":"فرمان Close در منوی پنل","iscorrect":1},{"id":"10721","description":"فرمان Close Tab Group در منوی پنل","iscorrect":0},{"id":"10722","description":"استفاده از کلید Escape","iscorrect":0}]},{"id":"2820","description":"برای اینکه میانبرهای مربوط به ابزار را تنظیم کنیم، از کدام بخش در پنجره میانبرها استفاده می شود؟","answers":[{"id":"10723","description":"Shortcuts For: Application Menus","iscorrect":0},{"id":"10724","description":"Shortcuts For: Panel Menus","iscorrect":0},{"id":"10725","description":"Shortcuts For: Tools","iscorrect":1},{"id":"10726","description":"تعیین میانبر برای ابزار در اختیار کاربر نیست.","iscorrect":0}]},{"id":"2821","description":"برای نظم دادن و سازماندهی فایل های باز در فتوشاپ، از کدامیک از مسیرهای زیر می توان استفاده کرد؟","answers":[{"id":"10727","description":"Window > Arrange","iscorrect":1},{"id":"10728","description":"Window > Workspace","iscorrect":0},{"id":"10729","description":"View","iscorrect":0},{"id":"10730","description":"Image > Mode","iscorrect":0}]},{"id":"2822","description":"کدامیک از موارد زیر از معایب فایل های TIF محسوب می شوند؟","answers":[{"id":"10731","description":"عدم همخوانی با اغلب دستگاه ها","iscorrect":0},{"id":"10732","description":"یک قالب تخریبی است.","iscorrect":0},{"id":"10733","description":"حجمی نسبتا بالا دارد.","iscorrect":1},{"id":"10734","description":"عمق رنگی پایین دارد","iscorrect":0}]},{"id":"2823","description":"کدامیک از قالب های زیر قابلیت Interlacing را دارا هستند؟","answers":[{"id":"10735","description":"RAW","iscorrect":0},{"id":"10736","description":"PNG","iscorrect":0},{"id":"10737","description":"GIF","iscorrect":0},{"id":"10738","description":"موارد دوم و سوم","iscorrect":1}]},{"id":"2824","description":"در پنجره مربوط به Save As، کدامیک از گزینه های زیر، کانال های آلفا را نیز در فایل تصویری ذخیره می کند؟","answers":[{"id":"10739","description":"گزینه Alpha Channels","iscorrect":1},{"id":"10740","description":"گزینه As a Cop","iscorrect":0},{"id":"10741","description":"گزینه Layers","iscorrect":0},{"id":"10742","description":"گزینه Notes","iscorrect":0}]},{"id":"2825","description":"در کدامیک از مسیرهای زیر می توان تعداد مراحل ذخیره شده در پنل هیستوری را تعیین کرد؟","answers":[{"id":"10743","description":"Edit > Preferences > Performance… > History & Cache","iscorrect":1},{"id":"10744","description":"Edit > Preferences > Performance… > Memory Usage","iscorrect":0},{"id":"10745","description":"Edit > Preferences > Interface… > History & Cache","iscorrect":0},{"id":"10746","description":"Edit > Preferences > Performance… > Scratch Disc","iscorrect":0}]},{"id":"2826","description":"دکمه Actual Pixel در Option Bar ابزار زوم، کدامیک از اعمال زیر را انجام می دهد؟","answers":[{"id":"10747","description":"تغییر اندازه پنجره تصویر در زمان تغییر اندازه تصویر","iscorrect":0},{"id":"10748","description":"امکان زوم کردن تمام تصاویر باز","iscorrect":0},{"id":"10749","description":"بزرگنمایی ۱۰۰ درصد تصویر","iscorrect":1},{"id":"10750","description":"بزرگنمایی تصویر به گونه ای که کل تصویر در پنجره آن مشاهده شود.","iscorrect":0}]},{"id":"2827","description":"واحد رزولوشن در عکس دیجیتال چیست؟","answers":[{"id":"10751","description":"DPI","iscorrect":0},{"id":"10752","description":"PPI","iscorrect":1},{"id":"10753","description":"Mega Pixel","iscorrect":0},{"id":"10754","description":"bit","iscorrect":0}]},{"id":"2828","description":"برای اینکه روی ابعاد و رزولوشن تصویر برای چاپ از هر لحاظ کنترل داشته باشیم، کدام یک از گزینه های زیر مناسب باشد؟","answers":[{"id":"10755","description":"خاموش کردن گزینه Resample","iscorrect":0},{"id":"10756","description":"روشن کردن گزینه Resample و خاموش کردن گزینه Constrain Proportion","iscorrect":0},{"id":"10757","description":"روشن کردن گزینه Resample و Constrain Proportion","iscorrect":0},{"id":"10758","description":"روشن کردن گزینه Resample و Scale Style و خاموش کردن گزینه Constrain Proportion","iscorrect":1}]},{"id":"2829","description":"چگونه می توان تنظیماتی را که برای ابزار Crop انجام می دهیم، ذخیره کنیم؟","answers":[{"id":"10759","description":"با استفاده از فرمان Save در منوی File","iscorrect":0},{"id":"10760","description":"با استفاده از فرمان Save As در منوی File","iscorrect":0},{"id":"10761","description":"با استفاده از قسمت مربوط به Preset در Option Bar ابزار","iscorrect":1},{"id":"10762","description":"با ذخیره سازی Workspace","iscorrect":0}]}]},{"score":"50","questions":[{"id":"2830","description":"کدامیک از مسیرهای زیر برای اختصاص RAM در فتوشاپ مورد استفاده قرار می گیرد؟","answers":[{"id":"10763","description":"Edit > Preferences > Performance (Windows)","iscorrect":0},{"id":"10764","description":"Edit > Preferences > Interface (Windows)","iscorrect":0},{"id":"10765","description":"Photoshop > Preferences > Performance (Mac)","iscorrect":0},{"id":"10766","description":"موارد اول و دوم","iscorrect":1}]},{"id":"2831","description":"اگر بخواهیم منوهای مربوط به پنل ها را تنظیم کنیم، از کدام بخش در پنجره مربوط به منوها استفاده می شود؟","answers":[{"id":"10767","description":"Menu For","iscorrect":1},{"id":"10768","description":"Set","iscorrect":0},{"id":"10769","description":"Visibility","iscorrect":0},{"id":"10770","description":"Color","iscorrect":0}]},{"id":"2832","description":"برای اختصاص دادن میانبرها به فرامین اجرایی از کدام بخش در پنجره مربوط به میانبرها استفاده می شود؟","answers":[{"id":"10771","description":"Shortcuts For: Application Menus","iscorrect":1},{"id":"10772","description":"Shortcuts For: Panel Menus","iscorrect":0},{"id":"10773","description":"Shortcuts For: Tools","iscorrect":0},{"id":"10774","description":"تعیین میانبر برای فرامین در اختیار کاربر نیست.","iscorrect":0}]},{"id":"2833","description":"فرمان Float All in Windows کدامیک از اعمال زیر را انجام می دهد؟","answers":[{"id":"10775","description":"تمام پنجره ها را از حالت Tabبه حالت شناور در می آورد.","iscorrect":1},{"id":"10776","description":"تمام پنجره ها را از حالت شناور به حالت Tab منظم می کند.","iscorrect":0},{"id":"10777","description":"تمام پنجره ها را به یک اندازه Zoom می کند.","iscorrect":0},{"id":"10778","description":"مکان تمام تصاویر در پنجره ها را یکسان می کند.","iscorrect":0}]},{"id":"2834","description":"از معایب عمده فایل های JPEG چیست؟","answers":[{"id":"10779","description":"از دست رفتن اطلاعات تصویری به علت فشرده سازی","iscorrect":1},{"id":"10780","description":"عمق رنگ ۸ بیتی (۲۵۶ رنگ)","iscorrect":0},{"id":"10781","description":"عدم همخوانی اکثر دستگاه ها با این فرمت","iscorrect":0},{"id":"10782","description":"بسیار بالا بودن حجم آنها","iscorrect":0}]},{"id":"2835","description":"از بین فرمت های زیر کدامیک برای ذخیره سازی فایل اصلی یا مرجع مناسب ترند؟","answers":[{"id":"10783","description":"PSD","iscorrect":1},{"id":"10784","description":"GIF","iscorrect":0},{"id":"10785","description":"PNG","iscorrect":0},{"id":"10786","description":"JPEG","iscorrect":0}]},{"id":"2836","description":"برای اینکه تصویری را سر و ته کنیم، از کدامیک از فرامین زیر باید استفاده کنیم؟","answers":[{"id":"10787","description":"Image > Image Rotation > 90 CCW","iscorrect":0},{"id":"10788","description":"Image > Image Rotation > 90 CW","iscorrect":0},{"id":"10789","description":"Flip Canvas Horizontal","iscorrect":0},{"id":"10790","description":"Image > Image Rotation > 180","iscorrect":1}]},{"id":"2837","description":"چگونه می توان برای Snapshot نام انتخاب کرد؟","answers":[{"id":"10791","description":"با دوبار کلیک کردن بر روی نماد دوربین در پنل هیستوری","iscorrect":0},{"id":"10792","description":"با دو بار کلیک کردن بر روی عکس یا نام روبروی Snapshot در پنل هیستوری","iscorrect":1},{"id":"10793","description":"با تیک زدن در سمت چپ Snapshot","iscorrect":0},{"id":"10794","description":"با راست کلیک کردن روی Snapshot","iscorrect":0}]},{"id":"2838","description":"در Option Bar ابزار زوم، دکمه Fit to Screen، کدامیک از موارد زیر را انجام می دهد؟","answers":[{"id":"10795","description":"تغییر اندازه پنجره تصویر در زمان تغییر اندازه تصویر","iscorrect":0},{"id":"10796","description":"امکان زوم کردن تمام تصاویر باز","iscorrect":0},{"id":"10797","description":"امکان انتخاب قسمت مورد نظر برای زوم با Drag کردن و رسم خط چین در اطراف آن","iscorrect":0},{"id":"10798","description":"بزرگنمایی تصویر به گونه ای که کل تصویر در پنجره آن مشاهده شود.","iscorrect":1}]},{"id":"2839","description":"کدامیک از رزولوشن های زیر برای چاپ مناسب اند؟","answers":[{"id":"10799","description":"۱۳۳DPI","iscorrect":0},{"id":"10800","description":"۹۶DPI","iscorrect":0},{"id":"10801","description":"۷۲DPI","iscorrect":0},{"id":"10802","description":"۳۰۰DPI","iscorrect":1}]},{"id":"2840","description":"الگوریتم Bilinear برای کدامیک از مصارف زیر مناسب است؟","answers":[{"id":"10803","description":"طرح های گرافیکی با لبه های بسیار مشخص","iscorrect":0},{"id":"10804","description":"طرح های گرافیکی با رنگ های خالص","iscorrect":1},{"id":"10805","description":"برای مصارف مربوط به عکاسی","iscorrect":0},{"id":"10806","description":"همه موارد","iscorrect":0}]},{"id":"2841","description":"در کدام بخش از Option Bar ابزار کراپ، می توان رنگ لایه پوشاننده این ابزار را تعیین کرد؟","answers":[{"id":"10807","description":"در بخش View","iscorrect":0},{"id":"10808","description":"در بخش Set Additional Crop Options","iscorrect":1},{"id":"10809","description":"Straighten","iscorrect":0},{"id":"10810","description":"فرمان Delete Cropped Pixel","iscorrect":0}]}]}]}]}