{"courseId":"23","contents":[{"name":"از چه چیزی فیلم بگیریم؟","id":"95","contentorder":"1","lesson_number":1,"type":0,"filename":"lesson95.html"},{"name":"از چه چیزی فیلم بگیریم؟","id":"200","contentorder":"2","type":1,"set":[{"score":"60","questions":[{"id":"535","description":"برای انتخاب سوژه گزارش ویدیویی باید:","answers":[{"id":"1961","description":"روزنامه ها را نگاه کرد.","iscorrect":0},{"id":"1962","description":"از تلویزیون الهام گرفت.","iscorrect":0},{"id":"1963","description":"زندگی روزمره جالب است.","iscorrect":1},{"id":"1964","description":"از یوتیوب الگوبرداری کرد.","iscorrect":0}]},{"id":"536","description":"سوژه ی ویدیویی باید:","answers":[{"id":"1965","description":"حتما برای مخاطب عجیب و غریب باشد.","iscorrect":0},{"id":"1966","description":"قابلیت به تصویر کشیده شدن را داشته باشد.","iscorrect":1},{"id":"1967","description":"حتما مصاحبه داشته باشد.","iscorrect":0},{"id":"1968","description":"حتما با دوربین های تلویزیونی ضبط شود.","iscorrect":0}]},{"id":"537","description":"وزیر علوم، برای بازدید به دانشگاه شما می آید. می خواهید با دوربین عکاسی تان یک گزارش ویدیویی درست کنید، کدام ایده بهتر است:","answers":[{"id":"1969","description":"با دوربین عکاسی ام با او مصاحبه می کنم.","iscorrect":0},{"id":"1970","description":"حاشیه های حضورش در دانشگاه را فیلم می گیرم و سعی می کنم با چند دانشجو هم صحبت کنم.","iscorrect":1},{"id":"1971","description":"با رییس دانشگاه مصاحبه می کنم.","iscorrect":0},{"id":"1972","description":"با دانشجویان ممتاز صحبت می کنم.","iscorrect":0}]}]},{"score":"60","questions":[{"id":"538","description":"می خواهید گفتگوی سیاسی چهار مرد میانسال در پارک که به نظرتان جالب آمده را ضبط کنید، درست ترین پاسخ کدام است؟","answers":[{"id":"1973","description":"از آنها اجازه می گیرم.","iscorrect":0},{"id":"1974","description":"از آنها اجازه نمی گیرم و فیلم می گیرم.","iscorrect":0},{"id":"1975","description":"وقتی صورتشان در تصویر نیست، اجازه لازم نیست.","iscorrect":0},{"id":"1976","description":"حریم خصوصی را رعایت می کنم و سعی می کنم منطقی ترین راه را پیدا کنم، مثلا خودم بعدا بحث را تعریف می کنم.","iscorrect":1}]},{"id":"539","description":"لحن گزارش های ضبط شده توسط شهروندان خبرنگار:","answers":[{"id":"1977","description":"باید حتما روزنامه ای باشد.","iscorrect":0},{"id":"1978","description":"باید حتما خودمانی باشد.","iscorrect":0},{"id":"1979","description":"بستگی به خبرنگار دارد.","iscorrect":1},{"id":"1980","description":"نباید صدای خبرنگار در گزارش ویدیویی باشد.","iscorrect":0}]},{"id":"540","description":"گزارش ویدیویی، گزارشی است که:","answers":[{"id":"1981","description":"سوژه ی جالب داشته باشد و خلاقانه پرداخت شده باشد.","iscorrect":1},{"id":"1982","description":"صدای گزارش خوب شنیده شود.","iscorrect":0},{"id":"1983","description":"سوژه جالبی داشته باشد.","iscorrect":0},{"id":"1984","description":"رنگ تصاویر خوب باشد.","iscorrect":0}]}]}]},{"name":"با چه فیلم بگیریم؟","id":"96","contentorder":"3","lesson_number":2,"type":0,"filename":"lesson96.html"},{"name":"با چه فیلم بگیریم؟","id":"202","contentorder":"4","type":1,"set":[{"score":"60","questions":[{"id":"541","description":"برای فیلمبرداری:","answers":[{"id":"1985","description":"یک دوربین تلویزیونی باید همیشه آماده باشد.","iscorrect":0},{"id":"1986","description":"دوربین مهم نیست، ثبت یک واقعه مهم است.","iscorrect":1},{"id":"1987","description":"دوربین موبایل کم ارزش است.","iscorrect":0},{"id":"1988","description":"دوربین عکاسی شاید مناسب باشد.","iscorrect":0}]},{"id":"542","description":"حسن دوربین های آماتوری به این است که:","answers":[{"id":"1989","description":"تصاویر حاصل از آن ناب است.","iscorrect":0},{"id":"1990","description":"تصاویرش به تصاویری که چشم می بیند، شباهت دارد.","iscorrect":0},{"id":"1991","description":"در دسترس ترند.","iscorrect":0},{"id":"1992","description":"همه ی موارد.","iscorrect":1}]},{"id":"543","description":"اگر برای فیلمبرداری، از موبایل استفاده می کنید:","answers":[{"id":"1993","description":"موبایلی تهیه کنید، که فرمت ضبط تصاویر آن MP4 است.","iscorrect":1},{"id":"1994","description":"موبایل گرانبها تهیه کنید.","iscorrect":0},{"id":"1995","description":"موبایل های کوچکتر بهترند.","iscorrect":0},{"id":"1996","description":"جلد موبایل را فراموش نکنید.","iscorrect":0}]}]},{"score":"60","questions":[{"id":"544","description":"اگر برای فیلمبرداری، از موبایل استفاده می کنید:","answers":[{"id":"1997","description":"از گوشی های هندزفری استفاده کنید.","iscorrect":0},{"id":"1998","description":"موبایلی تهیه کنید که کیفیت صدا در هنگام فیلمبرداریش مطلوب باشد.","iscorrect":1},{"id":"1999","description":"قابلیت بلوتوث داشته باشد.","iscorrect":0},{"id":"2000","description":"بلندگو داشته باشد.","iscorrect":0}]},{"id":"545","description":"رایج ترین شیوه ی اتصال دوربین های تلفن همراه به کامپیوتر:","answers":[{"id":"2001","description":"کابل های Firewire است.","iscorrect":0},{"id":"2002","description":"Mini jack است.","iscorrect":0},{"id":"2003","description":"پورت USB است.","iscorrect":1},{"id":"2004","description":"Wimax است.","iscorrect":0}]},{"id":"546","description":"برتری فیلمبردای با تلفن همراه نسبت به دوربین های عکاسی این است که:","answers":[{"id":"2005","description":"سبک ترند.","iscorrect":0},{"id":"2006","description":"در مواقع خطر، قابل توجیه ترند.","iscorrect":1},{"id":"2007","description":"می توان با آنها تلفنی حرف زد.","iscorrect":0},{"id":"2008","description":"دوربین های عکاسی، فیلم مصرف می کنند.","iscorrect":0}]}]}]},{"name":"چگونه با دوربین های آماتوری فیلمبرداری کنیم؟","id":"97","contentorder":"5","lesson_number":3,"type":0,"filename":"lesson97.html"},{"name":"چگونه با دوربین های آماتوری فیلمبرداری کنیم؟","id":"204","contentorder":"6","type":1,"set":[{"score":"60","questions":[{"id":"547","description":"کارت حافظه دوربین ها:","answers":[{"id":"2009","description":"باید کم حجم باشد.","iscorrect":0},{"id":"2010","description":"باید حجم بالا داشته باشند تا بتوان فیلم ها را در آن آرشیو کرد.","iscorrect":0},{"id":"2011","description":"باید حجمی متناسب با کارمان داشته باشد.","iscorrect":1},{"id":"2012","description":"دوربین ها با کارت های حافظه متناسب نیستند.","iscorrect":0}]},{"id":"548","description":"یک شات:","answers":[{"id":"2013","description":"تصویر متحرکی است با یک موضوع.","iscorrect":1},{"id":"2014","description":"به یک فیلم سینمایی می گویند.","iscorrect":0},{"id":"2015","description":"تصویری متحرک به مدت ده دقیقه.","iscorrect":0},{"id":"2016","description":"تصویر ثابت مانند عکس.","iscorrect":0}]},{"id":"549","description":"تیلت یعنی:","answers":[{"id":"2017","description":"به حرکت دوربین به طرفین، تیلت می گویند.","iscorrect":0},{"id":"2018","description":"به حرکت دوربین به سمت بالا و پایین، تیلت می گویند.","iscorrect":1},{"id":"2019","description":"به حرکت مدور دوربین، تیلت می گویند.","iscorrect":0},{"id":"2020","description":"به حرکت مدور در جهت عقربه های ساعت، تیلت می گویند.","iscorrect":0}]}]},{"score":"60","questions":[{"id":"550","description":"پن یعنی:","answers":[{"id":"2021","description":"به حرکت دوربین به طرفین، پن می گویند.","iscorrect":1},{"id":"2022","description":"به حرکت دوربین به سمت بالا و پایین، پن می گویند.","iscorrect":0},{"id":"2023","description":"به حرکت مدور دوربین، پن می گویند.","iscorrect":0},{"id":"2024","description":"به حرکت مدور در جهت عقربه های ساعت، تیلت می گویند.","iscorrect":0}]},{"id":"551","description":"در ویدیوها تا آنجایی که می توانید:","answers":[{"id":"2025","description":"زوم بکنید.","iscorrect":0},{"id":"2026","description":"تا آنجایی که می شود از زوم کردن خودداری کنید.","iscorrect":1},{"id":"2027","description":"زوم کردن مداوم مفید است و باعث می شود بیننده، جزییات تصویر را ببیند.","iscorrect":0},{"id":"2028","description":"زوم کردن مداوم مفید است و باعث می شود، بیننده نمای بزرگی از تصویر را ببیند.","iscorrect":0}]},{"id":"552","description":"مزیت تصویر ضبط شده توسط شهروندان خبرنگار:","answers":[{"id":"2029","description":"سکوت آنهاست.","iscorrect":0},{"id":"2030","description":"ثبت واکنش افراد حاضر در صحنه، علاوه بر ثبت واقعه است.","iscorrect":1},{"id":"2031","description":"لرزان بودن تصاویر است.","iscorrect":0},{"id":"2032","description":"کم نور بودن تصاویر است.","iscorrect":0}]}]}]},{"name":"چگونه با دوربین های حرفه ای فیلمبرداری کنیم؟","id":"98","contentorder":"7","lesson_number":4,"type":0,"filename":"lesson98.html"},{"name":"چگونه با دوربین های حرفه ای فیلمبرداری کنیم؟","id":"206","contentorder":"8","type":1,"set":[{"score":"60","questions":[{"id":"553","description":"تراز حباب بر روی سه پایه:","answers":[{"id":"2033","description":"معیاری برای کیفیت تصویر است.","iscorrect":0},{"id":"2034","description":"معیاری برای کیفیت صداست.","iscorrect":0},{"id":"2035","description":"معیاری برای تراز بودن سطح دوربین و سه پایه است.","iscorrect":1},{"id":"2036","description":"معیاری برای سالم بودن دوربین است.","iscorrect":0}]},{"id":"554","description":"ضبط چند باره بر روی یک نوار:","answers":[{"id":"2037","description":"کیفیت تصویر را تقویت می کند.","iscorrect":0},{"id":"2038","description":"از کیفیت تصویر می کاهد.","iscorrect":1},{"id":"2039","description":"باعث آسیب به دوربین می شود.","iscorrect":0},{"id":"2040","description":"باعث آسیب به نوار می شود.","iscorrect":0}]},{"id":"555","description":"در مصاحبه ها:","answers":[{"id":"2041","description":"مصاحبه شونده باید به دوربین نگاه کند.","iscorrect":0},{"id":"2042","description":"مصاحبه شونده باید به مصاحبه کننده نگاه کند.","iscorrect":1},{"id":"2043","description":"مصاحبه شونده باید به زمین نگاه کند.","iscorrect":0},{"id":"2044","description":"مصاحبه شونده باید در خلاف جهت مصاحبه کننده نگاه کند.","iscorrect":0}]}]},{"score":"60","questions":[{"id":"556","description":"Cut Awayها تصاویری هستند که:","answers":[{"id":"2045","description":"کیفیت صدا را با آنها کنترل می کنند.","iscorrect":0},{"id":"2046","description":"کیفیت تصویر را با آنها کنترل می کنند.","iscorrect":0},{"id":"2047","description":"تصاویر سیاه و سفید هستند.","iscorrect":0},{"id":"2048","description":"در ادیت کردن و برش تصاویر کمک می کنند.","iscorrect":1}]},{"id":"557","description":"معیار وضوح تصویر:","answers":[{"id":"2049","description":"وضوح تصویر در نزدیکترین نقطه است.","iscorrect":0},{"id":"2050","description":"وضوع تصویر در نقطه ی بی نهایت است.","iscorrect":1},{"id":"2051","description":"متکی به فوکوس خودکار (Auto Focus) دوربین است.","iscorrect":0},{"id":"2052","description":"متکی به نور محیط است.","iscorrect":0}]},{"id":"558","description":"برای تنظیم White Balance:","answers":[{"id":"2053","description":"دوربین را با یک کاغذ زرد تنظیم می کنیم.","iscorrect":0},{"id":"2054","description":"دوربین را با یک کاغذ سبز تنظیم می کنیم.","iscorrect":0},{"id":"2055","description":"دوربین را با یک کاغذ سفید تنظیم می کنیم.","iscorrect":1},{"id":"2056","description":"دوربین را با یک کاغذ سیاه تنظیم می کنیم.","iscorrect":0}]}]}]},{"name":"چگونه برای گزارش فیلم بگیریم؟","id":"99","contentorder":"9","lesson_number":5,"type":0,"filename":"lesson99.html"},{"name":"چگونه برای گزارش فیلم بگیریم؟","id":"208","contentorder":"10","type":1,"set":[{"score":"60","questions":[{"id":"559","description":"در یک گزارش ویدیویی:","answers":[{"id":"2057","description":"باید چیزی که در تصویر مشخص است را توضیح داد.","iscorrect":0},{"id":"2058","description":"باید از توضیح واضحات خودداری کرد.","iscorrect":1},{"id":"2059","description":"توضیح واضحات باعث دقت بیننده می شود.","iscorrect":0},{"id":"2060","description":"به طور کلی باید از صحبت کردن خودداری کرد.","iscorrect":0}]},{"id":"560","description":"تصاویر ساده:","answers":[{"id":"2061","description":"گویاترند.","iscorrect":1},{"id":"2062","description":"از تنبلی ناشی می شوند.","iscorrect":0},{"id":"2063","description":"با دوربین های غیرحرفه ای، تصاویر همیشه ساده اند.","iscorrect":0},{"id":"2064","description":"بهتر است سیاه و سفید باشند.","iscorrect":0}]},{"id":"561","description":"یک گزارش ویدیویی:","answers":[{"id":"2065","description":"از شات های بسته تشکیل می شود.","iscorrect":0},{"id":"2066","description":"از شات های باز تهیه می شود.","iscorrect":0},{"id":"2067","description":"از شات های باز و بسته و متنوع تولید می شود.","iscorrect":1},{"id":"2068","description":"از شات هایی که زوم فراوان دارد، استفاده می شود.","iscorrect":0}]}]},{"score":"60","questions":[{"id":"562","description":"جملات یک گزارش باید:","answers":[{"id":"2069","description":"بدون توجه به تصاویر باشد.","iscorrect":0},{"id":"2070","description":"با توجه به تصاویر و تغییرات آن نوشته شود.","iscorrect":1},{"id":"2071","description":"از جملات روزنامه ها استفاده شود.","iscorrect":0},{"id":"2072","description":"از جملات گزارش های تلویزیونی تهیه شود.","iscorrect":0}]},{"id":"563","description":"برای تهیه یک گزارش ویدیویی می توان:","answers":[{"id":"2073","description":"دوربین را همیشه روشن نگه داشت.","iscorrect":0},{"id":"2074","description":"میکروفون دوربین را همیشه روشن نگه داشت.","iscorrect":0},{"id":"2075","description":"از پیش برنامه ریزی کرد و پلان ها را بر روی کاغذ رسم کرد.","iscorrect":1},{"id":"2076","description":"از مصاحبه شونده ها کمک خواست.","iscorrect":0}]},{"id":"564","description":"تصویر Close Up یعنی:","answers":[{"id":"2077","description":"تصویری از نزدیک","iscorrect":1},{"id":"2078","description":"تصویری از دور","iscorrect":0},{"id":"2079","description":"تصویری لرزان","iscorrect":0},{"id":"2080","description":"تصویری با حرکات مدور","iscorrect":0}]}]}]},{"name":"تدوین","id":"100","contentorder":"11","lesson_number":6,"type":0,"filename":"lesson100.html"},{"name":"تدوین","id":"210","contentorder":"12","type":1,"set":[{"score":"60","questions":[{"id":"565","description":"برای بریدن یک کلیپ:","answers":[{"id":"2081","description":"آن را Split می کنند.","iscorrect":1},{"id":"2082","description":"آن را Trim می کنند.","iscorrect":0},{"id":"2083","description":"از Transition استفاده می کنند.","iscorrect":0},{"id":"2084","description":"به آن موسیقی اضافه می کنند.","iscorrect":0}]},{"id":"566","description":"کدام نسبت اندازه تصویر، درست است؟","answers":[{"id":"2085","description":"1180*1920","iscorrect":0},{"id":"2086","description":"740*1280","iscorrect":0},{"id":"2087","description":"576*720","iscorrect":1},{"id":"2088","description":"400*720","iscorrect":0}]},{"id":"567","description":"برای اضافه کردن زیرنویس در نرم افزار تدوین تصویر ویندوز:","answers":[{"id":"2089","description":"از گزینه ی Title استفاده می کنیم.","iscorrect":0},{"id":"2090","description":"از گزینه ی Credit استفاده می کنیم.","iscorrect":0},{"id":"2091","description":"از گزینه ی Caption استفاده می کنیم.","iscorrect":1},{"id":"2092","description":"از Transition استفاده می کنیم.","iscorrect":0}]}]},{"score":"60","questions":[{"id":"568","description":"Trim کردن یک ویدئو یعنی:","answers":[{"id":"2093","description":"انتخاب یک بخش از کلیپ است.","iscorrect":1},{"id":"2094","description":"اضافه کردن گرافیک به تصویر است.","iscorrect":0},{"id":"2095","description":"اضافه کردن موسیقی به تصویر است.","iscorrect":0},{"id":"2096","description":"بریدن یک کلیپ است.","iscorrect":0}]},{"id":"569","description":"رایج ترین اندازه تصویر کدام است؟","answers":[{"id":"2097","description":"1080*1920","iscorrect":0},{"id":"2098","description":"720*1280","iscorrect":0},{"id":"2099","description":"576*720","iscorrect":1},{"id":"2100","description":"480*720","iscorrect":0}]},{"id":"570","description":"Timeline در نرم افزارهای ادیت:","answers":[{"id":"2101","description":"بخش گرافیکی نرم افزار است.","iscorrect":0},{"id":"2102","description":"ردیف تدوین یا جایی از نرم افزار است که می توان کلیپ ها را تدوین کرد.","iscorrect":1},{"id":"2103","description":"بخش صوتی نرم افزار است.","iscorrect":0},{"id":"2104","description":"برای خروجی گرفتن از تصاویر است.","iscorrect":0}]}]}]},{"name":"فیلم ها را چگونه بفرستیم؟","id":"101","contentorder":"13","lesson_number":7,"type":0,"filename":"lesson101.html"},{"name":"فیلم ها را چگونه بفرستیم؟","id":"212","contentorder":"14","type":1,"set":[{"score":"60","questions":[{"id":"571","description":"برای ارسال تصاویر روی یوتیوب:","answers":[{"id":"2105","description":"حجم آن را به حداقل می رسانیم.","iscorrect":0},{"id":"2106","description":"حجیم ترین فایل را می فرستیم.","iscorrect":0},{"id":"2107","description":"قابل رویت ترین فایل کم حجم را ارسال می کنیم.","iscorrect":1},{"id":"2108","description":"قابل رویت ترین فایل را ارسال می کنیم.","iscorrect":0}]},{"id":"572","description":"برای ارسال ویدیو در شبکه های اجتماعی:","answers":[{"id":"2109","description":"آن را مستقیما در شبکه های اجتماعی آپلود کنید.","iscorrect":0},{"id":"2110","description":"بهتر است آن را بر روی پورتال های ویدیو مانند یوتیوب گذاشته و بعد در شبکه های اجتماعی به اشتراک بگذاریم.","iscorrect":1},{"id":"2111","description":"آن را در فیس بوک آپلود می کنیم. و بعد به اشتراک می گذاریم.","iscorrect":0},{"id":"2112","description":"آن را در فرندفید آپلود می کنیم و بعد به اشتراک می گذاریم.","iscorrect":0}]},{"id":"573","description":"برای نامگذاری یک ویدئو:","answers":[{"id":"2113","description":"لازم نیست نام آن را به انگلیسی بنویسیم.","iscorrect":0},{"id":"2114","description":"فقط به انگلیسی می نویسیم.","iscorrect":0},{"id":"2115","description":"بهتر است به هر دو زبان انگلیسی و فارسی بنویسیم.","iscorrect":1},{"id":"2116","description":"فقط به فارسی می نویسیم.","iscorrect":0}]}]},{"score":"60","questions":[{"id":"574","description":"از مزیت های ارسال ویدیو با FTP این است که:","answers":[{"id":"2117","description":"در صورت قطع شدن ارتباط، لازم نیست مجددا فایل به طور کامل آپلود شود.","iscorrect":1},{"id":"2118","description":"در صورت قطع شدن ارتباط اینترنتی نیز، فایل ارسال می شود.","iscorrect":0},{"id":"2119","description":"فایل های با حجم بزرگ، بسیار سریع ارسال می شوند.","iscorrect":0},{"id":"2120","description":"همواره در دسترس است.","iscorrect":0}]},{"id":"575","description":"برای ارسال گزارش ویدیویی به یک رسانه:","answers":[{"id":"2121","description":"بهتر است از یوتیوب استفاده شود.","iscorrect":0},{"id":"2122","description":"بهتر است با بالاترین کیفیت ممکن از FTP استفاده شود.","iscorrect":1},{"id":"2123","description":"بهتر است از Vimeo استفاده شود.","iscorrect":0},{"id":"2124","description":"بهتر است از فیس بوک استفاده شود.","iscorrect":0}]},{"id":"576","description":"در استفاده از سایت های رایگان اشتراک گذاری فایل، اشکال این است که:","answers":[{"id":"2125","description":"این سایت ها مشهور نیستند.","iscorrect":0},{"id":"2126","description":"این سایت ها غیرقانونی هستند.","iscorrect":0},{"id":"2127","description":"این سایت ها به دلیل رایگان بودن، محدودیت حجم آپلود دارند.","iscorrect":1},{"id":"2128","description":"صدا درست منتقل نمی شود.","iscorrect":0}]}]}]}]}