{"courseId":"29","contents":[{"name":"تجزیه و تحلیل وب و چرا گوگل آنالیتیکز","id":"177","contentorder":"1","lesson_number":1,"type":0,"filename":"lesson177.html"},{"name":"سه نکته طلایی گوگل آنالیتیکز","id":"178","contentorder":"2","lesson_number":2,"type":0,"filename":"lesson178.html"},{"name":"سه نکته‌ طلایی گوگل آنالیتیکز","id":"322","contentorder":"3","type":1,"set":[{"score":"60","questions":[{"id":"912","description":"اولین قدم در راه اندازی یک وب سایت یا وبلاگ چیست؟","answers":[{"id":"3452","description":"درآمدزایی","iscorrect":0},{"id":"3453","description":"زمینه فعالیت","iscorrect":0},{"id":"3454","description":"هدف ایجاد آن","iscorrect":0},{"id":"3455","description":"گزینه های ب و ج","iscorrect":1}]},{"id":"913","description":"کدامیک گزینه در مورد بازدیدکنندگان یک وب سایت دارای اهمیت بیشتری است؟","answers":[{"id":"3456","description":"تعداد مراجعه به وب سایت","iscorrect":0},{"id":"3457","description":"تعداد دفعات دانلود کردن یک فایل","iscorrect":0},{"id":"3458","description":"رفتار آنها در وب سایت","iscorrect":1},{"id":"3459","description":"نرخ نمایش صفحه در روز","iscorrect":0}]},{"id":"914","description":"به کمک گوگل آنالیتیکز شما می توانید چه اطلاعاتی را در مورد بازدیدکنندگان وب سایت خود بدست آورید؟","answers":[{"id":"3460","description":"نوع مرورگر مورد استفاده","iscorrect":0},{"id":"3461","description":"نوع سیستم عامل مورد استفاده","iscorrect":0},{"id":"3462","description":"نام کشور بازدیدکنندگان","iscorrect":0},{"id":"3463","description":"همه موارد","iscorrect":1}]}]},{"score":"60","questions":[{"id":"915","description":"تصمیم گیری براساس کدام گزینه خطرناک تر است؟","answers":[{"id":"3464","description":"داشتن اطلاعات درست","iscorrect":0},{"id":"3465","description":"نداشتن اطلاعات","iscorrect":0},{"id":"3466","description":"داشتن اطلاعات نادرست","iscorrect":1},{"id":"3467","description":"هیچکدام","iscorrect":0}]},{"id":"916","description":"اولین قدم در راه اندازی یک وب سایت یا وبلاگ چیست؟","answers":[{"id":"3468","description":"درآمدزایی","iscorrect":0},{"id":"3469","description":"زمینه فعالیت","iscorrect":0},{"id":"3470","description":"هدف ایجاد آن","iscorrect":0},{"id":"3471","description":"گزینه های ب و ج","iscorrect":1}]},{"id":"917","description":"وب سایت شما بازدیدکننده زیادی دارد پس:","answers":[{"id":"3472","description":"وب سایت موفقی دارم.","iscorrect":0},{"id":"3473","description":"وب سایت موفقی ندارم.","iscorrect":0},{"id":"3474","description":"تنها تعداد بازدیدکنندگان معیار موفقیت یک وب سایت نیست.","iscorrect":1},{"id":"3475","description":"تعداد بازدیدکنندگان هیچ ربطی به موفقیت و عدم موفقیت یک وب سایت ندارد.","iscorrect":0}]}]}]},{"name":"ایجاد حساب در گوگل آنالیتیکز","id":"179","contentorder":"4","lesson_number":3,"type":0,"filename":"lesson179.html"},{"name":"کلیات گوگل آنالیتیکز","id":"180","contentorder":"5","lesson_number":4,"type":0,"filename":"lesson180.html"},{"name":"کلیات گوگل آنالیتیکز","id":"324","contentorder":"6","type":1,"set":[{"score":"60","questions":[{"id":"918","description":"کدامیک تعریف دقیق تری در مورد بخش داشبوردها در گوگل آنالیتیکز است؟","answers":[{"id":"3476","description":"به کمک آن می توانیم حساب گوگل آنالیتیکز را چک کنیم.","iscorrect":0},{"id":"3477","description":"خلاصه ای از آخرین وضعیت بازدیدکنندگان وب سایت را براساس تعداد، محل و... به ما نشان می دهد.","iscorrect":1},{"id":"3478","description":"تنها تعداد بازدیدکنندگان را به ما نشان می دهد.","iscorrect":0},{"id":"3479","description":"وضعیت بازدیدکنندگان وب سایت را با جزییات کامل به ما نشان می دهد.","iscorrect":0}]},{"id":"919","description":"به کمک کدام قسمت از بخش Reports می توانیم تعداد بازدیدکنندگان وب سایت را براساس موقعیت جغرافیایی مشاهده کنیم؟","answers":[{"id":"3480","description":"Audiences","iscorrect":1},{"id":"3481","description":"Advertising","iscorrect":0},{"id":"3482","description":"Traffic Sources","iscorrect":0},{"id":"3483","description":"Content","iscorrect":0}]},{"id":"920","description":"کدام بخش در گوگل آنالیتیکز به شما نشان می‌دهد که بازدیدکنندگان سایت از کدام منطقه جغرافیایی هستند؟","answers":[{"id":"3484","description":"Traffic Sources","iscorrect":0},{"id":"3485","description":"Conversions","iscorrect":0},{"id":"3486","description":"Geo","iscorrect":1},{"id":"3487","description":"Visitors","iscorrect":0}]}]},{"score":"60","questions":[{"id":"921","description":"برای مشاهده خلاصه ای از آخرین وضعیت بازدیدکنندگان وب سایت خود، بهتر است کدام بخش را چک کنید؟","answers":[{"id":"3488","description":"Visitors","iscorrect":0},{"id":"3489","description":"Advertsings","iscorrect":0},{"id":"3490","description":"Dashboard","iscorrect":1},{"id":"3491","description":"My Site","iscorrect":0}]},{"id":"922","description":"تفاوت بخش Behavior و User Flowدر چیست؟","answers":[{"id":"3492","description":"User Flowبه تجزیه و تحلیل محتوای وب سایت و Behavior به تجزیه و تحلیل آگهی های فعال در وب سایت می پردازد.","iscorrect":0},{"id":"3493","description":"User Flow به تجزیه و تحلیل محتوای وب سایت و Behaviorبه تجزیه و تحلیل بازدیدکنندگان وب سایت می پردازد.","iscorrect":1},{"id":"3494","description":"Behavior به تجزیه و تحلیل بازدیدکنندگان وب سایت و User Flow به تجزیه و تحلیل محتوای وب سایت می پردازد.","iscorrect":0},{"id":"3495","description":"Behavior به تجزیه و تحلیل آگهی های فعال در وب سایت و User Flow به تجزیه و تحلیل محتوای وب سایت می پردازد.","iscorrect":0}]},{"id":"923","description":"در کدام بخش می‌توانیم شمایل کلی بازدیدکنندگان را مشاهده کنیم؟","answers":[{"id":"3496","description":"Visitors","iscorrect":0},{"id":"3497","description":"Advertising","iscorrect":0},{"id":"3498","description":"Dashboard","iscorrect":1},{"id":"3499","description":"Content","iscorrect":0}]}]}]},{"name":"بازدیدها (Audience)- بخش اول","id":"181","contentorder":"7","lesson_number":5,"type":0,"filename":"lesson181.html"},{"name":"بازدیدها (Audience)- بخش دوم","id":"182","contentorder":"8","lesson_number":6,"type":0,"filename":"lesson182.html"},{"name":"بازدیدها (Audience)- بخش سوم","id":"183","contentorder":"9","lesson_number":7,"type":0,"filename":"lesson183.html"},{"name":"بازدیدها (Audience)","id":"326","contentorder":"10","type":1,"set":[{"score":"60","questions":[{"id":"924","description":"به کمک کدام بخش می توانید پراکندگی جغرافیایی بازدیدکنندگان وب سایت را مشاهده کنید؟","answers":[{"id":"3500","description":"Language","iscorrect":0},{"id":"3501","description":"Location","iscorrect":1},{"id":"3502","description":"Network","iscorrect":0},{"id":"3503","description":"Browser & OS","iscorrect":0}]},{"id":"925","description":"رشد کدام یک از موارد زیر نشان دهنده عدم استقبال بازدیدکنندگان از یک وب سایت است؟","answers":[{"id":"3504","description":"Visits","iscorrect":0},{"id":"3505","description":"Unique Visits","iscorrect":0},{"id":"3506","description":"Bounce Rate","iscorrect":1},{"id":"3507","description":"Avg. Time on Site","iscorrect":0}]},{"id":"926","description":"به کمک کدام بخش می توان آمار بازدیدکنندگان براساس تعداد صفحات بازدید شده توسط آنها در هر بازدید را مشاهده کرد؟","answers":[{"id":"3508","description":"Visits","iscorrect":0},{"id":"3509","description":"New Visits","iscorrect":0},{"id":"3510","description":"Page Depth","iscorrect":1},{"id":"3511","description":"این امکان در گوگل آنالیتیکز وجود ندارد.","iscorrect":0}]}]},{"score":"60","questions":[{"id":"927","description":"منظور از Returning Visitors چیست؟","answers":[{"id":"3512","description":"بازدیدکنندگانی که از وب سایت های دیگر آمده اند.","iscorrect":0},{"id":"3513","description":"بازدیدکنندگانی که دستکم برای بار دوم است به یک وب سایت سر می زنند.","iscorrect":1},{"id":"3514","description":"بازدیدکنندگانی که برای اولین بار به یک وب سایت سر می زنند.","iscorrect":0},{"id":"3515","description":"بازدیدکنندگان یکتا","iscorrect":0}]},{"id":"928","description":"به کمک کدام گزینه می توان آمار سیستم عامل مورد استفاده بازدیدکنندگان را مشاهده کرد؟","answers":[{"id":"3516","description":"Network","iscorrect":0},{"id":"3517","description":"Technology","iscorrect":1},{"id":"3518","description":"Dashboard","iscorrect":0},{"id":"3519","description":"Mobile","iscorrect":0}]},{"id":"929","description":"رشد کدام یک از موارد زیر نشان دهنده عدم استقبال بازدیدکنندگان از یک وب سایت است؟","answers":[{"id":"3520","description":"Visits","iscorrect":0},{"id":"3521","description":"New Visits","iscorrect":0},{"id":"3522","description":"Bounce Rate","iscorrect":1},{"id":"3523","description":"Avg. Time on Site","iscorrect":0}]}]}]},{"name":"بخش Acquisition","id":"184","contentorder":"11","lesson_number":8,"type":0,"filename":"lesson184.html"},{"name":"درس (Acquisition)","id":"328","contentorder":"12","type":1,"set":[{"score":"60","questions":[{"id":"930","description":"کدام گزینه نشان می دهد که بازدیدکنندگان یک وب سایت از طریق جستجو در موتورهای جستجو به آن مراجعه کرده اند؟","answers":[{"id":"3524","description":"Direct Traffic","iscorrect":0},{"id":"3525","description":"Organic Search","iscorrect":1},{"id":"3526","description":"Refferal Traffic","iscorrect":0},{"id":"3527","description":"هیچکدام","iscorrect":0}]},{"id":"931","description":"برای آنکه محبوب ترین کلماتی که بازدیدکنندگان از طریق جستجو به وب سایت شما رسیده اند را مشاهده کنید باید کدام گزینه را انتخاب کنید؟","answers":[{"id":"3528","description":"Keyword","iscorrect":1},{"id":"3529","description":"Landing Page","iscorrect":0},{"id":"3530","description":"Source","iscorrect":0},{"id":"3531","description":"All Traffic","iscorrect":0}]},{"id":"932","description":"به کمک کدام بخش می توان لیست کامل کلمات کلیدی جستجو شده توسط بازدیدکنندگان وب سایت را مشاهده کرد؟","answers":[{"id":"3532","description":"Landing Page","iscorrect":0},{"id":"3533","description":"Keyword","iscorrect":0},{"id":"3534","description":"Search Traffic","iscorrect":0},{"id":"3535","description":"Organic Searc","iscorrect":1}]}]},{"score":"60","questions":[{"id":"933","description":"کدام گزینه نشان می دهد که بازدیدکنندگان یک وب سایت از طریق وب سایت های دیگر به آن مراجعه کرده اند؟","answers":[{"id":"3536","description":"Direct Traffic","iscorrect":0},{"id":"3537","description":"Search Traffic","iscorrect":0},{"id":"3538","description":"Referral Traffic","iscorrect":1},{"id":"3539","description":"هیچکدام","iscorrect":0}]},{"id":"934","description":"از طریق کدام گزینه می‌توان فهمید بازدیدکنندگان از طریق خبرنامه‌های فعال آمده‌اند؟","answers":[{"id":"3540","description":"Keyword","iscorrect":0},{"id":"3541","description":"Campaign","iscorrect":1},{"id":"3542","description":"Source","iscorrect":0},{"id":"3543","description":"All Traffic","iscorrect":0}]},{"id":"935","description":"به کمک کدام بخش می توان لیست کامل کلمات کلیدی جستجو شده توسط بازدیدکنندگان وب سایت را مشاهده کرد؟","answers":[{"id":"3544","description":"Organic Search","iscorrect":1},{"id":"3545","description":"Keyword","iscorrect":0},{"id":"3546","description":"Search Traffic","iscorrect":0},{"id":"3547","description":"Landing Page","iscorrect":0}]}]}]},{"name":"درس رفتار (Behavior)","id":"185","contentorder":"13","lesson_number":9,"type":0,"filename":"lesson185.html"},{"name":"درس رفتار (Behavior)","id":"330","contentorder":"14","type":1,"set":[{"score":"60","questions":[{"id":"936","description":"به کمک بخش Content Drilldown چه اطلاعاتی را می توان مشاهده کرد؟","answers":[{"id":"3548","description":"آخرین آمار و وضعیت وب سایت براساس تبلیغات موجود در آن","iscorrect":0},{"id":"3549","description":"آخرین آمار و وضعیت وب سایت براساس محتوای موجود در آن","iscorrect":1},{"id":"3550","description":"آمار و ساختار کلی وب سایت را نمایش می دهد.","iscorrect":0},{"id":"3551","description":"هیچکدام","iscorrect":0}]},{"id":"937","description":"به کمک گزینه Exit می توان چه اطلاعاتی را مشاهده کرد؟","answers":[{"id":"3552","description":"درصد بازدیدکنندگانی که در وب سایت جستجو کرده اند.","iscorrect":0},{"id":"3553","description":"درصد بازدیدکنندگانی که در طول روز از وب سایت بازدید کرده اند.","iscorrect":0},{"id":"3554","description":"درصد بازدیدکنندگانی که از صفحه ای یا مجموعه ای از صفحات وب سایت شما وارد شده اند.","iscorrect":0},{"id":"3555","description":"درصد بازدیدکنندگانی که از صفحه ای یا مجموعه ای از صفحات وب سایت شما خارج شده اند.","iscorrect":1}]},{"id":"938","description":"به کمک کدام گزینه می توان عناوین محبوب ترین مطالب یک وب سایت را مشاهده کرد؟","answers":[{"id":"3556","description":"Page","iscorrect":0},{"id":"3557","description":"Page Title","iscorrect":1},{"id":"3558","description":"Search Term","iscorrect":0},{"id":"3559","description":"Even Category","iscorrect":0}]}]},{"score":"60","questions":[{"id":"939","description":"اگر بخواهیم از وضعیت کلیک شدن بخش های مختلف یک وب سایت مطلع شویم باید کدام گزینه را انتخاب کنیم؟","answers":[{"id":"3560","description":"Landing Page","iscorrect":0},{"id":"3561","description":"Exit","iscorrect":0},{"id":"3562","description":"In-Page-Analytics","iscorrect":1},{"id":"3563","description":"Content Drilldown","iscorrect":0}]},{"id":"940","description":"منظور از Exit Pages چیست؟","answers":[{"id":"3564","description":"وضعیت صفحاتی که بازدیدکنندگان وب سایت از آنجا وب سایت را ترک کرده اند را نشان می دهد.","iscorrect":1},{"id":"3565","description":"وضعیت صفحات خارج از وب سایت را نشان می دهد.","iscorrect":0},{"id":"3566","description":"وضعیت تمامی صفحات وب سایت را نشان می دهد.","iscorrect":0},{"id":"3567","description":"گزینه‌های الف و ب","iscorrect":0}]},{"id":"941","description":"گزینه Site Speed چه کارکردی دارد؟","answers":[{"id":"3568","description":"سرعت وب سایت را نشان می دهد.","iscorrect":0},{"id":"3569","description":"سرعت لود شدن صفحات مختلف وب سایت را نشان می دهد.","iscorrect":0},{"id":"3570","description":"در طراحی و بهینه سازی وب سایت به کار می آید.","iscorrect":0},{"id":"3571","description":"گزینه های ب و ج","iscorrect":1}]}]}]},{"name":"Intelligence","id":"186","contentorder":"15","lesson_number":10,"type":0,"filename":"lesson186.html"},{"name":"جمع بندی گوگل آنالیتیکز","id":"187","contentorder":"16","lesson_number":11,"type":0,"filename":"lesson187.html"}]}