{"courseId":"114","contents":[{"name":"مقدمه- لایه‌ها","id":"943","contentorder":"1","lesson_number":1,"type":0,"filename":"lesson943.html"},{"name":"لایه‌ها","id":"1553","contentorder":"2","type":1,"set":[{"score":"60","questions":[{"id":"6760","description":"در کدامیک از فرمت‌های زیر امکان ذخیره‌سازی لایه‌ها در فایل عکس وجود ندارد؟","answers":[{"id":"25507","description":"TIF","iscorrect":0},{"id":"25508","description":"PSD","iscorrect":0},{"id":"25509","description":"PDF","iscorrect":0},{"id":"25510","description":"JPG","iscorrect":1}]},{"id":"6761","description":"با استفاده از کدامیک از گزینه‌های زیر می‌توان لایه‌ای جدید ایجاد نمود؟","answers":[{"id":"25511","description":"استفاده از منوی فایل و کلیک کردن روی فرمان New","iscorrect":0},{"id":"25512","description":"کلیک کردن بر روی دکمه مربوطه در بخش پایینی پنل لایه","iscorrect":0},{"id":"25513","description":"استفاده از منوی Layer و کلیک کردن روی New و سپس استفاده از فرمان Layer","iscorrect":0},{"id":"25514","description":"موارد دوم و سوم","iscorrect":1}]},{"id":"6762","description":"در زمان ایجاد لایه جدید توسط منوی لایه‌ها، اگر در پنجره New Layer، در بخش Color رنگ آبی را انتخاب کنیم، چه نتیجه‌ای حاصل می‌شود؟","answers":[{"id":"25515","description":"لایه‌ای به رنگ آبی در تصویر ایجاد می‌شود.","iscorrect":0},{"id":"25516","description":"رنگ سمبل لایه در پنل لایه‌ها آبی می‌شود.","iscorrect":1},{"id":"25517","description":"لایه اولیه تصویر به رنگ آبی در می‌آید.","iscorrect":0},{"id":"25518","description":"هیچکدام","iscorrect":0}]},{"id":"6763","description":"در زمان ایجاد لایه جدید توسط منوی لایه‌ها، در پنجره New Layer کدامیک از موارد زیر راOpacity تعیین می‌کند؟","answers":[{"id":"25519","description":"رنگ لایه","iscorrect":0},{"id":"25520","description":"میزان پوشش لایه","iscorrect":1},{"id":"25521","description":"نام لایه","iscorrect":0},{"id":"25522","description":"ابعاد لایه","iscorrect":0}]},{"id":"6764","description":"برای اینکه لایه‌ای را عینا کپی‌برداری کنیم از کدامیک از موارد زیر استفاده می‌کنیم؟","answers":[{"id":"25523","description":"در پنل لایه‌ها، روی نام لایه مربوطه راست کلیک کرده و و فرمان Duplicate Layer را اجرا می‌کنیم.","iscorrect":0},{"id":"25524","description":"در منوی لایه‌ها از فرمان New Fill Layer استفاده می‌کنیم.","iscorrect":0},{"id":"25525","description":"در پنل لایه‌ها، سمبل لایه را به دکمه ایجاد لایه در پایین پنل، می‌کشیم یا همان Drag می‌کنیم.","iscorrect":0},{"id":"25526","description":"موارد اول و سوم","iscorrect":1}]}]},{"score":"60","questions":[{"id":"6765","description":"در کدامیک از فرمت‌های زیر امکان ذخیره‌سازی لایه‌ها در فایل عکس وجود دارد؟","answers":[{"id":"25527","description":"TIF","iscorrect":0},{"id":"25528","description":"PSD","iscorrect":0},{"id":"25529","description":"PDF","iscorrect":0},{"id":"25530","description":"همه موارد","iscorrect":1}]},{"id":"6766","description":"با استفاده از کدامیک از موارد زیر می‌توان نام لایه را تغییر داد؟","answers":[{"id":"25531","description":"در زمان ایجاد لایه در منوی لایه‌ها، در پنجره مربوطه نام لایه را وارد کنیم.","iscorrect":0},{"id":"25532","description":"روی نام لایه در پنل لایه‌ها دو بار کلیک کرده و نام جدید را وارد کنیم.","iscorrect":0},{"id":"25533","description":"امکان تغییر نام لایه پس از ایجاد آن وجود ندارد.","iscorrect":0},{"id":"25534","description":"موارد اول و دوم","iscorrect":1}]},{"id":"6767","description":"در زمان ایجاد لایه جدید توسط منوی لایه‌ها، اگر در پنجره New Layer، در بخش Color رنگ سبز را انتخاب کنیم، چه نتیجه‌ای حاصل می‌شود؟","answers":[{"id":"25535","description":"لایه‌ای به رنگ سبز در تصویر ایجاد می‌شود.","iscorrect":0},{"id":"25536","description":"رنگ سمبل لایه در پنل لایه‌ها سبز می‌شود.","iscorrect":1},{"id":"25537","description":"لایه اولیه تصویر به رنگ سبز در می‌آید.","iscorrect":0},{"id":"25538","description":"هیچکدام","iscorrect":0}]},{"id":"6768","description":"برای ایجاد یک لایه با یک Pattern خاص از کدامیک از دستورهای زیر استفاده می‌کنیم؟","answers":[{"id":"25539","description":"در منوی لایه‌ها به زیر منوی New Fill Layer رفته و روی فرمان Solid Color کلیک می‌کنیم.","iscorrect":0},{"id":"25540","description":"در منوی لایه‌ها به زیر منوی New Fill Layer رفته و روی فرمان Gradient کلیک می‌کنیم.","iscorrect":0},{"id":"25541","description":"در منوی لایه‌ها به زیر منوی New Fill Layer رفته و روی فرمان Pattern کلیک می‌کنیم.","iscorrect":1},{"id":"25542","description":"در پنل لایه‌ها، روی نام لایه مربوطه راست کلیک کرده و و فرمان Duplicate Layer را اجرا می‌کنیم.","iscorrect":0}]},{"id":"6769","description":"در زمان ایجاد لایه جدید توسط منوی لایه‌ها، اگر در پنجره New Layer، اگر میزان Opacity روی ۵۰ درصد تنظیم شود، کدامیک از موارد زیر اتفاق می‌افتد؟","answers":[{"id":"25543","description":"میزان پوشش لایه ۵۰ درصد می‌شود.","iscorrect":1},{"id":"25544","description":"اندازه لایه دو برابر می‌شود.","iscorrect":0},{"id":"25545","description":"اندازه لایه نصف می‌شود.","iscorrect":0},{"id":"25546","description":"موارد اول و سوم","iscorrect":0}]}]}]},{"name":"درس اول- کپی کردن لایه و ایجاد گروه","id":"944","contentorder":"3","lesson_number":2,"type":0,"filename":"lesson944.html"},{"name":"کپی کردن لایه و ایجاد گروه","id":"1555","contentorder":"4","type":1,"set":[{"score":"60","questions":[{"id":"6770","description":"برای کپی کردن بخشی از یک لایه روی لایه‌ای دیگر چه باید کرد؟","answers":[{"id":"25547","description":"بخش مورد نظر در لایه را انتخاب کرد و سپس آن را کپی و در لایه مورد نظر Paste کنیم.","iscorrect":1},{"id":"25548","description":"امکان کپی کردن بخشی از لایه وجود ندارد.","iscorrect":0},{"id":"25549","description":"روی سمبل لایه در پنل لایه‌ها راست کلیک کرده و فرمان Duplicate Layer را اجرا می‌کنیم.","iscorrect":0},{"id":"25550","description":"در پنل لایه‌ها روی سمبل New Layer کلیک می‌کنیم.","iscorrect":0}]},{"id":"6771","description":"برای ایجاد یک گروه در پنل لایه‌ها از کدامیک از روش‌های زیر می‌توان استفاده نمود؟","answers":[{"id":"25551","description":"در پایین پنل لایه‌ها روی دکمه Create a New Layer کلیک می‌کنیم.","iscorrect":0},{"id":"25552","description":"می‌توان به زیر منوی New در منوی Layer رفت و روی فرمان Group‌... کلیک کرد.","iscorrect":0},{"id":"25553","description":"در پایین پنل لایه‌ها روی دکمه Create a New Group کلیک می‌کنیم.","iscorrect":0},{"id":"25554","description":"موارد دوم و سوم","iscorrect":1}]},{"id":"6772","description":"برای خارج کردن لایه‌هایی از یک گروه خاص از کدامیک از روش‌های زیر استفاده می‌شود؟","answers":[{"id":"25555","description":"برای خارج کردن لایه‌هایی از یک گروه خاص از کدامیک از روش‌های زیر استفاده می‌شود؟","iscorrect":0},{"id":"25556","description":"در پایین پنل لایه‌ها روی دکمه Create a New Group کلیک می‌کنیم.","iscorrect":0},{"id":"25557","description":"در پنل لایه‌ها، لایه‌های مورد نظر را انتخاب و به خارج از لایه Drag می‌کنیم.","iscorrect":1},{"id":"25558","description":"پس از انتقال لایه‌ها به درون گروه امکان انتقال آنها به خارج از لایه وجود ندارد.","iscorrect":0}]},{"id":"6773","description":"با کدامیک از روش‌های زیر می‌توان لایه‌ای را مخفی کرد در حالی که هنوز در پنل لایه‌ها وجود دارد؟","answers":[{"id":"25559","description":"روی نام لایه در پنل لایه‌ها کلیک کرده و کلید Delete را می‌زنیم.","iscorrect":0},{"id":"25560","description":"در پنل لایه‌ها، لایه را به درون سمبل سطل زباله Drag می‌کنیم.","iscorrect":0},{"id":"25561","description":"سمبل چشم را از کنار سمبل لایه در پنل لایه‌ها بر میداریم.","iscorrect":1},{"id":"25562","description":"موارد اول و دوم","iscorrect":0}]},{"id":"6774","description":"برای اینکه چند لایه خاص با هم تلفیق شده و یک لایه را ایجاد کنند از کدامیک از موارد زیر استفاده می‌شود؟","answers":[{"id":"25563","description":"از فرمان Merge Visible استفاده می‌کنیم.","iscorrect":0},{"id":"25564","description":"از فرمان Flatten Image استفاده می‌کنیم.","iscorrect":0},{"id":"25565","description":"امکان یکی کردن تنها چند لایه خاص وجود ندارد.","iscorrect":0},{"id":"25566","description":"لایه‌های مورد نظر را انتخاب کرده و از فرمان Merge Layers استفاده می‌کنیم.","iscorrect":1}]}]},{"score":"60","questions":[{"id":"6775","description":"در کدامیک از روش‌های زیر می‌توان لایه‌ای را به همراه Layer Styleهای آن در لایه‌ای دیگر کپی کرد؟","answers":[{"id":"25567","description":"بخش مورد نظر در لایه را انتخاب کرد و سپس آن را کپی و در لایه مورد نظر Paste کنیم.","iscorrect":0},{"id":"25568","description":"امکان کپی کردن بخشی از لایه وجود ندارد.","iscorrect":0},{"id":"25569","description":"روی سمبل لایه در پنل لایه‌ها راست کلیک کرده و فرمان Duplicate Layer را اجرا می‌کنیم.","iscorrect":0},{"id":"25570","description":"لایه مورد نظر را از پنل لایه‌ها، به درون تصویر مقصد Drag می‌کنیم.","iscorrect":1}]},{"id":"6776","description":"برای انتقال تعدادی از لایه‌ها به یک گروه مشخص، از چه روشی می‌توان استفاده نمود؟","answers":[{"id":"25571","description":"در پایین پنل لایه‌ها روی دکمهCreate a New Group کلیک می‌کنیم.","iscorrect":0},{"id":"25572","description":"لایه‌های مورد نظر را انتخاب و به درون گروه Drag می‌کنیم.","iscorrect":1},{"id":"25573","description":"امکان انتقال لایه‌ها به هر گروهی وجود ندارد.","iscorrect":0},{"id":"25574","description":"می‌توان به زیر منوی New در منوی Layer رفت و روی فرمان Group‌... کلیک کرد.","iscorrect":0}]},{"id":"6777","description":"چگونه در پنل لایه‌ها می‌توان گروهی را در گروه دیگر ایجاد کرد؟","answers":[{"id":"25575","description":"روی گروه مورد نظر کلیک کرده و سپس از طریق دکمه Create a New Group یک گروه را ایجاد می‌کنیم.","iscorrect":1},{"id":"25576","description":"امکان ایجاد یک گروه در گروه دیگر وجود ندارد.","iscorrect":0},{"id":"25577","description":"استفاده از مثلث کنار سمبل گروه","iscorrect":0},{"id":"25578","description":"استفاده از فرمان Merge","iscorrect":0}]},{"id":"6778","description":"برای اینکه کل لایه‌های یک تصویر با هم تلفیق و یکی شوند، از کدامیک از فرامین زیر می‌توان استفاده کرد؟","answers":[{"id":"25579","description":"Create a New Layer","iscorrect":0},{"id":"25580","description":"Create a New Group","iscorrect":0},{"id":"25581","description":"Merge Visible","iscorrect":0},{"id":"25582","description":"Flatten Image","iscorrect":1}]},{"id":"6779","description":"کدامیک از فرامین زیر باعث می‌شوند تنها لایه‌های نمایان (با علامت چشم در کنارشان) با هم تلفیق و یکی شوند؟","answers":[{"id":"25583","description":"Create a New Layer","iscorrect":0},{"id":"25584","description":"Create a New Group","iscorrect":0},{"id":"25585","description":"Merge Visible","iscorrect":1},{"id":"25586","description":"Flatten Image","iscorrect":0}]}]}]},{"name":"درس دوم- Opacity و Fill و ابزار Move","id":"945","contentorder":"5","lesson_number":3,"type":0,"filename":"lesson945.html"},{"name":"Opacity و Fill و ابزار Move","id":"1557","contentorder":"6","type":1,"set":[{"score":"60","questions":[{"id":"6780","description":"با تغییر کدامیک از متغیرهای زیرمیزان پوشش لایه تغییر کرده اما Layer Styleها تغییر نمی‌کند؟","answers":[{"id":"25587","description":"Opacity","iscorrect":0},{"id":"25588","description":"Fill","iscorrect":1},{"id":"25589","description":"هر دو مورد","iscorrect":0},{"id":"25590","description":"هیچکدام","iscorrect":0}]},{"id":"6781","description":"گزینه Auto Select در Option Bar ابزار Move Tool چه تاثیری دارد؟","answers":[{"id":"25591","description":"لایه‌ها به صورت اتوماتیک توسط فتوشاپ جابجا می‌شوند.","iscorrect":0},{"id":"25592","description":"بخشی از لایه به صورت خودکار انتخاب می‌شود.","iscorrect":0},{"id":"25593","description":"با کلیک کردن روی لایه‌ای، آن لایه به صورت خودکار در پنل لایه‌ها انتخاب می‌شود.","iscorrect":1},{"id":"25594","description":"ابزار مناسب برای لایه به طور خودکار انتخاب می‌شود.","iscorrect":0}]},{"id":"6782","description":"چگونه می‌توان تعیین کرد که ابزار Move، لایه و یا گروه را انتخاب کند؟","answers":[{"id":"25595","description":"با استفاده از گزینه Auto Select در Option Bar","iscorrect":0},{"id":"25596","description":"با استفاده از جعبه Layer و انتخاب Group در Option Bar","iscorrect":1},{"id":"25597","description":"با استفاده از گزینه Show Transform Controls در Option Bar","iscorrect":0},{"id":"25598","description":"با استفاده از این ابزار نمی‌توان گروه را جابجا کرد.","iscorrect":0}]},{"id":"6783","description":"برای اینکه چند لایه از نظر افقی وسط‌چین شوند از کدام دکمه در Option Bar ابزار Move می‌توان استفاده نمود؟","answers":[{"id":"25599","description":"Align Horizontal Centers","iscorrect":1},{"id":"25600","description":"Align Vertical Centers","iscorrect":0},{"id":"25601","description":"Align Bottom Edges","iscorrect":0},{"id":"25602","description":"Align Right Edges","iscorrect":0}]},{"id":"6784","description":"برای اینکه چند لایه دقیقا در وسط کادر قرار بگیرند از کدام دکمه در Option Bar ابزار Move می‌توان استفاده نمود؟","answers":[{"id":"25603","description":"Align Horizontal Centers","iscorrect":0},{"id":"25604","description":"Align Vertical Centers","iscorrect":0},{"id":"25605","description":"Align Bottom Edges","iscorrect":0},{"id":"25606","description":"موارد اول و دوم","iscorrect":1}]}]},{"score":"60","questions":[{"id":"6785","description":"با تغییر کدامیک از متغیرهای زیر میزان پوشش لایه و Layer Styleها تغییر می‌کند؟","answers":[{"id":"25607","description":"Opacity","iscorrect":1},{"id":"25608","description":"Fill","iscorrect":0},{"id":"25609","description":"هر دو مورد","iscorrect":0},{"id":"25610","description":"هیچکدام","iscorrect":0}]},{"id":"6786","description":"در زمان استفاده از ابزار Move اگر گزینه Auto Select خاموش باشد، برای انتخاب لایه از کدامیک از روش‌های زیر می‌توان استفاده نمود؟","answers":[{"id":"25611","description":"راست کلیک کردن روی تصویر و انتخاب لایه","iscorrect":0},{"id":"25612","description":"انتخاب لایه مورد نظر در پنل لایه‌ها","iscorrect":0},{"id":"25613","description":"موارد اول و دوم","iscorrect":1},{"id":"25614","description":"هیچکدام","iscorrect":0}]},{"id":"6787","description":"چگونه می‌توان با ابزار Move، مرزهای لایه را دید و اقدام به تغییر ابعاد لایه کرد؟","answers":[{"id":"25615","description":"با استفاده از گزینه Auto Select در Option Bar","iscorrect":0},{"id":"25616","description":"با استفاده از جعبه Layer و Group در Option Bar","iscorrect":0},{"id":"25617","description":"با استفاده از گزینه Show Transform Controls در Option Bar","iscorrect":1},{"id":"25618","description":"با استفاده از این ابزار نمی‌توان گروه را جابجا کرد.","iscorrect":0}]},{"id":"6788","description":"برای اینکه چند لایه از نظر عمودی وسط‌چین شوند از کدام دکمه در Option Bar ابزار Move می‌توان استفاده نمود؟","answers":[{"id":"25619","description":"Align Horizontal Centers","iscorrect":0},{"id":"25620","description":"Align Vertical Centers","iscorrect":1},{"id":"25621","description":"Align Bottom Edges","iscorrect":0},{"id":"25622","description":"Align Right Edges","iscorrect":0}]},{"id":"6789","description":"برای اینکه چند لایه راست‌چین شوند از کدام دکمه در Option Bar ابزار Move می‌توان استفاده نمود؟","answers":[{"id":"25623","description":"Align Horizontal Centers","iscorrect":0},{"id":"25629","description":"Align Right Edges<br />\n","iscorrect":1},{"id":"25628","description":"Align Bottom Edges<br />\n","iscorrect":0},{"id":"25627","description":"Align Vertical Centers<br />\n","iscorrect":0}]}]}]},{"name":"درس سوم- لینک کردن لایه‌ها و تصاویر پانوراما","id":"946","contentorder":"7","lesson_number":4,"type":0,"filename":"lesson946.html"},{"name":"لینک کردن لایه‌ها و تصاویر پانوراما","id":"1559","contentorder":"8","type":1,"set":[{"score":"60","questions":[{"id":"6790","description":"برای اینکه چند لایه را بتوان با هم جابجا کنیم از کدامیک از موارد فوق می‌توان استفاده نمود؟","answers":[{"id":"25630","description":"قرار دادن آنها در یک گروه و جابجا کردن گروه","iscorrect":0},{"id":"25631","description":"انتخاب کردن با هم لایه‌های مورد نظر و سپس جابجا کردن آنها","iscorrect":0},{"id":"25632","description":"لینک کردن لایه‌ها","iscorrect":0},{"id":"25633","description":"همه موارد","iscorrect":1}]},{"id":"6791","description":"کدامیک از موارد زیر باعث می‌شود لایه جابجا نشود؟","answers":[{"id":"25634","description":"Lock Transparent Pixels","iscorrect":0},{"id":"25635","description":"Lock Position","iscorrect":1},{"id":"25636","description":"Lock Image Pixels","iscorrect":0},{"id":"25637","description":"هیچکدام","iscorrect":0}]},{"id":"6792","description":"کدامیک از شرایط زیر باعث می‌شود یک عکس پانوراما محسوب شود؟","answers":[{"id":"25638","description":"عکس از اتصال چند عکس دیگر حاصل شود.","iscorrect":0},{"id":"25639","description":"عکس کادری کشیده داشته باشد.","iscorrect":0},{"id":"25640","description":"عکس زاویه‌ای باز داشته باشد.","iscorrect":0},{"id":"25641","description":"موارد دوم و سوم","iscorrect":1}]},{"id":"6793","description":"برای انتخاب و اتصال عکس‌ها برای تولید عکس پانوراما، از کدامیک از موارد زیر استفاده می‌شود؟","answers":[{"id":"25642","description":"منوی فایل و زیر منوی Automate و فرمان Photomerge","iscorrect":1},{"id":"25643","description":"منوی فایل و زیر منوی Automate و فرمان Batch","iscorrect":0},{"id":"25644","description":"منوی فایل و زیر منوی Automate و فرمان Stitch","iscorrect":0},{"id":"25645","description":"موارد اول و سوم","iscorrect":0}]},{"id":"6794","description":"در پنجره Photomerge، گزینه Collage چه تاثیری را ایجاد می‌کند؟","answers":[{"id":"25646","description":"عکس‌ها را پس از تغییر اندازه در کنار هم چیده و ادغام می‌کند.","iscorrect":0},{"id":"25647","description":"بدون ایجاد تغییر در سایز و شکل عکس‌ها، آنها را ادغام می‌کند.","iscorrect":0},{"id":"25648","description":"اجازه تغییر شکل و اندازه عکس و همچنین جابجایی را به عکس‌ها می‌دهد.","iscorrect":1},{"id":"25649","description":"در زمان ادغام عکس‌ها، پرسپکتیو را اصلاح می‌کند.","iscorrect":0}]}]},{"score":"60","questions":[{"id":"6795","description":"برای لینک کردن چند لایه خاص، چگونه باید عمل نمود؟","answers":[{"id":"25650","description":"لایه‌های مورد نظر را انتخاب نمود و سپس روی سمبل زنجیر در پنل لایه‌ها کلیک کرد.","iscorrect":1},{"id":"25651","description":"لایه‌های مورد نظر را انتخاب نمود و سپس روی سمبل Create a new Layer در پنل لایه‌ها کلیک کرد.","iscorrect":0},{"id":"25652","description":"لایه‌های مورد نظر را انتخاب نمود و سپس روی سمبل Adjustment Layer در پنل لایه‌ها کلیک کرد.","iscorrect":0},{"id":"25653","description":"موارد اول و سوم","iscorrect":0}]},{"id":"6796","description":"کدامیک از موارد زیر از ایجاد تغییرات در بخش‌های شفاف یا ترنسپرنت عکس ممانعت می‌کند؟","answers":[{"id":"25654","description":"Lock Transparent Pixels","iscorrect":1},{"id":"25655","description":"Lock Position","iscorrect":0},{"id":"25656","description":"Lock Image Pixels","iscorrect":0},{"id":"25657","description":"هیچکدام","iscorrect":0}]},{"id":"6797","description":"با توجه به نسبت‌های ابعادی زیر، کدامیک از عکس‌ها می‌تواند پانوراما محسوب شود؟","answers":[{"id":"25658","description":"۱ به ۱","iscorrect":0},{"id":"25659","description":"۳ به ۱","iscorrect":1},{"id":"25660","description":"۱ به ۱.۵","iscorrect":0},{"id":"25661","description":"موارد دوم و سوم","iscorrect":0}]},{"id":"6798","description":"در پنجره Photomerge، گزینه Vignette Removal چه تاثیری را ایجاد می‌کند؟","answers":[{"id":"25662","description":"حاشیه تیره اطراف کادر را کم می‌کند.","iscorrect":1},{"id":"25663","description":"حاشیه روشن اطراف کادر را کم می‌کند.","iscorrect":0},{"id":"25664","description":"تاثیر ناشی از اعوجاج لنز را کاهش می‌دهد.","iscorrect":0},{"id":"25665","description":"تاثیر ناشی از جابجایی را کاهش می‌دهد.","iscorrect":0}]},{"id":"6799","description":"در پنجره Photomerge، گزینه Reposition چه تاثیری را ایجاد می‌کند؟","answers":[{"id":"25666","description":"عکس‌ها را پس از تغییر اندازه در کنار هم چیده و ادغام می‌کند.","iscorrect":0},{"id":"25667","description":"بدون ایجاد تغییر در سایز و شکل عکس‌ها، آنها را ادغام می‌کند.","iscorrect":1},{"id":"25668","description":"اجازه تغییر شکل و اندازه عکس و همچنین جابجایی را به عکس‌ها می‌دهد.","iscorrect":0},{"id":"25669","description":"در زمان ادغام عکس‌ها، پرسپکتیو را اصلاح می‌کند.","iscorrect":0}]}]}]},{"name":"درس چهارم- Adjustment Layers و Layer Styles","id":"947","contentorder":"9","lesson_number":5,"type":0,"filename":"lesson947.html"},{"name":"Adjustment Layers و Layer Styles","id":"1561","contentorder":"10","type":1,"set":[{"score":"60","questions":[{"id":"6800","description":"با استفاده از کدامیک از امکانات زیر می‌توان تنظیمات نور و رنگ در تصویر را در لایه‌ای مجزا اعمال کرد؟","answers":[{"id":"25670","description":"Layer Styles","iscorrect":0},{"id":"25671","description":"Adjustment Layers","iscorrect":1},{"id":"25672","description":"Move Tool","iscorrect":0},{"id":"25673","description":"Duplicate Layer","iscorrect":0}]},{"id":"6801","description":"برای ایجاد Adjustment Layerها از کدامیک از روش‌های زیر می‌توان استفاده کرد؟","answers":[{"id":"25674","description":"منوی Image و زیر منوی Adjustments","iscorrect":0},{"id":"25675","description":"منوی Layer و زیر منوی New Adjustment Layer","iscorrect":0},{"id":"25676","description":"در قسمت پایین پنل لایه‌ها و استفاده از سمبل مربوطه","iscorrect":0},{"id":"25677","description":"موارد دوم و سوم","iscorrect":1}]},{"id":"6802","description":"در پنجره مربوط به Layer Styleها کدام موردکنترل زیادی را در زمینه تلفیق لایه‌ها در اختیار کاربر قرار می‌دهد؟","answers":[{"id":"25678","description":"Drop Shadow","iscorrect":0},{"id":"25679","description":"Inner Shadow","iscorrect":0},{"id":"25680","description":"Inner Glow","iscorrect":0},{"id":"25681","description":"Blending Options","iscorrect":1}]},{"id":"6803","description":"برای اینکه در زمان ایجاد سایه‌ها، تمام لایه‌ها از یک جهت یکسان برای ایجاد سایه پیروی کنند از کدامیک از موارد زیر استفاده می‌شود؟","answers":[{"id":"25682","description":"گزینه Use Global Light را تیک می‌زنیم.","iscorrect":1},{"id":"25683","description":"تیک گزینه Use Global Light را بر می‌داریم.","iscorrect":0},{"id":"25684","description":"اسلایدر Opacity را با عدد یکسان تنظیم می‌کنیم.","iscorrect":0},{"id":"25685","description":"از اسلایدر Distance استفاده می‌کنیم.","iscorrect":0}]},{"id":"6804","description":"برای اینکه در زمان تلفیق دو لایه در پنجره Blend Options، روی لایه زیرین کنترل داشته باشیم از کدامیک از موارد زیر استفاده می‌کنیم؟","answers":[{"id":"25686","description":"اسلایدر This Layer","iscorrect":0},{"id":"25690","description":"اسلایدر Underlying Layer","iscorrect":1},{"id":"25691","description":"هر دو مورد","iscorrect":0},{"id":"25692","description":"هیچکدام","iscorrect":0}]}]},{"score":"60","questions":[{"id":"6805","description":"مزیت اصلی تنظیمتون و رنگ با استفاده از Adjustment Layerها چیست؟","answers":[{"id":"25693","description":"ایجاد تنظیمات گسترده‌تر در تون و رنگ","iscorrect":0},{"id":"25694","description":"سریع‌تر اعمال شدن تنظیمات روی تصویر","iscorrect":0},{"id":"25695","description":"اعمال تنظیمات در لایه‌ای مجزا","iscorrect":1},{"id":"25696","description":"موارد اول و دوم","iscorrect":0}]},{"id":"6806","description":"تنظیمات Adjustment Layerها در کدامیک از پنل‌های زیر در دسترس است؟","answers":[{"id":"25698","description":"پنل History","iscorrect":0},{"id":"25699","description":"پنل Channels","iscorrect":0},{"id":"25700","description":"پنل Paths","iscorrect":0},{"id":"25701","description":"پنل Properties ","iscorrect":1}]},{"id":"6807","description":"در پنجره مربوط به Layer Styleها کدام مورد کنترل زیادی را در زمینه ایجاد سایه در اختیار کاربر قرار می‌دهد؟","answers":[{"id":"25702","description":"Drop Shadow","iscorrect":1},{"id":"25703","description":"Outer Glow","iscorrect":0},{"id":"25704","description":"Inner Glow","iscorrect":0},{"id":"25705","description":"Blending Options","iscorrect":0}]},{"id":"6808","description":"در زمان ایجاد سایه‌ها اگر بخواهیم برای هر لایه سایه‌ای با جهت مستقل ایجاد کنیم، از کدامیک از موارد زیر استفاده می‌شود؟","answers":[{"id":"25706","description":"گزینه Use Global Light را تیک می‌زنیم.","iscorrect":0},{"id":"25707","description":"تیک گزینه Use Global Light را بر می‌داریم.","iscorrect":1},{"id":"25708","description":"اسلایدر Opacity را با عدد یکسان تنظیم می‌کنیم.","iscorrect":0},{"id":"25709","description":"از اسلایدر Distance استفاده می‌کنیم.","iscorrect":0}]},{"id":"6809","description":"برای اینکه در زمان تلفیق دو لایه در پنجره Blend Options، روی لایه رویی کنترل داشته باشیم از کدامیک از موارد زیر استفاده می‌کنیم؟","answers":[{"id":"25710","description":"اسلایدر This Layer","iscorrect":1},{"id":"25711","description":"اسلایدر Underlying Layer","iscorrect":0},{"id":"25712","description":"هر دو مورد","iscorrect":0},{"id":"25713","description":"هیچکدام","iscorrect":0}]}]}]},{"name":"درس پنجم- Blend Modes","id":"948","contentorder":"11","lesson_number":6,"type":0,"filename":"lesson948.html"},{"name":"Blend Modes","id":"1563","contentorder":"12","type":1,"set":[{"score":"60","questions":[{"id":"6810","description":"در Blend Modeها، مد Darken چه تاثیری ایجاد می‌کند؟","answers":[{"id":"25714","description":"رنگ تلفیقی با رنگ زمینه را مقایسه می‌کند و هر کدام را که تیره‌تر باشد، به عنوان رنگ نتیجه انتخاب می‌کند.","iscorrect":1},{"id":"25715","description":"رنگ تلفیقی با رنگ زمینه را مقایسه می‌کند و هر کدام را که روشن‌تر باشد را به عنوان رنگ نتیجه انتخاب می‌کند.","iscorrect":0},{"id":"25716","description":"رنگ تلفیقی را در رنگ زمینه ضرب کرده و رنگ نتیجه را که همیشه تیره‌تر است را ایجاد می‌کند.","iscorrect":0},{"id":"25717","description":"موارد اول و سوم","iscorrect":0}]},{"id":"6811","description":"در Blend Modeها، مد Multiply چه تاثیری ایجاد می‌کند؟","answers":[{"id":"25718","description":"رنگ تلفیقی با رنگ زمینه را مقایسه می‌کند و هر کدام را که تیره‌تر باشد به عنوان رنگ نتیجه انتخاب می‌کند.","iscorrect":0},{"id":"25719","description":"رنگ تلفیقی با رنگ زمینه را مقایسه می‌کند و هر کدام را که روشن‌تر باشد به عنوان رنگ نتیجه انتخاب می‌کند.","iscorrect":0},{"id":"25720","description":"رنگ تلفیقی را در رنگ زمینه ضرب کرده و رنگ نتیجه را که همیشه تیره‌تر است ایجاد می‌کند.","iscorrect":1},{"id":"25721","description":"موارد اول و سوم","iscorrect":0}]},{"id":"6812","description":"در Blend Modeها، مد Color Dodge چه تاثیری ایجاد می‌کند؟","answers":[{"id":"25722","description":"رنگ زمینه را روشن‌تر کرده و با افزایش کنتراست رنگ تلفیقی را نمایش می‌دهد.","iscorrect":1},{"id":"25723","description":"رنگ زمینه را روشن‌تر کرده و با افزایش روشنایی رنگ تلفیقی را نمایش می‌دهد.","iscorrect":0},{"id":"25724","description":"رنگ زمینه را تیره‌تر کرده و با کاهش کنتراست رنگ تلفیقی را نمایش می‌دهد.","iscorrect":0},{"id":"25725","description":"رنگ زمینه را تیره‌تر کرده و با کاهش روشنایی رنگ تلفیقی را نمایش می‌دهد.","iscorrect":0}]},{"id":"6813","description":"از کدامیک از مودهای تلفیقی زیر می‌توان برای بالا بردن کنتراست تصویر استفاده کرد؟","answers":[{"id":"25726","description":"Overlay","iscorrect":1},{"id":"25727","description":"Hue","iscorrect":0},{"id":"25728","description":"Linear Burn","iscorrect":0},{"id":"25729","description":"Linear Dodge","iscorrect":0}]},{"id":"6814","description":"با کدامیک از مدهای زیر می‌توان با حفظ سایه روشن‌ها رنگ بخشی از تصویر را تغییر داد؟","answers":[{"id":"25730","description":"Saturation","iscorrect":0},{"id":"25731","description":"Color","iscorrect":1},{"id":"25732","description":"Darken","iscorrect":0},{"id":"25733","description":"Luminosity","iscorrect":0}]}]},{"score":"60","questions":[{"id":"6815","description":"در Blend Modeها، مد Lighten چه تاثیری ایجاد می‌کند؟","answers":[{"id":"25734","description":"رنگ تلفیقی را با رنگ زمینه مقایسه می‌کند و هر کدام که تیره‌تر باشد را به عنوان رنگ نتیجه انتخاب می‌کند.","iscorrect":0},{"id":"25735","description":"رنگ تلفیقی را با رنگ زمینه مقایسه می‌کند و هر کدام که روشن‌تر باشد را به عنوان رنگ نتیجه انتخاب می‌کند.","iscorrect":1},{"id":"25736","description":"رنگ تلفیقی را در رنگ زمینه ضرب کرده و رنگ نتیجه را که همیشه تیره‌تر است را ایجاد می‌کند.","iscorrect":0},{"id":"25737","description":"موارد اول و سوم","iscorrect":0}]},{"id":"6816","description":"در Blend Modeها، مد Screen چه تاثیری ایجاد می‌کند؟","answers":[{"id":"25738","description":"رنگ تلفیقی را با رنگ زمینه مقایسه می‌کند و هر کدام که تیره‌تر باشد را به عنوان رنگ نتیجه انتخاب می‌کند.","iscorrect":0},{"id":"25739","description":"رنگ تلفیقی را با رنگ زمینه مقایسه می‌کند و هر کدام که روشن‌تر باشد را به عنوان رنگ نتیجه انتخاب می‌کند.","iscorrect":0},{"id":"25740","description":"رنگ تلفیقی را در رنگ زمینه ضرب کرده و رنگ نتیجه را که همیشه تیره‌تر است را ایجاد می‌کند.","iscorrect":0},{"id":"25741","description":"معکوس رنگ زمینه در معکوس رنگ تلفیقی ضرب شده تا نتیجه را با رنگی روشن‌تر ایجاد کند.","iscorrect":1}]},{"id":"6817","description":"در Blend Modeها، مد Color Burn چه تاثیری ایجاد می‌کند؟","answers":[{"id":"25742","description":"رنگ زمینه را روشن‌تر کرده و با افزایش کنتراست رنگ تلفیقی را نمایش می‌دهد.","iscorrect":0},{"id":"25743","description":"رنگ زمینه را روشن‌تر کرده و با افزایش روشنایی رنگ تلفیقی را نمایش می‌دهد.","iscorrect":0},{"id":"25744","description":"رنگ زمینه را تیره‌تر کرده و با کاهش کنتراست رنگ تلفیقی را نمایش می‌دهد.","iscorrect":1},{"id":"25745","description":"رنگ زمینه را تیره‌تر کرده و با کاهش روشنایی رنگ تلفیقی را نمایش می‌دهد.","iscorrect":0}]},{"id":"6818","description":"از کدامیک از مودهای تلفیقی زیر می‌توان برای بالا بردن کنتراست تصویر استفاده کرد؟","answers":[{"id":"25746","description":"Hue","iscorrect":0},{"id":"25747","description":"Soft Light","iscorrect":1},{"id":"25748","description":"Linear Burn","iscorrect":0},{"id":"25749","description":"Linear Dodge","iscorrect":0}]},{"id":"6819","description":"اگر Blend Mode در حالت Soft Light باشد، اگر با براش سفید و غلظت پایین بخش‌هایی از تصویر را رنگ کنیم، رنگ نتیجه چه خواهد بود؟","answers":[{"id":"25750","description":"سفید","iscorrect":0},{"id":"25751","description":"سیاه","iscorrect":0},{"id":"25752","description":"رنگ زمینه روشن‌تر می‌شود.","iscorrect":1},{"id":"25753","description":"رنگ زمینه تیره‌تر می‌شود.","iscorrect":0}]}]}]},{"name":"درس ششم- ماسک‌ها","id":"949","contentorder":"13","lesson_number":7,"type":0,"filename":"lesson949.html"},{"name":"ماسک‌ها","id":"1565","contentorder":"14","type":1,"set":[{"score":"60","questions":[{"id":"6820","description":"تفاوت استفاده از ماسک‌ها با استفاده از ابزار پاک کن چیست؟","answers":[{"id":"25754","description":"در اسنفاده از ماسک‌ها، همیشه می‌توان قسمت‌های پاک شده را بازیابی کرد در حالی که در پاک‌کن‌ها نمی‌شود.","iscorrect":1},{"id":"25755","description":"در استفاده از پاک‌کن، همیشه می‌توان قسمت‌های پاک شده را بازیابی کرد در حالی که در ماسک‌ها نمی‌شود.","iscorrect":0},{"id":"25756","description":"تفاوت عمده‌ای ندارند و قسمت‌های پاک شده همیشه در هر دو قابل بازیابی است.","iscorrect":0},{"id":"25757","description":"ابزار ماسک باعث سیاه یا سفید شدن بخشی از تصویر شده و پاک کن باعث پاک شدن","iscorrect":0}]},{"id":"6821","description":"برای اینکه در ماسک لایه فعال، بخشی را پاک کنیم، از قلم با چه رنگی استفاده می‌شود؟","answers":[{"id":"25758","description":"سفید","iscorrect":1},{"id":"25759","description":"سیاه","iscorrect":0},{"id":"25760","description":"رنگ قلم مهم نیست.","iscorrect":0},{"id":"25761","description":"از ماسک نمی‌توان برای پاک کردن استفاده نمود.","iscorrect":0}]},{"id":"6822","description":"اگر کلید Alt را نگه داشته و روی لایه ماسک کلیک کنیم:","answers":[{"id":"25762","description":"قسمت‌های ماسک شده بر روی تصویر و با رنگ دیگری به نمایش در می‌آیند.","iscorrect":0},{"id":"25763","description":"قسمت‌های ماسک شده انتخاب می‌شوند.","iscorrect":0},{"id":"25764","description":"قسمت‌های ماسک شده به تنهایی و به رنگ سیاه نمایش داده می‌شوند.","iscorrect":1},{"id":"25765","description":"لایه ماسک غیر فعال می‌شود.‌","iscorrect":0}]},{"id":"6823","description":"کدامیک از ابزارهای زیر می‌توانند برای انتخاب کردن یک ماسک موقت ایجاد کنند؟","answers":[{"id":"25766","description":"Magic Wand Tool","iscorrect":0},{"id":"25767","description":"Brush Tool","iscorrect":0},{"id":"25768","description":"Quick Mask Tool","iscorrect":1},{"id":"25769","description":"تنها راه، استفاده از Layer Mask است.","iscorrect":0}]},{"id":"6824","description":"در پنجره Quick Mask Option کدام گزینه انتخاب شود تا قسمت‌های ماسک شده انتخاب شوند؟","answers":[{"id":"25770","description":"Opacity","iscorrect":0},{"id":"25771","description":"Masked Area","iscorrect":0},{"id":"25772","description":"Selected Area","iscorrect":1},{"id":"25773","description":"نمی‌توان این مورد را تغییر داد.","iscorrect":0}]}]},{"score":"60","questions":[{"id":"6825","description":"برای اینکه در ماسک لایه فعال بخشی را بازیابی کنیم، از قلم با چه رنگی استفاده می‌شود؟","answers":[{"id":"25774","description":"سفید","iscorrect":1},{"id":"25775","description":"سیاه","iscorrect":0},{"id":"25776","description":"رنگ قلم مهم نیست.","iscorrect":0},{"id":"25777","description":"از ماسک نمی‌توان برای بازیابی کردن استفاده نمود.","iscorrect":0}]},{"id":"6826","description":"اگر کلید Ctrl را نگه داشته و روی لایه ماسک کلیک کنیم:","answers":[{"id":"25778","description":"قسمت‌های ماسک شده بر روی تصویر و با رنگ دیگری به نمایش در می‌آیند.","iscorrect":0},{"id":"25779","description":"قسمت‌های ماسک شده انتخاب می‌شوند.","iscorrect":1},{"id":"25780","description":"قسمت‌های ماسک شده به تنهایی و به رنگ سیاه نمایش داده می‌شوند.","iscorrect":0},{"id":"25781","description":"لایه ماسک غیر فعال می‌شود.","iscorrect":0}]},{"id":"6827","description":"اگر کلید Shift را نگه داشته و روی لایه ماسک کلیک کنیم:","answers":[{"id":"25782","description":"قسمت‌های ماسک شده بر روی تصویر و با رنگ دیگری به نمایش در می‌آیند.","iscorrect":0},{"id":"25783","description":"قسمت‌های ماسک شده انتخاب می‌شوند.","iscorrect":0},{"id":"25784","description":"قسمت‌های ماسک شده به تنهایی و به رنگ سیاه نمایش داده می‌شوند.","iscorrect":0},{"id":"25785","description":"لایه ماسک غیر فعال می‌شود.","iscorrect":1}]},{"id":"6828","description":"در پنجره Quick Mask Option کدام گزینه انتخاب شود تا قسمت‌های ماسک شده انتخاب نشوند؟","answers":[{"id":"25786","description":"Opacity","iscorrect":0},{"id":"25787","description":"Masked Area","iscorrect":1},{"id":"25788","description":"Selected Area","iscorrect":0},{"id":"25789","description":"نمی‌توان این مورد را تغییر داد.","iscorrect":0}]},{"id":"6829","description":"در پنجره Quick Mask Option با استفاده از کدام مورد زیر می‌توان میزان پوشش رنگ ماسک را تغییر داد؟","answers":[{"id":"25790","description":"Opacity","iscorrect":1},{"id":"25791","description":"Masked Area","iscorrect":0},{"id":"25792","description":"Selected Area","iscorrect":0},{"id":"25793","description":"نمی‌توان این مورد را تغییر داد.","iscorrect":0}]}]}]},{"name":"درس هفتم- مجموعه ابزارهای کاربردی- بخش اول","id":"950","contentorder":"15","lesson_number":8,"type":0,"filename":"lesson950.html"},{"name":"مجموعه ابزارهای کاربردی- بخش اول","id":"1567","contentorder":"16","type":1,"set":[{"score":"60","questions":[{"id":"6830","description":"کدامیک از گزینه‌های زیر در Option Barابزار Spot Healing Brushبه جای نمونه‌برداری از لایه فعالباعث نمونه‌برداری از همه لایه‌های قابل دبد می‌شود؟","answers":[{"id":"25794","description":"Sample All Layers","iscorrect":1},{"id":"25795","description":"Content Aware","iscorrect":0},{"id":"25796","description":"Create Texture","iscorrect":0},{"id":"25797","description":"Proximity Match","iscorrect":0}]},{"id":"6831","description":"در زمان استفاده از ابزار Healing Brush، برای نمونه‌برداری از بخشی از تصویر از کدامیک از موارد زیر استفاده می‌شود؟","answers":[{"id":"25798","description":"کلید Ctrl","iscorrect":0},{"id":"25799","description":"کلید Alt","iscorrect":1},{"id":"25800","description":"کلید Shift","iscorrect":0},{"id":"25801","description":"ابزار به طور خودکار نمونه‌برداری می‌کند.","iscorrect":0}]},{"id":"6832","description":"با استفاده از کدام مورد زیر در Option Bar ابزار Healing Brush می‌توان موقعیت قسمت نمونه‌برداری شونده را نسبت به قسمت اعمال ابزار همیشه حفظ نمود؟","answers":[{"id":"25802","description":"Pattern","iscorrect":0},{"id":"25803","description":"Aligned","iscorrect":1},{"id":"25804","description":"Mode","iscorrect":0},{"id":"25805","description":"Sampled","iscorrect":0}]},{"id":"6833","description":"در ابزار Patch Tool، اگر برای اصلاح بخواهیم قسمت مورد نظر را با درگ کردن به قسمت نمونه‌برداری اصلاح کنیم، از کدامیک از موارد زیر در Option Bar استفاده می‌کنیم؟","answers":[{"id":"25806","description":"گزینه Source را فعال می‌کنیم.","iscorrect":1},{"id":"25807","description":"گزینه Destination","iscorrect":0},{"id":"25808","description":"Adaptation","iscorrect":0},{"id":"25809","description":"Sample All Layers","iscorrect":0}]},{"id":"6834","description":"در ابزار Content-Aware Move Tool، برای کپی کردن باید از کدامیک از موارد زیر در Option Bar استفاده نمود؟","answers":[{"id":"25810","description":"Move","iscorrect":0},{"id":"25811","description":"Expand","iscorrect":1},{"id":"25812","description":"Adaptation","iscorrect":0},{"id":"25813","description":"هیچکدام","iscorrect":0}]}]},{"score":"60","questions":[{"id":"6835","description":"وظیفه حالتReplace درOption Bar ابزار Spot Healing Brush چیست؟","answers":[{"id":"25814","description":"حفظ بهتر بافت در لبه‌هایی که عدم یکنواختی وجود دارد.","iscorrect":1},{"id":"25815","description":"نمونه‌برداری از همه لایه‌ها در زمان اعمال ابزار","iscorrect":0},{"id":"25816","description":"نمونه‌برداری تنها از لایه فعال","iscorrect":0},{"id":"25817","description":"از بین بردن بافت در قسمت‌های مورد نظر","iscorrect":0}]},{"id":"6836","description":"اسلایدر Spacing در پنجره تنظیمات قلم در ابزار Healing Brush چه وظیفه‌ای را به عهده دارد؟","answers":[{"id":"25818","description":"تعیین شکل نوک قلم","iscorrect":0},{"id":"25819","description":"تعیین زاویه قلم","iscorrect":0},{"id":"25820","description":"تعیین فواصل اعمال قلم","iscorrect":1},{"id":"25821","description":"موارد اول و دوم","iscorrect":0}]},{"id":"6837","description":"با استفاده از کدام مورد زیر در Option Bar ابزار Healing Brush می‌توان الگوی خاصی را در تصویر اعمال نمود؟","answers":[{"id":"25822","description":"Pattern","iscorrect":1},{"id":"25823","description":"Aligned","iscorrect":0},{"id":"25824","description":"Mode","iscorrect":0},{"id":"25825","description":"Sampled","iscorrect":0}]},{"id":"6838","description":"در ابزار Patch Tool، برای ایجاد نرم‌ترین تلفیق، از کدامیک از موارد زیر در Option Bar استفاده می‌کنیم؟","answers":[{"id":"25826","description":"Very Strict","iscorrect":0},{"id":"25827","description":"Loose","iscorrect":0},{"id":"25828","description":"Very Loose","iscorrect":1},{"id":"25829","description":"Strict","iscorrect":0}]},{"id":"6839","description":"در ابزار Content-Aware Move Tool برای جا به جا کردن باید از کدامیک از موارد زیر در Option Bar استفاده نمود؟","answers":[{"id":"25830","description":"Move","iscorrect":1},{"id":"25831","description":"Expand","iscorrect":0},{"id":"25832","description":"Adaptation","iscorrect":0},{"id":"25833","description":"هیچکدام","iscorrect":0}]}]}]},{"name":"درس هشتم- مجموعه ابزارهای کاربردی- بخش دوم","id":"951","contentorder":"17","lesson_number":9,"type":0,"filename":"lesson951.html"},{"name":"مجموعه ابزارهای کاربردی- بخش دوم","id":"1569","contentorder":"18","type":1,"set":[{"score":"60","questions":[{"id":"6840","description":"تفاوت عمده ابزار Stamp با ابزار Healing Brush چیست؟","answers":[{"id":"25834","description":"در ابزار Stamp بخشی از تصویر دقیقا در بخشی دیگر کپی می‌شود ولی در ابزار Healing Brush بخشی از تصویر با بخش دیگر تلفیق شده تا بافت را حفظ نماید.","iscorrect":1},{"id":"25835","description":"در ابزار Healing Brush بخشی از تصویر دقیقا در بخشی دیگر کپی می‌شود ولی در ابزار Stamp بخشی از تصویر با بخش دیگر تلفیق شده تا بافت را حفظ نماید.","iscorrect":0},{"id":"25836","description":"در ابزار Healing Brush نمی‌توان بخش نمونه‌برداری را مشخص نمود اما در ابزار Stamp این امکان وجود دارد.","iscorrect":0},{"id":"25837","description":"در ابزار Stamp نمی‌توان بخش نمونه‌برداری را مشخص نمود اما در ابزار Healing Brush این امکان وجود دارد.","iscorrect":0}]},{"id":"6841","description":"در Option Bar ابزار Stamp با کدامیک از موارد زیر می‌توان غلظت یا پوشش ابزار را تعیین کرد؟","answers":[{"id":"25838","description":"Opacity","iscorrect":0},{"id":"25839","description":"Sample","iscorrect":0},{"id":"25840","description":"Flow","iscorrect":0},{"id":"25854","description":"موارد اول و سوم<br />\n","iscorrect":1}]},{"id":"6842","description":"با کدامیک از موارد زیر در Option Bar ابزار Stamp از Adjustment Layerها نمونه‌برداری می‌شود؟","answers":[{"id":"25842","description":"Opacity","iscorrect":0},{"id":"25843","description":"Sample","iscorrect":0},{"id":"25844","description":"Flow","iscorrect":0},{"id":"25855","description":"همه موارد","iscorrect":1}]},{"id":"6843","description":"کدامیک از موارد زیر یکی از تفاوت‌های ابزار Paint Bucket را با ابزار Brush نشان می‌دهد؟","answers":[{"id":"25846","description":"ابزار Brush رنگ را روی بخش‌هایی با شباهت رنگی قرار می‌دهد حال آنکه ابزار Paint Bucket رنگ را تنها در قسمت‌هایی که ابزار اعمال می‌شود قرار می‌دهد.","iscorrect":0},{"id":"25847","description":"ابزار Paint Bucket رنگ را روی بخش‌هایی با شباهت رنگی قرار می‌دهد حال آنکه ابزار Brush رنگ را تنها در قسمت‌هایی که ابزار اعمال می‌شود قرار می‌دهد.","iscorrect":1},{"id":"25848","description":"ابزار Brush از Foreground Color و ابزار Paint Bucket از Background Color استفاده می‌کنند.","iscorrect":0},{"id":"25849","description":"ابزار Paint Bucket از Foreground Color و ابزار ‌Brush از Background Color استفاده می‌کنند.","iscorrect":0}]},{"id":"6844","description":"کدامیک از موارد زیر در ابزار Paint Bucket باعث اعمال شدن ابزار تنها در بخش‌های مجاور و نه کل تصویر می‌شود؟","answers":[{"id":"25850","description":"Tolerance","iscorrect":0},{"id":"25851","description":"Contiguous","iscorrect":1},{"id":"25852","description":"All Layers","iscorrect":0},{"id":"25853","description":"Anti-Alias","iscorrect":0}]}]},{"score":"60","questions":[{"id":"6845","description":"در ابزار Stamp برای نمونه‌برداری از کدامیک از کلیدهای زیر استفاده می‌شود؟","answers":[{"id":"25856","description":"Ctrl","iscorrect":0},{"id":"25857","description":"Alt","iscorrect":1},{"id":"25858","description":"Shift","iscorrect":0},{"id":"25859","description":"نمونه‌برداری به صورت خودکار انجام می‌شود.","iscorrect":0}]},{"id":"6846","description":"در Option Bar ابزار Stamp با کدامیک از موارد زیر می‌توانلایه و یا لایه‌هایی را برای نمونه‌برداری تعیین کرد؟","answers":[{"id":"25860","description":"Opacity","iscorrect":0},{"id":"25861","description":"Sample","iscorrect":1},{"id":"25862","description":"Flow","iscorrect":0},{"id":"25863","description":"موارد اول و سوم","iscorrect":0}]},{"id":"6847","description":"در Option Bar ابزار Stamp با کدامیک از موارد زیر می‌توان موقعیت بخش نمونه‌برداری را نسبت به بخش اصلاحی ثابت نگه داشت؟","answers":[{"id":"25864","description":"Opacity","iscorrect":0},{"id":"25865","description":"Aligned","iscorrect":1},{"id":"25866","description":"Flow","iscorrect":0},{"id":"25867","description":"موارد اول و سوم","iscorrect":0}]},{"id":"6848","description":"ابزار Paint Bucket در محل اعمال کدامیک از رنگ‌ها، آنها را روی تصویر قرار می‌دهد؟","answers":[{"id":"25868","description":"رنگ‌های مشابه در همسایگی آن نقطه را","iscorrect":0},{"id":"25869","description":"رنگ‌هایی را که در زمان اعمال از نقاط مورد نظر نمونه‌برداری می‌شود.","iscorrect":0},{"id":"25870","description":"Background Color","iscorrect":0},{"id":"25871","description":"Foreground Color","iscorrect":1}]},{"id":"6849","description":"در اعمال ابزار Paint Bucket کدامیک از موارد زیر باعث کاهش پدیده دندانه‌ای شدن لبه‌ها در زمان اعمال ابزار می‌شود؟","answers":[{"id":"25872","description":"Tolerance","iscorrect":0},{"id":"25873","description":"Contiguous","iscorrect":0},{"id":"25874","description":"All Layers","iscorrect":0},{"id":"25875","description":"Anti-Alias","iscorrect":1}]}]}]},{"name":"درس نهم- Gradient Tool","id":"952","contentorder":"19","lesson_number":10,"type":0,"filename":"lesson952.html"},{"name":"Gradient Tool","id":"1571","contentorder":"20","type":1,"set":[{"score":"60","questions":[{"id":"6850","description":"چگونه می‌توان پنجره Gradient Editor را در فضای فتوشاپ باز کرد؟","answers":[{"id":"25879","description":"با کلیک کردن روی تصویر در حالی که Gradient Tool باز است.","iscorrect":0},{"id":"25878","description":"با راست کلیک کردن روی تصویر در حالی که Gradient Tool باز است.","iscorrect":0},{"id":"25880","description":"با راست کلیک کردن روی باکس مربوط به انتخاب شکل گرادیان در Option Bar ابزار Gradient","iscorrect":1},{"id":"25881","description":"موارد دوم و سوم","iscorrect":0}]},{"id":"6851","description":"در پنجره Gradient Editor کدامیک از موارد زیر میزان تدریجی بودن و نرمی تغییرات در گرادیان را مشخص می‌کند؟","answers":[{"id":"25882","description":"Load","iscorrect":0},{"id":"25883","description":"Smoothness","iscorrect":1},{"id":"25884","description":"Noise","iscorrect":0},{"id":"25885","description":"Gradient Type","iscorrect":0}]},{"id":"6852","description":"در نوار پایین پنجره Gradient Editor، شاخص‌های بالا نوار نشان‌دهنده چه چیزی هستند؟","answers":[{"id":"25886","description":"امکان ایجاد رنگ‌های مختلف و مرزهای آنها را در گرادیان به وجود می‌آورد.","iscorrect":0},{"id":"25887","description":"مشخص می‌کند که گرادیان از کجا تا کجای تصویر کشیده می‌شود.","iscorrect":0},{"id":"25888","description":"میزان پوشش رنگ و محدوده آن در طول گرادیان را مشخص می‌کند.","iscorrect":1},{"id":"25889","description":"همه موارد","iscorrect":0}]},{"id":"6853","description":"انتخاب Noise در بخش Gradient Type در پنجره Gradient Editor، چه نتیجه‌ای در اعمال گرادیان ایجاد می‌کند؟","answers":[{"id":"25890","description":"نویز موجود در تصویر را کاهش می‌دهد.","iscorrect":0},{"id":"25891","description":"نویز موجود در گرادیان را کاهش می‌دهد.","iscorrect":0},{"id":"25892","description":"رنگ‌های تصادفی در محدوده گرادیان ایجاد می‌شود.","iscorrect":1},{"id":"25893","description":"رنگ‌های تصادفی در کل تصویر ایجاد می‌کند.","iscorrect":0}]},{"id":"6854","description":"گزینه Reverse در Option Bar ابزار گرادیان چه تاثیری را ایجاد می‌کند؟","answers":[{"id":"25894","description":"تصویر را به صورت نگاتیو می‌کند.","iscorrect":0},{"id":"25895","description":"آخرین مرحله اعمال گرادیان را به حالت قبل بر می‌گرداند.","iscorrect":0},{"id":"25896","description":"گرادیان را نگاتیو می‌کند.","iscorrect":0},{"id":"25897","description":"جهت اعمال رنگ‌های گرادیان را برعکس می‌کند.","iscorrect":1}]}]},{"score":"60","questions":[{"id":"6855","description":"در پنجره Gradient Editor دکمه New چه کارکردی دارد؟","answers":[{"id":"25898","description":"ایجاد یک صفحه جدید","iscorrect":0},{"id":"25899","description":"ایجاد یک فایل جدید","iscorrect":0},{"id":"25900","description":"ایجاد یک گرادیان جدید","iscorrect":1},{"id":"25901","description":"انتخاب یک گرادیان جدید","iscorrect":0}]},{"id":"6857","description":"در نوار پایین پنجره Gradient Editor، شاخص‌های زیر نوار نشان‌دهنده چیست؟","answers":[{"id":"25905","description":"مشخص می‌کند که گرادیان از کجا تا کجای تصویر کشیده شود.","iscorrect":0},{"id":"25904","description":"امکان ایجاد رنگ‌های مختلف و مرزهای آنها را در گرادیان به وجود می‌آورد.","iscorrect":1},{"id":"25906","description":"میزان پوشش رنگ و محدوده آن را در طول گرادیان را مشخص می‌کند.","iscorrect":0},{"id":"25907","description":"همه موارد","iscorrect":0}]},{"id":"6858","description":"در زمان انتخاب Gradient Type در حالت Noise، گزینه Restrict Color چه تاثیری در گرادیان دارد؟","answers":[{"id":"25908","description":"رنگ‌ها را شدیدتر می‌کند.","iscorrect":0},{"id":"25909","description":"تعداد رنگ‌ها را بیشتر می‌کند.","iscorrect":0},{"id":"25910","description":"رنگ‌هایی با Saturation بالا را حذف می‌کند.","iscorrect":1},{"id":"25911","description":"موارد اول و دوم","iscorrect":0}]},{"id":"6859","description":"گزینه Dither در Option Bar ابزار گرادیان چه تاثیری را ایجاد می‌کند؟","answers":[{"id":"25912","description":"تصویر را به صورت نگاتیو می‌کند.","iscorrect":0},{"id":"25913","description":"آخرین مرحله اعمال گرادیان را به حالت قبل بر می‌گرداند.","iscorrect":0},{"id":"25914","description":"گرادیان را با لبه‌ها و تغییرات نرم‌تر و نامحسوس‌تر اعمال می‌کند.","iscorrect":1},{"id":"25915","description":"جهت اعمال رنگ‌های گرادیان را برعکس می‌کند.","iscorrect":0}]},{"id":"6860","description":"در انواع گرادیان، گرادیان Neutral Density چه کاربردی دارد؟","answers":[{"id":"25916","description":"تصویر را در راستای گرادیان تیره‌تر می‌کند.","iscorrect":1},{"id":"25917","description":"تصویر را در راستای گرادیان روشن‌تر می‌کند.","iscorrect":0},{"id":"25918","description":"رنگ‌های انتخابی را در راستای گرادیان اعمال می‌کند.","iscorrect":0},{"id":"25919","description":"رنگ‌های انتخابی را به صورت تیره‌تر اعمال می‌کند.","iscorrect":0}]}]}]},{"name":"درس دهم- فیلترها- بخش اول","id":"953","contentorder":"21","lesson_number":11,"type":0,"filename":"lesson953.html"},{"name":"درس یازدهم- فیلترها- بخش دوم","id":"954","contentorder":"22","lesson_number":12,"type":0,"filename":"lesson954.html"},{"name":"فیلترها","id":"1573","contentorder":"23","type":1,"set":[{"score":"60","questions":[{"id":"6861","description":"در فیلتر Lens Correction، گزینه Chromatic Aberration چه نقصی را در تصویر اصلاح می‌کند؟","answers":[{"id":"25920","description":"حاشیه‌های تیره در اطراف کادر","iscorrect":0},{"id":"25921","description":"حاشیه‌های رنگی در اطراف کادر","iscorrect":0},{"id":"25922","description":"اعوجاج هندسی در تصویر","iscorrect":0},{"id":"25923","description":"حاشیه‌های رنگی ناخواسته در اطراف لبه‌ها","iscorrect":1}]},{"id":"6862","description":"در فیلتر Unsharp Mask، اسلایدر Radios چه کاربردی دارد؟","answers":[{"id":"25924","description":"در تعیین لبه‌ها در تصویر نقش دارد.","iscorrect":0},{"id":"25925","description":"وسعت اعمال Sharpness در اطراف لبه‌ها را تعیین می‌کند.","iscorrect":1},{"id":"25926","description":"میزان تیره یا روشن شدن لبه‌ها را در اطراف لبه‌ها را تعیین می‌کند.","iscorrect":0},{"id":"25927","description":"همه موارد","iscorrect":0}]},{"id":"6863","description":"کدامیک از موارد زیر با شکل زنگوله‌ای اقدام به ناواضح کردن تصویر می‌کند؟","answers":[{"id":"25928","description":"Motion Blur","iscorrect":0},{"id":"25929","description":"Lens Blur","iscorrect":0},{"id":"25930","description":"Gaussian Blur","iscorrect":1},{"id":"25931","description":"Box Blur","iscorrect":0}]},{"id":"6864","description":"در فیلتر Liquefy کدامیک از موارد زیر نقش ایجاد برجستگی در تصویر را دارند؟","answers":[{"id":"25932","description":"Forward Warp Tool","iscorrect":0},{"id":"25933","description":"Reconstruct Tool","iscorrect":0},{"id":"25934","description":"Pucker Tool","iscorrect":0},{"id":"25935","description":"Bloat Tool","iscorrect":1}]},{"id":"6865","description":"در فیلتر Liquefy کدامیک از موارد زیر باعث از بین رفتن تاثیر فیلتر در بخشی از تصویر و بازگرداندن آن به حالت اول را دارد؟","answers":[{"id":"25936","description":"Forward Warp Tool","iscorrect":0},{"id":"25937","description":"Reconstruct Tool","iscorrect":1},{"id":"25938","description":"Pucker Tool","iscorrect":0},{"id":"25939","description":"Bloat Tool","iscorrect":0}]}]},{"score":"60","questions":[{"id":"6866","description":"در فیلتر Lens Correction، گزینه Geometric Distortionچه نقصی را در تصویر اصلاح می‌کند؟","answers":[{"id":"25940","description":"حاشیه‌های تیره در اطراف کادر","iscorrect":0},{"id":"25941","description":"حاشیه‌های رنگی در اطراف کادر","iscorrect":0},{"id":"25942","description":"اعوجاج هندسی در تصویر","iscorrect":1},{"id":"25943","description":"حاشیه‌های رنگی ناخواسته در اطراف لبه‌ها","iscorrect":0}]},{"id":"6867","description":"حاشیه‌های رنگی ناخواسته در اطراف لبه‌ها در فیلتر Unsharp Maskاسلایدر Threshold چه کاربردی دارد؟","answers":[{"id":"25944","description":"در تعیین لبه‌ها در تصویر نقش دارد.","iscorrect":1},{"id":"25945","description":"وسعت اعمال Sharpness در اطراف لبه‌ها را تعیین می‌کند.","iscorrect":0},{"id":"25946","description":"میزان تیره یا روشن شدن لبه‌ها را در اطراف لبه‌ها تعیین می‌کند.","iscorrect":0},{"id":"25947","description":"همه موارد","iscorrect":0}]},{"id":"6868","description":"کدامیک از موارد زیر عدم وضوح در حرکت را شبیه‌سازی می‌کند؟","answers":[{"id":"25948","description":"Motion Blur","iscorrect":1},{"id":"25949","description":"Lens Blur","iscorrect":0},{"id":"25951","description":"Gaussian Blur","iscorrect":0},{"id":"25952","description":"Box Blur","iscorrect":0}]},{"id":"6869","description":"کدامیک از موارد زیر در فیلتر Liquefy نقش ایجاد فرورفتگی در تصویر را دارند؟","answers":[{"id":"25953","description":"Forward Warp Tool","iscorrect":0},{"id":"25954","description":"Reconstruct Tool","iscorrect":0},{"id":"25955","description":"Pucker Tool","iscorrect":1},{"id":"25956","description":"Bloat Tool","iscorrect":0}]},{"id":"6870","description":"در فیلتر Liquefy کدامیک از موارد زیر نقش ایجاد کشیدگی در تصویر را دارند؟","answers":[{"id":"25957","description":"Forward Warp Tool","iscorrect":1},{"id":"25958","description":"Reconstruct Tool","iscorrect":0},{"id":"25959","description":"Pucker Tool","iscorrect":0},{"id":"25960","description":"Bloat Tool","iscorrect":0}]}]}]},{"name":"آزمون نهایی دوره آموزش پیشرفته فوتوشاپ سی اس ۶","id":"1575","contentorder":"24","type":1,"set":[{"score":"50","questions":[{"id":"6871","description":"در زمان ایجاد لایه جدید توسط منوی لایه‌ها، اگر در پنجره New Layer، در بخش Color رنگ آبی را انتخاب کنیم، چه نتیجه‌ای حاصل می‌شود؟","answers":[{"id":"25961","description":"لایه‌ای به رنگ آبی در تصویر ایجاد می‌شود.<br />\n","iscorrect":0},{"id":"25962","description":"رنگ سمبل لایه در پنل لایه‌ها آبی می‌شود.<br />\n","iscorrect":1},{"id":"25963","description":"لایه اولیه تصویر به رنگ آبی در می‌آید.<br />\n","iscorrect":0},{"id":"25964","description":"هیچکدام","iscorrect":0}]},{"id":"6872","description":"با کدامیک از روش‌های زیر می‌توان لایه‌ای را مخفی کرد در حالی که هنوز در پنل لایه‌ها وجود دارد؟","answers":[{"id":"25965","description":"روی نام لایه در پنل لایه‌ها کلیک کرده و کلید Delete را می‌زنیم.<br />\n","iscorrect":0},{"id":"25966","description":"در پنل لایه‌ها، لایه را به درون سمبل سطل زباله Drag می‌کنیم.<br />\n","iscorrect":0},{"id":"25967","description":"سمبل چشم را از کنار سمبل لایه در پنل لایه‌ها بر میداریم.<br />\n","iscorrect":1},{"id":"25968","description":"موارد اول و دوم<br />\n","iscorrect":0}]},{"id":"6873","description":"برای اینکه چند لایه از نظر افقی وسط‌چین شوند از کدام دکمه در Option Bar ابزار Move می‌توان استفاده نمود؟","answers":[{"id":"25969","description":"Align Horizontal Centers<br />\n","iscorrect":1},{"id":"25970","description":"Align Vertical Centers<br />\n","iscorrect":0},{"id":"25971","description":"Align Bottom Edges<br />\n","iscorrect":0},{"id":"25972","description":"Align Right Edges<br />\n","iscorrect":0}]},{"id":"6874","description":"کدامیک از شرایط زیر باعث می‌شود یک عکس پانوراما محسوب شود؟","answers":[{"id":"25973","description":"عکس از اتصال چند عکس دیگر حاصل شود.<br />\n","iscorrect":0},{"id":"25974","description":"عکس کادری کشیده داشته باشد.<br />\n","iscorrect":0},{"id":"25975","description":"عکس زاویه‌ای باز داشته باشد.<br />\n","iscorrect":0},{"id":"25976","description":"موارد دوم و سوم<br />\n","iscorrect":1}]},{"id":"6875","description":"برای اینکه در زمان تلفیق دو لایه در پنجره Blend Options، روی لایه زیرین کنترل داشته باشیم از کدامیک از موارد زیر استفاده می‌کنیم؟","answers":[{"id":"25977","description":"اسلایدر This Layer<br />\n","iscorrect":0},{"id":"25978","description":"اسلایدر Underlying Layer<br />\n","iscorrect":1},{"id":"25979","description":"هر دو مورد<br />\n","iscorrect":0},{"id":"25980","description":"هیچکدام<br />\n","iscorrect":0}]},{"id":"6876","description":"از کدامیک از مودهای تلفیقی زیر می‌توان برای بالا بردن کنتراست تصویر استفاده کرد؟<br />\n","answers":[{"id":"25981","description":"Overlay","iscorrect":1},{"id":"25982","description":"Hue","iscorrect":0},{"id":"25984","description":"Linear Burn<br />\n","iscorrect":0},{"id":"25985","description":"Linear Dodge<br />\n","iscorrect":0}]},{"id":"6878","description":"اگر کلید Alt را نگه داشته و روی لایه ماسک کلیک کنیم:","answers":[{"id":"25986","description":"قسمت‌های ماسک شده بر روی تصویر و با رنگ دیگری به نمایش در می‌آیند.<br />\n","iscorrect":1},{"id":"25987","description":"قسمت‌های ماسک شده انتخاب می‌شوند.<br />\n","iscorrect":0},{"id":"25988","description":"قسمت‌های ماسک شده به تنهایی و به رنگ سیاه نمایش داده می‌شوند.<br />\n","iscorrect":0},{"id":"25989","description":"لایه ماسک غیر فعال می‌شود.‌<br />\n","iscorrect":0}]},{"id":"6879","description":"در ابزار Content-Aware Move Tool، برای کپی کردن باید از کدامیک از موارد زیر در Option Bar استفاده نمود؟","answers":[{"id":"25990","description":"Move","iscorrect":0},{"id":"25991","description":"Expand","iscorrect":1},{"id":"25992","description":"Adaptation","iscorrect":0},{"id":"25993","description":"هیچکدام","iscorrect":0}]},{"id":"6880","description":"با کدامیک از موارد زیر در Option Bar ابزار Stamp از Adjustment Layerها نمونه‌برداری می‌شود؟","answers":[{"id":"25994","description":"Opacity","iscorrect":0},{"id":"25995","description":"Sample","iscorrect":0},{"id":"25996","description":"Flow","iscorrect":0},{"id":"25997","description":"همه موارد<br />\n","iscorrect":1}]},{"id":"6881","description":"در نوار پایین پنجره Gradient Editor، شاخص‌های بالا نوار نشان‌دهنده چه چیزی هستند؟","answers":[{"id":"25998","description":"امکان ایجاد رنگ‌های مختلف و مرزهای آنها را در گرادیان به وجود می‌آورد.<br />\n","iscorrect":0},{"id":"25999","description":"مشخص می‌کند که گرادیان از کجا تا کجای تصویر کشیده می‌شود.<br />\n","iscorrect":0},{"id":"26000","description":"میزان پوشش رنگ و محدوده آن در طول گرادیان را مشخص می‌کند.<br />\n","iscorrect":1},{"id":"26001","description":"همه موارد<br />\n","iscorrect":0}]},{"id":"6882","description":"در فیلتر Liquefy کدامیک از موارد زیر نقش ایجاد برجستگی در تصویر را دارند؟<br />\n","answers":[{"id":"26002","description":"Forward Warp Tool<br />\n","iscorrect":0},{"id":"26003","description":"Reconstruct Tool<br />\n","iscorrect":0},{"id":"26004","description":"Pucker Tool<br />\n","iscorrect":0},{"id":"26005","description":"Bloat Tool<br />\n","iscorrect":1}]}]},{"score":"50","questions":[{"id":"6883","description":"در کدامیک از فرمت‌های زیر امکان ذخیره‌سازی لایه‌ها در فایل عکس وجود دارد؟","answers":[{"id":"26006","description":"TIF","iscorrect":0},{"id":"26007","description":"PSD","iscorrect":0},{"id":"26008","description":"PDF","iscorrect":0},{"id":"26009","description":"همه موارد","iscorrect":1}]},{"id":"6884","description":"برای انتقال تعدادی از لایه‌ها به یک گروه مشخص، از چه روشی می‌توان استفاده نمود؟","answers":[{"id":"26010","description":"در پایین پنل لایه‌ها روی دکمه Create a New Group کلیک می‌کنیم.","iscorrect":0},{"id":"26011","description":"لایه‌های مورد نظر را انتخاب و به درون گروه Drag می‌کنیم.","iscorrect":1},{"id":"26012","description":"امکان انتقال لایه‌ها به هر گروهی وجود ندارد.<br />\n","iscorrect":0},{"id":"26013","description":"می‌توان به زیر منوی New در منوی Layer رفت و روی فرمان Group‌... کلیک کرد.<br />\n","iscorrect":0}]},{"id":"6885","description":"چگونه می‌توان با ابزار Move، مرزهای لایه را دید و اقدام به تغییر ابعاد لایه کرد؟","answers":[{"id":"26014","description":"با استفاده از گزینه Auto Select در Option Bar","iscorrect":0},{"id":"26015","description":"با استفاده از جعبه Layer و Group در Option Bar<br />\n","iscorrect":0},{"id":"26016","description":"با استفاده از گزینه Show Transform Controls در Option Bar<br />\n","iscorrect":1},{"id":"26017","description":"با استفاده از این ابزار نمی‌توان گروه را جابجا کرد.","iscorrect":0}]},{"id":"6886","description":"با توجه به نسبت‌های ابعادی زیر، کدامیک از عکس‌ها می‌تواند پانوراما محسوب شود؟","answers":[{"id":"26018","description":"۱ به ۱<br />\n","iscorrect":0},{"id":"26019","description":"۳ به ۱<br />\n","iscorrect":1},{"id":"26020","description":"۱ به ۱.۵<br />\n","iscorrect":0},{"id":"26021","description":"موارد دوم و سوم<br />\n","iscorrect":0}]},{"id":"6887","description":"\n\nدر پنجره مربوط به Layer Styleها کدام مورد کنترل زیادی را در زمینه ایجاد سایه در اختیار کاربر قرار می‌دهد؟","answers":[{"id":"26022","description":"Drop Shadow<br />\n","iscorrect":1},{"id":"26023","description":"Outer Glow<br />\n","iscorrect":0},{"id":"26024","description":"Inner Glow<br />\n","iscorrect":0},{"id":"26025","description":"Blending Options<br />\n","iscorrect":0}]},{"id":"6888","description":"در Blend Modeها، مد Color Burn چه تاثیری ایجاد می‌کند؟","answers":[{"id":"26026","description":"رنگ زمینه را روشن‌تر کرده و با افزایش کنتراست رنگ تلفیقی را نمایش می‌دهد.","iscorrect":0},{"id":"26027","description":"رنگ زمینه را روشن‌تر کرده و با افزایش روشنایی رنگ تلفیقی را نمایش می‌دهد.<br />\n","iscorrect":0},{"id":"26028","description":"رنگ زمینه را تیره‌تر کرده و با کاهش کنتراست رنگ تلفیقی را نمایش می‌دهد.<br />\n","iscorrect":1},{"id":"26029","description":"رنگ زمینه را تیره‌تر کرده و با کاهش روشنایی رنگ تلفیقی را نمایش می‌دهد.<br />\n","iscorrect":0}]},{"id":"6889","description":"در پنجره Quick Mask Option کدام گزینه انتخاب شود تا قسمت‌های ماسک شده انتخاب نشوند؟<br />\n","answers":[{"id":"26030","description":"Opacity","iscorrect":0},{"id":"26031","description":"Masked Area<br />\n","iscorrect":1},{"id":"26032","description":"Selected Area<br />\n","iscorrect":0},{"id":"26033","description":"نمی‌توان این مورد را تغییر داد.<br />\n","iscorrect":0}]},{"id":"6890","description":"وظیفه حالت Replace در Option Bar ابزار Spot Healing Brush چیست؟","answers":[{"id":"26034","description":"حفظ بهتر بافت در لبه‌هایی که عدم یکنواختی وجود دارد.<br />\n","iscorrect":1},{"id":"26035","description":"نمونه‌برداری از همه لایه‌ها در زمان اعمال ابزار<br />\n","iscorrect":0},{"id":"26036","description":"نمونه‌برداری تنها از لایه فعال<br />\n","iscorrect":0},{"id":"26037","description":"از بین بردن بافت در قسمت‌های مورد نظر<br />\n","iscorrect":0}]},{"id":"6891","description":"در اعمال ابزار Paint Bucket کدامیک از موارد زیر باعث کاهش پدیده دندانه‌ای شدن لبه‌ها در زمان اعمال ابزار می‌شود؟","answers":[{"id":"26038","description":"Tolerance","iscorrect":0},{"id":"26039","description":"Contiguous","iscorrect":0},{"id":"26040","description":"All Layers<br />\n","iscorrect":0},{"id":"26041","description":"Anti-Alias<br />\n","iscorrect":1}]},{"id":"6892","description":"در پنجره Gradient Editor دکمه New چه کارکردی دارد؟","answers":[{"id":"26042","description":"ایجاد یک صفحه جدید<br />\n","iscorrect":0},{"id":"26043","description":"ایجاد یک فایل جدید<br />\n","iscorrect":0},{"id":"26044","description":"ایجاد یک گرادیان جدید<br />\n","iscorrect":1},{"id":"26045","description":"انتخاب یک گرادیان جدید<br />\n","iscorrect":0}]},{"id":"6893","description":"کدامیک از موارد زیر در فیلتر Liquefy نقش ایجاد فرورفتگی در تصویر را دارند؟","answers":[{"id":"26046","description":"Forward Warp Tool<br />\n","iscorrect":0},{"id":"26047","description":"Reconstruct Tool<br />\n","iscorrect":0},{"id":"26048","description":"Pucker Tool<br />\n","iscorrect":1},{"id":"26049","description":"Bloat Tool<br />\n","iscorrect":0}]}]}]}]}