{"courseId":"19","contents":[{"name":"کوچ","id":"76","contentorder":"1","lesson_number":1,"type":0,"filename":"lesson76.html"},{"name":"کوچ","id":"161","contentorder":"2","type":1,"set":[{"score":"60","questions":[{"id":"418","description":"چرا جی روزن روزنامه نگارها را به یک قبیله تشبیه می کند؟","answers":[{"id":"1493","description":"چون از قدیم به این کار اشتغال داشته اند.","iscorrect":0},{"id":"1494","description":"چون زبان مشترکی دارند.","iscorrect":0},{"id":"1495","description":"چون فرهنگ مشترکی دارند.","iscorrect":1},{"id":"1496","description":"چون از یک محل می آیند.","iscorrect":0}]},{"id":"419","description":"الحاقیه ی اول قانون اساسی آمریکا می گوید همه ی شهروندان این کشور:","answers":[{"id":"1497","description":"حق اشتغال به کار دارند.","iscorrect":0},{"id":"1498","description":"حق بیان افکارشان را دارند.","iscorrect":1},{"id":"1499","description":"حق داشتن مسکن دارند.","iscorrect":0},{"id":"1500","description":"حق خروج آزادانه از کشور را دارند.","iscorrect":0}]},{"id":"420","description":"دنیای خبررسانی و خبرنگاری را چه پدیده ای دگرگون کرده است؟","answers":[{"id":"1501","description":"ارزانی ارتباط ها","iscorrect":0},{"id":"1502","description":"تعطیل شدن بعضی نشریات","iscorrect":0},{"id":"1503","description":"آغاز دوران دیجیتال","iscorrect":1},{"id":"1504","description":"پیدا شدن غیرحرفه ای ها","iscorrect":0}]}]},{"score":"60","questions":[{"id":"421","description":"بسیاری از روزنامه نگاران در ابتدای کار آنلاین تصورشان این بود که:","answers":[{"id":"1505","description":"روزنامه نگاری آنلاین فقط برای آماتورهاست.","iscorrect":0},{"id":"1506","description":"انتشار آنلاین فقط وسیله ی تازه ای برای رساندن مطالب چاپ شده به مخاطب هاست.","iscorrect":1},{"id":"1507","description":"روزنامه نگاری آنلاین احتیاج به تخصص در علوم کامپیوتری دارد.","iscorrect":0},{"id":"1508","description":"کاربران آنلاین افراد ثروتمند هستند.","iscorrect":0}]},{"id":"422","description":"ارتباط روزنامه نگار با مخاطب ها در نشریات آنلاین:","answers":[{"id":"1509","description":"از بالا به پائین است.","iscorrect":0},{"id":"1510","description":"از پائین به بالاست.","iscorrect":0},{"id":"1511","description":"به نسبت نشریات چاپی کم است.","iscorrect":0},{"id":"1512","description":"به نسبت نشریات چاپی افقی و دوسویه است.","iscorrect":1}]},{"id":"423","description":"سیستم باز در رسانه های اینترنتی به سیستمی گفته می شود که:","answers":[{"id":"1513","description":"امکان افزودن و کاستن اطلاعات در یک سامانه را به همه می دهد.","iscorrect":1},{"id":"1514","description":"در مسیرش به طرف جلو حرکت می کند.","iscorrect":0},{"id":"1515","description":"هیچ نوع کنترلی بر روی آن نیست.","iscorrect":0},{"id":"1516","description":"مخاطب ها و کاربران پاسخ گوی یک دیگر هستند.","iscorrect":0}]}]}]},{"name":"Web 2.0","id":"77","contentorder":"3","lesson_number":2,"type":0,"filename":"lesson77.html"},{"name":"Web 2.0","id":"163","contentorder":"4","type":1,"set":[{"score":"60","questions":[{"id":"424","description":"Web 2.0 به چه معنائی است؟","answers":[{"id":"1517","description":"تغيير مصرف اينترنت.","iscorrect":1},{"id":"1518","description":"نرم افزاری که برای ايجاد شبکه های اجتماعی به کار می رود.","iscorrect":0},{"id":"1519","description":"يک شبکه ی تازه از تارنماها.","iscorrect":0},{"id":"1520","description":"روزآمد شبکه ی قبلی تارنماها.","iscorrect":0}]},{"id":"425","description":"در سال ۲۰۰۸ برای نخستين بار درصد آمريکایی هایی که اينترنت منبع خبرشان بود از چه گروهی بيشتر شد؟","answers":[{"id":"1521","description":"خوانندگان روزنامه های چاپی","iscorrect":1},{"id":"1522","description":"شنوندگان راديو","iscorrect":0},{"id":"1523","description":"تماشاگران تلويزيون","iscorrect":0},{"id":"1524","description":"دارندگان تلفن های همراه","iscorrect":0}]},{"id":"426","description":"شبکه های اجتماعی چه تغييری در رابطه ی کاربران و اينترنت ايجاد کردند؟","answers":[{"id":"1525","description":"مردم را به ساختن وبلاگ های شخصی علاقمند کردند.","iscorrect":0},{"id":"1526","description":"به مردم امکان نمايش عکس و فيلم های خودشان در عرصه ی مجازی را دادند.","iscorrect":0},{"id":"1527","description":"به گروه های تخصصی جايگاه ويژه ای دادند.","iscorrect":0},{"id":"1528","description":"اينترنت را از يک ابزار ارتباطی يک سويه به وسيله ای برای گفتگو ميان اعضای گروه ها تبديل کردند.","iscorrect":1}]}]},{"score":"60","questions":[{"id":"427","description":"ميزان اعتماد آمريکایی ها به خبررسانی شبکه های بزرگ در دهه های اخير چه تغييری کرده است؟","answers":[{"id":"1529","description":"تغيير محسوسی نداشته است.","iscorrect":0},{"id":"1530","description":"به شدت کاهش پيدا کرده است.","iscorrect":1},{"id":"1531","description":"افزايش پيدا کرده است.","iscorrect":0},{"id":"1532","description":"تغيير اندکی داشته است.","iscorrect":0}]},{"id":"428","description":"در سال ۲۰۰۸ چه تعداد از نشريات اينترنتی در آمريکا از مطالب ارسالی مخاطبان شان استفاده کردند؟","answers":[{"id":"1533","description":"۱۵ درصد آنها","iscorrect":0},{"id":"1534","description":"۵۸ درصد آنها","iscorrect":1},{"id":"1535","description":"۱۸ درصد آنها","iscorrect":0},{"id":"1536","description":"۲۴ درصد آنها","iscorrect":0}]},{"id":"429","description":"ثبت نام کاربران برای خواندن مطالب نشريات اينترنتی:","answers":[{"id":"1537","description":"به تدريج اجباری می شود.","iscorrect":0},{"id":"1538","description":"نشان دهنده ی موفقيت يک نشريه است.","iscorrect":0},{"id":"1539","description":"نشان دهنده ی نيازهای مالی يک نشريه است.","iscorrect":0},{"id":"1540","description":"از ۲۹ درصد در سال ۲۰۰۷ به ۱۱ درصد در سال ۲۰۰۸ کاهش پيدا کرده است.","iscorrect":1}]}]}]},{"name":"وبلاگ","id":"78","contentorder":"5","lesson_number":3,"type":0,"filename":"lesson78.html"},{"name":"وبلاگ","id":"165","contentorder":"6","type":1,"set":[{"score":"60","questions":[{"id":"430","description":"وبلاگ يعنی چه؟","answers":[{"id":"1541","description":"وبلاگ به يک صفحه ی اينترنت می گويند.","iscorrect":0},{"id":"1542","description":"وبلاگ کسی است که در Web 2.0 چيز می نويسد.","iscorrect":0},{"id":"1543","description":"وبلاگ شکلی از انتشار مطلب در اينترنت است.","iscorrect":1},{"id":"1544","description":"وبلاگ مجموعه ای از صفحات اينترنتی است.","iscorrect":0}]},{"id":"431","description":"شيوه ی وبلاگ نويسی در حال چه تغييری است؟","answers":[{"id":"1545","description":"نرم افزار آن عوض خواهد شد.","iscorrect":0},{"id":"1546","description":"زير نظر نشريات اينترنتی قرار می گیرد.","iscorrect":0},{"id":"1547","description":"به طرف ميکروبلاگ و استفاده از تلفن هوشمند می رود.","iscorrect":1},{"id":"1548","description":"به صورت گروهی نوشته می شود.","iscorrect":0}]},{"id":"432","description":"بلاگرهای آمريکایی معمولا:","answers":[{"id":"1549","description":"از طبقات مرفه تر و تحصيل کرده اند.","iscorrect":1},{"id":"1550","description":"نوجوان اند.","iscorrect":0},{"id":"1551","description":"زنان خانه دارند.","iscorrect":0},{"id":"1552","description":"متخصص کامپيوتر هستند.","iscorrect":0}]}]},{"score":"60","questions":[{"id":"433","description":"بيشترين جمعيت بلاگرها در کدام بخش از جهان ساکن اند؟","answers":[{"id":"1553","description":"اروپا","iscorrect":0},{"id":"1554","description":"آسيا","iscorrect":0},{"id":"1555","description":"آمريکای شمالی","iscorrect":1},{"id":"1556","description":"اقيانوسيه","iscorrect":0}]},{"id":"434","description":"تعداد بلاگرهای جوان و نوجوان پس از سال ۲۰۰۶:","answers":[{"id":"1557","description":"رو به کاهش است.","iscorrect":1},{"id":"1558","description":"رو به افزايش است.","iscorrect":0},{"id":"1559","description":"تغييری نکرده.","iscorrect":0},{"id":"1560","description":"با بلاگرهای بزرگ سال برابر شده است.","iscorrect":0}]},{"id":"435","description":"اولين بار نوشتن تجربه ها و مشاهدات شخصی در وبلاگ از چه زمانی شروع شد؟","answers":[{"id":"1561","description":"سال های دهه ی ۱۹۹۰","iscorrect":0},{"id":"1562","description":"بعد از رويدادهای يازده سپتامبر ۲۰۰۱","iscorrect":1},{"id":"1563","description":"بعد از سال ۲۰۰۶","iscorrect":0},{"id":"1564","description":"از زمانی که نرم افزار بلاگر به بازار آمد.","iscorrect":0}]}]}]},{"name":"شبکه های اجتماعی","id":"79","contentorder":"7","lesson_number":4,"type":0,"filename":"lesson79.html"},{"name":"شبکه های اجتماعی","id":"167","contentorder":"8","type":1,"set":[{"score":"60","questions":[{"id":"436","description":"تاثير شبکه های اجتماعی بر کاربرد وبلاگ ها:","answers":[{"id":"1565","description":"در ميان نوجوانان و جوانان منفی بوده است.","iscorrect":1},{"id":"1566","description":"باعث افزايش استفاده ی جوانان از وبلاگ شده است.","iscorrect":0},{"id":"1567","description":"قابل اغماض است.","iscorrect":0},{"id":"1568","description":"باعث کم شدن استفاده از وبلاگ در ميان بزرگسالان شده است.","iscorrect":0}]},{"id":"437","description":"مصرف اصلی شبکه های اجتماعی در ميان جوانان چيست؟","answers":[{"id":"1569","description":"اطلاع رسانی در مورد وضعيت فعلی خودشان.","iscorrect":1},{"id":"1570","description":"تبادل اطلاعات در مورد رويدادهای سياسی.","iscorrect":0},{"id":"1571","description":"به دست آوردن نشانی دوستان و آشنايان.","iscorrect":0},{"id":"1572","description":"ديدن آلبوم های عکس دوستان و آشنايان.","iscorrect":0}]},{"id":"438","description":"تعداد کاربران فيس بوک در جهان در ماه های پايانی سال ۲۰۱۰:","answers":[{"id":"1573","description":"در حدود صد ميليون نفر است.","iscorrect":0},{"id":"1574","description":"کمتر از سيصد ميليون نفر است.","iscorrect":0},{"id":"1575","description":"بيش از پانصد ميليون نفر است.","iscorrect":1},{"id":"1576","description":"نزديک به يک ميليارد نفر است.","iscorrect":0}]}]},{"score":"60","questions":[{"id":"439","description":"تویيتر به عنوان يک شبکه ی اجتماعی چه کاربردی دارد؟","answers":[{"id":"1577","description":"پيدا کردن نشانی جاها و افراد بر روی اينترنت.","iscorrect":0},{"id":"1578","description":"دادن اطلاعات فوری و کوتاه به دوستان و علاقمندان.","iscorrect":1},{"id":"1579","description":"ارسال عکس و فيلم های کوتاه به دوستان.","iscorrect":0},{"id":"1580","description":"ارسال ايميل و پيامک به دوستان.","iscorrect":0}]},{"id":"440","description":"بيشترين جمعيت کاربران تویيتر از چه گروهی هستند؟","answers":[{"id":"1581","description":"جوانان و نوجوانان","iscorrect":0},{"id":"1582","description":"زنان","iscorrect":0},{"id":"1583","description":"دانشگاهيان","iscorrect":0},{"id":"1584","description":"افراد ۳۵ تا ۴۹ ساله","iscorrect":1}]},{"id":"441","description":"اکثر مشترکين شبکه های اجتماعی از کدام سامانه استفاده می کنند؟","answers":[{"id":"1585","description":"MySpace","iscorrect":0},{"id":"1586","description":"GoogleBuzz","iscorrect":0},{"id":"1587","description":"Facebook","iscorrect":1},{"id":"1588","description":"Twitter","iscorrect":0}]}]}]},{"name":"یوتیوب، پادکست و RSS","id":"80","contentorder":"9","lesson_number":5,"type":0,"filename":"lesson80.html"},{"name":"یوتیوب، پادکست و RSS","id":"169","contentorder":"10","type":1,"set":[{"score":"60","questions":[{"id":"442","description":"سامانه ی يوتیوب روزانه چند بازديد از فيلم هايش را گزارش کرده است؟","answers":[{"id":"1589","description":"نزديک به يک ميليون","iscorrect":0},{"id":"1590","description":"نزديک به صد ميليون","iscorrect":0},{"id":"1591","description":"نزديک به يک ميليارد","iscorrect":0},{"id":"1592","description":"بيش از دو ميليارد","iscorrect":1}]},{"id":"443","description":"مشکل اصلی تماشای ويديوها در يوتیوب این است که:","answers":[{"id":"1593","description":"همه ی فيلم ها در دسترس نيستند.","iscorrect":0},{"id":"1594","description":"برای ديدن فيلم ها بايد ثبت نام کرد.","iscorrect":0},{"id":"1595","description":"چون روش جستجوی آسانی فراهم نشده، پيدا کردن فيلم مورد نظر کاربران دشوار است.","iscorrect":1},{"id":"1596","description":"همه کس اجازه ی انتشار هر ويديوئی را دارد.","iscorrect":0}]},{"id":"444","description":"پادکست يعنی چه؟","answers":[{"id":"1597","description":"پخش غيرزنده ی برنامه ها از طريق اينترنت.","iscorrect":1},{"id":"1598","description":"پخش برنامه های راديوئی بر روی آيپاد.","iscorrect":0},{"id":"1599","description":"پخش زنده ی برنامه ها بر روی اينترنت.","iscorrect":0},{"id":"1600","description":"پخش غيرمستقيم برنامه ها از راديو و تلويزيون.","iscorrect":0}]}]},{"score":"60","questions":[{"id":"448","description":"چه کسانی حق بارگذاری فيلم در يوتیوب را دارند؟","answers":[{"id":"1613","description":"کسانی که برای اين کار ثبت نام کرده باشند.","iscorrect":1},{"id":"1614","description":"افرادی که مجوز توليد فيلم داشته باشند.","iscorrect":0},{"id":"1615","description":"افراد بالای ۱۸ سال.","iscorrect":0},{"id":"1616","description":"مشترکين حساب ايميل گوگل (Gmail).","iscorrect":0}]},{"id":"449","description":"اولين فيلم يوتیوب در چه سالی بر روی اينترنت بارگذاری شد؟","answers":[{"id":"1617","description":"۲۰۰۲","iscorrect":0},{"id":"1618","description":"۲۰۰۵","iscorrect":1},{"id":"1619","description":"۲۰۰۷","iscorrect":0},{"id":"1620","description":"۲۰۰۹","iscorrect":0}]},{"id":"450","description":"استفاده از پادکست در رسانه ها و نشريات اينترنتی:","answers":[{"id":"1621","description":"با استقبال زيادی مواجه نشده است.","iscorrect":0},{"id":"1622","description":"فقط با پرداخت هزينه ی اشتراک ممکن است.","iscorrect":0},{"id":"1623","description":"به متخصصين و شبکه های خبری محدود است.","iscorrect":0},{"id":"1624","description":"با ارسال تقاضای دريافت از جانب کاربران اينترنت انجام می شود.","iscorrect":1}]}]}]},{"name":"عیب، حسن، و راه های تازه","id":"81","contentorder":"11","lesson_number":6,"type":0,"filename":"lesson81.html"},{"name":"عیب، حسن، و راه های تازه","id":"172","contentorder":"12","type":1,"set":[{"score":"60","questions":[{"id":"451","description":"کاربران اینترنت در آمریکا معمولا در چه ساعاتی به سایت های خبری سر می زنند؟","answers":[{"id":"1625","description":"صبح ها قبل از خروج از خانه.","iscorrect":0},{"id":"1626","description":"در ساعات کار اداری و وقت نهار.","iscorrect":1},{"id":"1627","description":"بعد از ظهرها.","iscorrect":0},{"id":"1628","description":"در مسیر خانه تا محل کار.","iscorrect":0}]},{"id":"452","description":"براساس پژوهش دانشگاه نورت وسترن در آمریکا زمان توقف کاربرها در یک صفحه ی روزنامه ی اینترنتی:","answers":[{"id":"1629","description":"در حدود ۲ دقیقه است.","iscorrect":0},{"id":"1630","description":"تا پنج دقیقه است.","iscorrect":0},{"id":"1631","description":"کمتر از یک دقیقه است.","iscorrect":1},{"id":"1632","description":"نزدیک به ۳ دقیقه است.","iscorrect":0}]},{"id":"453","description":"برای جلب کاربران محلی به وب سایت نشریات اینترنتی از چه شیوه ای استفاده می کنند؟","answers":[{"id":"1633","description":"ایجاد بخش های ویژه ی محلی در سایت ها.","iscorrect":1},{"id":"1634","description":"دعوت اهالی محله ها به جلسات مشورتی.","iscorrect":0},{"id":"1635","description":"دادن جوایز ویژه.","iscorrect":0},{"id":"1636","description":"اعزام گروه های تحریریه به محله های مختلف.","iscorrect":0}]}]},{"score":"60","questions":[{"id":"454","description":"استفاده از سخنگاه در کنار گزارش ها چه فایده ای دارد؟","answers":[{"id":"1637","description":"مردم را به تماس با نشریات تشویق می کند.","iscorrect":0},{"id":"1638","description":"به نشریات امکان ارسال پیام های بازرگانی به گروه های خاص را می دهد.","iscorrect":0},{"id":"1639","description":"به کاربران امکان ابراز عقیده و ارتباط با دیگران را می دهد.","iscorrect":1},{"id":"1640","description":"جلوی شایعه ها و اتهام های بی مورد را می گیرد.","iscorrect":0}]},{"id":"455","description":"برای استفاده ی بیشتر کاربرانی که از تلفن های هوشمند برای خبرگیری استفاده می کنند چه راه هایی مناسب تر است؟","answers":[{"id":"1641","description":"از اخبار مصور استفاده شود.","iscorrect":0},{"id":"1642","description":"فقط سرتیتر خبرها منتشر شود.","iscorrect":0},{"id":"1643","description":"نسخه های کوتاه اما کاملی از خبر برای تلفن ها تهیه شود.","iscorrect":1},{"id":"1644","description":"خبرها به صورت شفاهی ارائه شوند.","iscorrect":0}]},{"id":"456","description":"با توجه به تفاوت های سلیقه ای کاربران اینترنت بهترین راه برای ایجاد ارتباط عمیق تر با آنها کدام است؟","answers":[{"id":"1645","description":"ارسال مطالب از طریق ایمیل.","iscorrect":0},{"id":"1646","description":"ایجاد جوامع مجازی برای گروه های ویژه.","iscorrect":1},{"id":"1647","description":"تلاش برای آشنا کردن کاربران با خواسته های دیگران.","iscorrect":0},{"id":"1648","description":"انتشار نسخه های متعدد از یک نشریه به تناسب سلیقه های گروهی.","iscorrect":0}]}]}]}]}