{"courseId":"27","contents":[{"name":"اصول اولیه پشتیبان گیری","id":"156","contentorder":"1","lesson_number":1,"type":0,"filename":"lesson156.html"},{"name":"روش های پشتیبان گیری از اطلاعات","id":"157","contentorder":"2","lesson_number":2,"type":0,"filename":"lesson157.html"},{"name":"روش های پشتیبان گیری از اطلاعات","id":"292","contentorder":"3","type":1,"set":[{"score":"60","questions":[{"id":"810","description":"کدام گزینه تعریف صحیح پشتیبان گیری است؟","answers":[{"id":"3048","description":"انتقال فایل های مهم از روی هارد بر روی سی دی و نگهداری در مکان امن","iscorrect":0},{"id":"3049","description":"انتقال فایل های مهم از درایوی به درایو دیگر همان هارد و رمز گذاری آنها برای امنیت بیشتر","iscorrect":0},{"id":"3050","description":"کپی کردن اطلاعات مهم روی ابزاری خارج از دستگاه اصلی مانند هارد یا سی دی و نگهداری در مکانی امن","iscorrect":1},{"id":"3051","description":"رمزگذاری اطلاعات مهم در فایل های زیپ برای عدم دسترسی افراد به آنها","iscorrect":0}]},{"id":"811","description":"پشتیبان گیری کامل چیست؟","answers":[{"id":"3052","description":"پشتیبان گیری از تمامی اطلاعات مهم و غیر مهم هارد که شامل فایل ها، برنامه ها، سیستم عامل و … است.","iscorrect":1},{"id":"3053","description":"پشتیبان گیری از مهم ترین اطلاعات روی هارد","iscorrect":0},{"id":"3054","description":"پشتیبان گیری در تمامی ساعات روز و تمامی روزهای سال","iscorrect":0},{"id":"3055","description":"نسخه پشتیبان یک میزبان چون سی دی یا دی وی دی را به صورت کامل پر کند.","iscorrect":0}]},{"id":"812","description":"کدامیک از گروه های زیر معمولا مشمول پشتیبان گیری انتخابی نمی شوند؟","answers":[{"id":"3056","description":"فایل های نرم افزار و بازی های نصب شده روی کامپیوتر که معمولا در پوشه Program Files نگهداری می شوند.","iscorrect":1},{"id":"3057","description":"فایل های متنی شامل قراردادها و اسناد اداری که متعلق به اداره محل کارتان هستند.","iscorrect":0},{"id":"3058","description":"فایل ها و عکس های شخصی که معمولا در پوشه My Documents نگهداری می شوند.","iscorrect":0},{"id":"3059","description":"ایمیل های ذخیره شده درون برنامه مدیریت ایمیل روی کامپیوتر","iscorrect":0}]},{"id":"813","description":"کدام گزینه تعریف صحیحی از پشتیبان گیری انتخابی است؟","answers":[{"id":"3060","description":"انتخاب میزبان مناسب و سالم برای پشتیبان گیری (سی دی، هارد اکسترنال یا دی وی دی)","iscorrect":0},{"id":"3061","description":"تهیه نسخه پشتیبان تنها از فایل های ضروری کاربر","iscorrect":1},{"id":"3062","description":"تهیه نسخه پشتیبان در روزهای منتخب سال به صورت تصادفی","iscorrect":0},{"id":"3063","description":"نگهداری نسخه های پشتیبان به صورت تصادفی و انتخابی در محل های مختلفی در خانه و محل کار","iscorrect":0}]}]},{"score":"60","questions":[{"id":"814","description":"کدام گزینه معمولا از مزایای پشتیبان گیری آن لاین نیست؟","answers":[{"id":"3064","description":"نگه داری اطلاعات پشتیبان خارج از محل استفاده از آنها","iscorrect":0},{"id":"3065","description":"انتقال امن و خودکار فایل ها بر روی اینترنت","iscorrect":0},{"id":"3066","description":"نگهداری امن فایل ها بر روی اینترنت","iscorrect":0},{"id":"3067","description":"کنترل اطلاعات و ویروس یابی آنها","iscorrect":1}]},{"id":"815","description":"کدام یک از شیوه های پشتیبان گیری آفلاین نیست؟","answers":[{"id":"3068","description":"قرار دادن نسخه ای از فایل ها روی هارد اکسترنال","iscorrect":0},{"id":"3069","description":"قرار دادن نسخه ای از فایل ها روی اکانت جیمیل شرکت یا یکی از سرویس های پشتیبان گیری در کشوری دیگر","iscorrect":1},{"id":"3070","description":"کپی کردن اطلاعات پشتیبان روی دی وی دی","iscorrect":0},{"id":"3071","description":"کپی کردن اطلاعات پشتیبان روی کول دیسک","iscorrect":0}]},{"id":"816","description":"‏Offsite Backup به چه معنی است؟","answers":[{"id":"3072","description":"نگهداری اطلاعات پشتیبان به صورت آفلاین","iscorrect":0},{"id":"3073","description":"نگهداری اطلاعات پشتیبان خارج از کامپیوتر","iscorrect":0},{"id":"3074","description":"نگهداری اطلاعات پشتیبان بر روی هارد اکسترنال","iscorrect":0},{"id":"3075","description":"نگهداری اطلاعات پشتیبان در خارج از محل نگهداری اطلاعات اصلی","iscorrect":1}]},{"id":"817","description":"کدام یک از مزیت های پشتیبان گیری آفلاین است؟","answers":[{"id":"3076","description":"نیازی به ابزار خاصی ندارد و اطلاعات روی اینترنت نگهداری می شوند.","iscorrect":0},{"id":"3077","description":"نسخه پشتیبان کم هزینه و همیشه در دسترس بوده و نیازی به ابزار ارتباطی خاصی ندارد.","iscorrect":1},{"id":"3078","description":"اطلاعات بر روی سرورهای سرویس دهنده در خارج از شهر و حتی کشور کاربر نگهداری می شود.","iscorrect":0}]}]}]},{"name":"پشتیبان گیری در سیستم عامل ویندوز","id":"158","contentorder":"4","lesson_number":3,"type":0,"filename":"lesson158.html"},{"name":"پشتیبان گیری کلود (بک آپ آنلاین)","id":"160","contentorder":"5","lesson_number":4,"type":0,"filename":"lesson160.html"},{"name":"پشتیبان گیری در سیستم عامل مک او اس اکس","id":"159","contentorder":"6","lesson_number":5,"type":0,"filename":"lesson159.html"},{"name":"پشتیبان گیری کلود (بک آپ آنلاین)","id":"294","contentorder":"7","type":1,"set":[{"score":"60","questions":[{"id":"818","description":"اطلاعات شما در سرویس های کلود تا چه حد امن هستند؟","answers":[{"id":"3079","description":"تمام اطلاعات ما روی تمام سرویس های کلود به صورت رمزنگاری نگهداری می شود و در این مورد خیال مان راحت است.","iscorrect":0},{"id":"3080","description":"امنیت در پشتیبان گیری کلود موضوع مهمی محسوب نمی شود.","iscorrect":0},{"id":"3081","description":"بسته به سرویسی که از آن استفاده می کنیم باید در این مورد تحقیق و بررسی کنیم.","iscorrect":1}]},{"id":"819","description":"کدام یک از معایب سیستم پشتیبان گیری کلود یا ابری است؟","answers":[{"id":"3082","description":"شما اطلاعات را در اختیار شرکت یا سایتی می گذارید که اگر روزی خدمات اش را تعطیل کند، به مشکل بر می خورید.","iscorrect":1},{"id":"3083","description":"برای تهیه تعداد مناسب هارد اکسترنال و دی وی دی جهت پشتیبان گیری هزینه بالایی نیاز دارید.","iscorrect":0},{"id":"3084","description":"نیازی نیست که به دنبال یادگیری تنظیمات سرور و شبکه و نگهداری زیرساخت های لازم باشید.","iscorrect":0},{"id":"3085","description":"اطلاعات فقط بر روی کامپیوتر خودتان قابل دسترسی هستند.","iscorrect":0}]},{"id":"820","description":"کدام یک درباره مزایای اکثر سرویس های پشتیبان گیری کلود صحیح نیست؟","answers":[{"id":"3086","description":"شیوه نسبتا امن برای پشتیبان گیری از داده ها بر روی فضای ذخیره سازی دور دست است.","iscorrect":0},{"id":"3087","description":"از هر جایی که اینترنت داشته باشید، قابل دسترس و بازیابی است.","iscorrect":0},{"id":"3088","description":"در بسیاری از سرویس های کلود معمولا محدودیت آزاردهنده ای از نظر حجم نخواهید داشت.","iscorrect":0},{"id":"3089","description":"شما می توانید ده ها گیگابایت اطلاعات را از روی کامپیوتر خودتان طی چند دقیقه روی سرویس کلود بفرستید.","iscorrect":1}]}]},{"score":"60","questions":[{"id":"821","description":"در کدام یک از مثال های زیر پشتیبان گیری کلود مقرون به صرفه نیست؟","answers":[{"id":"3090","description":"فرهاد در خانه می خواهد نسخه پشتیبان دائمی و به روزی از متن پایان نامه اش داشته باشد.","iscorrect":0},{"id":"3091","description":"محمد مدیرعامل ایران خودرو است و می خواهد تمامی مکاتبات روزمره و طرح ها و نقشه ها را بر روی فضای کلود رایگانی نگهداری کند.","iscorrect":1},{"id":"3092","description":"علی مدیر یک شرکت طراحی سایت است و می خواهد از پنج پروژه فعال شرکت همیشه نسخه پشتیبانی دم دست داشته باشد.","iscorrect":0},{"id":"3093","description":"محمود می خواهد از مکاتبات انجام شده برای حل مشکل حقوقی اش، نسخه پشتیبان مشترکی با وکیل اش داشته باشد.","iscorrect":0}]},{"id":"822","description":"کدام مورد از مزایای سرویس کلود محسوب نمی شود؟","answers":[{"id":"3094","description":"در اختیار داشتن مقدار نسبتا نامحدودی فضای هارد آنلاین","iscorrect":0},{"id":"3095","description":"قیمت نسبتا پایین","iscorrect":0},{"id":"3096","description":"امنیت بالا","iscorrect":0},{"id":"3097","description":"می توانید ده ها گیگابایت اطلاعات را از روی کامپیوتر خودتان طی چند دقیقه روی سرویس کلود بفرستید.","iscorrect":1}]},{"id":"823","description":"کدام یک از بازیابی های زیر از طریق پشتیبان گیری آنلاین و خط اینترنت دیال آپ قابل استفاده نیست؟","answers":[{"id":"3098","description":"بازیابی عکس های خانوادگی گم شده","iscorrect":0},{"id":"3099","description":"بازیابی لحظه ای پروژه طراحی و ساخت پلت فرم جدید پیکان","iscorrect":1},{"id":"3100","description":"بازیابی پروژه پایان ترم شناخت جوامع شهری","iscorrect":0},{"id":"3101","description":"بازیابی اخبار آماده شده جهت انتشار در هفته نامه","iscorrect":0}]}]}]},{"name":"پشتیبان گیری از تلفن همراه","id":"161","contentorder":"8","lesson_number":6,"type":0,"filename":"lesson161.html"},{"name":"پشتیبان گیری از تلفن همراه","id":"296","contentorder":"9","type":1,"set":[{"score":"60","questions":[{"id":"824","description":"کدام شیوه برای پشتیبان گیری از ۲۰۰۰ شماره ذخیره شده روی موبایل من مناسب نیست؟","answers":[{"id":"3102","description":"کپی کردن آنها روی سیم کارت و انتقال آنها به کامپیوتر با رابط ویژه سیم کارت","iscorrect":0},{"id":"3103","description":"کپی کردن آنها روی کارت حافظه و انتقال به کامپیوتر","iscorrect":0},{"id":"3104","description":"همسان سازی و سینک کردن آنها با اکانت جیمیل","iscorrect":0},{"id":"3105","description":"نوشتن آنها در یک دفتر و نگهداری در جای امن","iscorrect":1}]},{"id":"825","description":"بهترین فرمت برای ذخیره دفتر تلفن موبایل بر روی کامپیوتر برای پشتیبان گیری یا انتقال به موبایل دیگر، کدام است؟","answers":[{"id":"3106","description":"فایل CSV","iscorrect":1},{"id":"3107","description":"فایل TXT","iscorrect":0},{"id":"3108","description":"فایل DOC","iscorrect":0},{"id":"3109","description":"فایل PDF","iscorrect":0}]},{"id":"826","description":"بهترین راه برای به حداقل رساندن خسارت، هنگام سرقت یا گم شدن موبایل کدام است؟","answers":[{"id":"3110","description":"داشتن نسخه پشتیبان به روز و کامل از تمامی اطلاعات مهم درون موبایل","iscorrect":0},{"id":"3111","description":"محافظت از موبایل، برنامه ها و اطلاعات مهم با رمزعبور","iscorrect":0},{"id":"3112","description":"به حداقل رساندن اطلاعات مهم و حیاتی که بر روی گوشی نگهداری می شوند.","iscorrect":0},{"id":"3113","description":"همه موارد","iscorrect":1}]}]},{"score":"60","questions":[{"id":"827","description":"کدام گروه از اطلاعات زیر بر روی گوشی تلفن همراه نیاز به پشتیبان گیری ندارند؟","answers":[{"id":"3114","description":"دفتر تلفن و پیامک ها","iscorrect":0},{"id":"3115","description":"عکس ها و ویدیوها","iscorrect":0},{"id":"3116","description":"بازی ها، ایمیل ها و تقویم ذخیره شده روی اکانت گوگل","iscorrect":1},{"id":"3117","description":"فایل های صوتی و یادداشت ها","iscorrect":0}]},{"id":"828","description":"یک برنامه مناسب پشتیبان گیری از موبایل برای حفاظت بهینه از اطلاعات، چه ویژگی باید داشته باشد؟","answers":[{"id":"3118","description":"امکان پشتیبان گیری از تمامی اطلاعات، همچون دفتر تلفن، اس ام اس، یادداشت ها و…","iscorrect":1},{"id":"3119","description":"گرافیک مناسب و طراحی زیبا و خوشرنگ منوها و محیط برنامه","iscorrect":0},{"id":"3120","description":"تهیه نسخه پشتیبان ویژه همان مدل موبایل، بدون امکان استفاده بر روی بقیه موبایل ها","iscorrect":0},{"id":"3121","description":"عدم رمزنگاری اطلاعات پشتیبان برای کاهش فشار بر سخت افزار موبایل","iscorrect":0}]},{"id":"829","description":"برای پشتیبان گیری از آیفون به چه برنامه ای نیاز داریم؟","answers":[{"id":"3122","description":"برنامه رایگان آی تیونز مک تمام کارها را برایمان انجام می دهد.","iscorrect":1},{"id":"3123","description":"در آیفون امکان تهیه نسخه پشتیبان از اطلاعات را نداریم.","iscorrect":0},{"id":"3124","description":"در آیفون هیچ نیازی به تهیه نسخه پشتیبان نداریم.","iscorrect":0},{"id":"3125","description":"باید برنامه iPhone iOS را خریداری کرده و این کار را انجام دهیم.","iscorrect":0}]}]}]},{"name":"پشتیبان گیری از زندگی آنلاین- بخش اول: وبلاگ ها","id":"162","contentorder":"10","lesson_number":7,"type":0,"filename":"lesson162.html"},{"name":"پشتیبان گیری از زندگی آنلاین- بخش دوم: سایت ها و وبلاگ های اختصاصی","id":"163","contentorder":"11","lesson_number":8,"type":0,"filename":"lesson163.html"},{"name":"پشتیبان گیری از زندگی آنلاین- بخش سوم: شبکه های اجتماعی و اپلیکیشن های آنلاین","id":"164","contentorder":"12","lesson_number":9,"type":0,"filename":"lesson164.html"},{"name":"یک مرور سریع و ریزه کاری های پشتیبان گیری","id":"165","contentorder":"13","lesson_number":10,"type":0,"filename":"lesson165.html"},{"name":"یک مرور سریع و ریزه کاری های پشتیبان گیری","id":"298","contentorder":"14","type":1,"set":[{"score":"60","questions":[{"id":"830","description":"کدام ابزار برای نگهداری نسخه پشتیبان امنیت و کارایی ندارد؟","answers":[{"id":"3126","description":"هارد اکسترنال","iscorrect":0},{"id":"3127","description":"کول دیسک","iscorrect":0},{"id":"3128","description":"فلاپی دیسک","iscorrect":1},{"id":"3129","description":"دی وی دی","iscorrect":0}]},{"id":"831","description":"قانون ۲x۲x۲ به چه معنی است؟","answers":[{"id":"3130","description":"نگه داری دو نسخه از اطلاعات پشتیبان توسط دو نفر در دو محیط امن جداگانه","iscorrect":1},{"id":"3131","description":"نگهداری اطلاعات پشتیبان در بایگانی با سه درب تو در توی دو لایه برای محافظت در مقابل سیل و آتش سوزی","iscorrect":0},{"id":"3132","description":"نشان دهنده این است که با افزایش حجم اطلاعات پشتیبان، امنیت آنها دو برابر کاهش می یابد.","iscorrect":0},{"id":"3133","description":"چنین قانونی در حیطه پشتیبان گیری معنای خاصی ندارد.","iscorrect":0}]},{"id":"832","description":"آیا نگهداری نسخه پشتیبان کامل از اطلاعات کامپیوتر، سودی هم دارد؟","answers":[{"id":"3134","description":"خیر، تنها باعث افزایش حجم نسخه پشتیبان و بالا رفتن هزینه ها می شود.","iscorrect":0},{"id":"3135","description":"هنگام خرابی کامل هارد کامپیوتر، بازیابی اطلاعات و برنامه ها بسیار سریعتر انجام می شود.","iscorrect":1},{"id":"3136","description":"در ویندوز امکان تهیه چنین نسخه پشتیبانی به هیچ وجه وجود ندارد.","iscorrect":0},{"id":"3137","description":"با این کار دیگر نیازی به پشتیبان گیری انتخابی هفتگی و ماهیانه ندارید.","iscorrect":0}]}]},{"score":"60","questions":[{"id":"833","description":"کدام یک از شیوه های زیر برای سنجش سلامت نسخه پشتیبان کاربردی ندارند؟","answers":[{"id":"3138","description":"فایل فشرده پشتیبان را باز کنید تا از سلامت آن و قابلیت باز شدنش (unzip) مطمئن گردید.","iscorrect":0},{"id":"3139","description":"برنامه مناسبی برای تست خودکار تمامی اطلاعات فایل پشتیبان بر روی سیستم نصب کنید.","iscorrect":0},{"id":"3140","description":"هنگام فشرده سازی فایل پشتیبان آن را رمزگذاری کنید.","iscorrect":1},{"id":"3141","description":"پایگاه داده و سایت مورد نظر را یک بار روی کامپیوتر پیاده سازی کنید تا از صحت کارکرد آن اطمینان یابید.","iscorrect":0}]},{"id":"834","description":"استفاده همزمان از چند سرویس پشتیبان گیری آنلاین چه فایده ای دارد؟","answers":[{"id":"3142","description":"تنها با استفاده از میزان فضای رایگان آنها، بدون هزینه فضای زیادی را برای نگهداری نسخه های پشتیبان در اختیار داریم.","iscorrect":1},{"id":"3143","description":"بهتر است این کار انجام نشود زیرا باعث پراکندگی اطلاعات و گم شدن آنها می شود.","iscorrect":0},{"id":"3144","description":"به دلیل عدم اطمینان به امنیت فضای رایگان، استفاده از آن صحیح نیست.","iscorrect":0},{"id":"3145","description":"هیچ سرویس آنلاین رایگانی برای استفاده وجود ندارد.","iscorrect":0}]},{"id":"835","description":"نگهداری قرارداده ها و اسناد متنی بسیار مهم به صورت چاپی چه فایده ای دارد؟","answers":[{"id":"3146","description":"اگر اطلاعات کامپیوتر و نسخه های پشتیبان از بین بروند، کاغذهای تان یک نسخه قابل مراجعه اما پر زحمت هستند که نجات تان می دهند.","iscorrect":1},{"id":"3147","description":"فایده ای ندارد، چون تبدیل دوباره این اطلاعات چاپی به فایل های کامپیوتری تایپ شده اصلا به صرفه نیست.","iscorrect":0},{"id":"3148","description":"کاری مضحک است که حتی صحبت درباره آن هم وقت تلف کردن است.","iscorrect":0},{"id":"3149","description":"اطلاعات چاپی خیلی سریعتر و راحت تر از اطلاعات دیجیتال نابود می شوند، این کار فایده ای ندارد.","iscorrect":0}]}]}]},{"name":"امنیت در پشتیبان گیری","id":"166","contentorder":"15","lesson_number":11,"type":0,"filename":"lesson166.html"},{"name":"امنیت در پشتیبان گیری","id":"300","contentorder":"16","type":1,"set":[{"score":"60","questions":[{"id":"836","description":"کدام یک از موارد زیر، اولویت بیشتری برای پشتیبان گیری دارند؟","answers":[{"id":"3150","description":"متن قراردادها و مکاتبات با افراد طرف حساب","iscorrect":1},{"id":"3151","description":"آرشیو موسیقی کاملی که با زحمت جمع کرده اید.","iscorrect":0},{"id":"3152","description":"مجموعه فیلم های سینمایی برنده اسکار","iscorrect":0},{"id":"3153","description":"مجموعه عکس های هنرمندان مختلف که از اینترنت جمع آوری کرده ام!","iscorrect":0}]},{"id":"837","description":"دسترسی افراد به نسخه های پشتیبان چگونه باید باشد؟","answers":[{"id":"3154","description":"تنها افرادی که لازم است دسترسی داشته باشند و به دیگران اجازه استفاده داده نشود.","iscorrect":1},{"id":"3155","description":"همه افراد شرکت و دوستان و خانواده به آنها دسترسی داشته باشند تا در مواقع ضروری از آنها استفاده کنند.","iscorrect":0},{"id":"3156","description":"به دلیل هزینه های بالای حفاظت فیزیکی، شیوه نگهداری اطلاعات پشتیبان اهمیت چندانی ندارد.","iscorrect":0}]},{"id":"838","description":"کدام مکان برای نگه داری هارد دیسک های اکسترنال حاوی نسخه های پشتیبان مناسب تر است؟","answers":[{"id":"3157","description":"کشوی میز کامپیوتر سرور","iscorrect":0},{"id":"3158","description":"گاو صندوق اتاق خنک مدیرعامل با تهویه مطبوع","iscorrect":1},{"id":"3159","description":"کمد بایگانی زیرزمین گرم و مرطوب انبار اداره","iscorrect":0},{"id":"3160","description":"هارد مربوط به هر کامپیوتر در کنار همان کامپیوتر روی میز","iscorrect":0}]}]},{"score":"60","questions":[{"id":"839","description":"کدامیک برای رمزگذاری و امنیت نسخه های پشتیبان کاربردی ندارد؟","answers":[{"id":"3161","description":"‏7Zip","iscorrect":0},{"id":"3162","description":"‏WinRAR","iscorrect":0},{"id":"3163","description":"‏True Crypt","iscorrect":0},{"id":"3164","description":"‏Internet Explorer","iscorrect":1}]},{"id":"840","description":"کدام شیوه برای نابودی اطلاعات پشتیبان قدیمی نامناسب است؟","answers":[{"id":"3165","description":"شکستن سی دی و دی وی دی ها و پخش کردن قطعات در مکان های مختلف","iscorrect":0},{"id":"3166","description":"فرمت کردن ۱۴ یا ۳۵ مرحله ای هارد دیسک","iscorrect":0},{"id":"3167","description":"انتقال آنها به سطل بازیافت سیستم عامل و خالی کردن آن (Recycle Bin)","iscorrect":1}]},{"id":"841","description":"وش پاک کردن فایل در کامپیوتر چگونه است","answers":[{"id":"3168","description":"بله، زیرا در غیاب مسئول پشتیبان گیری، فرد دیگری می تواند بدون مشکل جایگزین وی شود.","iscorrect":1},{"id":"3169","description":"خیر، زیرا در این صورت هر فردی با دستیابی به آن شیوه پشتیبان گیری شرکت را یاد خواهد گرفت.","iscorrect":0},{"id":"3170","description":"بله، زیرا هر چه کتابچه های راهنما و اسناد و نوشته های اداره بیشتر باشند، بر ابهت آن افزوده می شود.","iscorrect":0},{"id":"3171","description":"خیر، زیرا روال پشتیبان گیری آنقدر آسان است که نیازی به دفتر و کتابچه و فایل راهنما ندارد.","iscorrect":0}]}]}]},{"name":"چگونگی بازیابی فایل های پاک شده","id":"167","contentorder":"17","lesson_number":12,"type":0,"filename":"lesson167.html"},{"name":"چگونگی بازیابی فایل های پاک شده","id":"302","contentorder":"18","type":1,"set":[{"score":"60","questions":[{"id":"842","description":"روش پاک کردن فایل در کامپیوتر چگونه است؟","answers":[{"id":"3172","description":"به محض اینکه آن را پاک می کنید، به طور کامل از روی هارد دیسک حذف می شود.","iscorrect":0},{"id":"3173","description":"فایل پاک شده بر روی هارد موجود است و فقط محل قرارگیری آن علامت گذاری شده و آماده رونویسی با فایل های تازه تر می شود.","iscorrect":1},{"id":"3174","description":"فایل های پاک شده به بخش سکتور صفر هارد فرستاده می شوند.","iscorrect":0},{"id":"3175","description":"فایل های پاک شده در بخش جداگانه ای از هارد برای همیشه باقی می مانند.","iscorrect":0}]},{"id":"843","description":"مراحل صحیح بازیابی فایل کدام است؟","answers":[{"id":"3176","description":"توقف کار با سیستم عامل - نصب برنامه مناسب (ترجیحا روی یک هارد دیگر یا فلش مموری) - اسکن هارد و ذخیره فایل پیدا شده","iscorrect":1},{"id":"3177","description":"خاموش کردن کامپیوتر - فرمت کردن هارد - جستجوی فایل ها در درایو های کامپیوتر","iscorrect":0},{"id":"3178","description":"کپی کردن کل اطلاعات روی هارد جدید - پارتیشن بندی هارد - اسکن و جستجوی هارد","iscorrect":0},{"id":"3179","description":"تعویض سیستم عامل نصب شده روی هارد - ریستور کردن اطلاعات روی سیستم عامل","iscorrect":0}]},{"id":"844","description":"برای بازیابی اطلاعات از هارد دیسکی که بوت نمی شود، چه باید کرد؟","answers":[{"id":"3180","description":"اتصال آن به یک کامپیوتر سالم و بازیابی فایل های آن و یا استفاده از سی دی لایو لینوکس برای بوت سیستم","iscorrect":1},{"id":"3181","description":"استفاده از کابل USB به جای کابل SATA برای اتصال هارد مشکل دار به سیستم","iscorrect":0},{"id":"3182","description":"پارتیشن بندی کل هارد برای حل مشکل بوت و بازیابی اطلاعات","iscorrect":0},{"id":"3183","description":"استفاده از سطل زباله برای خلاص شدن از شر یک هارد مرده!","iscorrect":0}]}]},{"score":"60","questions":[{"id":"845","description":"برای بازیابی اطلاعات از سی دی های خش افتاده چه باید کرد؟","answers":[{"id":"3184","description":"استفاده از دستگاه پخش کننده BlueRay","iscorrect":0},{"id":"3185","description":"استفاده از سنباده برای بر طرف کردن خش ها و صاف کردن سطح سی دی","iscorrect":0},{"id":"3186","description":"استفاده از مواد خش گیر و نرم افزارهای مناسب برای خواندن اطلاعات سالم","iscorrect":1},{"id":"3187","description":"زحمت بیهوده به خودتان ندهید، بهترین راه روانه کردن سی دی به سطل زباله است.","iscorrect":0}]},{"id":"846","description":"چرا لازم است که به محض پاک کردن اشتباهی فایل، استفاده از سیستم عامل را قبل از اتمام فرایند بازیابی به حداقل برسانیم؟","answers":[{"id":"3188","description":"برای اینکه از اتلاف وقت جلوگیری شده و کارها در حداقل زمان ممکن انجام شوند.","iscorrect":0},{"id":"3189","description":"برای جلوگیری از تولید فایل های سیستمی و یا فایل های شخصی خودمان و کپی شدن آنها روی محل نگهداری فایل پاک شده","iscorrect":1},{"id":"3190","description":"زیرا به دلیل عصبانیت و کلافگی ممکن است فایل های بیشتری را نابود کنیم.","iscorrect":0},{"id":"3191","description":"انجام این کار هیچ ضرورتی ندارد. به کارتان ادامه دهید و سر فرصت به دنبال بازیابی اطلاعات بروید.","iscorrect":0}]},{"id":"847","description":"قبل از آغاز عملیات بازیابی فایل چه قسمت هایی را باید کنترل کنیم؟","answers":[{"id":"3192","description":"پوشه فایل های سیستمی ویندوز و محتوای فایل های dll","iscorrect":0},{"id":"3193","description":"سطل زباله یا Recycle Bin سیستم و همچنین پوشه های احتمالی محل نگهداری فایل","iscorrect":1},{"id":"3194","description":"هارد کامپیوتر پسر همسایه","iscorrect":0},{"id":"3195","description":"رجیستری ویندوز و فایل های کش مرورگر","iscorrect":0}]}]}]}]}