{"courseId":"77","contents":[{"name":"درس اول- فلسفه چیست؟","id":"531","contentorder":"1","lesson_number":1,"type":0,"filename":"lesson531.html"},{"name":"درس دوم- فلسفه های گوناگون","id":"532","contentorder":"3","lesson_number":2,"type":0,"filename":"lesson532.html"},{"name":"فلسفه های گوناگون","id":"881","contentorder":"4","type":1,"set":[{"score":"60","questions":[{"id":"3418","description":"فلسفه خوب کدام گزینه است؟","answers":[{"id":"12905","description":"شامل همه کتاب هایی است که فلاسفه نوشته اند.","iscorrect":0},{"id":"12906","description":"شامل تصویری از جهان و مجموعه ای از ارزش ها است که تخیل ما را گسترش می دهد.","iscorrect":1},{"id":"12907","description":"مجموعه ای از اسامی فلاسفه بزرگ است.","iscorrect":0},{"id":"12908","description":"مجموعه ای از نظریه های معروف است.","iscorrect":0}]},{"id":"3419","description":"فلسفه را چگونه می توان آموخت؟","answers":[{"id":"12909","description":"با جمع آوری دانش در مورد همه چیز.","iscorrect":0},{"id":"12910","description":"با به خاطر سپردن اسم فلاسفه.","iscorrect":0},{"id":"12911","description":"با درگیر شدن در ساختارهای مقدماتی اندیشه و تفکر.","iscorrect":1},{"id":"12912","description":"با یاد گرفتن اسم مکاتب فلسفی.","iscorrect":0}]},{"id":"3420","description":"سقراط به چه چیز افتخار می کرد؟","answers":[{"id":"12913","description":"به این که می داند که چه قدر کم می داند.","iscorrect":1},{"id":"12914","description":"به این که چه قدر دانش دارد.","iscorrect":0},{"id":"12915","description":"به این که فیلسوف است.","iscorrect":0},{"id":"12916","description":"به این که یونانی است.","iscorrect":0}]},{"id":"3421","description":"چرا بسیاری در طول تاریخ تفکر فلسفی را خطرناک دانسته اند؟","answers":[{"id":"12917","description":"برای این که باعث مرگ سقراط شد.","iscorrect":0},{"id":"12918","description":"به خاطر وقت گیر بودن آن.","iscorrect":0},{"id":"12919","description":"به دلیل پرهزینه بودن آن.","iscorrect":0},{"id":"12920","description":"برای این که مردم علاقه دارند به روش همیشگی خودشان فکر کنند و خود را نگران ساختار باورهای خود نکنند.","iscorrect":1}]},{"id":"3422","description":"به چه معنا فلسفه مثل تماشای فوتبال نیست؟","answers":[{"id":"12921","description":"چون به جای تماشاچی بودن باید فلسفه ورزید و وارد بحث و مناظره شد.","iscorrect":1},{"id":"12922","description":"برای این که فلسفه چیزی بیش از یک موشکافی پیچیده نیست.","iscorrect":0},{"id":"12923","description":"چون فلسفه مثل بازی است.","iscorrect":0},{"id":"12924","description":"به این خاطر که فلسفه را صرفا باید خواند و پیش رفت.","iscorrect":0}]}]},{"score":"60","questions":[{"id":"3529","description":"معرفت شناسی از نظر تعریف واژه و اصطلاح به چه معنا است؟","answers":[{"id":"13347","description":"معرفت به همه علوم","iscorrect":0},{"id":"13348","description":"معرفت به دانش","iscorrect":0},{"id":"13349","description":"نظریه شناخت یا شناخت شناسی","iscorrect":1},{"id":"13350","description":"معرفت به علوم غیر تجربی","iscorrect":0}]},{"id":"3530","description":"متافیزیک از نظر تعریف واژه و اصطلاح به چه معنا است؟","answers":[{"id":"13351","description":"هستی شناسی و مابعدالطبیعه","iscorrect":1},{"id":"13352","description":"شناخت فیزیک","iscorrect":0},{"id":"13353","description":"معرفت به علوم طبیعی","iscorrect":0},{"id":"13354","description":"شناخت همه چیز","iscorrect":0}]},{"id":"3531","description":"مهم ترین سوال فلسفه ذهن و سنگ بنای این شاخه از فلسفه چیست؟","answers":[{"id":"13355","description":"ذهن چیست؟","iscorrect":0},{"id":"13356","description":"آیا فلسفه موضوعی ذهنی است؟","iscorrect":0},{"id":"13357","description":"مسئله ذهن و بدن، یعنی اینکه ذهن چگونه با بدن در ارتباط است و این رابطه چه ساز و کاری دارد؟","iscorrect":1},{"id":"13358","description":"آیا ذهن ما ذاتا کارکردی فلسفی دارد؟","iscorrect":0}]},{"id":"3532","description":"کدام مورد در تعریف منطق درست است؟","answers":[{"id":"13359","description":"شاخه ای از فلسفه است که به مطالعه استدلال درست و نادرست می پردازد.","iscorrect":1},{"id":"13360","description":"منطق در مقابل احساس قرار دارد.","iscorrect":0},{"id":"13361","description":"منطق رابطه ای با فلسفه ندارد.","iscorrect":0},{"id":"13362","description":"منطق رابطه ای با علم ندارد.","iscorrect":0}]},{"id":"3533","description":"فلسفه اخلاق چه موضوعی را مطالعه می کند؟","answers":[{"id":"13363","description":"هست ها و نیست ها","iscorrect":0},{"id":"13364","description":"دستورهای دینی","iscorrect":0},{"id":"13365","description":"باورهای عرفی","iscorrect":0},{"id":"13366","description":"بایدها و نبایدها","iscorrect":1}]}]}]},{"name":"درس سوم- در جست و جوی حقیقت","id":"533","contentorder":"6","lesson_number":3,"type":0,"filename":"lesson533.html"},{"name":"درس چهارم- نمایش واقعیت","id":"534","contentorder":"7","lesson_number":4,"type":0,"filename":"lesson534.html"},{"name":"نمایش واقعیت","id":"883","contentorder":"8","type":1,"set":[{"score":"60","questions":[{"id":"3428","description":"ایده اصلی آزمایش فکری مغز در خمره متعلق به کدام فیلسوف کلاسیک است؟","answers":[{"id":"12945","description":"سقراط","iscorrect":0},{"id":"12946","description":"ارسطو","iscorrect":0},{"id":"12947","description":"افلاطون","iscorrect":0},{"id":"12948","description":"رنه دکارت","iscorrect":1}]},{"id":"3429","description":"هدف دکارت از استدلال شیطان دکارتی چه بود؟","answers":[{"id":"12949","description":"این که بتواند معرفت و شناخت انسان را بر مبنای بنیان های غیرقابل تردید بنا کند.","iscorrect":1},{"id":"12950","description":"برای این که بتواند به همه چیز شک کند.","iscorrect":0},{"id":"12951","description":"سرگرمی فکری.","iscorrect":0},{"id":"12952","description":"آزمونی برای سنجش قدرت استدلال فلسفی.","iscorrect":0}]},{"id":"3430","description":"معروف ترین جمله دکارت کدام است؟","answers":[{"id":"12953","description":"انسان متفکر می تواند به همه چیز شک کند.","iscorrect":0},{"id":"12954","description":"شکاکیت سازنده است.","iscorrect":0},{"id":"12955","description":"من فکر می کنم پس هستم.","iscorrect":1},{"id":"12956","description":"شیطان خبیث نمی تواند من را در مورد همه چیز فریب دهد.","iscorrect":0}]},{"id":"3431","description":"ادعای شکاکان فلسفی در حوزه معرفت‌شناسی چیست؟","answers":[{"id":"12957","description":"این که هیچ چیز نمی دانیم.","iscorrect":0},{"id":"12958","description":"آن است که بتواند ادعای ما را در این مورد که همه چیز را می دانیم به چالش بکشد.","iscorrect":1},{"id":"12959","description":"هیچ چیز در جهان وجود ندارد.","iscorrect":0},{"id":"12960","description":"همه چیز توهم است.","iscorrect":0}]},{"id":"3432","description":"معرفت شناسی با شکاکیت چه نسبتی دارد؟","answers":[{"id":"12961","description":"شکاکیت بخشی از معرفت شناسی و نظریه شناخت است.","iscorrect":0},{"id":"12962","description":"شکاکیت عام زیرشاخه‌ای از شکاکیت فلسفی است که قسمت عمده‌ ای از نظریه شناخت است.","iscorrect":0},{"id":"12963","description":"شکاکیت همان معرفت‌ شناسی است.","iscorrect":0},{"id":"12964","description":"معرفت شناسی را می توان به عنوان پاسخی به چالش های شکاکیت دید و تاریخ معرفت شناسی مجموعه ای از تلاش ها برای شکست شکاکیت است.","iscorrect":1}]}]},{"score":"60","questions":[{"id":"3534","description":"معروف ترین تمثیل افلاطون، فیلسوف یونانی، چیست؟","answers":[{"id":"13367","description":"تمثیل غار","iscorrect":1},{"id":"13368","description":"آزمایش فکری مغز در خمره","iscorrect":0},{"id":"13369","description":"استدلال شیطان خبیث","iscorrect":0},{"id":"13370","description":"نظریه تداعی گرایی","iscorrect":0}]},{"id":"3535","description":"در تمثیل غار افلاطون، غار و سایه های درون آن نمود چه چیزی است؟","answers":[{"id":"13371","description":"جهان غیرفیزیکی و غیرمادی","iscorrect":0},{"id":"13372","description":"جهان داستانی افسانه ها و اسطوره ها","iscorrect":0},{"id":"13373","description":"جهان روزمره ای که ما از طریق حواس خود تجربه می کنیم. جایی که همه چیز ناقص است و مدام تغییر می کند.","iscorrect":1},{"id":"13374","description":"دنیای حقیقی که مملو از اشیاء کامل و بدون نقص است.","iscorrect":0}]},{"id":"3536","description":"در تمثیل غار افلاطون، جهان بیرون غار نماد چه چیزی است؟","answers":[{"id":"13375","description":"دنیای حقیقی که مملو از اشیاء کامل، جاودان و بدون نقص است.","iscorrect":1},{"id":"13376","description":"جهان داستانی افسانه ها و اسطوره ها","iscorrect":0},{"id":"13377","description":"جهان روزمره ما که همه چیز در آن تاقص است و مدام تغییر می کند.","iscorrect":0},{"id":"13378","description":"جهان مادی و فیزیکی","iscorrect":0}]},{"id":"3537","description":"در فلسفه معاصر و مدرن تقابل بین جهان بیرون غار و آن چه زندانی ادراک می کند، چگونه نمود یافته است؟","answers":[{"id":"13379","description":"اگزیستانسیالیسم","iscorrect":0},{"id":"13380","description":"تقابل بین واقع گرایی و ناواقع گرایی","iscorrect":1},{"id":"13381","description":"مطلق گرایی","iscorrect":0},{"id":"13382","description":"جهان مجازی","iscorrect":0}]},{"id":"3538","description":"افلاطون با مثال زندانی ای که دیگر نمی تواند به درون غار برگردد در حال شبیه سازی وضعیت همیشگی فلاسفه است که توسط مردم عادی طرد یا مسخره می‌شدند. این موضوع ادای دین به چه کسی است؟","answers":[{"id":"13383","description":"ارسطو","iscorrect":0},{"id":"13384","description":"دموکریتوس","iscorrect":0},{"id":"13385","description":"سقراط، معلم افلاطون٬ که به دلیل روشنگری های فلسفی خود در آتن به مجازات مرگ محکوم شد.","iscorrect":1},{"id":"13386","description":"اپیکور","iscorrect":0}]}]}]},{"name":"درس پنجم- هستی واقعی","id":"535","contentorder":"10","lesson_number":5,"type":0,"filename":"lesson535.html"},{"name":"درس ششم- در جست و جوی یقین","id":"536","contentorder":"11","lesson_number":6,"type":0,"filename":"lesson536.html"},{"name":"در جست و جوی یقین","id":"885","contentorder":"12","type":1,"set":[{"score":"60","questions":[{"id":"3438","description":"از نام متافیزیک چه چیزی در مورد تعریف این شاخه از فلسفه می توان دریافت؟","answers":[{"id":"12985","description":"متافیزیک در سطحی بالاتر از فیزیک قرار دارد و تلاش می کند آن چه را که ورای قوانین طبیعی و فیزیکی است تحلیل و تفسیر کند.","iscorrect":1},{"id":"12986","description":"مانند فیزیک به دنبال کشف قوانین طبیعت است.","iscorrect":0},{"id":"12987","description":"بخشی از علم فیزیک است.","iscorrect":0},{"id":"12988","description":"از نام آن چیزی نمی توان فهمید.","iscorrect":0}]},{"id":"3439","description":"کدام جمله درست است؟","answers":[{"id":"12989","description":"اگر فیزیک سوالات بنیادی طبیعت را پاسخ دهد، مسائل فلسفه پایان می یابد.","iscorrect":0},{"id":"12990","description":"علم تنها حوزه معرفت بشری است که جهان را توضیح می دهد.","iscorrect":0},{"id":"12991","description":"فلسفه مرده است و متافیزیک هیچ فایده ای ندارد.","iscorrect":0},{"id":"12992","description":"سوال فلسفی را برخلاف سوال علمی نمی‌ توان از طریق آزمایش تجربی پاسخ داد.","iscorrect":1}]},{"id":"3440","description":"یکی از مهم ترین موضوعات متافیزیک در تاریخ فلسفه کدام است؟","answers":[{"id":"12993","description":"علیت","iscorrect":1},{"id":"12994","description":"جهان","iscorrect":0},{"id":"12995","description":"زمان","iscorrect":0},{"id":"12996","description":"مکان","iscorrect":0}]},{"id":"3441","description":"آن حقیقت ساده درباره جهان که اغلب بدیهی می دانیم چیست؟","answers":[{"id":"12997","description":"علت و معلول می‌ توانند در خلاف جهت زمان اتفاق بیفتند.","iscorrect":0},{"id":"12998","description":"رویدادهایی هستند که علت ندارند.","iscorrect":0},{"id":"12999","description":"چیزها اتفاق می افتند برای این که علت دارند.","iscorrect":1},{"id":"13000","description":"علیت موضوع اصلی فلسفه است.","iscorrect":0}]},{"id":"3442","description":"ایده اصلی دیوید هیوم در مورد علیت چه بود؟","answers":[{"id":"13001","description":"در مورد علت ها ممکن است تصور کنیم که روابط ضروری بین پدیده ها را می شناسیم، اما آن چه می‌بینیم صرفا هم زمانی هایی است که بین رویدادها وجود دارد.","iscorrect":1},{"id":"13002","description":"علیت موضوعی بدیهی در جهان است.","iscorrect":0},{"id":"13003","description":"به همه چیز باید شک کرد.","iscorrect":0},{"id":"13004","description":"همیشه رابطه‌ ای ضروری بین علت و معلول وجود دارد.","iscorrect":0}]}]},{"score":"60","questions":[{"id":"3539","description":"اراده آزاد به چه معنا است؟","answers":[{"id":"13387","description":"هیچ معنایی در فلسفه ندارد.","iscorrect":0},{"id":"13388","description":"به معنای اختیار است.","iscorrect":0},{"id":"13389","description":"به این معنا است که بحث قدیمی جبر یا اختیار پایان یافته است.","iscorrect":0},{"id":"13390","description":"آزاد بودن اراده به معنی رها بودن از زنجیره علت‌ ها در طبیعت نیست، بلکه به معنای آزادی از فشار و خودکامگی دیگران و قدرت است.","iscorrect":1}]},{"id":"3540","description":"استدلال و منطق را چگونه می توان تعریف کرد؟","answers":[{"id":"13391","description":"استدلال ها تنها به کار نظریه های علمی می آیند.","iscorrect":0},{"id":"13392","description":"استدلال‌ ها سنگ بنای نظریه‌ های فلسفی هستند و منطق ماده‌ ای است که این سنگ ‌ها را به هم متصل می‌ کند.","iscorrect":1},{"id":"13393","description":"استدلال منطقی بسیار سودمند است.","iscorrect":0},{"id":"13394","description":"منطق تنها برای علم ریاضی کاربرد دارد.","iscorrect":0}]},{"id":"3541","description":"مقدمه‌ و نتیجه یک استدلال چگونه تعریف می شوند؟","answers":[{"id":"13395","description":"مقدمه را می دانیم و می خواهیم به نتیجه برسیم.","iscorrect":0},{"id":"13396","description":"نتیجه حاصل مقدمه است.","iscorrect":0},{"id":"13397","description":"استدلال حرکتی عقلانی است از مبانی پذیرفته شده (مقدمه) به نقطه ای که می ‌خواهیم ثابت کنیم یا درستی‌ اش را نشان دهیم (نتیجه).","iscorrect":1},{"id":"13398","description":"مقدمه درست است و نتیجه نادرست.","iscorrect":0}]},{"id":"3542","description":"ویژگی منطقی استدلال های قیاسی چیست؟","answers":[{"id":"13399","description":"این است که نمی‌ توانیم مقدمه های این نوع استدلال را قبول کنیم‌، اما نتیجه را انکار کنیم بدون آن که باور خود را نقض کرده باشیم یا به عبارت دیگر با خود در تناقض باشیم.","iscorrect":1},{"id":"13400","description":"قیاس بین مقدمه و نتیجه منجر به استنتاج معتبر می ‌شود.","iscorrect":0},{"id":"13401","description":"استدلالی که محتوای زیادی برای ارائه دارد.","iscorrect":0},{"id":"13402","description":"ممکن است استدلال‌ های نادرستی باشند.","iscorrect":0}]},{"id":"3543","description":"کدام مورد در مورد استدلال استقرایی نادرست است؟","answers":[{"id":"13403","description":"استدلال استقرایی همیشه فراتر از مقدمه ‌هایش می ‌رود و هیچ وقت نتیجه مشخص از پیش تعیین شده ‌ای ندارد.","iscorrect":0},{"id":"13404","description":"در استدلال استقرایی مقدمه ‌ها صرفا نتیجه را حمایت می‌ کنند یا آن را تا درجه ‌ای محتمل می ‌سازند.","iscorrect":0},{"id":"13405","description":"در این استدلال امکان دارد که مقدمه ها درست باشند، اما نتیجه درست نباشد.","iscorrect":0},{"id":"13406","description":"استدلال استقرایی همیشه معتبر و درست است.","iscorrect":1}]}]}]},{"name":"درس هفتم- به دنبال خوبی","id":"537","contentorder":"14","lesson_number":7,"type":0,"filename":"lesson537.html"},{"name":"درس هشتم- در مواجهه با قدرت","id":"538","contentorder":"15","lesson_number":8,"type":0,"filename":"lesson538.html"},{"name":"در مواجهه با قدرت","id":"887","contentorder":"16","type":1,"set":[{"score":"60","questions":[{"id":"3448","description":"کدام گزینه نشان می ‌دهد که دستورالعمل‌ های دینی لزوما منبع اخلاقیات نیست؟","answers":[{"id":"13025","description":"اگر با دقت به گفته‌ های فلاسفه توجه کنیم، می‌ بینیم که شادی هدف آن ها نبوده است و چیزی فراتر را در ذهن داشتند.","iscorrect":0},{"id":"13026","description":"ممکن است فردی خیرخواه، بخشنده و خیّر باشد، اما لزوما دیندار نباشد.","iscorrect":1},{"id":"13027","description":"اخلاق به عنوان مهم ترین شاخه فلسفه شناخته می‌ شود.","iscorrect":0},{"id":"13028","description":"اخلاق دستگاهی فکری است برای اندیشیدن به خوبی و زندگی خوب.","iscorrect":0}]},{"id":"3449","description":"این که در فلسفه اخلاق «است» به «باید» منجر نمی‌ شود به چه معنا است؟","answers":[{"id":"13029","description":"به آن معنا است که هر امر غیراخلاقی، غیرعقلانی است.","iscorrect":0},{"id":"13030","description":"به آن معنا است که اخلاق عقلانی است.","iscorrect":0},{"id":"13031","description":"به آن معنا است که عقل به اخلاق منجر می‌شود.","iscorrect":0},{"id":"13032","description":"به آن معنا است که از استدلال‌ های عقلانی نمی‌ توان به دستورهای اخلاقی رسید.","iscorrect":1}]},{"id":"3450","description":"اخلاق به عنوان مهم ترین شاخه فلسفه چگونه تعریف می‌ شود؟","answers":[{"id":"13033","description":"اخلاق منبع دستورالعمل‌ های دینی و مذهبی است.","iscorrect":0},{"id":"13034","description":"اخلاق دستگاهی فکری برای اندیشیدن به خوبی و زندگی خوب است.","iscorrect":1},{"id":"13035","description":"اخلاق صرفا مجموعه‌ ای از بایدها و نبایدهای عرفی است.","iscorrect":0},{"id":"13036","description":"اخلاق همان قید و بندهای سنتی جامعه است.","iscorrect":0}]},{"id":"3451","description":"اگر به درستی خود عمل بیش از نتیجه آن اهمیت دهیم در کدام سنت فلسفه اخلاق قرار می‌ گیریم؟","answers":[{"id":"13037","description":"وظیفه گرایی","iscorrect":1},{"id":"13038","description":"نتیجه گرایی","iscorrect":0},{"id":"13039","description":"فایده ‌گرایی","iscorrect":0},{"id":"13040","description":"اخلاق گرایی","iscorrect":0}]},{"id":"3452","description":"ایده اصلی فلسفه اخلاق فایده ‌گرایانه چیست؟","answers":[{"id":"13041","description":"این که اخلاق فایده دارد.","iscorrect":0},{"id":"13042","description":"این که تعداد افراد بیشتری از اعمال ما خیر بیشتری ببرند.","iscorrect":1},{"id":"13043","description":"این که به درستی خود عمل اهمیت دهیم.","iscorrect":0},{"id":"13044","description":"این که عمل خوب انجام دهیم.","iscorrect":0}]}]},{"score":"60","questions":[{"id":"3544","description":"ایده اصلی افلاطون در فلسفه سیاسی چه بود؟","answers":[{"id":"13407","description":"ساختن یک دولت ایده‌ آل و آرمانی که بی‌ عیب و بدون نقص باشد.","iscorrect":1},{"id":"13408","description":"نقد حکومت‌ های واقعی و موجود","iscorrect":0},{"id":"13409","description":"توجه به زمینه تاریخی و بافت اجتماعی جامعه خود","iscorrect":0},{"id":"13410","description":"حکومت مردم بر مردم","iscorrect":0}]},{"id":"3545","description":"محافظه‌ کاری به چه معنا است؟","answers":[{"id":"13411","description":"گسستن بافت فعلی جامعه تا اندازه ‌ای که در طول این فرایند کاملا نابود شود.","iscorrect":0},{"id":"13412","description":"شروع از نقطه ‌‌ای که در آن هستیم به معنای رد این نکته نیست که می‌ توانیم بسیار از آن دور شویم.","iscorrect":0},{"id":"13413","description":"اینکه جامعه را همان گونه که هست نگه داشت و ساختارها و سنت ‌های موجود را حفظ کرد.","iscorrect":1},{"id":"13414","description":"نظم دادن به جامعه در مسیر خرد.","iscorrect":0}]},{"id":"3546","description":"مفهوم قرارداد اجتماعی به چه معنا است؟","answers":[{"id":"13415","description":"همه ما به طور ضمنی وارد معامله ‌ای می ‌شویم (یا شده ‌ایم) که مطابق آن از برخی آزادی‌ های مشخص فردی در ازای منافع و حمایت ‌هایی که توسط دولت ارائه می ‌شود صرف نظر می‌ کنیم.","iscorrect":1},{"id":"13416","description":"قراردادی برای مالکیت در اجتماع","iscorrect":0},{"id":"13417","description":"رابطه دولت‌ ها با یکدیگر","iscorrect":0},{"id":"13418","description":"وضعیت طبیعی افراد جامعه","iscorrect":0}]},{"id":"3547","description":"کدام فلاسفه درباره ایده قرارداد اجتماعی نظریه پردازی کرده اند؟","answers":[{"id":"13419","description":"ارسطو و افلاطون","iscorrect":0},{"id":"13420","description":"کانت و هیوم","iscorrect":0},{"id":"13421","description":"دکارت","iscorrect":0},{"id":"13422","description":"هابز و روسو","iscorrect":1}]},{"id":"3548","description":"این سوال را که اصلا چه چیزی وجود دولت را توجیه می‌ کند٬ کدام مکتب فکری در فلسفه سیاسی مطرح کرده است؟","answers":[{"id":"13423","description":"آنارشیسم","iscorrect":1},{"id":"13424","description":"فاشیسم","iscorrect":0},{"id":"13425","description":"دموکراسی","iscorrect":0},{"id":"13426","description":"الیگارشی","iscorrect":0}]}]}]},{"name":"درس نهم- معنای زندگی","id":"539","contentorder":"18","lesson_number":9,"type":0,"filename":"lesson539.html"},{"name":"درس دهم- به دنبال فلاسفه","id":"540","contentorder":"19","lesson_number":10,"type":0,"filename":"lesson540.html"},{"name":"به دنبال فلاسفه","id":"889","contentorder":"20","type":1,"set":[{"score":"60","questions":[{"id":"3458","description":"انتزاعی‌ ترین مسائل فلسفه با چه سوالی شروع شد؟","answers":[{"id":"13065","description":"سوال اولین انسانی که با بودن خود به سادگی کنار نیامد و پرسید چرا باید وجود داشته باشد؟","iscorrect":1},{"id":"13066","description":"اعداد چه معنایی دارند؟","iscorrect":0},{"id":"13067","description":"سیاست چیست؟","iscorrect":0},{"id":"13068","description":"اخلاق چیست؟","iscorrect":0}]},{"id":"3459","description":"مهم ترین سوالی که از سفر طولانی در اید ه‌های بزرگ فلسفی ما جا ماند، کدام سوال است؟","answers":[{"id":"13069","description":"واقعیت چیست؟","iscorrect":0},{"id":"13070","description":"معنای زندگی چیست؟","iscorrect":1},{"id":"13071","description":"دنیای خارج از ذهن چه معنایی دارد؟","iscorrect":0},{"id":"13072","description":"آیا ما اراده آزاد داریم؟","iscorrect":0}]},{"id":"3460","description":"اولین واکنش در برابر سوال معنای زندگی چیست چه باید باشد؟","answers":[{"id":"13073","description":"ارزش‌ های زندگی چه هستند؟","iscorrect":0},{"id":"13074","description":"زندگی معنایی ندارد.","iscorrect":0},{"id":"13075","description":"زندگی دارای عمیق‌ترین معانی است.","iscorrect":0},{"id":"13076","description":"زیر سوال بردن خود سوال.","iscorrect":1}]},{"id":"3461","description":"بهترین روش برای پاسخ به سوال معنای زندگی چیست، کدام است؟","answers":[{"id":"13077","description":"این که تاکید کنیم صرفا «یک» معنا برای زندگی وجود ندارد.","iscorrect":1},{"id":"13078","description":"معنا خودش چه معنایی دارد؟","iscorrect":0},{"id":"13079","description":"ارزش چیست؟","iscorrect":0},{"id":"13080","description":"زندگی به چه معنا است؟","iscorrect":0}]},{"id":"3462","description":"اگر برای هر کس معنای زندگی مفهومی یکتا و متفاوت با دیگران است، چه گونه می‌توان از نسبی‌ گرایی اجتناب کرد؟","answers":[{"id":"13081","description":"با پی بردن به معنای زندگی.","iscorrect":0},{"id":"13082","description":"با کمک یقین.","iscorrect":0},{"id":"13083","description":"غیرقابل اجتناب است.","iscorrect":0},{"id":"13084","description":"با در اختیار داشتن ابزارهای مهم و کارآمد فلسفه در زندگی روزمره، نمی ‌توانیم آن قدرها از هم فاصله داشته باشیم.","iscorrect":1}]}]},{"score":"60","questions":[{"id":"3549","description":"نویسنده کتاب اخلاق نیکوماخوس کیست؟","answers":[{"id":"13427","description":"ارسطو","iscorrect":1},{"id":"13428","description":"افلاطون","iscorrect":0},{"id":"13429","description":"سقراط","iscorrect":0},{"id":"13430","description":"کانت","iscorrect":0}]},{"id":"3550","description":"ابزارهای مهم و کارآمد فلسفه در زندگی روزمره چه هستند؟","answers":[{"id":"13431","description":"منطق و اخلاق","iscorrect":1},{"id":"13432","description":"علم","iscorrect":0},{"id":"13433","description":"فلسفه ذهن","iscorrect":0},{"id":"13434","description":"فلسفه زبان","iscorrect":0}]},{"id":"3551","description":"کدام کتاب نوشته رنه دکارت، فیلسوف فرانسوی٬ است؟","answers":[{"id":"13435","description":"جمهور","iscorrect":0},{"id":"13436","description":"نقد قوه حکم","iscorrect":0},{"id":"13437","description":"تاملات در فلسفه اولی","iscorrect":1},{"id":"13438","description":"ترس و لرز","iscorrect":0}]},{"id":"3552","description":"کتاب جمهور اثر کدام فیلسوف است؟","answers":[{"id":"13439","description":"دموکریتوس","iscorrect":0},{"id":"13440","description":"سقراط","iscorrect":0},{"id":"13441","description":"ارسطو","iscorrect":0},{"id":"13442","description":"افلاطون","iscorrect":1}]},{"id":"3553","description":"فلسفه ورزیدن به چه معنا فرآیندی بدون پایان است؟","answers":[{"id":"13443","description":"هر بار که به چیزی یا کل زندگی شک می‌ کنیم، فلسفه است که به کمک می آید تا دوباره یقین را بسازیم و بالا برویم.","iscorrect":1},{"id":"13444","description":"فلسفه‌ بافی تنها یک جور حرافی بی فایده است.","iscorrect":0},{"id":"13445","description":"فلسفه راه حلی برای هیچ سوالی ارائه نمی‌ دهد.","iscorrect":0},{"id":"13446","description":"آن قدر کتاب و نظریه فلسفی وجود دارد که هیچ گاه خواندن آنها پایان نمی‌ گیرد.","iscorrect":0}]}]}]},{"name":"دوره فلسفه برای همه- آزمون نهایی","id":"891","contentorder":"22","type":1,"set":[{"score":"50","questions":[{"id":"3468","description":"کدام مورد در مورد استدلال استقرایی نادرست است؟","answers":[{"id":"13105","description":"استدلال استقرایی همیشه فراتر از مقدمه‌ هایش می‌رود و هیچ وقت نتیجه مشخص از پیش تعیین شده‌ ای ندارد.","iscorrect":0},{"id":"13106","description":"در استدلال استقرایی مقدمه‌ ها صرفا نتیجه را حمایت می‌ کنند یا آن را تا درجه‌ ای محتمل می‌ سازند.","iscorrect":0},{"id":"13107","description":"در این استدلال امکان دارد که مقدمه‌ ها درست باشند، اما نتیجه درست نباشد.","iscorrect":0},{"id":"13108","description":"استدلال استقرایی همیشه معتبر و درست است.","iscorrect":1}]},{"id":"3469","description":"سقراط به چه چیز افتخار می‌ کرد؟","answers":[{"id":"13109","description":"به این که می‌ داند که چi قدر کم می‌ داند.","iscorrect":1},{"id":"13110","description":"به این که چه قدر دانش دارد.","iscorrect":0},{"id":"13111","description":"به این که فیلسوف است.","iscorrect":0},{"id":"13112","description":"به این که یونانی است.","iscorrect":0}]},{"id":"3470","description":"معروف ترین جمله دکارت کدام است؟","answers":[{"id":"13113","description":"انسان متفکر می تواند به همه چیز شک کند.","iscorrect":0},{"id":"13114","description":"شکاکیت سازنده است.","iscorrect":0},{"id":"13115","description":"من فکر می‌ کنم پس هستم.","iscorrect":1},{"id":"13116","description":"شیطان خبیث نمی‌ تواند مرا در مورد همه چیز فریب دهد.","iscorrect":0}]},{"id":"3471","description":"کدام مورد در تعریف منطق درست است؟","answers":[{"id":"13117","description":"شاخه‌ ای از فلسفه است که به مطالعه استدلال درست و نادرست می‌ پردازد.","iscorrect":1},{"id":"13118","description":"منطق در مقابل احساس قرار دارد.","iscorrect":0},{"id":"13119","description":"منطق رابطه ای با فلسفه ندارد.","iscorrect":0},{"id":"13120","description":"منطق رابطه ای با علم ندارد.","iscorrect":0}]},{"id":"3472","description":"ادعای شکاک فلسفی در حوزه معرفت‌ شناسی چیست؟","answers":[{"id":"13121","description":"این که هیچ چیز نمی‌ دانیم.","iscorrect":0},{"id":"13122","description":"این که بتواند ادعای ما را در این مورد که همه چیز را می‌دانیم به چالش بکشد.","iscorrect":1},{"id":"13123","description":"هیچ چیز در جهان وجود ندارد.","iscorrect":0},{"id":"13124","description":"همه چیز توهم است.","iscorrect":0}]},{"id":"3473","description":"آن حقیقت ساده درباره جهان که اغلب بدیهی می‌ دانیم چیست؟","answers":[{"id":"13125","description":"علت و معلول می توانند در خلاف جهت زمان اتفاق بیفتند.","iscorrect":0},{"id":"13126","description":"رویدادهایی هستند که علت ندارند.","iscorrect":0},{"id":"13127","description":"چیزها اتفاق می‌ افتند برای این که علت دارند.","iscorrect":1},{"id":"13128","description":"علیت موضوع اصلی فلسفه است.","iscorrect":0}]},{"id":"3474","description":"این که در فلسفه اخلاق «است» به «باید» منجر نمی‌ شود به چه معنا است؟","answers":[{"id":"13129","description":"به آن معنا است که هر امر غیر اخلاقی، غیرعقلانی است.","iscorrect":0},{"id":"13130","description":"به آن معنا است که اخلاق عقلانی است.","iscorrect":0},{"id":"13131","description":"به آن معنا است که عقل به اخلاق منجر می‌ شود.","iscorrect":0},{"id":"13132","description":"به آن معناست که از استدلال‌ های عقلانی نمی‌ توان به دستورهای اخلاقی رسید.","iscorrect":1}]},{"id":"3475","description":"چرا بسیاری در طول تاریخ تفکر فلسفی را خطرناک دانسته‌ اند؟","answers":[{"id":"13133","description":"برای این که باعث مرگ سقراط شد.","iscorrect":0},{"id":"13134","description":"به خاطر وقت گیر بودن آن.","iscorrect":0},{"id":"13135","description":"به دلیل پرهزینه بودن آن.","iscorrect":0},{"id":"13136","description":"برای این که مردم علاقه دارند به روش همیشگی خودشان فکر کنند و خود را نگران ساختار باورهای خود نکنند.","iscorrect":1}]},{"id":"3476","description":"معرفت‌ شناسی از نظر تعریف واژه و اصطلاح به چه معنا است؟","answers":[{"id":"13137","description":"معرفت به همه علوم","iscorrect":0},{"id":"13138","description":"معرفت به دانش","iscorrect":0},{"id":"13139","description":"نظریه شناخت یا شناخت‌ شناسی","iscorrect":1},{"id":"13140","description":"معرفت به علوم غیرتجربی","iscorrect":0}]},{"id":"3477","description":"متافیزیک از نظر تعریف واژه و اصطلاح به چه معنا است؟","answers":[{"id":"13141","description":"هستی‌شناسی و مابعدالطبیعه","iscorrect":1},{"id":"13142","description":"شناخت فیزیک","iscorrect":0},{"id":"13143","description":"معرفت به علوم طبیعی","iscorrect":0},{"id":"13144","description":"شناخت همه چیز","iscorrect":0}]}]},{"score":"50","questions":[{"id":"3554","description":"افلاطون با مثال زندانی که دیگر نمی‌ تواند به درون غار برگردد در حال شبیه سازی وضعیت همیشگی فلاسفه است که توسط مردم عادی طرد یا مسخره می‌ شدند. این موضوع ادای دین به چه کسی است؟","answers":[{"id":"13447","description":"ارسطو","iscorrect":0},{"id":"13448","description":"دموکریتوس","iscorrect":0},{"id":"13449","description":"سقراط، معلم افلاطون٬ که به دلیل روشنگری‌ های فلسفی خود در آتن به مجازات مرگ محکوم شد.","iscorrect":1},{"id":"13450","description":"اپیکور","iscorrect":0}]},{"id":"3555","description":"فلسفه ورزیدن به چه معنا، فرآیندی بدون پایان است؟","answers":[{"id":"13451","description":"هر بار که به چیزی یا کل زندگی شک می‌ کنیم، فلسفه است که به کمک می‌ آید تا دوباره یقین را بسازیم و بالا برویم.","iscorrect":1},{"id":"13452","description":"فلسفه بافی تنها یک جور حرافی بی فایده است.","iscorrect":0},{"id":"13453","description":"فلسفه راه حلی برای هیچ سوالی به دست نمی‌ دهد.","iscorrect":0},{"id":"13454","description":"آنقدر کتاب و نظریه فلسفی وجود دارد که هیچ گاه خواندن آنها پایان نمی‌ گیرد.","iscorrect":0}]},{"id":"3556","description":"مفهوم قرارداد اجتماعی به چه معنا است؟","answers":[{"id":"13455","description":"همه ما به طور ضمنی وارد معامله‌ ای می‌ شویم (یا شده‌ ایم) که مطابق آن از برخی آزادی ‌های مشخص فردی در ازای منافع و حمایت ‌هایی که توسط دولت ارائه می ‌شود صرف نظر می‌ کنیم.","iscorrect":1},{"id":"13456","description":"قراردادی برای مالکیت در اجتماع","iscorrect":0},{"id":"13457","description":"رابطه دولت‌ ها با یکدیگر","iscorrect":0},{"id":"13458","description":"وضعیت طبیعی افراد جامعه","iscorrect":0}]},{"id":"3557","description":"یکی از مهم ترین موضوعات متافیزیک در تاریخ فلسفه کدام است؟","answers":[{"id":"13459","description":"علیت","iscorrect":1},{"id":"13460","description":"جهان","iscorrect":0},{"id":"13461","description":"زمان","iscorrect":0},{"id":"13462","description":"مکان","iscorrect":0}]},{"id":"3558","description":"ایده اصلی دیوید هیوم در مورد علیت چه بود؟","answers":[{"id":"13463","description":"در مورد علت‌ ها ممکن است تصور کنیم که روابط ضروری بین پدیده‌ ها را می‌ شناسیم، اما آنچه می‌ بینیم صرفا هم زمانی ‌هایی است که بین رویدادها وجود دارد.","iscorrect":1},{"id":"13464","description":"علیت موضوعی بدیهی در جهان است.","iscorrect":0},{"id":"13465","description":"به همه چیز باید شک کرد.","iscorrect":0},{"id":"13466","description":"همیشه رابطه‌ ای ضروری بین علت و معلول وجود دارد.","iscorrect":0}]},{"id":"3559","description":"اراده آزاد به چه معنا است؟","answers":[{"id":"13467","description":"هیچ معنایی در فلسفه ندارد.","iscorrect":0},{"id":"13468","description":"به معنای اختیار است.","iscorrect":0},{"id":"13469","description":"آزاد بودن اراده به معنی رها بودن از زنجیره علت ‌ها در طبیعت نیست، بلکه به معنای آزادی از فشار و خودکامگی دیگران و قدرت است.","iscorrect":1},{"id":"13470","description":"به این معنا است که بحث قدیمی جبر یا اختیار پایان یافته است.","iscorrect":0}]},{"id":"3560","description":"کتاب جمهور اثر کدام فیلسوف است؟","answers":[{"id":"13471","description":"دموکریتوس","iscorrect":0},{"id":"13472","description":"سقراط","iscorrect":0},{"id":"13473","description":"ارسطو","iscorrect":0},{"id":"13474","description":"افلاطون","iscorrect":1}]},{"id":"3561","description":"معروف ترین تمثیل افلاطون، فیلسوف یونانی، چیست؟","answers":[{"id":"13475","description":"تمثیل غار","iscorrect":1},{"id":"13476","description":"آزمایش فکری مغز در خمره","iscorrect":0},{"id":"13477","description":"استدلال شیطان خبیث","iscorrect":0},{"id":"13478","description":"نظریه تداعی‌ گرایی","iscorrect":0}]},{"id":"3562","description":"اگر به درستی خود عمل بیش از نتیجه آن اهمیت دهیم٬ در کدام سنت فلسفه اخلاق قرار می‌ گیریم؟","answers":[{"id":"13479","description":"وظیفه گرایی","iscorrect":1},{"id":"13480","description":"نتیجه گرایی","iscorrect":0},{"id":"13481","description":"فایده ‌گرایی","iscorrect":0},{"id":"13482","description":"اخلاق گرایی","iscorrect":0}]},{"id":"3563","description":"محافظه‌ کاری به چه معنا است؟","answers":[{"id":"13483","description":"گسستن بافت فعلی جامعه تا اندازه‌ ای که در طول این فرآیند کاملا نابود شود.","iscorrect":0},{"id":"13484","description":"شروع از نقطه‌‌ ای که در آن هستیم به معنای رد این نکته نیست که می‌ توانیم بسیار از آن دور شویم.","iscorrect":0},{"id":"13485","description":"اینکه جامعه را همان گونه که هست نگه داشت و ساختارها و سنت‌ های موجود را حفظ کرد.","iscorrect":1},{"id":"13486","description":"نظم دادن به جامعه در مسیر خرد","iscorrect":0}]}]}]}]}