{"courseId":"40","contents":[{"name":"درس اول- آشنایی با نرم افزار پاورپوینت","id":"281","contentorder":"1","lesson_number":1,"type":0,"filename":"lesson281.html"},{"name":"آشنایی با نرم افزار پاورپوینت","id":"480","contentorder":"2","type":1,"set":[{"score":"60","questions":[{"id":"1447","description":"مهمترین کاربرد نرم افزار پاورپوینت چیست؟","answers":[{"id":"5566","description":"انجام محاسبات ریاضی و کشیدن نمودار به وسیله ابزارهای گرافیکی","iscorrect":0},{"id":"5567","description":"ارائه بهتر سمینارها و سخنرانی ها","iscorrect":1},{"id":"5568","description":"ایجاد و مدیریت پایگاه های اطلاعاتی","iscorrect":0},{"id":"5569","description":"ارسال و دریافت نامه الکترونیکی و مدیریت نامه ها","iscorrect":0}]},{"id":"1448","description":"از کدام زبانه می توان مواردی از قبیل جدول، عکس، نمودار و... را در یک سند پاورپوینت درج کرد؟","answers":[{"id":"5570","description":"Review","iscorrect":0},{"id":"5571","description":"Mailing","iscorrect":0},{"id":"5572","description":"Insert","iscorrect":1},{"id":"5573","description":"Home","iscorrect":0}]},{"id":"1449","description":"کدام گزینه برای «تغییر نام» یک سند به کار می رود؟","answers":[{"id":"5574","description":"Rename","iscorrect":1},{"id":"5575","description":"Cut","iscorrect":0},{"id":"5576","description":"Paste","iscorrect":0},{"id":"5577","description":"Copy","iscorrect":0}]}]},{"score":"60","questions":[{"id":"1450","description":"با استفاده از کدام گزینه می توان ابزارهای دلخواهی به بخش بالا و سمت چپ نرم افزار پاورپوینت اضافه کرد به طوری که دسترسی به آن ساده تر و سریع تر باشد؟","answers":[{"id":"5578","description":"Microsoft Office Button","iscorrect":0},{"id":"5579","description":"Insert","iscorrect":0},{"id":"5580","description":"Page Layout","iscorrect":0},{"id":"5581","description":"Access Toolbar","iscorrect":1}]},{"id":"1451","description":"از گزینه های کدام زبانه می توان برای تایپ متن و ویرایش نوشته در اسلایدها استفاده کرد؟","answers":[{"id":"5582","description":"Home","iscorrect":1},{"id":"5583","description":"View","iscorrect":0},{"id":"5584","description":"Review","iscorrect":0},{"id":"5585","description":"References","iscorrect":0}]},{"id":"1452","description":"برای حذف یک سند از کدام گزینه باید استفاده کرد؟","answers":[{"id":"5586","description":"Copy","iscorrect":0},{"id":"5587","description":"Cut","iscorrect":0},{"id":"5588","description":"Paste","iscorrect":0},{"id":"5589","description":"Delete","iscorrect":1}]}]}]},{"name":"درس دوم- چگونگی ایجاد اسلاید و ویرایش نوشته های درون اسلاید","id":"282","contentorder":"3","lesson_number":2,"type":0,"filename":"lesson282.html"},{"name":"چگونگی ایجاد اسلاید و ویرایش نوشته های درون اسلاید","id":"482","contentorder":"4","type":1,"set":[{"score":"60","questions":[{"id":"1453","description":"با استفاده از دو گزینه Grow Font و Shrink Font می توان:","answers":[{"id":"5590","description":"رنگ واژه های انتخابی را تغییر داد.","iscorrect":0},{"id":"5591","description":"واژه ها را به سمت «بالا» و «پایین» سند هدایت کرد.","iscorrect":0},{"id":"5592","description":"اندازه واژه ها را به طور سریع کوچک و بزرگ کرد.","iscorrect":1},{"id":"5593","description":"واژه ها را به سمت «چپ» و «راست» سند هدایت کرد.","iscorrect":0}]},{"id":"1454","description":"کدام گزینه یک خط بر روی واژه رسم می کند؟","answers":[{"id":"5594","description":"Strikethrough","iscorrect":1},{"id":"5595","description":"Paragraph","iscorrect":0},{"id":"5596","description":"Line","iscorrect":0},{"id":"5597","description":"هیچکدام","iscorrect":0}]},{"id":"1455","description":"هر اسلاید از چند بخش تشکیل شده و اعضای آن کدام ها هستند؟","answers":[{"id":"5598","description":"دو بخش: Title و Subtitle","iscorrect":1},{"id":"5599","description":"دو بخش: Slide و Pre- Slide","iscorrect":0},{"id":"5600","description":"سه بخش: Slide و New Slide و Pre Slide","iscorrect":0},{"id":"5601","description":"سه بخش: Title و Pre-Title و After Title","iscorrect":0}]}]},{"score":"60","questions":[{"id":"1456","description":"گزینه های بولد (Bold)، ایتالیک (Italic) و آندرلاین (Underline) به ترتیب:","answers":[{"id":"5602","description":"واژه را پر رنگ می کند، خطی بر زیر واژه می اندازد و واژه را به صورت نوشتاری کج تغییر می دهد.","iscorrect":0},{"id":"5603","description":"خطی بر زیر واژه می اندازد، واژه را به صورت نوشتاری کج تغییر می دهد و واژه را پر رنگ می کند.","iscorrect":0},{"id":"5604","description":"واژه را به صورت نوشتاری کج تغییر می دهد، واژه را پر رنگ می کند و خطی بر زیر واژه می اندازد.","iscorrect":0},{"id":"5605","description":"واژه را پر رنگ می کند، واژه را به صورت نوشتاری کج تغییر می دهد و خطی بر زیر واژه می اندازد.","iscorrect":1}]},{"id":"1457","description":"در بخش Slide از زبانه Home هر کدام از گزینه های Reset و Delete چه کارآیی دارند؟","answers":[{"id":"5606","description":"اسلاید جدیدی ایجاد می کند، اسلاید انتخاب شده را حذف می کند.","iscorrect":0},{"id":"5607","description":"تنظیمات درون اسلاید را به حالت اولیه باز می گرداند، اسلاید انتخاب شده را حذف می کند.","iscorrect":1},{"id":"5608","description":"اسلاید انتخاب شده را حذف می کند، اسلاید جدیدی ایجاد می کند.","iscorrect":0},{"id":"5609","description":"اسلاید انتخاب شده را حذف می کند، تنظیمات درون اسلاید را به حالت اولیه باز می گرداند.","iscorrect":0}]},{"id":"1458","description":"گزینه Change Case:","answers":[{"id":"5610","description":"حروف انگلیسی را بزرگ و کوچک می کند.","iscorrect":1},{"id":"5611","description":"واژه ها را به سمت «بالا» و «پایین» سند هدایت می کند.","iscorrect":0},{"id":"5612","description":"اندازه واژه ها را به طور سریع کوچک و بزرگ می کند.","iscorrect":0},{"id":"5613","description":"واژه ها را به سمت «چپ» و «راست» سند هدایت می کند.","iscorrect":0}]}]}]},{"name":"درس سوم- تنظیمات پاراگراف و درج اشکال در اسلایدها","id":"283","contentorder":"5","lesson_number":3,"type":0,"filename":"lesson283.html"},{"name":"تنظیمات پاراگراف و درج اشکال در اسلایدها","id":"484","contentorder":"6","type":1,"set":[{"score":"60","questions":[{"id":"1459","description":"با استفاده از کدام گزینه زیر می توان خطوط نوشته شده را به صورت یک لیست با نماد گرافیکی مشخص تنظیم کرد؟","answers":[{"id":"5614","description":"Alignment","iscorrect":0},{"id":"5615","description":"Bullet","iscorrect":1},{"id":"5616","description":"Numbering","iscorrect":0},{"id":"5617","description":"Indent","iscorrect":0}]},{"id":"1460","description":"با استفاده از گزینه های بخش Position Objects می توان:","answers":[{"id":"5618","description":"موقعیت شکل را در اسلاید تنظیم کرد.","iscorrect":1},{"id":"5619","description":"شکل های سه بعدی در اسلاید درج کرد.","iscorrect":0},{"id":"5620","description":"انیمیشن به اسلاید اضافه کرد.","iscorrect":0},{"id":"5621","description":"اشیاء را در یک اسلاید، «گروه بندی» کرد.","iscorrect":0}]},{"id":"1461","description":"از گزینه های Shadow در بخش Shape Effect به چه منظور استفاده می شود؟","answers":[{"id":"5622","description":"چرخش یک شکل به صورت سه بعدی","iscorrect":0},{"id":"5623","description":"درج سایه در اشکال درج شده","iscorrect":1},{"id":"5624","description":"ایجاد بافت تصویری","iscorrect":0},{"id":"5625","description":"تنظیمات اسلاید","iscorrect":0}]}]},{"score":"60","questions":[{"id":"1462","description":"از گزینه های بخش Paragraph در زبانه Home عمدتا برای چه استفاده می شود؟","answers":[{"id":"5626","description":"پاراگراف بندی و شکل دهی به متن، به منظور زیباتر شدن متن نوشته شده","iscorrect":1},{"id":"5627","description":"رنگ آمیزی متون","iscorrect":0},{"id":"5628","description":"درج نمودار و تصاویر","iscorrect":0},{"id":"5629","description":"تنظیمات صفحه و شیوه نمایش یک سند","iscorrect":0}]},{"id":"1463","description":"کدام گزینه بخشی از متن نوشته شده یا پاراگراف را با فاصله ای مجزا از متون دیگر به سمت چپ یا راست صفحه منتقل می کند؟","answers":[{"id":"5630","description":"Alignment","iscorrect":0},{"id":"5631","description":"Bullet","iscorrect":0},{"id":"5632","description":"Numbering","iscorrect":0},{"id":"5633","description":"Indent","iscorrect":1}]},{"id":"1464","description":"از گزینه های بخش 3-D Rotation در بخش Shape Effect به چه منظور استفاده می شود؟","answers":[{"id":"5634","description":"چرخش یک شکل به صورت سه بعدی","iscorrect":1},{"id":"5635","description":"درج سایه در اشکال درج شده","iscorrect":0},{"id":"5636","description":"ایجاد بافت تصویری","iscorrect":0},{"id":"5637","description":"تنظیمات اسلاید","iscorrect":0}]}]}]},{"name":"درس چهارم- طراحی و زیباسازی اسلایدها","id":"284","contentorder":"7","lesson_number":4,"type":0,"filename":"lesson284.html"},{"name":"طراحی و زیباسازی اسلایدها","id":"486","contentorder":"8","type":1,"set":[{"score":"60","questions":[{"id":"1465","description":"در تنظیمات صفحه اگر می خواهید اسلایدها به صورت عمودی نشان داده شوند، کدام گزینه را باید انتخاب کنید؟","answers":[{"id":"5638","description":"Landscape","iscorrect":0},{"id":"5639","description":"Portrait","iscorrect":1},{"id":"5640","description":"Format Background","iscorrect":0},{"id":"5641","description":"Slide Orientation","iscorrect":0}]},{"id":"1466","description":"کدام گزینه به منظور تغییر پوسته اسلایدها بکار رفته و اهمیت زیادی در طراحی و زیبا کردن اسلایدها دارد؟","answers":[{"id":"5642","description":"Effects","iscorrect":0},{"id":"5643","description":"Color","iscorrect":0},{"id":"5644","description":"Themes","iscorrect":1},{"id":"5645","description":"Font","iscorrect":0}]},{"id":"1467","description":"از کدامیک از گزینه های زیر به منظور تغییرات در پس زمینه استفاده می شود؟","answers":[{"id":"5646","description":"Picture and Texture","iscorrect":0},{"id":"5647","description":"Background","iscorrect":1},{"id":"5648","description":"Themes","iscorrect":0},{"id":"5649","description":"Color","iscorrect":0}]}]},{"score":"60","questions":[{"id":"1468","description":"منظور عبارت More Themes on Microsoft Office Online چیست؟","answers":[{"id":"5650","description":"با کلیک بر روی این عبارت، می توانید طرح های بیشتری را از سایت مایکروسافت آفیس مشاهده و در صورت تمایل، دریافت کنید.","iscorrect":1},{"id":"5651","description":"این عبارت شما را به صفحه اصلی وب سایت مایکروسافت هدایت می کند.","iscorrect":0},{"id":"5652","description":"اگر طرح هایی را ذخیره کرده باشید و از قبل در کامپیوترتان وجود داشته باشد، می توانید با استفاده از این گزینه آنها را وارد نرم افزار کنید.","iscorrect":0},{"id":"5653","description":"این گزینه طرح موجود که به سندتان اختصاص داده شده را ذخیره می کند.","iscorrect":0}]},{"id":"1469","description":"در تنظیمات صفحه اگر می خواهید اسلایدها به صورت افقی نشان داده شود کدام گزینه را انتخاب می کنید؟","answers":[{"id":"5654","description":"Landscape","iscorrect":1},{"id":"5655","description":"Portrait","iscorrect":0},{"id":"5656","description":"Format Background","iscorrect":0},{"id":"5657","description":"Slide Orientation","iscorrect":0}]},{"id":"1470","description":"گزینه های Brightness و Contrast به چه منظوری استفاده می شوند؟","answers":[{"id":"5658","description":"به منظور درج عکس در پس زمینه","iscorrect":0},{"id":"5659","description":"به منظور حذف عکس از تمام پس زمینه های موجود","iscorrect":0},{"id":"5660","description":"این گزینه ها برای تنظیم روشنایی و شدت نور استفاده می شوند.","iscorrect":1},{"id":"5661","description":"از این گزینه ها برای درج سایه و حذف سایه درج شده در یک عکس استفاده می شود.","iscorrect":0}]}]}]},{"name":"درس پنجم- طراحی انیمیشن و متحرک سازی در اسلایدها","id":"285","contentorder":"9","lesson_number":5,"type":0,"filename":"lesson285.html"},{"name":"طراحی انیمیشن و متحرک سازی در اسلایدها","id":"508","contentorder":"10","type":1,"set":[{"score":"60","questions":[{"id":"1545","description":"کدامیک از انیمیشن های زیر، متن را را از پایین به بالای صفحه حرکت می دهد؟","answers":[{"id":"5958","description":"Fade","iscorrect":0},{"id":"5959","description":"Wipe","iscorrect":0},{"id":"5960","description":"Fly in","iscorrect":1},{"id":"5961","description":"Fly out","iscorrect":0}]},{"id":"1546","description":"دسته Emphasis از افکت های متن که در پنجره Custom Animation قرار دارد برای:","answers":[{"id":"5962","description":"تاکید بر متون درج شده به کار می رود.","iscorrect":1},{"id":"5963","description":"متن هایی که به اسلاید وارد می شوند به کار می رود.","iscorrect":0},{"id":"5964","description":"متن هایی که از اسلاید خارج می شوند به کار می رود.","iscorrect":0},{"id":"5965","description":"انتخاب افکت های بیشتر به کار می رود.","iscorrect":0}]},{"id":"1547","description":"برای حرکت خودکار اسلایدها با استفاده از کدام گزینه می توان مدت زمان توقف بین هر اسلاید را تنظیم کرد؟","answers":[{"id":"5966","description":"Transition to this slide","iscorrect":0},{"id":"5967","description":"Transition Speed","iscorrect":0},{"id":"5968","description":"Automatically After","iscorrect":1},{"id":"5969","description":"On Mouse Click","iscorrect":0}]}]},{"score":"60","questions":[{"id":"1548","description":"کدامیک از انیمیشن های زیر، متن را از حالت کمرنگ به پررنگ متحرک می کند؟","answers":[{"id":"5970","description":"Fade","iscorrect":1},{"id":"5971","description":"Wipe","iscorrect":0},{"id":"5972","description":"Fly in","iscorrect":0},{"id":"5973","description":"Fly out","iscorrect":0}]},{"id":"1549","description":"دسته Exit از افکت های متن که در پنجره Custom Animation قرار دارد برای:","answers":[{"id":"5974","description":"تاکید بر متون درج شده به کار می رود.","iscorrect":0},{"id":"5975","description":"متن هایی که به اسلاید وارد می شوند به کار می رود.","iscorrect":0},{"id":"5976","description":"متن هایی که از اسلاید خارج می شوند به کار می رود.","iscorrect":1},{"id":"5977","description":"انتخاب افکت های بیشتر به کار می رود.","iscorrect":0}]},{"id":"1550","description":"با استفاده از کدام گزینه می توان سرعت انیمیشن بین دو اسلاید را تنظیم کرد؟","answers":[{"id":"5978","description":"Transition to this slide","iscorrect":0},{"id":"5979","description":"Transition Speed","iscorrect":1},{"id":"5980","description":"Automatically After","iscorrect":0},{"id":"5981","description":"On Mouse Click","iscorrect":0}]}]}]},{"name":"درس ششم- ایجاد دکمه های عملیاتی، درج پیوند، واژه های هنری و نمادها","id":"286","contentorder":"11","lesson_number":6,"type":0,"filename":"lesson286.html"},{"name":"ایجاد دکمه های عملیاتی، درج پیوند، واژه های هنری و نمادها","id":"488","contentorder":"12","type":1,"set":[{"score":"60","questions":[{"id":"1471","description":"وظیفه گزینه Hyperlink چیست؟","answers":[{"id":"5662","description":"در یک سند پاورپوینت می توان دکمه های عملیاتی برای ارائه بهتر مطلب طراحی کرد. وظیفه Hyperlink طراحی این دکمه هاست.","iscorrect":0},{"id":"5663","description":"اگر واژه یا متنی را اصطلاحا Hyperlink کنید، می توانید با کلیک بر روی آن واژه یا متن، به محل جدید وارد شوید.","iscorrect":1},{"id":"5664","description":"از Hyperlink برای درج یک فایل اکسل در سند پاورپوینت استفاده می شود.","iscorrect":0},{"id":"5665","description":"از Hyperlink برای ضبط صدا استفاده می شود.","iscorrect":0}]},{"id":"1472","description":"کدامیک از گزینه ها به منظور درج یک فایل از یک نرم افزار دیگر (مثلا اکسل)‌ بر روی نرم افزار پاورپوینت استفاده می شود؟","answers":[{"id":"5666","description":"Object","iscorrect":1},{"id":"5667","description":"Action","iscorrect":0},{"id":"5668","description":"Word Art","iscorrect":0},{"id":"5669","description":"Text Box","iscorrect":0}]},{"id":"1473","description":"کدامیک از گزینه های زیر برای درج نماد استفاده می شود؟","answers":[{"id":"5670","description":"Microsoft Office Excel Worksheet","iscorrect":0},{"id":"5671","description":"Object","iscorrect":0},{"id":"5672","description":"Mathematic","iscorrect":0},{"id":"5673","description":"Symbol","iscorrect":1}]}]},{"score":"60","questions":[{"id":"1474","description":"وظیفه گزینه Object چیست؟","answers":[{"id":"5674","description":"گزینه Object برای جاسازی یک صفحه و همچنین یک صفحه از پیش ساخته شده توسط برخی نرم افزارها، از جمله Excel در نرم افزار Power Point به کار می‌رود.","iscorrect":1},{"id":"5675","description":"اگر واژه یا متنی را اصطلاحا Object کنید، می توانید با کلیک بر روی آن واژه یا متن، به محل جدید وارد شوید.","iscorrect":0},{"id":"5676","description":"از Object برای درج یک فایل اکسل در سند پاورپوینت استفاده می شود.","iscorrect":0},{"id":"5677","description":"از Object برای ضبط صدا استفاده می شود.","iscorrect":0}]},{"id":"1475","description":"کدامیک از گزینه های زیر به منظور درج یک پیوند استفاده می شود؟","answers":[{"id":"5678","description":"Action","iscorrect":0},{"id":"5679","description":"Word Art","iscorrect":0},{"id":"5680","description":"Hyperlink","iscorrect":1},{"id":"5681","description":"Text Box","iscorrect":0}]},{"id":"1476","description":"برای درج واژه های هنری از کدام گزینه می توان استفاده کرد؟","answers":[{"id":"5682","description":"Text Box","iscorrect":0},{"id":"5683","description":"Word Art","iscorrect":1},{"id":"5684","description":"Action","iscorrect":0},{"id":"5685","description":"Shape","iscorrect":0}]}]}]},{"name":"درس هفتم- درج جدول و تصویر در یک سند پاورپوینت","id":"287","contentorder":"13","lesson_number":7,"type":0,"filename":"lesson287.html"},{"name":"درج جدول و تصویر در یک سند پاورپوینت","id":"490","contentorder":"14","type":1,"set":[{"score":"60","questions":[{"id":"1477","description":"از کدام گزینه برای تنظیم روشنایی تصویر استفاده می شود؟ هر چه درصد بالاتر باشد، تصویر روشن تر و هر چه درصد پایین تر باشد (درصد منفی) تصویر تاریک تر می شود.","answers":[{"id":"5686","description":"Contrast","iscorrect":0},{"id":"5687","description":"Brightness","iscorrect":1},{"id":"5688","description":"Recolor","iscorrect":0},{"id":"5689","description":"Dark Variation","iscorrect":0}]},{"id":"1478","description":"با استفاده از کدامیک از گزینه های زیر می توان از کلیه تنظیمات انجام شده بر روی تصویر صرف نظر کرد و آن را به حالت اولیه اش برگرداند؟","answers":[{"id":"5690","description":"Reset Picture","iscorrect":1},{"id":"5691","description":"Change Picture","iscorrect":0},{"id":"5692","description":"Compress Picture","iscorrect":0},{"id":"5693","description":"Set Transparent Color","iscorrect":0}]},{"id":"1479","description":"با استفاده از گزینه Align:","answers":[{"id":"5694","description":"می توان تصویر را در حالت پیش زمینه ( Background) صفحه تنظیم کرد.","iscorrect":0},{"id":"5695","description":"می توان متن را به جلوی تصویر منتقل کرد.","iscorrect":0},{"id":"5696","description":"می توان متن را به پشت تصویر منتقل کرد.","iscorrect":0},{"id":"5697","description":"می توان تصویر را به سمت راست، چپ، وسط، بالا، پایین و مرکز صفحه منتقل کرد.","iscorrect":1}]}]},{"score":"60","questions":[{"id":"1480","description":"با استفاده از کدامیک از گزینه های زیر می توان «شدت نور» را در تصویر تنظیم کرد؟","answers":[{"id":"5698","description":"Contrast","iscorrect":1},{"id":"5699","description":"Brightness","iscorrect":0},{"id":"5700","description":"Recolor","iscorrect":0},{"id":"5701","description":"Dark Variation","iscorrect":0}]},{"id":"1481","description":"کدام گزینه پشت صحنه تصویر را به رنگ های گوناگون «تیره» می کند؟","answers":[{"id":"5702","description":"Reset Picture","iscorrect":0},{"id":"5703","description":"Change Picture","iscorrect":0},{"id":"5704","description":"Compress Picture","iscorrect":0},{"id":"5705","description":"Dark Variation","iscorrect":1}]},{"id":"1482","description":"از کدام گزینه برای چرخاندن تصویر استفاده می شود؟","answers":[{"id":"5706","description":"Crop","iscorrect":0},{"id":"5707","description":"Rotate","iscorrect":1},{"id":"5708","description":"Adjustment","iscorrect":0},{"id":"5709","description":"Contrast","iscorrect":0}]}]}]},{"name":"درس هشتم- درج اشکال گرافیکی (Shape) و اشکال هنری (Smart Art)","id":"288","contentorder":"15","lesson_number":8,"type":0,"filename":"lesson288.html"},{"name":"درج اشکال گرافیکی (Shape) و اشکال هنری (Smart Art)","id":"502","contentorder":"16","type":1,"set":[{"score":"60","questions":[{"id":"1513","description":"با استفاده از گزینه های این بخش، می توان شکل گرافیکی درج شده را رنگ آمیزی کرد و یا حالت نمایشی آن را تغییر داد؟","answers":[{"id":"5830","description":"Shape Fill","iscorrect":0},{"id":"5831","description":"Shape Outline","iscorrect":0},{"id":"5832","description":"Shape Style","iscorrect":1},{"id":"5833","description":"Change Shape","iscorrect":0}]},{"id":"1514","description":"گزینه Promote در بخش SmartArt:","answers":[{"id":"5834","description":"یک مرحله از شکل انتخاب شده را به مرحله بالاتر ارتقا می دهد.","iscorrect":1},{"id":"5835","description":"یک مرحله از شکل انتخاب شده را به مرحله پایین تر کاهش می دهد.","iscorrect":0},{"id":"5836","description":"شکل گرافیکی را ۴۵ درجه می چرخاند.","iscorrect":0},{"id":"5837","description":"شکل گرافیکی را ۹۰ درجه می چرخاند.","iscorrect":0}]},{"id":"1515","description":"کدامیک از گزینه های زیر در زبانه Design می تواند شکل نمودار درج شده در بخش SmartArt را تغییر دهد؟","answers":[{"id":"5838","description":"Size","iscorrect":0},{"id":"5839","description":"List","iscorrect":0},{"id":"5840","description":"Shape Fill","iscorrect":0},{"id":"5841","description":"Layout","iscorrect":1}]}]},{"score":"60","questions":[{"id":"1516","description":"با استفاده از کدام گزینه، می توان داخل یک شکل گرافیکی درج شده در سند Word را رنگ آمیزی کرد؟","answers":[{"id":"5842","description":"Shape Fill","iscorrect":1},{"id":"5843","description":"Shape Outline","iscorrect":0},{"id":"5844","description":"Shape Style","iscorrect":0},{"id":"5845","description":"Change Shape","iscorrect":0}]},{"id":"1517","description":"گزینه Text Plan در بخش SmartArt:","answers":[{"id":"5846","description":"یک مرحله از شکل انتخاب شده را به مرحله بالاتر ارتقا می دهد.","iscorrect":0},{"id":"5847","description":"یک مرحله از شکل انتخاب شده را به مرحله پایین تر کاهش می دهد.","iscorrect":0},{"id":"5848","description":"شکل گرافیکی را ۴۵ درجه می چرخاند.","iscorrect":0},{"id":"5849","description":"برای درج و ویرایش متن درون باکس های شکل به کار می رود.","iscorrect":1}]},{"id":"1518","description":"گزینه های Smaller و Larger به ترتیب:","answers":[{"id":"5850","description":"شکل انتخاب شده را بزرگ تر و کوچک تر می کنند.","iscorrect":0},{"id":"5851","description":"شکل انتخاب شده را کوچک تر و بزرگ تر می کنند.","iscorrect":1},{"id":"5852","description":"شکل انتخاب شده را به بالا و پایین می برند.","iscorrect":0},{"id":"5853","description":"شکل انتخاب شده را به پایین و بالا می برند.","iscorrect":0}]}]}]},{"name":"درس نهم- درج نمودار در یک سند","id":"289","contentorder":"17","lesson_number":9,"type":0,"filename":"lesson289.html"},{"name":"درج نمودار در یک سند","id":"506","contentorder":"18","type":1,"set":[{"score":"60","questions":[{"id":"1539","description":"از کدامیک از نرم افزارهای بسته آفیس برای درج نمودار در یک سند پاورپوینت استفاده می شود؟","answers":[{"id":"5934","description":"Access","iscorrect":0},{"id":"5935","description":"Excel","iscorrect":1},{"id":"5936","description":"PowerPoint","iscorrect":0},{"id":"5937","description":"Outlook","iscorrect":0}]},{"id":"1540","description":"گزینه Insert Caption در یک نمودار برای:","answers":[{"id":"5938","description":"تغییر سایز نمودار به کار می رود.","iscorrect":0},{"id":"5939","description":"تغییر رنگ ستون ها و سطرهای نمودار به کار می رود.","iscorrect":0},{"id":"5940","description":"درج یک تعریف یا عبارت برای نمودار به کار می رود.","iscorrect":1},{"id":"5941","description":"برای حذف نمودار به کار می رود.","iscorrect":0}]},{"id":"1541","description":"گزینه Refresh Data:","answers":[{"id":"5942","description":"برای «به روز کردن اطلاعات» استفاده می شود.","iscorrect":1},{"id":"5943","description":"نمودار را بر عکس می کند.","iscorrect":0},{"id":"5944","description":"سایز نمودار را کوچک تر می کند.","iscorrect":0},{"id":"5945","description":"جای سطرها و ستون های نمودار را با یکدیگر عوض می کند.","iscorrect":0}]}]},{"score":"60","questions":[{"id":"1542","description":"زبانه Chart Tools از چه بخش هایی تشکیل شده است؟","answers":[{"id":"5946","description":"View و Layout و Format","iscorrect":0},{"id":"5947","description":"Design و Layout و Format","iscorrect":1},{"id":"5948","description":"Design و View و Format","iscorrect":0},{"id":"5949","description":"Design و Layout و View","iscorrect":0}]},{"id":"1543","description":"گزینه Change Chart Type:","answers":[{"id":"5950","description":"برای تغییر نمودار درج شده به کار می رود.","iscorrect":1},{"id":"5951","description":"برای حذف نمودار به کار می رود.","iscorrect":0},{"id":"5952","description":"برای رنگ آمیزی ستون ها و سطرهای نمودار به کار می رود.","iscorrect":0},{"id":"5953","description":"برای درج یک تعریف یا عبارت برای نمودار به کار می رود.","iscorrect":0}]},{"id":"1544","description":"گزینه Switch Row/Columns:","answers":[{"id":"5954","description":"نمودار را بر عکس می کند.","iscorrect":0},{"id":"5955","description":"سایز نمودار را کوچک تر می کند.","iscorrect":0},{"id":"5956","description":"جای سطرها و ستون های نمودار را با یکدیگر عوض می کند.","iscorrect":1},{"id":"5957","description":"نمودار دیگری از نرم افزار اکسل اضافه می کند.","iscorrect":0}]}]}]},{"name":"درس دهم- شیوه های اجرای اسلایدها","id":"290","contentorder":"19","lesson_number":10,"type":0,"filename":"lesson290.html"},{"name":"شیوه های اجرای اسلایدها","id":"510","contentorder":"20","type":1,"set":[{"score":"60","questions":[{"id":"1551","description":"از زبانه Slide Show برای:","answers":[{"id":"5982","description":"تنظیم نمایش و شیوه های متفاوت اجرای اسلاید به صورت خودکار و دلخواه استفاده می شود.","iscorrect":1},{"id":"5983","description":"ایجاد انیمیشن در یک سند پاورپوینت استفاده می شود.","iscorrect":0},{"id":"5984","description":"درج تصاویر و نمودار در یک اسلاید استفاده می شود.","iscorrect":0},{"id":"5985","description":"درج جدول در یک اسلاید استفاده می شود.","iscorrect":0}]},{"id":"1552","description":"با انتخاب گزینه Present by a speaker (Full Screen) از بخش Show Type در پنجره Setup Show:","answers":[{"id":"5986","description":"اسلایدها به صورت پنجره نمایش داده می شوند.","iscorrect":0},{"id":"5987","description":"صدای سخنران ضبط می شود.","iscorrect":0},{"id":"5988","description":"تا زمانی که کلید ESC را فشار ندهیم اسلایدها نمایش داده می شوند.","iscorrect":0},{"id":"5989","description":"اسلایدها به صورت تمام صفحه نشان داده می شوند.","iscorrect":1}]},{"id":"1553","description":"از کدامیک از گزینه های زیر در زمانی استفاده می شود که رایانه شما دارای چند نمایشگر باشد؟","answers":[{"id":"5990","description":"Multiple Monitors","iscorrect":1},{"id":"5991","description":"Advanced Slides","iscorrect":0},{"id":"5992","description":"Performance","iscorrect":0},{"id":"5993","description":"Rehearse Timing","iscorrect":0}]}]},{"score":"60","questions":[{"id":"1554","description":"با انتخاب گزینه Loop Continually Until “ESC” از بخش Show Option از پنجره Setup Show:","answers":[{"id":"5994","description":"اسلایدها به صورت پنجره نمایش داده می شوند.","iscorrect":0},{"id":"5995","description":"صدای سخنران ضبط می شود.","iscorrect":0},{"id":"5996","description":"تا زمانی که کلید ESC را فشار ندهیم اسلایدها نمایش داده می شوند.","iscorrect":1},{"id":"5997","description":"اسلایدها به صورت تمام صفحه نشان داده می شوند.","iscorrect":0}]},{"id":"1555","description":"از کدامیک از گزینه های زیر برای تمرین سخنرانی و زمان بندی اسلایدها استفاده می شود؟","answers":[{"id":"5998","description":"Multiple Monitors","iscorrect":0},{"id":"5999","description":"Advanced Slides","iscorrect":0},{"id":"6000","description":"Performance","iscorrect":0},{"id":"6001","description":"Rehearse Timing","iscorrect":1}]},{"id":"1556","description":"در جمله مقابل برای جاهای خالی گزینه های مناسب را انتخاب کنید: اگر می خواهید اسلایدهایتان به شیوه دلخواه خودتان نمایش داده شود، بر روی گزینه .............. کلیک کنید. در این صورت پنجره ای باز می شود که پس از کلیک بر روی گزینه ............. می توان یک شیوه سفارشی برای نمایش ایجاد کرد.","answers":[{"id":"6002","description":"Custom Slide Show و New","iscorrect":1},{"id":"6003","description":"Performance و New","iscorrect":0},{"id":"6004","description":"Advanced Slide و Performance","iscorrect":0},{"id":"6005","description":"Custom Slide Show و Advanced Slide","iscorrect":0}]}]}]},{"name":"درس یازدهم- نماها و آشنایی با اسلایدهای الگو","id":"291","contentorder":"21","lesson_number":11,"type":0,"filename":"lesson291.html"},{"name":"نماها و آشنایی با اسلایدهای الگو","id":"512","contentorder":"22","type":1,"set":[{"score":"60","questions":[{"id":"1557","description":"تعریف نمای Normal View که از حالت های نمایشی اسلایدها در پاورپوینت است، در کدامیک از گزینه های زیر آمده است؟","answers":[{"id":"6006","description":"با استفاده از این نما می توان همه اسلایدها را یکجا و در اندازه کوچک مشاهده کرد. در این نما نمی توان محتوای اسلایدها را طراحی کرد اما می توان اسلایدها را حذف و اضافه و یا جابجا کرد.","iscorrect":0},{"id":"6007","description":"این نما به طور پیش فرض انتخاب شده و حالت طبیعی نمایش یک سند پاورپوینت است. در این نما می توان محتوای اسلایدها را طراحی کرد و یا اقدام به درج عکس و یا تصویر و همچنین حذف و اضافه کردن خود اسلایدها نمود.","iscorrect":1},{"id":"6008","description":"این نما برای مشاهده نکاتی است که طراح اسلاید برای یادآوری خود در زیر هر اسلاید یادداشت می کند.","iscorrect":0},{"id":"6009","description":"این نما برای درج اسلاید الگو به کار می رود.","iscorrect":0}]},{"id":"1558","description":"از کدامیک از گزینه های زیر برای راست چین و یا چپ چین کردن اسلایدها استفاده می شود؟","answers":[{"id":"6010","description":"Slide Master","iscorrect":0},{"id":"6011","description":"Zoom","iscorrect":0},{"id":"6012","description":"View Direction","iscorrect":1},{"id":"6013","description":"Note Page","iscorrect":0}]},{"id":"1559","description":"یک اسلاید الگو یا (Slide Master) اسلایدی است که:","answers":[{"id":"6014","description":"اگر بر روی آن اسلاید چیزی درج کنیم (مانند آرم شرکت) عنصر درج شده، بر روی همه اسلایدهای زیر مجموعه آن درج می شود.","iscorrect":1},{"id":"6015","description":"به عنوان نخستین اسلاید یک پروژه پاورپوینت نشان داده می شود.","iscorrect":0},{"id":"6016","description":"به عنوان آخرین اسلاید یک پروژه پاورپوینت نشان داده می شود.","iscorrect":0},{"id":"6017","description":"به عنوان اسلاید فهرست در یک پروژه پاورپوینت نشان داده می شود.","iscorrect":0}]}]},{"score":"60","questions":[{"id":"1560","description":"تعریف نمای Slide Sorter که از حالت های نمایشی اسلایدها در پاورپوینت است، در کدامیک از گزینه های زیر آمده است؟","answers":[{"id":"6018","description":"با استفاده از این نما می توان همه اسلایدها را یکجا و در اندازه کوچک مشاهده کرد. در این نما نمی توان محتوای اسلایدها را طراحی کرد اما می توان اسلایدها را حذف و اضافه و یا جابجا کرد.","iscorrect":1},{"id":"6019","description":"این نما، به طور پیش فرض انتخاب شده و حالت طبیعی نمایش یک سند پاورپوینت است. در این نما می توان محتوای اسلایدها را طراحی کرد و یا اقدام به درج عکس و یا تصویر و همچنین حذف و اضافه کردن خود اسلایدها نمود.","iscorrect":0},{"id":"6020","description":"این نما برای مشاهده نکاتی است که طراح اسلاید برای یادآوری خود در زیر هر اسلاید یادداشت می کند.","iscorrect":0},{"id":"6021","description":"این نما برای درج اسلاید الگو به کار می رود.","iscorrect":0}]},{"id":"1561","description":"از کدامیک از گزینه های زیر برای بزرگنمایی اسلایدها استفاده می شود؟","answers":[{"id":"6022","description":"Slide Master","iscorrect":0},{"id":"6023","description":"Zoom","iscorrect":1},{"id":"6024","description":"View Direction","iscorrect":0},{"id":"6025","description":"Note Page","iscorrect":0}]},{"id":"1562","description":"از کدامیک از گزینه های زیر برای سیاه و سفید کردن اسلایدها استفاده می شود؟","answers":[{"id":"6026","description":"Macros","iscorrect":0},{"id":"6027","description":"Ruler","iscorrect":0},{"id":"6028","description":"Color","iscorrect":0},{"id":"6029","description":"Grayscale","iscorrect":1}]}]}]},{"name":"درس دوازدهم- چند ترفند دیگر در پاورپوینت","id":"292","contentorder":"23","lesson_number":12,"type":0,"filename":"lesson292.html"},{"name":"چند ترفند دیگر در پاورپوینت","id":"514","contentorder":"24","type":1,"set":[{"score":"60","questions":[{"id":"1563","description":"وظیفه گزینه Thesaurus چیست؟","answers":[{"id":"6030","description":"با استفاده از این گزینه می توان برای افراد دیگر پیام صوتی درج کرد تا در صورت ویرایش سند، آنها متوجه تغییرات شوند.","iscorrect":0},{"id":"6031","description":"با استفاده از این گزینه می توان معنی واژه ها و همچنین واژه های مترادف کلمه انتخاب شده را از فرهنگ های جامع انگلیسی پیدا کرد.","iscorrect":1},{"id":"6032","description":"اگر یک گروه بر روی یک سند کار کنند، می توان برای هر کدام از آنها یک نام اختصاص داد تا همه افراد متوجه شوند که هر بخش توسط چه فردی ویرایش شده است. گزینه Thesaurus این کار را انجام می دهد.","iscorrect":0},{"id":"6033","description":"این گزینه برای تغییرات در شکل کادر اسلاید استفاده می شود.","iscorrect":0}]},{"id":"1564","description":"کاربرد گزینه Package for CD چیست؟","answers":[{"id":"6034","description":"طراحی پس زمینه اسلایدها","iscorrect":0},{"id":"6035","description":"اتصال پاورپوینت به سی دی رام جهت جستجو در سی دی برای پیدا کردن طرح های پس زمینه","iscorrect":0},{"id":"6036","description":"ایجاد یک بسته نرم افزاری و ذخیره آن در سی دی","iscorrect":1},{"id":"6037","description":"طراحی جدول","iscorrect":0}]},{"id":"1565","description":"بخش Enhance Security and Privacy در پنجره Option برای ایجاد یک بسته نرم افزاری، به چه منظوری به کار می رود؟","answers":[{"id":"6038","description":"رمزگذاری بر روی یک سند","iscorrect":1},{"id":"6039","description":"افزایش امنیت هنگام استفاده از پاورپوینت در اینترنت","iscorrect":0},{"id":"6040","description":"به روز رسانی نرم افزار پاورپوینت","iscorrect":0},{"id":"6041","description":"اتصال به سایت مایکروسافت جهت پیدا کردن طرح های بیشتر","iscorrect":0}]}]},{"score":"60","questions":[{"id":"1566","description":"گزینه New Comment از زبانه Review برای چه کاری استفاده می شود؟","answers":[{"id":"6042","description":"اضافه کردن جدول به اسلاید","iscorrect":0},{"id":"6043","description":"اضافه کردن فرهنگ لغت به دیکشنری نرم افزار پاورپوینت","iscorrect":0},{"id":"6044","description":"اضافه کردن نکته یا پیام","iscorrect":1},{"id":"6045","description":"اضافه کردن شمارنده","iscorrect":0}]},{"id":"1567","description":"کاربرد گزینه Show Markup در زبانه Review چیست؟","answers":[{"id":"6046","description":"پیام ها را در اسلاید نشان می دهد یا مخفی می کند.","iscorrect":1},{"id":"6047","description":"طراحی پس زمینه اسلایدها","iscorrect":0},{"id":"6048","description":"اتصال پاورپوینت به سی دی رام جهت جستجو در سی دی برای پیدا کردن طرح های پس زمینه","iscorrect":0},{"id":"6049","description":"ایجاد یک بسته نرم افزاری و ذخیره آن در سی دی","iscorrect":0}]},{"id":"1568","description":"وظایف گزینه های Linked Files و Embedded True Type Fonts که در بخش Option از پنجره Package for CD قرار دارند به ترتیب عبارتند از:","answers":[{"id":"6050","description":"افزایش امنیت هنگام استفاده از پاورپوینت در اینترنت و به روزرسانی نرم افزار پاورپوینت","iscorrect":0},{"id":"6051","description":"اضافه کردن فایل هایی که در نمایش به آنها پیوند داده و افزایش امنیت هنگام استفاده از پاورپوینت در اینترنت","iscorrect":0},{"id":"6052","description":"اضافه کردن فایل هایی که در نمایش به آنها پیوند داده شده و اضافه کردن فایل های مربوط به فونت های استفاده شده در سند","iscorrect":1},{"id":"6053","description":"به روز رسانی نرم افزار پاورپوینت و اضافه کردن فایل های مربوط به فونت های استفاده شده در سند","iscorrect":0}]}]}]},{"name":"دوره مایکروسافت آفیس- پاورپوینت- آزمون نهایی","id":"517","contentorder":"25","type":1,"set":[{"score":"50","questions":[{"id":"1572","description":"مهم ترین کاربرد نرم افزار پاورپوینت چیست؟","answers":[{"id":"6066","description":"انجام محاسبات ریاضی و کشیدن نمودار به وسیله ابزارهای گرافیکی","iscorrect":0},{"id":"6067","description":"ارائه بهتر سمینارها و سخنرانی ها","iscorrect":1},{"id":"6068","description":"ایجاد و مدیریت پایگاه های اطلاعاتی","iscorrect":0},{"id":"6069","description":"ارسال و دریافت نامه الکترونیکی و مدیریت نامه ها","iscorrect":0}]},{"id":"1573","description":"گزینه های بولد (Bold)، ایتالیک (Italic) و آندرلاین (Underline) به ترتیب:","answers":[{"id":"6070","description":"واژه را پر رنگ می کند، خطی بر زیر واژه می اندازد و واژه را به صورت نوشتاری کج تغییر می دهد.","iscorrect":0},{"id":"6071","description":"خطی بر زیر واژه می اندازد، واژه را به صورت نوشتاری کج تغییر می دهد و واژه را پر رنگ می کند.","iscorrect":0},{"id":"6072","description":"واژه را به صورت نوشتاری کج تغییر می دهد، واژه را پر رنگ می کند و خطی بر زیر واژه می اندازد.","iscorrect":0},{"id":"6073","description":"واژه را پر رنگ می کند، واژه را به صورت نوشتاری کج تغییر می دهد و خطی بر زیر واژه می اندازد.","iscorrect":1}]},{"id":"1574","description":"از گزینه های Shadow در بخش Shape Effect به چه منظور استفاده می شود؟","answers":[{"id":"6074","description":"چرخش یک شکل به صورت سه بعدی","iscorrect":0},{"id":"6075","description":"درج سایه در اشکال درج شده","iscorrect":1},{"id":"6076","description":"ایجاد بافت تصویری","iscorrect":0},{"id":"6077","description":"تنظیمات اسلاید","iscorrect":0}]},{"id":"1575","description":"در تنظیمات صفحه اگر می خواهید اسلایدها به صورت عمودی نشان داده شود کدام گزینه را باید انتخاب کنید؟ این حالت به خصوص برای زمانی که می خواهید سندتان را چاپ کنید مناسب است.","answers":[{"id":"6078","description":"Landscape","iscorrect":0},{"id":"6079","description":"Portrait","iscorrect":1},{"id":"6080","description":"Format Background","iscorrect":0},{"id":"6081","description":"Slide Orientation","iscorrect":0}]},{"id":"1576","description":"کدامیک از انیمیشن های زیر، متن را از پایین به بالای صفحه حرکت می دهد؟","answers":[{"id":"6082","description":"Fade","iscorrect":0},{"id":"6083","description":"Wipe","iscorrect":0},{"id":"6084","description":"Fly in","iscorrect":1},{"id":"6085","description":"Fly out","iscorrect":0}]},{"id":"1577","description":"با استفاده از کدام گزینه می توان سرعت انیمیشن بین دو اسلاید را تنظیم کرد؟","answers":[{"id":"6086","description":"Transition to this slide","iscorrect":0},{"id":"6087","description":"Transition Speed","iscorrect":1},{"id":"6088","description":"Automatically After","iscorrect":0},{"id":"6089","description":"On Mouse Click","iscorrect":0}]},{"id":"1578","description":"از کدام گزینه برای تنظیم روشنایی تصویر استفاده می شود؟ هرچه درصد بالاتر باشد، تصویر روشن تر و هرچه درصد پایین تر باشد (درصد منفی) تصویر تاریک تر می شود.","answers":[{"id":"6090","description":"Contrast","iscorrect":0},{"id":"6091","description":"Brightness","iscorrect":1},{"id":"6092","description":"Recolor","iscorrect":0},{"id":"6093","description":"Dark Variation","iscorrect":0}]},{"id":"1579","description":"از زبانه Slide Show برای:","answers":[{"id":"6094","description":"ایجاد انیمیشن در یک سند پاورپوینت استفاده می شود.","iscorrect":0},{"id":"6095","description":"تنظیم نمایش و شیوه های متفاوت اجرای اسلاید به صورت خودکار و دلخواه استفاده می شود.","iscorrect":1},{"id":"6096","description":"درج تصاویر و نمودار در یک اسلاید استفاده می شود.","iscorrect":0},{"id":"6097","description":"درج جدول در یک اسلاید استفاده می شود.","iscorrect":0}]},{"id":"1580","description":"یک اسلاید الگو یا (Slide Master) اسلاید‌ی است که:","answers":[{"id":"6098","description":"اگر بر روی آن اسلاید چیزی درج کنیم (مانند آرم شرکت) عنصر درج شده، بر روی همه اسلایدهای زیر مجموعه آن درج می شود.","iscorrect":1},{"id":"6099","description":"به عنوان نخستین اسلاید یک پرو‌ژه پاورپوینت نشان داده می شود.","iscorrect":0},{"id":"6100","description":"به عنوان آخرین اسلاید یک پروژه پاورپوینت نشان داده می شود.","iscorrect":0},{"id":"6101","description":"به عنوان اسلاید فهرست در یک پروژه پاورپوینت نشان داده می شود.","iscorrect":0}]},{"id":"1581","description":"بخش Enhance Security and Privacy در پنجره Option برای ایجاد یک بسته نرم افزاری، به چه منظوری به کار می رود؟","answers":[{"id":"6102","description":"رمز‌گذاری بر روی یک سند","iscorrect":1},{"id":"6103","description":"افزایش امنیت هنگام استفاده از پاورپوینت در اینترنت","iscorrect":0},{"id":"6104","description":"به روزرسانی نرم افزار پاورپوینت","iscorrect":0},{"id":"6105","description":"اتصال به سایت مایکروسافت جهت پیدا کردن طرح های بیشتر","iscorrect":0}]}]},{"score":"50","questions":[{"id":"1582","description":"در نرم افزار پاورپوینت از گزینه های کدام زبانه می توان برای تایپ متن و ویرایش نوشته در اسلایدها استفاده کرد؟","answers":[{"id":"6106","description":"Home","iscorrect":1},{"id":"6107","description":"View","iscorrect":0},{"id":"6108","description":"Review","iscorrect":0},{"id":"6109","description":"References","iscorrect":0}]},{"id":"1583","description":"در بخش Slide از زبانه Home گزینه‌ Reset ..…......... و گزینه Delete نیز ............ .","answers":[{"id":"6110","description":"اسلاید انتخاب شده را حذف می کند/ تنظیمات درون اسلاید را به حالت اولیه باز می گرداند.","iscorrect":0},{"id":"6111","description":"اسلاید جدیدی ایجاد می کند/ اسلاید انتخاب شده را حذف می کند.","iscorrect":0},{"id":"6112","description":"تنظیمات درون اسلاید را به حالت اولیه باز می گرداند/ اسلاید انتخاب شده را حذف می کند.","iscorrect":1},{"id":"6113","description":"اسلاید انتخاب شده را حذف می کند/ اسلاید جدیدی ایجاد می کند.","iscorrect":0}]},{"id":"1584","description":"از گزینه های بخش Paragraph در زبانه Home عمدتا برای چه کاری استفاده می شود؟","answers":[{"id":"6114","description":"پاراگراف بندی و شکل دهی به متن، به منظور زیباتر شدن متن نوشته شده","iscorrect":1},{"id":"6115","description":"رنگ آمیزی متون","iscorrect":0},{"id":"6116","description":"درج نمودار و تصاویر","iscorrect":0},{"id":"6117","description":"تنظیمات صفحه و شیوه نمایش یک سند","iscorrect":0}]},{"id":"1585","description":"کدام گزینه به منظور تغییر پوسته اسلاید‌ها بکار رفته و اهمیت زیادی در طراحی و زیبا کردن اسلایدها دارد؟","answers":[{"id":"6118","description":"Effects","iscorrect":0},{"id":"6119","description":"Color","iscorrect":0},{"id":"6120","description":"Themes","iscorrect":1},{"id":"6121","description":"Font","iscorrect":0}]},{"id":"1586","description":"برای حرکت خودکار اسلایدها با استفاده از کدام گزینه می توان مدت زمان توقف بین هر اسلاید را تنظیم کرد؟","answers":[{"id":"6122","description":"Transition to this slide","iscorrect":0},{"id":"6123","description":"Transition Speed","iscorrect":0},{"id":"6124","description":"Automatically After","iscorrect":1},{"id":"6125","description":"On Mouse Click","iscorrect":0}]},{"id":"1587","description":"وظیفه گزینه Hyperlink چیست؟","answers":[{"id":"6126","description":"در یک سند پاورپوینت می توان دکمه های عملیاتی برای ارائه بهتر مطلب طراحی کرد. وظیفه Hyperlink طراحی این دکمه هاست.","iscorrect":0},{"id":"6127","description":"اگر واژه یا متنی را اصطلاحا Hyperlink کنید، می توانید با کلیک بر روی آن واژه یا متن، به محل جدید وارد شوید.","iscorrect":1},{"id":"6128","description":"از Hyperlink برای درج یک فایل اکسل در سند پاورپوینت استفاده می شود.","iscorrect":0},{"id":"6129","description":"از Hyperlink برای ضبط صدا استفاده می شود.","iscorrect":0}]},{"id":"1588","description":"از کدام گزینه برای چرخاندن تصویر استفاده می شود؟","answers":[{"id":"6130","description":"Crop","iscorrect":0},{"id":"6131","description":"Rotate","iscorrect":1},{"id":"6132","description":"Adjustment","iscorrect":0},{"id":"6133","description":"Contrast","iscorrect":0}]},{"id":"1589","description":"از کدامیک از گزینه های زیر در زمانی استفاده می شود که رایانه شما دارای چند نمایشگر باشد؟","answers":[{"id":"6134","description":"Multiple Monitors","iscorrect":1},{"id":"6135","description":"Advanced Slides","iscorrect":0},{"id":"6136","description":"Performance","iscorrect":0},{"id":"6137","description":"Rehearse Timing","iscorrect":0}]},{"id":"1590","description":"از کدامیک از گزینه های زیر برای سیاه و سفید کردن اسلایدها استفاده می شود؟","answers":[{"id":"6138","description":"Macros","iscorrect":0},{"id":"6139","description":"Ruler","iscorrect":0},{"id":"6140","description":"Color","iscorrect":0},{"id":"6141","description":"Grayscale","iscorrect":1}]},{"id":"1591","description":"کاربرد گزینه Package for CD چیست؟","answers":[{"id":"6142","description":"طراحی پس زمینه اسلایدها","iscorrect":0},{"id":"6143","description":"اتصال پاورپوینت به سی دی رام جهت جستجو در سی دی برای پیدا کردن طرح های پس زمینه","iscorrect":0},{"id":"6144","description":"ایجاد یک بسته نرم افزاری و ذخیره آن در سی دی","iscorrect":1},{"id":"6145","description":"طراحی جدول","iscorrect":0}]}]}]}]}