{"courseId":"54","contents":[{"name":"مقدمه","id":"383","contentorder":"1","lesson_number":1,"type":0,"filename":"lesson383.html"},{"name":"درس اول- از خشم چه می‌دانیم؟","id":"384","contentorder":"2","lesson_number":2,"type":0,"filename":"lesson384.html"},{"name":"از خشم چه می‌دانیم؟","id":"638","contentorder":"3","type":1,"set":[{"score":"60","questions":[{"id":"2187","description":"کدام گزینه در مورد عبارت «هدف حس‌هایی مثل عصبانیت هماهنگی و بسیج کردن کل سیستم بدن ماست در پاسخ به محیط اطرافمان...» صحیح است؟","answers":[{"id":"8324","description":"ما هیچ آگاهی نسبت به رفتار خود نداریم.","iscorrect":0},{"id":"8325","description":"انسان به شیوه‌های مختلف احساسات خود را درک می‌کند.","iscorrect":1},{"id":"8326","description":"خشم یک حس طبیعی است.","iscorrect":0},{"id":"8327","description":"همه‌ی گزینه‌ها صحیح هستند.","iscorrect":0}]},{"id":"2188","description":"کدامیک از گزینه‌های زیر در مورد خشم صحیح‌تر هستند.","answers":[{"id":"8328","description":"خشم یک حس طبیعی در انسان‌هاست.","iscorrect":0},{"id":"8329","description":"شروع خشم روی حرکات صورت، صدا و طرز فکر ما تاثیر می‌گذارد.","iscorrect":0},{"id":"8330","description":"خشم بخشی از یک سیستم دفاعی مغز ماست.","iscorrect":0},{"id":"8331","description":"همه گزینه‌ها صحیح هستند.","iscorrect":1}]},{"id":"2189","description":"عبارت «خشم مانند بسیاری از حس‌های دیگر توسط سامانه عصبی احساسی کنترل می‌شود.»:","answers":[{"id":"8332","description":"صحیح است.","iscorrect":1},{"id":"8333","description":"غلط است.","iscorrect":0}]},{"id":"2190","description":"کدام گزینه در مورد این پیام صحیح است: «من برای خودم اعتبار و ارزش قائلم و می‌خواهم همه هم با من اینطوری رفتار کنند.»","answers":[{"id":"8334","description":"تخلیه مثبت خشم","iscorrect":0},{"id":"8335","description":"در مورد احساسات‌تان با دیگران وارد مکالمه شده‌اید.","iscorrect":0},{"id":"8336","description":"گزینه اول و دوم صحیح هستند.","iscorrect":1},{"id":"8337","description":"هیچکدام","iscorrect":0}]},{"id":"2191","description":"کدامیک از موارد زیر بهای احتمالی خشم کنترل نشده نیست؟","answers":[{"id":"8338","description":"خسارت مالی و جانی","iscorrect":0},{"id":"8339","description":"تخلیه مثبت خشم","iscorrect":1},{"id":"8340","description":"از دست دادن سلامت جسم","iscorrect":0},{"id":"8341","description":"از دست دادن رضایت از خود","iscorrect":0}]}]},{"score":"60","questions":[{"id":"2192","description":"کدام جمله صحیح نیست؟","answers":[{"id":"8342","description":"خاطرات ما از خشم و عصبانیت در بخش آمیگدالا ذخیره می‌شود.","iscorrect":1},{"id":"8343","description":"خشم مانند بسیاری از حس‌های دیگر توسط سیستم لیمبیک کنترل می‌شود.","iscorrect":0},{"id":"8344","description":"احساس عصبانیت ما ممکن است ترکیبی از محرکی در زمان حال و بخشی از خاطرات ما در حافظه ضمنی ما باشد.","iscorrect":0},{"id":"8345","description":"بخش تفکر در مغز، همان عضله‌های پیشانی مغز هستند.","iscorrect":0}]},{"id":"2193","description":"«محل ذخیره خاطرات عاطفی داخل سیستم لیمبیک مغز است»، این عبارت:","answers":[{"id":"8346","description":"صحیح است.","iscorrect":1},{"id":"8347","description":"غلط است.","iscorrect":0}]},{"id":"2194","description":"کدامیک از گزینه‌های زیر در مورد خشم صحیح نیست؟","answers":[{"id":"8348","description":"بیشتر مواقع این ما نیستیم که تصمیم می‌گیریم عصبانی شویم.","iscorrect":0},{"id":"8349","description":"احساس عصبانیت اگر برای طولانی مدت تکرار شود، نیازی به محرک نخواهد داشت.","iscorrect":1},{"id":"8350","description":"موودهای عصبی سریع‌تر به احساس عصبانیت شدید تبدیل می‌شوند.","iscorrect":0},{"id":"8351","description":"خشم یک حس طبیعی انسانی است.","iscorrect":0}]},{"id":"2195","description":"کدامیک از گزینه‌های زیر مرتبط به جنبه‌های مثبت خشم است.","answers":[{"id":"8352","description":"خشم یک حس مشترک در همه انسانهاست.","iscorrect":0},{"id":"8353","description":"نگه داشتن خشم انرژی زیادی می‌برد.","iscorrect":0},{"id":"8354","description":"خشم می‌تواند یک تخلیه سالم و درست داشته باشد.","iscorrect":1},{"id":"8355","description":"خشم جنبه مثبتی ندارد.","iscorrect":0}]},{"id":"2196","description":"کدامیک از موارد زیر، بهایی است که برای خشم ممکن است بپردازیم؟","answers":[{"id":"8356","description":"از دست دادن حس رضایت از خود","iscorrect":0},{"id":"8357","description":"از دست دادن سلامت جسمی و روانی","iscorrect":0},{"id":"8358","description":"از دست دادن اعتبار نزد خانواده، دوستان و همکاران","iscorrect":0},{"id":"8359","description":"کلیه موارد","iscorrect":1}]}]}]},{"name":"درس دوم- شناخت انواع فشارهای عصبی (استرس)","id":"385","contentorder":"4","lesson_number":3,"type":0,"filename":"lesson385.html"},{"name":"شناخت انواع فشارهای عصبی (استرس)","id":"640","contentorder":"5","type":1,"set":[{"score":"60","questions":[{"id":"2197","description":"کدامیک از جملات زیر در مورد احساساتی که علت اصلی خشم هستند صحیح است؟","answers":[{"id":"8360","description":"برای مدیریت خشم باید آنها را به رسمیت شناخت.","iscorrect":0},{"id":"8361","description":"احساساتی مثل سرخوردگی، ناتوانی و ترس گاهی پشت خشم مخفی می‌شوند.","iscorrect":0},{"id":"8362","description":"اگر این احساسات را به درستی نشناسیم، نمی‌توانیم در مورد احساسات خود با دیگران وارد مکالمه شویم.","iscorrect":0},{"id":"8363","description":"همه موارد صحیح هستند.","iscorrect":1}]},{"id":"2198","description":"«استرسی که محرک انجام کارها شود می‌تواند مثبت باشد.» این عبارت:","answers":[{"id":"8364","description":"صحیح است.","iscorrect":1},{"id":"8365","description":"غلط است.","iscorrect":0}]},{"id":"2199","description":"عبارت «اگر پسرم صبح به موقع آماده شده بود، دیرمون نمی‌شد و من هم عصبی نمی‌شدم» به این معنی است که:","answers":[{"id":"8366","description":"شما مسئولیت عمل خود را پذیرفته اید.","iscorrect":1},{"id":"8367","description":"شما مسئولیت عمل خود را به گردن فرزندتان انداخته‌اید.","iscorrect":0},{"id":"8368","description":"سعی کرده‌اید دلیل خشم‌تان را پیدا کنید.","iscorrect":0},{"id":"8369","description":"هیچکدام","iscorrect":0}]},{"id":"2200","description":"کدامیک از موارد زیر از شگردهای ساده مدیریت استرس نیست؟","answers":[{"id":"8370","description":"ایجاد فاصله و زمان بین اولین نشانه‌های احساس عصبانیت و بروز عصبانیت.","iscorrect":0},{"id":"8371","description":"کنترل و مدیریت محرک‌های استرس‌زا","iscorrect":1},{"id":"8372","description":"کم کردن کارهایی که توان و وقت انجام دادنش را نداریم.","iscorrect":0},{"id":"8373","description":"مدیریت زمان و تعریف برنامه‌های منطبق با واقعیت","iscorrect":0}]},{"id":"2201","description":"کدامیک از گزینه‌های زیر در مورد استرس نوجوانان صحیح است؟","answers":[{"id":"8374","description":"ریشه استرس نوجوانان هم مانند بزرگسالان عدم انطباق توانایی‌ها و منابع آنها با وظایف و انتظارات است.","iscorrect":0},{"id":"8375","description":"حرف زدن با نوجوان در مورد تجربه‌های خشم و عصبانیت خودتان، به او در کنار آمدن با احساساتش کمک می‌کند.","iscorrect":0},{"id":"8376","description":"گوش کردن به نوجوان بدون اینکه آنها را قضاوت کنیم.","iscorrect":0},{"id":"8377","description":"همه موارد صحیح هستند.","iscorrect":1}]}]},{"score":"60","questions":[{"id":"2202","description":"این موقعیت به چه معنی است: «فرزند نوجوان‌تان به حرف شما گوش نمی‌کند و شما عصبی می‌شوید و فکر می‌کنید دیگر برای شما و حرف‌تان احترامی قائل نیست.»","answers":[{"id":"8378","description":"شما سعی در قبول کردن مسئولیت کار خود دارید.","iscorrect":0},{"id":"8379","description":"شما سعی در پیدا کردن علت خشم خود دارید.","iscorrect":0},{"id":"8380","description":"دلیل خشم شما در اصل احساس ترسی است که پشت خشم شما قرار گرفته است.","iscorrect":1},{"id":"8381","description":"شما حس ترس‌تان را به رسمیت شناخته‌اید.","iscorrect":0}]},{"id":"2203","description":"عبارت «استرس و فشار عصبی ممکن است عامل درونی یا بیرونی داشته باشد.»:","answers":[{"id":"8382","description":"غلط است.","iscorrect":0},{"id":"8383","description":"صحیح است.","iscorrect":1}]},{"id":"2204","description":"کدامیک از گزینه‌های زیر در مورد پروسه مدیریت خشم صحیح است؟","answers":[{"id":"8384","description":"مدیریت خشم یک پروسه توانمندسازی است.","iscorrect":0},{"id":"8385","description":"پروسه مدیریت خشم یک پروسه سریع است.","iscorrect":0},{"id":"8386","description":"بخش مهم پروسه مدیریت خشم، بازنگری صادقانه رفتار گذشته‌یمان است.","iscorrect":0},{"id":"8387","description":"گزینه اول و سوم صحیح هستند.","iscorrect":1}]},{"id":"2205","description":"کدامیک از گزینه‌های زیر در مورد فشارهای عصبی صحیح نیست؟","answers":[{"id":"8388","description":"محرک‌های عصبی می‌توانند بیرونی یا درونی باشند.","iscorrect":0},{"id":"8389","description":"فشارهای مالی در دسته محرک‌های بیرونی قرار می‌گیرند.","iscorrect":0},{"id":"8390","description":"با تمرین می‌توان محرک‌های بیرونی را کنترل کرد.","iscorrect":1},{"id":"8391","description":"محرک‌های جسمی و بیماری‌ها، محرک‌های درونی استرس هستند.","iscorrect":0}]},{"id":"2206","description":"«تنظیم واقع بینانه برنامه‌ها و اهداف و توجه به مدیریت زمان از شگردهای ساده مدیریت استرس است». این عبارت:","answers":[{"id":"8392","description":"صحیح است.","iscorrect":1},{"id":"8393","description":"غلط است.","iscorrect":0}]}]}]},{"name":"درس سوم- شناخت شرایط و موقعیت‌ها","id":"386","contentorder":"6","lesson_number":4,"type":0,"filename":"lesson386.html"},{"name":"شناخت شرایط و موقعیت‌ها","id":"642","contentorder":"7","type":1,"set":[{"score":"60","questions":[{"id":"2207","description":"کدامیک از جملات زیر صحیح نیست؟","answers":[{"id":"8394","description":"درگیر شدن والدین در کشمکش اعمال قدرت، کنترل خشم را سخت‌تر می‌کند.","iscorrect":0},{"id":"8395","description":"شناخت شرایط و موقعیت‌هایی که والدین در آن به حد انفجار می‌رسند کمکی به کنترل احساسات نمی‌کند.","iscorrect":1},{"id":"8396","description":"بالاخره روزی خواهد آمد که والدین در جنگ اعمال قدرت مغلوب شوند.","iscorrect":0},{"id":"8397","description":"همه گزینه‌ها صحیح هستند.","iscorrect":0}]},{"id":"2208","description":"عبارت «در عصبانیت و اوج مشاجره، این حل مشکل است که فراموش می‌شود»:","answers":[{"id":"8398","description":"صحیح است.","iscorrect":1},{"id":"8399","description":"غلط است.","iscorrect":0}]},{"id":"2209","description":"کدام گزینه در ارتباط با عصبانیت والدین در ارتباط با فرزندان صحیح است؟","answers":[{"id":"8400","description":"والدین وقتی عصبانیت‌شان به نقطه اوج می‌رسد که در کشمکش قدرت بیفتند.","iscorrect":0},{"id":"8401","description":"نگرانی والدین از خطرات بیرونی که جسم و روح آنها را تهدید می‌کند منجر به رسیدن آنها به اوج عصبانیت می‌شود.","iscorrect":0},{"id":"8402","description":"کنترل فرزندان از رسیدن والدین به اوج عصبانیت جلوگیری می‌کند.","iscorrect":0},{"id":"8403","description":"گزینه اول و دوم صحیح هستند.","iscorrect":1}]},{"id":"2210","description":"کدامیک از گزینه‌ها صحیح است؟","answers":[{"id":"8404","description":"شخصی تلقی کردن رفتار فرزندان‌مان کمکی به مدیریت خشم نمی‌کند.","iscorrect":0},{"id":"8405","description":"قضاوت و انتقاد سایرین نسبت به رفتار عصبی ما با فرزندمان در حقیقت اهمیتی ندارد.","iscorrect":0},{"id":"8406","description":"اینکه در یک موقعیت بدانیم چگونه با احساسات‌مان کنار بیاییم مهم است.","iscorrect":0},{"id":"8407","description":"همه گزینه‌ها صحیح هستند.","iscorrect":1}]},{"id":"2211","description":"تهیه کردن لیستی از موقعیت‌هایی که ما از دست فرزندان‌مان واقعا از کوره در می‌رویم، چه کمکی به ما خواهد کرد؟","answers":[{"id":"8408","description":"جلوی قضاوت و انتقاد سایرین را می‌گیرد.","iscorrect":0},{"id":"8409","description":"کمک چندانی نخواهد کرد چون ممکن است تکرار نشوند.","iscorrect":0},{"id":"8410","description":"به ما در مدیریت احساسات‌مان کمک می‌کند.","iscorrect":1},{"id":"8411","description":"هیچکدام","iscorrect":0}]}]},{"score":"60","questions":[{"id":"2212","description":"کدامیک از موارد زیر در دسته خطرات بیرونی هستند که والدین آنها را تهدیدی برای سلامت روان فرزندشان می دانند؟","answers":[{"id":"8412","description":"رفت و آمد نوجوان با افراد خطرناک","iscorrect":0},{"id":"8413","description":"عضویت نوجوان در گروه‌های خلاف","iscorrect":0},{"id":"8414","description":"طرز لباس پوشیدن","iscorrect":1},{"id":"8415","description":"هیچکدام","iscorrect":0}]},{"id":"2213","description":"عبارت «هر چه والدین قدرت بیشتری اعمال کنند، برای فرزندشان «نه» گفتن و آوردن بهانه‌های مختلف و ادامه بازی راحت‌تر می‌شود»:","answers":[{"id":"8416","description":"صحیح است.","iscorrect":1},{"id":"8417","description":"غلط است.","iscorrect":0}]},{"id":"2214","description":"کدامیک از موارد زیر از نگرانی‌های جدی والدین نیست؟","answers":[{"id":"8418","description":"خطراتی که در خارج از خانه، سلامت جسم و روح نوجوان آنها را تهدید می‌کند.","iscorrect":0},{"id":"8419","description":"گرفتار شدن در کشمکش قدرت با فرزند خود.","iscorrect":1},{"id":"8420","description":"مراوده نوجوان با گروه‌های خلاف","iscorrect":0},{"id":"8421","description":"گوش کردن به موسیقی و نوع لباسی که با ارزش‌ها و باورهای آنها مغایر باشد.","iscorrect":0}]},{"id":"2215","description":"دلیل اینکه عصبانیت و بروز رفتارهای خشن راه حلی برای رفع مشکلات والدین با فرزندان نیست، چیست؟","answers":[{"id":"8422","description":"اگر چنین بود پدر و مادری وظیفه بسیار ساده‌ای می‌شد.","iscorrect":0},{"id":"8423","description":"اگر چنین بود گذراندن دوره مدیریت خشم لازم نبود.","iscorrect":0},{"id":"8424","description":"در این حالت مشکل حل نشده باقی می‌ماند.","iscorrect":1},{"id":"8425","description":"همه گزینه‌ها صحیح هستند.","iscorrect":0}]},{"id":"2216","description":"عبارت «در بسیاری از موارد دلیل اصلی عصبانیت در والدین محرک‌های استرس‌زای خارج منزل هستند»:","answers":[{"id":"8426","description":"صحیح است.","iscorrect":1},{"id":"8427","description":"غلط است.","iscorrect":0}]}]}]},{"name":"درس چهارم- روش‌های ساده گام به گام مدیریت خشم- بخش اول","id":"387","contentorder":"8","lesson_number":5,"type":0,"filename":"lesson387.html"},{"name":"روش‌های ساده گام به گام مدیریت خشم- بخش اول","id":"644","contentorder":"9","type":1,"set":[{"score":"60","questions":[{"id":"2217","description":"عبارت «اراده و تصمیم در انتخاب رفتار در برابر خشم و عصبانیت به معنی پذیرفتن مسولیت رفتار خودمان است.»:","answers":[{"id":"8428","description":"غلط است.","iscorrect":0},{"id":"8429","description":"صحیح است.","iscorrect":1}]},{"id":"2218","description":"کدامیک از گزینه‌ها، از روش‌های بالا بردن حس همدلی است؟","answers":[{"id":"8430","description":"گوش کردن به دیگران","iscorrect":0},{"id":"8431","description":"رعایت حد و مرزهایی در مکالمه با دیگران","iscorrect":0},{"id":"8432","description":"گزینه‌های اول و دوم صحیح هستند.","iscorrect":1},{"id":"8433","description":"کنترل خشم","iscorrect":0}]},{"id":"2219","description":"کدام گزینه در مورد رابطه مکالمه درونی و کنترل خشم صحیح نیست؟","answers":[{"id":"8434","description":"مکالمات درونی ما روی احساسات ما و نحوه بروز آنها تاثیر می‌گذارند.","iscorrect":0},{"id":"8435","description":"شناخت مکالمات درونی به کنترل خشم کمک می‌کند.","iscorrect":0},{"id":"8436","description":"تمام مکالمات درونی ما الزاما با واقعیت منطبق نیستند.","iscorrect":0},{"id":"8437","description":"هیچکدام","iscorrect":1}]},{"id":"2220","description":"عبارت «تا وقتی که عادت‌ها و اخلاقم همان باشد که بوده، نتیجه هم همانی که بوده می‌ماند»:","answers":[{"id":"8438","description":"صحیح است.","iscorrect":1},{"id":"8439","description":"غلط است.","iscorrect":0}]},{"id":"2221","description":"اگر شما آدمی هستید که نیمه خالی لیوان را می‌بینید، تغییر این نوع نگاه چگونه در مدیریت خشم به شما کمک می‌کند؟","answers":[{"id":"8440","description":"با تقویت حس همدلی","iscorrect":0},{"id":"8441","description":"با یافتن پاسخ به محرک عصبانیت به جای عکس‌العمل به آن","iscorrect":1},{"id":"8442","description":"از طریق کنترل رفتارمان","iscorrect":0},{"id":"8443","description":"هیچکدام","iscorrect":0}]}]},{"score":"60","questions":[{"id":"2222","description":"کدام یک از گزینه‌های زیر صحیح است؟","answers":[{"id":"8444","description":"شناخت گفتگوی درونی به کنترل خشم کمک می‌کند.","iscorrect":0},{"id":"8445","description":"پذیرفتن مسولیت رفتار خودمان اولین قدم برای تغییر گفتگوی دورنی است.","iscorrect":0},{"id":"8446","description":"خشم یک حس طبیعی است.","iscorrect":0},{"id":"8447","description":"همه گزینه‌ها","iscorrect":1}]},{"id":"2223","description":"اینکه حرف‌های دیگران را با فیلترهای خودمان گوش کنیم، به این معناست که:","answers":[{"id":"8448","description":"احساس همدلی در ما تقویت می‌شود.","iscorrect":0},{"id":"8449","description":"همان بخش از صحبت‌های طرف مقابل را می‌شنویم که جالب‌تر است.","iscorrect":0},{"id":"8450","description":"منظور گوینده را متوجه نمی‌شویم.","iscorrect":1},{"id":"8451","description":"به کنترل احساساتمان کمک کرده‌ایم.","iscorrect":0}]},{"id":"2224","description":"هدف از تغییر مکالمات درونی:","answers":[{"id":"8452","description":"رسیدن به مکالماتی مثبت و منطبق با واقعیت است.","iscorrect":0},{"id":"8453","description":"کمک به کنترل احساسات و خشم است.","iscorrect":0},{"id":"8454","description":"در نظر گرفتن دلایل مختلف رفتار دیگران است.","iscorrect":0},{"id":"8455","description":"گزینه اول و دوم است.","iscorrect":1}]},{"id":"2225","description":"عبارت «گوش کردن به حرف‌های دیگران و درک احساسات آنان از راه‌های کنترل خشم است»:","answers":[{"id":"8456","description":"غلط است.","iscorrect":0},{"id":"8457","description":"صحیح است.","iscorrect":1}]},{"id":"2226","description":"اینکه مثل دوست صمیمی خودمان عمل کنیم، چگونه به ما کمک می‌کند؟","answers":[{"id":"8458","description":"به تعادل در احساسات ما و نهایتا تغییر مکالمه درونی","iscorrect":0},{"id":"8459","description":"به تعادل در احساسات ما و نهایتا پاسخ به خشم و نه عکس‌العمل به آن","iscorrect":1},{"id":"8460","description":"به شناختن عوامل خشم کمک می‌کند.","iscorrect":0},{"id":"8461","description":"هیچکدام","iscorrect":0}]}]}]},{"name":"درس پنجم- روش‌های ساده گام به گام مدیریت خشم- بخش دوم","id":"388","contentorder":"10","lesson_number":6,"type":0,"filename":"lesson388.html"},{"name":"روش‌های ساده گام به گام مدیریت خشم- بخش دوم","id":"646","contentorder":"11","type":1,"set":[{"score":"60","questions":[{"id":"2227","description":"کدامیک از جملات زیر صحیح نیست؟","answers":[{"id":"8462","description":"اگر ما به شخص دیگری پیشنهاد کنیم در میان مشاجرهایش استراحت و فرصتی برای فکر کردن به خودش بدهد، ممکن است باعث عصبانیت بیشتر او شویم.","iscorrect":0},{"id":"8463","description":"در مدت زمانی که برای فکر کردن به خود داده‌ایم، مهم است با چه کسی مشورت و درد و دل می‌کنیم.","iscorrect":0},{"id":"8464","description":"استفاده از شگردهای مقابله با فشار عصبی کمک می‌کند ذهن ما برای تصمیم و انتخاب رفتار مناسب آماده شود.","iscorrect":0},{"id":"8465","description":"همه گزینه‌ها صحیح هستند.","iscorrect":1}]},{"id":"2228","description":"عبارت «بخشیدن کسی که ما را آزار داده به معنای این است که برای دوستی و اعتماد دوباره به او آماده‌ایم»:","answers":[{"id":"8466","description":"صحیح است.","iscorrect":0},{"id":"8467","description":"غلط است.","iscorrect":1}]},{"id":"2229","description":"از مثال‌های زیر کدام مصداق «به واقعیت نزدیک کردن نوع و سطح توقع از دیگران» نیست؟","answers":[{"id":"8468","description":"در نظر گرفتن مشکلات و محدودیت سایرین","iscorrect":0},{"id":"8469","description":"برقراری مکالمه موثر و سالم","iscorrect":1},{"id":"8470","description":"پذیرفتن وجود نقطه نظرهای مختلف","iscorrect":0},{"id":"8471","description":"پرهیز از کنترل کردن دیگران","iscorrect":0}]},{"id":"2230","description":"اینکه در میان مشاجره و قبل از اینکه خشم شما از کنترل خارج شود، اعلام کنید به یک فرصت نیاز دارید، در ارتباط با کدام یک از شگردهای مدیریت خشم است؟","answers":[{"id":"8472","description":"جادوی مکالمه","iscorrect":0},{"id":"8473","description":"تقویت همدلی","iscorrect":0},{"id":"8474","description":"اول فکر، بعد عمل","iscorrect":1},{"id":"8475","description":"شناخت توقعات خود","iscorrect":0}]},{"id":"2231","description":"خیلی وقت‌ها دلیل اینکه آدم‌ها آن طوری که ما انتظار داریم برخورد نمی‌کنند این است که:","answers":[{"id":"8476","description":"آنها هم مشکلات و محدودیت‌های خود را دارند.","iscorrect":0},{"id":"8477","description":"چون ما با آنها همدلی نکرده‌ایم.","iscorrect":0},{"id":"8478","description":"چون انتظارات ما از آنها با واقعیت منطبق نبوده است.","iscorrect":0},{"id":"8479","description":"گزینه‌های اول و سوم صحیح هستند.","iscorrect":1}]}]},{"score":"60","questions":[{"id":"2232","description":"کدامیک از گزینه‌های زیر صحیح نیست؟","answers":[{"id":"8480","description":"بخشیدن به معنای فراموش کردن نیست.","iscorrect":0},{"id":"8481","description":"بخشیدن به معنای این است که پذیرفته‌ایم فردی که باعث آزردگی ما شده، فرد قابل اعتمادی است.","iscorrect":1},{"id":"8482","description":"بخشیدن یک پروسه تدریجی است.","iscorrect":0},{"id":"8483","description":"بخشیدن یکی از راه‌های کنترل و مدیریت خشم است.","iscorrect":0}]},{"id":"2233","description":"اینکه یاد بگیریم چگونه توقعات خود از دیگران به واقعیت نزدیک کنیم، در کنترل خشم به ما کمک می‌کند. این عبارت:","answers":[{"id":"8484","description":"صحیح است.","iscorrect":1},{"id":"8485","description":"غلط است.","iscorrect":0}]},{"id":"2234","description":"«بسیار مهم است که دقیقا در پایان همان فرصتی که برای فکر کردن خواسته‌ایم، به محل بحث برگردیم». این عبارت:","answers":[{"id":"8486","description":"صحیح است.","iscorrect":1},{"id":"8487","description":"غلط است.","iscorrect":0}]},{"id":"2235","description":"کدامیک از گزینه‌ها در رابطه شگرد «اول فکر، بعد عمل» صحیح نیست؟","answers":[{"id":"8488","description":"در مدت زمانی که برای فکر کردن در میانه مشاجره به خود می‌دهیم، لازم است به آرام شدن ذهن‌مان بپردازیم.","iscorrect":0},{"id":"8489","description":"ایجاد فرصتی در میان مشاجره یکی از راه‌های کنترل خشم است.","iscorrect":0},{"id":"8490","description":"هر چه مدت زمانی که برای فکر کردن در میانه مشاجره به خود می‌دهیم بیشتر باشد، بهتر است.","iscorrect":1},{"id":"8491","description":"لازم است در همان مدت زمانی که گفته‌ایم به محل مشاجره بازگردیم.","iscorrect":0}]},{"id":"2236","description":"کدامیک از گزینه‌های زیر در مورد شناخت توقعات خود، درست است؟","answers":[{"id":"8492","description":"ما نباید از دیگران توقعی داشته باشیم، چرا که ممکن است با واقعیت منطبق نباشد.","iscorrect":0},{"id":"8493","description":"این طبیعی است که ما از دیگران توقعاتی داشته باشیم.","iscorrect":0},{"id":"8494","description":"باید سطح توقع و نوع توقعات‌مان را از دیگران به واقعیت نزدیک کنیم.","iscorrect":0},{"id":"8495","description":"گزینه‌های دوم و سوم صحیح هستند.","iscorrect":1}]}]}]},{"name":"درس ششم- ده شگرد کنار آمدن با فرزندان خشمگین","id":"389","contentorder":"12","lesson_number":7,"type":0,"filename":"lesson389.html"},{"name":"ده شگرد کنار آمدن با فرزندان خشمگین","id":"648","contentorder":"13","type":1,"set":[{"score":"60","questions":[{"id":"2237","description":"کدامیک از گزینه‌های زیر در ارتباط با رویارویی با فرزندی که عصبانی است، صحیح است؟","answers":[{"id":"8496","description":"آرام باشیم و منتظر بمانیم تا او هم آرام شود.","iscorrect":0},{"id":"8497","description":"داد را با داد پاسخ ندهیم.","iscorrect":0},{"id":"8498","description":"مرتب به خودمان یادآور شویم این زمانی است که به فرزندمان یاد دهیم چطور با احساساتش کنار بیاید.","iscorrect":0},{"id":"8499","description":"همه‌ی گزینه‌ها صحیح هستند.","iscorrect":1}]},{"id":"2238","description":"کدام گزینه در رابطه با عبارت «به فرزندمان اعتراف کنیم عصبی شده‌ایم و مایل نیستیم تا آرام نشده‌ایم با او حرف بزنیم» صحیح است؟","answers":[{"id":"8500","description":"به فرزندمان نشان می‌دهیم که ما به احساسات خود آگاهی داریم.","iscorrect":0},{"id":"8501","description":"به ضعف خود اعتراف کرده‌ایم.","iscorrect":0},{"id":"8502","description":"به فرزندمان نشان داده‌ایم که می‌دانیم چگونه احساسات خود را مدیریت کنیم.","iscorrect":0},{"id":"8503","description":"گزینه اول و سوم صحیح است.","iscorrect":1}]},{"id":"2239","description":"عبارت «وقتی شما به خشم فرزندتان پاسخ عصبی می‌دهید، او بیشتر تحریک می‌شود تا توجه شما را جلب کند.»:","answers":[{"id":"8504","description":"صحیح است.","iscorrect":1},{"id":"8505","description":"غلط است.","iscorrect":0}]},{"id":"2240","description":"کدامیک از رفتارهای زیر خشم فرزند عصبانی ما را افزایش می‌دهد؟","answers":[{"id":"8506","description":"نشان دادن عکس‌العمل متقابل عصبی به رفتار او","iscorrect":0},{"id":"8507","description":"اعتراف به اینکه ما هم عصبانی هستیم.","iscorrect":0},{"id":"8508","description":"انتقاد از رفتار او و تلاش برای قانع کردن فرزندمان","iscorrect":0},{"id":"8509","description":"گزینه اول وسوم","iscorrect":1}]},{"id":"2241","description":"با گفتن عبارت «دلم می‌خواد الان باهات حرف بزنم، ولی چون الان کمی عصبی‌ام ترجیح می‌دم الان باهات صحبت نکنم، ترجیح می‌دم آروم شدم حرف بزنیم.» در حقیقت به فرزند عصبی‌مان می‌گوییم:","answers":[{"id":"8510","description":"احساسات خود را بشناسد و چگونه با آنها کنار بیاید.","iscorrect":1},{"id":"8511","description":"بعد از اینکه آرام شدیم به او یاد می‌دهیم چطور با احساساتش کنار بیاید.","iscorrect":0},{"id":"8512","description":"برای ما چندان هم فرقی نمی‌کند او چه حسی دارد.","iscorrect":0},{"id":"8513","description":"همه موارد","iscorrect":0}]}]},{"score":"60","questions":[{"id":"2242","description":"عبارت «زمانی که با فرزند خشمگین و عصبی‌مان روبرو می‌شویم، بهترین فرصت است که او را بشناسیم»:","answers":[{"id":"8514","description":"صحیح است.","iscorrect":1},{"id":"8515","description":"غلط است.","iscorrect":0}]},{"id":"2243","description":"بهترین زمان برای آموزش روش‌های کنترل احساسات به فرزندان چه زمانی است؟","answers":[{"id":"8516","description":"زمانی که او عصبانی است می‌توانیم الگوی او باشیم برای کنار آمدن با احساسات.","iscorrect":0},{"id":"8517","description":"با اعتراف به اینکه ما هم عصبی شده‌ایم و قبل از هر کاری نیاز داریم خودمان را آرام کنیم.","iscorrect":0},{"id":"8518","description":"بهتر است مادامی که فرزندمان عصبی است، هیچ کاری نکنیم.","iscorrect":0},{"id":"8519","description":"گزینه‌های اول و دوم صحیح هستند.","iscorrect":1}]},{"id":"2244","description":"کدامیک از رفتارهای زیر خشم فرزند عصبانی ما را افزایش می‌دهد؟","answers":[{"id":"8520","description":"حفظ کردن آرامش خودمان","iscorrect":0},{"id":"8521","description":"اعتراف به اینکه ما هم عصبانی هستیم.","iscorrect":0},{"id":"8522","description":"انتقاد از رفتار او و تلاش برای قانع کردن فرزندمان","iscorrect":1},{"id":"8523","description":"هیچکدام","iscorrect":0}]},{"id":"2245","description":"عبارت «نه عصبانی شوید، نه کوتاه بیایید.»:","answers":[{"id":"8524","description":"صحیح است.","iscorrect":1},{"id":"8525","description":"غلط است.","iscorrect":0}]},{"id":"2246","description":"کدامیک از گزینه‌های زیر می‌تواند در برخورد با این سناریو صحیح باشد: اگر فرزند ما در عصبانیت به ما توهین کرد...","answers":[{"id":"8526","description":"بلافاصله باید عکس‌العمل نشان دهیم تا دیگر تکرار نشود.","iscorrect":0},{"id":"8527","description":"بگذاریم پس از آنکه فرزندمان آرام شد در مورد این کار او و تنبیهی که در نظر داریم با او صحبت کنیم.","iscorrect":1},{"id":"8528","description":"اصولا باید نادیده بگیریم، در غیر این صورت عصبانیت‌اش تشدید می‌شود.","iscorrect":0},{"id":"8529","description":"هیچکدام","iscorrect":0}]}]}]},{"name":"درس هفتم- جادوی مکالمه","id":"390","contentorder":"14","lesson_number":8,"type":0,"filename":"lesson390.html"},{"name":"جادوی مکالمه","id":"650","contentorder":"15","type":1,"set":[{"score":"60","questions":[{"id":"2247","description":"«تمرین درست گوش کردن و انتقال احساسات و نظرات‌مان به دیگران به ایجاد مکالمه موثر و نهایتا کنترل و مدیریت احساسات‌مان کمک می‌کند.» این عبارت:","answers":[{"id":"8530","description":"صحیح است.","iscorrect":1},{"id":"8531","description":"غلط است.","iscorrect":0}]},{"id":"2248","description":"عبارت «خشم و عصبانیت هم نوعی از مکالمه است.»:","answers":[{"id":"8532","description":"غلط است.","iscorrect":0},{"id":"8533","description":"صحیح است.","iscorrect":1}]},{"id":"2249","description":"کدامیک از گزینه‌های زیر روش مناسبی برای مکالمه موثر و صحیح نیست؟","answers":[{"id":"8534","description":"پرخاش و عصبانیت","iscorrect":0},{"id":"8535","description":"انتقاد و تحقیر","iscorrect":0},{"id":"8536","description":"کم محلی و بی‌توجهی","iscorrect":0},{"id":"8537","description":"همه موارد","iscorrect":1}]},{"id":"2250","description":"کدامیک از گزینه‌های زیر در ایجاد مکالمه سالم و موثر به ما کمک نمی‌کند؟","answers":[{"id":"8538","description":"خوب گوش کردن به طرف مقابل","iscorrect":0},{"id":"8539","description":"ارسال پیام صریح و روشن به طرف مقابل","iscorrect":0},{"id":"8540","description":"استفاده از روش‌های شخصی","iscorrect":1},{"id":"8541","description":"گزینه‌های اول و دوم صحیح هستند.","iscorrect":0}]},{"id":"2251","description":"عبارت «بیان تغییری که از نوجوان‌تان انتظار دارید.» مربوط به کدامیک از روش‌های مکالمه موثر و سالم است؟","answers":[{"id":"8542","description":"هنر گوش کردن","iscorrect":0},{"id":"8543","description":"انتقال پیام صریح و روشن","iscorrect":0},{"id":"8544","description":"اعتراض به جا و به موقع که شنیده شود.","iscorrect":1},{"id":"8545","description":"هیچکدام","iscorrect":0}]}]},{"score":"60","questions":[{"id":"2252","description":"«وقتی در اعتراض به ظاهر نوجوان‌مان صدای‌مان را بلند می‌کنیم، به او نشان می‌دهیم از نحوه لباس پوشیدن و ظاهر او ناراحت و عصبی هستیم.» این عبارت:","answers":[{"id":"8546","description":"صحیح است.","iscorrect":0},{"id":"8547","description":"غلط است.","iscorrect":1}]},{"id":"2253","description":"کدامیک از گزینه‌های زیر در مورد مکالمه موثر، صحیح است؟","answers":[{"id":"8548","description":"هر کدام از ما روش‌های خودمان را برای ارتباط با دیگران داریم.","iscorrect":0},{"id":"8549","description":"مکالمه موثر این است که یاد بگیریم چگونه احساسات خود را به درستی و روشنی به دیگران منتقل کنیم.","iscorrect":1},{"id":"8550","description":"استفاده از روش‌های غیرمستقیم برای ابراز نارضایتی خود به دیگران هم می‌تواند موثر باشد.","iscorrect":0},{"id":"8551","description":"پرخاشگری ممکن است در بعضی موارد بهترین راه باشد.","iscorrect":0}]},{"id":"2254","description":"کدامیک از موارد زیر در ایجاد مکالمه موثر و سالم به ما کمک می‌کند؟","answers":[{"id":"8552","description":"لجبازی","iscorrect":0},{"id":"8553","description":"پرخاش","iscorrect":0},{"id":"8554","description":"نادیده گرفتن و بی‌توجهی","iscorrect":0},{"id":"8555","description":"هیچکدام","iscorrect":1}]},{"id":"2255","description":"توجه به حرکات‌مان چگونه در یک مکالمه سالم و موثر به ما کمک می‌کند؟","answers":[{"id":"8556","description":"پیام روشن‌تری به طرف مقابل می‌دهیم.","iscorrect":1},{"id":"8557","description":"اهمیتی ندارد.","iscorrect":0},{"id":"8558","description":"باعث همدلی می‌شود.","iscorrect":0},{"id":"8559","description":"هیچکدام","iscorrect":0}]},{"id":"2256","description":"کدامیک از گزینه‌های زیر در ایجاد مکالمه سالم و موثر به ما کمک می‌کند؟","answers":[{"id":"8560","description":"خوب گوش کردن به طرف مقابل","iscorrect":0},{"id":"8561","description":"ارسال پیام صریح و روشن به طرف مقابل","iscorrect":0},{"id":"8562","description":"استفاده از روش‌های شخصی","iscorrect":0},{"id":"8563","description":"گزینه‌های اول و دوم صحیح هستند.","iscorrect":1}]}]}]},{"name":"دوره مدیریت خشم برای والدین- آزمون نهایی","id":"652","contentorder":"16","type":1,"set":[{"score":"50","questions":[{"id":"2257","description":"کدامیک از گزینه‌های زیر در مورد خشم صحیح نیست؟","answers":[{"id":"8564","description":"خشم حسی طبیعی است که در بعضی آدم‌ها وجود دارد.","iscorrect":1},{"id":"8565","description":"کنترل محرک‌های عصبی غیرممکن است.","iscorrect":0},{"id":"8566","description":"کنترل رفتار و پاسخ در حالت خشم در اختیار و انتخاب انسان است.","iscorrect":0},{"id":"8567","description":"همه گزینه‌ها صحیح هستند.","iscorrect":0}]},{"id":"2258","description":"کدامیک از موارد زیر در مورد خشم صحیح است؟","answers":[{"id":"8568","description":"احساس خشم یک حس طبیعی است که الزاما منفی هم نیست.","iscorrect":0},{"id":"8569","description":"موودهای عصبی منجر به بروز رفتارهای عصبی خشن می‌شوند.","iscorrect":0},{"id":"8570","description":"بیشتر مواقع این ما نیستیم که تصمیم می‌گیریم عصبانی شویم.","iscorrect":0},{"id":"8571","description":"گزینه‌های اول و سوم صحیح هستند.","iscorrect":1}]},{"id":"2259","description":"«آمیگدالا (غده بادامی مغز) حس خشم ما را کنترل می‌کند» این عبارت:","answers":[{"id":"8572","description":"صحیح است.","iscorrect":0},{"id":"8573","description":"غلط است.","iscorrect":1}]},{"id":"2260","description":"این عبارت مربوط به کدام مبحث کنترل خشم است: «اگر این حس‌ها را نشناسیم و با دیگران در میان نگذاریم، دلیل حقیقی رفتار عصبی ما برای بقیه نامعلوم می‌ماند.»","answers":[{"id":"8574","description":"استرس و فشار روانی","iscorrect":0},{"id":"8575","description":"محرک‌های درونی","iscorrect":0},{"id":"8576","description":"احساساتی که پشت خشم مخفی می‌شوند.","iscorrect":1},{"id":"8577","description":"هیچکدام","iscorrect":0}]},{"id":"2261","description":"کدام گزینه در مورد استرس (فشارهای روانی) صحیح است؟","answers":[{"id":"8578","description":"نحوه به وجود آمدن استرس در نوجوانان با بزرگسالان تفاوتی ندارد.","iscorrect":0},{"id":"8579","description":"محرک‌های استرس‌زا در اطراف ما آنقدر زیادند که نمی‌توان آنها را کنترل کرد.","iscorrect":0},{"id":"8580","description":"الزاما همه استرس‌ها منفی نیستند.","iscorrect":0},{"id":"8581","description":"همه موارد بالا","iscorrect":1}]},{"id":"2262","description":"کدامیک از موارد زیر در ارتباط با شناختن شرایط و موقعیت‌هایی است که در آن والدین به نقطه انفجار می‌رسند؟","answers":[{"id":"8582","description":"بحث افتادن در کشمکش اعمال قدرت با فرزند","iscorrect":0},{"id":"8583","description":"شخصی تلقی نکردن رفتار فرزندان","iscorrect":0},{"id":"8584","description":"وجود ترس از تهدیدهای خارج از خانه برای فرزندان","iscorrect":0},{"id":"8585","description":"همه موارد بالا","iscorrect":1}]},{"id":"2263","description":"کدامیک از گزینه‌های زیر از شیوه‌های کنترل خشم است؟","answers":[{"id":"8586","description":"شناخت و تغییر گفتگوی درونی","iscorrect":0},{"id":"8587","description":"استفاده از جادوی مکالمه","iscorrect":0},{"id":"8588","description":"تقویت حس همدلی","iscorrect":0},{"id":"8589","description":"همه موارد بالا","iscorrect":1}]},{"id":"2264","description":"پرسیدن این سوال که «چرا آدم‌ها باید آنطوری رفتار کنند که من فکر می‌کنم؟» با کدام گزینه ارتباط صحیح دارد؟","answers":[{"id":"8590","description":"تعادل انتظارات و توقعات از خود و دیگران","iscorrect":1},{"id":"8591","description":"یکی از راه‌های کنترل خشم است.","iscorrect":0},{"id":"8592","description":"ایجاد ارتباط و مکالمه موثر را تسهیل می‌کند.","iscorrect":0},{"id":"8593","description":"به بالارفتن حس همدلی کمک می‌کند.","iscorrect":0}]},{"id":"2265","description":"کدام گزینه در رابطه با عبارت «اینکه به فرزندمان اعتراف کنیم عصبی شده‌ایم و فرصتی می‌خواهیم تا آرام شویم»، صحیح نیست؟","answers":[{"id":"8594","description":"به فرزندمان نشان می‌دهیم که ما به احساسات خود آگاهی داریم.","iscorrect":0},{"id":"8595","description":"به ضعف خود اعتراف کرده‌ایم.","iscorrect":1},{"id":"8596","description":"به فرزندمان نشان داده‌ایم که می‌دانیم چگونه احساسات خود را مدیریت کنیم.","iscorrect":0},{"id":"8597","description":"گزینه اول و سوم صحیح است.","iscorrect":0}]},{"id":"2266","description":"کدام گزینه در مورد شگرد «جادوی مکالمه» صحیح نیست؟","answers":[{"id":"8598","description":"هر کس روش‌های شخصی برای مکالمه‌ی خود دارد.","iscorrect":0},{"id":"8599","description":"مکالمه یک مفهوم دو طرفه است.","iscorrect":0},{"id":"8600","description":"ممکن است بعضی افراد به روش‌های غیرمستقیم و در لفافه، احساسات خود را به دیگران منتقل کنند و حرف خود را به دیگران بگویند.","iscorrect":1},{"id":"8601","description":"تمرین برای درست گوش کردن به دیگران، قدمی در راه رسیدن به مکالمه‌ی موثر است.","iscorrect":0}]}]},{"score":"50","questions":[{"id":"2267","description":"«کنترل محرک‌های عصبی که در اطراف ما وجود دارند، غیر ممکن هستند». کدام گزینه در رابطه با این عبارت صحیح است؟","answers":[{"id":"8602","description":"عصبی شدن ما هم اجتناب‌ناپذیر است.","iscorrect":0},{"id":"8603","description":"محرک‌ها نامحدود هستند ولی پاسخ ما به محرک‌های عصبی قابل کنترل است.","iscorrect":1},{"id":"8604","description":"ما به عنوان انسان قادر به کنترل محرک‌های پیرامون خود هستیم.","iscorrect":0},{"id":"8605","description":"همه گزینه‌ها صحیح هستند.","iscorrect":0}]},{"id":"2268","description":"کدامیک از موارد زیر در رابطه با مفهوم حافظه‌ی ضمنی صحیح است؟","answers":[{"id":"8606","description":"ممکن است احساس خشم ما ترکیبی از محرک کنونی و تجربه‌ی عاطفی از گذشته باشد.","iscorrect":0},{"id":"8607","description":"«خشم کهنه» توسط مغز برای حفاظت از ما فعال می‌شود.","iscorrect":0},{"id":"8608","description":"ممکن است ما تاثیرات خاطره‌هایی را تجربه کنیم که از وجود آن بی‌خبریم.","iscorrect":0},{"id":"8609","description":"همه‌ موارد صحیح هستند.","iscorrect":1}]},{"id":"2269","description":"در چه زمان خشم و عصبانیت مشکل‌ساز می‌شود؟","answers":[{"id":"8610","description":"در زمانی که بهایی که در مقابلش می‌پردازیم ارزشش را نداشته باشد.","iscorrect":0},{"id":"8611","description":"زمانی که سلامت جشم و روان‌مان به همین دلیل به خطر بیافتد.","iscorrect":0},{"id":"8612","description":"زمانی که به هدفی که از بروز خشم‌مان داشته‌ایم نرسیم و ناچار به پرداخت بها هم بشویم.","iscorrect":0},{"id":"8613","description":"همه موارد بالا","iscorrect":1}]},{"id":"2270","description":"عبارت «والدین می‌توانند از احساس و ناراحتی، ترس و سرخوردگی فرزندان‌شان جلوگیری کنند»:","answers":[{"id":"8614","description":"صحیح است.","iscorrect":0},{"id":"8615","description":"غلط است.","iscorrect":1}]},{"id":"2271","description":"کدامیک از گزینه‌های زیر در مورد موقعیت‌هایی که والدین رفتارهای عصبی نشان می‌دهند، می‌تواند پاسخ موثری به حساب بیاید؟","answers":[{"id":"8616","description":"به فرزندشان بگویند که عصبانی شده‌اند و مدیریتی روی احساس‌شان نداشتند.","iscorrect":1},{"id":"8617","description":"آوردن دلیل برای مجاب کردن فرزند نسبت به علت عصبانیت.","iscorrect":0},{"id":"8618","description":"تغییر رفتار در آینده","iscorrect":0},{"id":"8619","description":"همه موارد بالا","iscorrect":0}]},{"id":"2272","description":"کدامیک از موارد زیر، از نظر والدین تهدید فیزیکی خارج از خانه برای نوجوان حساب می‌شود؟","answers":[{"id":"8620","description":"گوش دادن به موسیقی که خلاف باورها و ارزش‌های والدین باشد.","iscorrect":0},{"id":"8621","description":"طرز لباس پوشیدن","iscorrect":0},{"id":"8622","description":"تردد به محله خلافکاران","iscorrect":1},{"id":"8623","description":"هیچکدام","iscorrect":0}]},{"id":"2273","description":"برای ایجاد تغییر در رفتارهایمان در مواقع عصبانیت:","answers":[{"id":"8624","description":"به پیدا کردن رفتارهای جایگزین نیاز داریم.","iscorrect":0},{"id":"8625","description":"باید بتوانیم خشم خود را کنترل کنیم.","iscorrect":0},{"id":"8626","description":"باید نگاه ما به دنیای اطراف‌مان تغییر کند.","iscorrect":1},{"id":"8627","description":"باید قادر به کنترل فشارهای عصبی باشیم.","iscorrect":0}]},{"id":"2274","description":"«برای کنترل خشم و عصبانیت، باید پذیرفت که دیگران ممکن است مثل ما فکر نکنند». این عبارت:","answers":[{"id":"8628","description":"صحیح است.","iscorrect":1},{"id":"8629","description":"غلط است.","iscorrect":0}]},{"id":"2275","description":"کدامیک از گزینه‌ها در مورد برخورد با خشم فرزندان صحیح نیست؟","answers":[{"id":"8630","description":"آرام باشیم و منتظر بمانیم تا او هم آرام شود.","iscorrect":0},{"id":"8631","description":"داد را با داد پاسخ ندهیم.","iscorrect":0},{"id":"8632","description":"مرتب به خودمان یادآور شویم این زمانی است که به فرزندمان یاد دهیم چطور با احساساتش کنار بیاید.","iscorrect":0},{"id":"8633","description":"نگذاریم حرکت ناشایستی در عصبانیت از خود نشان دهد.","iscorrect":1}]},{"id":"2276","description":"«در عکس‌العمل به مدل موی جدید نوجوان‌تان شروع می‌کنید به پرخاش و اعتراض». در رابطه با این موقعیت، کدام یک از گزینه‌ها صحیح است؟","answers":[{"id":"8634","description":"از آنجایی که پرخاش و رفتار عصبی امکان ایجاد مکالمه را از طرفین می‌گیرد، این روش توصیه نمی‌شود.","iscorrect":0},{"id":"8635","description":"زمانی که ما به یک محرک عصبی عکس‌العمل نشان می‌دهیم، نمی‌توانیم احساس و دلیل اصلی عصبانیت‌مان را به دیگران بگوییم.","iscorrect":0},{"id":"8636","description":"در این نوع برخورد ما نه به خودمان و نه به فرزندمان فرصتی برای صحبت کردن در مورد احساسات و دلایل نمی‌دهیم.","iscorrect":0},{"id":"8637","description":"تمام گزینه‌ها صحیح هستند.","iscorrect":1}]}]}]}]}