{"courseId":"75","contents":[{"name":"درس اول- مروری بر نشر سنتی","id":"623","contentorder":"1","lesson_number":1,"type":0,"filename":"lesson623.html"},{"name":"مروری بر نشر سنتی","id":"1041","contentorder":"2","type":1,"set":[{"score":"50","questions":[{"id":"4305","description":"اگر بخواهیم پیشرفت تکنولوژی چاپ را به مقاطع مختلف تقسیم کنیم، کدام گزینه صحیح است؟","answers":[{"id":"16421","description":"چاپ سنتی، دستگاه چاپ گوتنبرگ، نشر دیجیتال","iscorrect":0},{"id":"16422","description":"چاپ سنگی، دستگاه چاپ گوتنبرگ، نشر رومیزی","iscorrect":0},{"id":"16423","description":"دستگاه چاپ گوتنبرگ، نشر رومیزی، نشر دیجیتال","iscorrect":1},{"id":"16424","description":"چاپ سنگی، نشر رومیزی، نشر دیجیتال","iscorrect":0}]},{"id":"4306","description":"در کدام دوره، پیشرفت در سطح دانش مردم به واسطه پیشرفت صنعت چاپ و نشر به وجود آمد؟","answers":[{"id":"16425","description":"دوران رونویسی از روی متون","iscorrect":0},{"id":"16426","description":"چاپ سنگی","iscorrect":0},{"id":"16427","description":"دستگاه چاپ","iscorrect":0},{"id":"16428","description":"نشر رومیزی","iscorrect":0},{"id":"16429","description":"نشر دیجیتال","iscorrect":0},{"id":"16430","description":"تمام موارد","iscorrect":1}]},{"id":"4307","description":"کدام شرکت‌ها باعث انقلاب در نشر رومیزی شدند؟","answers":[{"id":"16431","description":"اپل، مایکروسافت، ادوبی","iscorrect":0},{"id":"16432","description":"اپل، آلدوس، مایکروسافت","iscorrect":0},{"id":"16433","description":"آلدوس، اپل، ادوبی","iscorrect":1},{"id":"16434","description":"مایکروسافت، آلدوس، ادوبی","iscorrect":0}]},{"id":"4308","description":"اثرگذارترین شرکت‌ها در فراگیری نشر دیجیتال کدام بودند؟","answers":[{"id":"16435","description":"اپل، آمازون، آلدوس","iscorrect":0},{"id":"16436","description":"آمازون، آلدوس، بارنز-اند-نوبلز","iscorrect":0},{"id":"16437","description":"بارنز-اند-نوبلز، آمازون و اپل","iscorrect":1},{"id":"16438","description":"اپل، گوگل، آمازون","iscorrect":0}]}]},{"score":"50","questions":[{"id":"4313","description":"مشخصه اصلی دوران نشر رومیزی چیست؟","answers":[{"id":"16457","description":"انتشار کتاب و سایر محتواهای متنی با استفاده از دستگاه تایپ و فوتوکپی","iscorrect":0},{"id":"16458","description":"انتشار کتاب و سایر محتواها با استفاده از کامپیوتر و از طریق اینترنت","iscorrect":0},{"id":"16459","description":"انتشار محتواهای متنی با استفاده از کامپیوتر و پرینترهای خانگی","iscorrect":1},{"id":"16460","description":"هیچ کدام","iscorrect":0}]},{"id":"4314","description":"مشخصه اصلی دوران نشر دیجیتال چیست؟","answers":[{"id":"16461","description":"امکان سفارش کتاب‌های چاپی و غیر چاپی از طریق اینترنت","iscorrect":0},{"id":"16462","description":"امکان تولید کتاب‌های دیجیتال و عرضه آنها از طریق اینترنت","iscorrect":1},{"id":"16463","description":"قطع اتکای تولیدکنندگان محتوا به ناشران","iscorrect":0},{"id":"16464","description":"موارد ۲ و ۳","iscorrect":0}]},{"id":"4315","description":"اولویت‌های مخاطبان عصر دیجیتال چیست؟","answers":[{"id":"16465","description":"دریافت کتاب‌ها در کمترین زمان و با پایین ترین قیمت","iscorrect":0},{"id":"16466","description":"داشتن حق انتخاب برای خرید نسخه چاپی یا دیجیتال کتاب‌ها","iscorrect":0},{"id":"16467","description":"امکان مطالعه کتاب‌ها بر روی دستگاه‌های مورد علاقه در زمان‌های دلخواه","iscorrect":0},{"id":"16468","description":"موارد ۱ و ۲","iscorrect":0},{"id":"16469","description":"موارد ۲ و ۳","iscorrect":0},{"id":"16470","description":"موارد ۱ و ۲ و ۳","iscorrect":1}]},{"id":"4316","description":"بررسی مقدماتی اثر توسط ناشر شامل کدام مورد نیست؟","answers":[{"id":"16471","description":"بررسی قابلیت‌ها و کیفیت کتاب","iscorrect":0},{"id":"16472","description":"بررسی کتاب از نظر ویراستاری","iscorrect":0},{"id":"16473","description":"بررسی کتاب توسط متخصص رشته ای که اثر در رابطه با آن نوشته شده","iscorrect":0},{"id":"16474","description":"انعقاد قرارداد با نویسنده","iscorrect":1}]}]}]},{"name":"درس دوم- ظهور کتاب‌های الکترونیکی","id":"624","contentorder":"3","lesson_number":2,"type":0,"filename":"lesson624.html"},{"name":"ظهور کتاب‌های الکترونیکی","id":"1046","contentorder":"4","type":1,"set":[{"score":"50","questions":[{"id":"4321","description":"پروژه گوتنبرگ توسط چه فرد یا سازمانی راه اندازی شد؟","answers":[{"id":"16486","description":"یوهانس گوتنبرگ","iscorrect":0},{"id":"16487","description":"کنگره امریکا","iscorrect":0},{"id":"16488","description":"مایکل استرن هارت","iscorrect":1},{"id":"16489","description":"کتابخانه ملی امریکا","iscorrect":0}]},{"id":"4322","description":"شرکت ادوبی در سال ............. فرمت ............. را برای انتشار اسناد دیجیتال معرفی کرد.","answers":[{"id":"16490","description":"۱۹۹۳ – پی دی اف","iscorrect":1},{"id":"16491","description":"۲۰۰۱ – ای پاب","iscorrect":0},{"id":"16492","description":"۲۰۰۱ – پی دی اف","iscorrect":0},{"id":"16493","description":"۱۹۹۳ – ای پاب","iscorrect":0}]},{"id":"4323","description":"هدف تعریف شده برای پروژه گوتنبرگ چیست؟","answers":[{"id":"16494","description":"تشویق تولید و توزیع ایبوک‌ها","iscorrect":0},{"id":"16495","description":"کمک به پایین آوردن سطح جهل و بی سوادی","iscorrect":0},{"id":"16496","description":"رساندن ایبوک‌ها به دست هر تعداد انسان که ممکن باشد.","iscorrect":0},{"id":"16497","description":"تمام موارد","iscorrect":1}]},{"id":"4324","description":"کدام یک از موارد زیر، جزو فرمت‌های مربوط به کتاب الکترونیکی نیست؟","answers":[{"id":"16499","description":"آیبوک","iscorrect":0},{"id":"16500","description":"پی دی اف","iscorrect":0},{"id":"16501","description":"ایکس ام ال","iscorrect":1},{"id":"16502","description":"ای پاب","iscorrect":0}]}]},{"score":"50","questions":[{"id":"4325","description":"ای اینک (E Ink) عبارت است از:","answers":[{"id":"16503","description":"نوعی جوهر فیزیکی با کاربردهایی در نمایشگرهای دیجیتال","iscorrect":0},{"id":"16504","description":"یکی از فرمت‌های رایج برای کتاب‌های الکترونیکی","iscorrect":0},{"id":"16505","description":"تکنولوژی مربوط به صفحه نمایش کتابخوان‌ها","iscorrect":1},{"id":"16506","description":"یکی از زبان‌های برنامه نویسی برای تهیه ای پاب","iscorrect":0}]},{"id":"4326","description":"کدام یک جزو دلایل حرکت به سمت نشر دیجیتال است؟","answers":[{"id":"16507","description":"گسترش فروشگاه‌های آنلاین و آسان شدن نشر محتوا","iscorrect":0},{"id":"16508","description":"امکان تولید کتاب‌هایی با محتواهای تعاملی و غنی شدن کتاب‌ها","iscorrect":0},{"id":"16509","description":"گسترش استفاده از تبلت‌ها و تلفن‌های هوشمند در بین مردم","iscorrect":0},{"id":"16510","description":"عدم نیاز به قطع درختان","iscorrect":0},{"id":"16511","description":"همه موارد","iscorrect":1}]},{"id":"4327","description":"هدف تعریف شده برای پروژه گوتنبرگ چیست؟","answers":[{"id":"16512","description":"تشویق تولید و توزیع ایبوک‌ها","iscorrect":0},{"id":"16513","description":"کمک به پایین آوردن سطح جهل و بی سوادی","iscorrect":0},{"id":"16514","description":"رساندن ایبوک‌ها به دست هر تعداد انسان که ممکن باشد.","iscorrect":0},{"id":"16515","description":"تمام موارد","iscorrect":1}]},{"id":"4328","description":"چه عواملی باعث رواج کتاب‌های الکترونیکی در دهه ۹۰ میلادی شدند؟","answers":[{"id":"16517","description":"کامپیوترهای شخصی و زبان های برنامه نویسی جدید","iscorrect":0},{"id":"16518","description":"زبان‌های برنامه نویسی جدید و اینترنت","iscorrect":0},{"id":"16519","description":"کامپیوترهای شخصی، اینترنت و فرمت‌های جدید","iscorrect":1},{"id":"16520","description":"فرمت‌های جدید، کامپیوترهای شخصی و زبان‌های برنامه نویسی جدید","iscorrect":0}]}]}]},{"name":"درس سوم- چرا مردم کتاب می‌خوانند؟","id":"625","contentorder":"5","lesson_number":3,"type":0,"filename":"lesson625.html"},{"name":"چرا مردم کتاب می‌خوانند؟","id":"1048","contentorder":"6","type":1,"set":[{"score":"50","questions":[{"id":"4329","description":"کدام مورد جزو دلایل عمومی برای خواندن کتاب توسط مردم نیست؟","answers":[{"id":"16521","description":"غنی کردن زندگی","iscorrect":0},{"id":"16522","description":"به چالش کشیدن ذهن","iscorrect":0},{"id":"16523","description":"پالایش زندگی خانوادگی","iscorrect":1},{"id":"16524","description":"انگیزه‌های درونی","iscorrect":0},{"id":"16525","description":"هیچ کدام","iscorrect":0}]},{"id":"4330","description":"غنی کردن زندگی مردم از طریق کتاب با چه راه‌هایی ممکن است؟","answers":[{"id":"16526","description":"ارائه دانش‌های تخصصی","iscorrect":0},{"id":"16527","description":"کمک به بالا رفتن سطح ادراک و آگاهی عمومی","iscorrect":0},{"id":"16528","description":"القای معانی در ضمن سرگرم سازی","iscorrect":0},{"id":"16529","description":"هر سه مورد","iscorrect":1}]},{"id":"4331","description":"کدام یک از انگیزه‌های درونی زیر، یک انگیزه خوب برای نویسندگی به شمار نمی‌رود؟","answers":[{"id":"16530","description":"پولدار شدن","iscorrect":1},{"id":"16531","description":"جستجو برای راه حل یک عادت بد","iscorrect":0},{"id":"16532","description":"تلاش برای نهادینه کردن یک رفتار اجتماعی نیک","iscorrect":0},{"id":"16533","description":"تلاش برای راه انداختن یک جنبش گروهی","iscorrect":0}]},{"id":"4332","description":"تنها در صورتی باید به تقاضای عمومی برای نوشتن یک کتاب پاسخ مثبت داد که:","answers":[{"id":"16534","description":"آن تقاضا از طرف عده زیادی مطرح شده باشد.","iscorrect":0},{"id":"16535","description":"بدانیم آن کتاب می‌تواند پر فروش باشد.","iscorrect":0},{"id":"16536","description":"فرد پیشنهاد دهنده، اهل فن بوده و توانایی این کار را در ما سراغ داشته باشد.","iscorrect":1},{"id":"16537","description":"بدانیم که کتاب دیگری در آن زمینه نوشته نشده است.","iscorrect":0}]}]},{"score":"50","questions":[{"id":"4333","description":"کدام کتاب می‌تواند پر فروش‌تر باشد؟","answers":[{"id":"16538","description":"کتابی که موضوع داغی داشته باشد.","iscorrect":0},{"id":"16539","description":"کتابی که به حل یک مشکل، رفع یک ترس یا ارضاء یک کنجکاوی بپردازد.","iscorrect":1},{"id":"16540","description":"کتابی که به موضوعات مختلف بپردازد.","iscorrect":0},{"id":"16541","description":"احتمال پر فروش بودن همه موارد یکسان است.","iscorrect":0}]},{"id":"4334","description":"نوشتن کتابی با موضوع \"چطور یک طراح ماهر شویم؟\" کدام یک از موارد زیر را پوشش می‌دهد؟","answers":[{"id":"16542","description":"ارضا کنجکاوی مخاطب","iscorrect":0},{"id":"16543","description":"حل کردن یک مشکل از مخاطب","iscorrect":1},{"id":"16544","description":"هر دو مورد","iscorrect":0}]},{"id":"4335","description":"کدام یک از موارد زیر صحیح نیست؟","answers":[{"id":"16545","description":"مهم نیست که به موضوعی علاقه دارید یا نه، به هر حال می‌توانید کتاب موفقی در آن زمینه بنویسید.","iscorrect":0},{"id":"16546","description":"بهتر است از ابتدای نوشتن کتاب مخاطب هدف را مد نظر داشته باشید، زیرا چنین افرادی می‌توانند بازاریابان کتاب شما باشند.","iscorrect":0},{"id":"16547","description":"اطلاعات ارائه شدن در کتاب باید منحصر به فرد باشند.","iscorrect":0},{"id":"16548","description":"نیازی به گرد آوری منابع در ابتدای راه نیست. در طول نوشتن کتاب هم می‌تواند منابع را جمع آوری کرد.","iscorrect":0},{"id":"16549","description":"گزینه ۱ و ۴","iscorrect":1}]},{"id":"4336","description":"کتاب «ارباب حلقه‌ها» جزو .............. و کتاب «زندگینامه استیو جابز» جزو ............. است.","answers":[{"id":"16550","description":"کتاب‌های سرگرم کننده – کتاب‌های سرگرم کننده","iscorrect":0},{"id":"16551","description":"کتاب‌های مربوط به آگاهی و ادراک – کتاب‌های سرگرم کننده","iscorrect":0},{"id":"16552","description":"کتاب‌های سرگرم کننده – کتاب‌های مربوط به آگاهی و ادراک","iscorrect":1},{"id":"16553","description":"کتاب‌های شادی آور – کتاب‌های تخصصی","iscorrect":0}]}]}]},{"name":"درس چهارم- دکترین انتشار شخصی- بخش اول","id":"626","contentorder":"7","lesson_number":4,"type":0,"filename":"lesson626.html"},{"name":"درس پنجم- دکترین انتشار شخصی- بخش دوم","id":"627","contentorder":"8","lesson_number":5,"type":0,"filename":"lesson627.html"},{"name":"دکترین انتشار شخصی","id":"1050","contentorder":"9","type":1,"set":[{"score":"50","questions":[{"id":"4337","description":"کدام یک از موارد زیر، جزو تغییرات بنیادی به واسطه امکان نشر شخصی نیست؟","answers":[{"id":"16554","description":"دمکراتیزه کردن نشر","iscorrect":0},{"id":"16555","description":"حذف واسطه‌های بی فایده","iscorrect":0},{"id":"16556","description":"اراده و قدرت تعیین برای ناشران","iscorrect":1},{"id":"16557","description":"همه موارد به جا ذکر شده","iscorrect":0}]},{"id":"4338","description":"کدام مورد، نمی‌تواند جزو مزایای نشر شخصی کتاب باشد؟","answers":[{"id":"16558","description":"در دست گرفتن طراحی و محتوا","iscorrect":0},{"id":"16559","description":"حق تألیف","iscorrect":0},{"id":"16560","description":"کاهش زمان رسیدن اثر به بازار","iscorrect":0},{"id":"16561","description":"عدم نیاز به ناشر یا ویراستار","iscorrect":1},{"id":"16562","description":"انعطاف کاری","iscorrect":0},{"id":"16563","description":"حقوق خارجی","iscorrect":0}]},{"id":"4339","description":"در دست گرفتن طراحی و محتوا توسط صاحب اثر به چه معنا است؟","answers":[{"id":"16564","description":"عدم نیاز به طراحی برای محتوا","iscorrect":0},{"id":"16565","description":"آزاد بودن برای نشر هر نوع محتوایی بدون نیاز به پاسخگویی به ناشر","iscorrect":0},{"id":"16566","description":"امکان اِعمال نظر مستقیم بر روی طراحی کتاب و تغییرات احتمالی محتوا","iscorrect":1},{"id":"16567","description":"عدم نیاز قطعی به ویراستار و طراحی","iscorrect":0}]},{"id":"4340","description":"کدام مورد، از اشکالات انتشار شخصی کتاب است؟","answers":[{"id":"16568","description":"عدم برقراری رابطه نزدیک با ناشر و افرادی که می‌تواند به شما معرفی کند از جمله ویراستار و گروه آماده سازی کتاب","iscorrect":1},{"id":"16569","description":"عدم وجود قوانین شفاف در زمینه نشر شخصی کتاب","iscorrect":0},{"id":"16570","description":"امکان شکایت ناشر از شما به خاطر انتشار بدون هماهنگی کتاب","iscorrect":0}]}]},{"score":"50","questions":[{"id":"4341","description":"کدام مورد، نمی‌تواند جزو مزایای نشر شخصی کتاب باشد؟","answers":[{"id":"16571","description":"کاهش زمان رسیدن اثر به بازار","iscorrect":0},{"id":"16572","description":"در دست گرفتن طراحی و محتوا","iscorrect":0},{"id":"16573","description":"انعطاف کاری و حقوق خارجی","iscorrect":0},{"id":"16574","description":"عدم نیاز به ناشر یا ویراستار","iscorrect":1}]},{"id":"4342","description":"در چه صورت آمادگی شما برای انتشار کتاب شخصی، زیر سوال می‌رود؟","answers":[{"id":"16575","description":"ایده خوبی برای موضوع کتاب نداشته باشید.","iscorrect":0},{"id":"16576","description":"کمتر از میزان لازم، به تمرین پرداخته باشید.","iscorrect":0},{"id":"16577","description":"اثر خود را به منتقد جدی ارائه نکرده باشید.","iscorrect":0},{"id":"16578","description":"هر سه مورد بالا","iscorrect":1}]},{"id":"4343","description":"در روش نشر شخصی، هدف نهایی از بستر سازی برای معرفی کتاب در دنیای مجازی چیست؟","answers":[{"id":"16579","description":"دور زدن ناشران چاپی","iscorrect":0},{"id":"16580","description":"ایجاد ارتباطات و پیوندهای فراگیر برای معروفیت خود و کتاب","iscorrect":0},{"id":"16581","description":"رسیدن به مخاطب هدف","iscorrect":1},{"id":"16582","description":"همه موارد","iscorrect":0}]},{"id":"4344","description":"چرا ارائه اثر به یک منتقد جدی مهم است؟","answers":[{"id":"16583","description":"زیرا در این صورت احتمال شکست و بدنامی زیاد است.","iscorrect":0},{"id":"16584","description":"زیرا هیچ اثری بدون ایراد نیست و منتقد می تواند ایرادات آن را به طور کامل رفع کند.","iscorrect":0},{"id":"16585","description":"زیرا منتقد جدی، کسی است که بدون پیش فرض های ذهنی نویسنده اثر را می خواند و در نتیجه نقاط ضعف را گوشزد می کند.","iscorrect":0},{"id":"16586","description":"موارد ۱ و ۳","iscorrect":1},{"id":"16587","description":"زیرا منتقد جدی در روش نشر شخصی کتاب به جای ویراستار قرار می‌گیرد.","iscorrect":0}]}]}]},{"name":"درس ششم- چطور کتاب خود را بنویسید؟","id":"628","contentorder":"10","lesson_number":6,"type":0,"filename":"lesson628.html"},{"name":"چطور کتاب خود را بنویسید؟","id":"1052","contentorder":"11","type":1,"set":[{"score":"50","questions":[{"id":"4345","description":"کدام گزینه در بر دارنده گام‌های صحیح برای نوشتن و انتشار کتاب الکترونیکی است؟","answers":[{"id":"16588","description":"جمع آوری منابع، نوشتن کتاب، ویرایش متن، تهیه فایل، گرفتن خروجی مناسب","iscorrect":0},{"id":"16589","description":"انتخاب موضوع، نوشتن کتاب، انتخاب نرم افزار مناسب، ذکر منابع، تهیه فایل، انتشار کتاب","iscorrect":0},{"id":"16590","description":"انتخاب موضوع، جمع آوری منابع، انتخاب نرم افزار مناسب، نگارش کتاب، ساماندهی متن، تهیه فایل‌ها","iscorrect":1},{"id":"16591","description":"نوشتن کتاب در بستر مناسب نرم افزاری، ویرایش کتاب، ذکر منابع، انتشار فایل‌ها","iscorrect":0}]},{"id":"4346","description":"نقشه ذهنی چیست و به چه کاری می‌آید؟","answers":[{"id":"16592","description":"تکنیکی برای رسم ایده‌های مختلف به صورت انشعاب‌هایی از ایده اصلی و کارکرد آن ثبت ایده‌ها برای از یاد نبردن آنها است.","iscorrect":1},{"id":"16593","description":"تکنیکی برای یادداشت برداری موضوعی از ایده‌ها و کارکرد آن ویرایش ایده‌های مرتبط است.","iscorrect":0},{"id":"16594","description":"تکنیکی برای رسم مسیر داستانی و کارکرد آن فصل بندی کتاب است.","iscorrect":0},{"id":"16595","description":"تکنیکی برای ویرایش متن کتاب و کارکرد آن و نهایی سازی داستان است.","iscorrect":0}]},{"id":"4347","description":"چرا باید هر روز به نوشتن کتاب پرداخت؟","answers":[{"id":"16596","description":"زیرا نوشتن کتاب کار بزرگی است و نمی‌توان یک باره آن را به پایان رساند.","iscorrect":0},{"id":"16597","description":"زیرا ظرفیت‌های ذهنی و جسمی در کار نویسندگی زیر فشارهای شدید قرار می‌گیرند و کار باید تقسیم شود.","iscorrect":0},{"id":"16598","description":"زیرا هیچ موقع زندگی خالی از همه مشغله‌ها نمی‌شود و در نتیجه باید از فرصت‌های پیش آمده در هر روز استفاده کرد.","iscorrect":0},{"id":"16599","description":"همه موارد","iscorrect":1}]},{"id":"4348","description":"کدام یک از موارد زیر در مورد ذخیره سازی فایل صدق نمی‌کند؟","answers":[{"id":"16600","description":"می‌توان با فایل‌های هر برنامه پردازش متنی را به طور همزمان با نوشتن در فضای ابری ذخیره کرد.","iscorrect":0},{"id":"16601","description":"دراپ باکس، گوگل درایو، و اسکای درایو هر سه جزو خدمات ابری هستند.","iscorrect":0},{"id":"16602","description":"نرم افزار سیگیل یک نرم افزار اختصاصی برای ذخیره فایل‌های ای پاب در فضای ابری است.","iscorrect":1},{"id":"16603","description":"یکی از مزایای ذخیره سازی در فضای ابری، امکان دسترسی به چندین نسخه قبلی فایل در حال ویرایش و بازیابی آن است.","iscorrect":0}]}]},{"score":"50","questions":[{"id":"4349","description":"کدام جمله صحیح است: موقع نوشتن کتاب..............","answers":[{"id":"16604","description":"ذخیره سازی ابری را به طور همزمان انجام ندهید زیرا ممکن است باعث خرابی فایل شود.","iscorrect":0},{"id":"16605","description":"ویرایش متن را محدود کنید زیرا این کار می‌تواند نظم ذهنی و پیوستگی داستان شما را خدشه دار کند.","iscorrect":1},{"id":"16606","description":"هر بار که شروع به نوشتن می‌کنید، سعی کنید در همان روز تا ۷۰ صفحه را به طور پیوسته بنویسید.","iscorrect":0},{"id":"16607","description":"هرگز همزمان با فرآیند چند هفته‌ای نوشتن کتاب، به بستر سازی در محیط اینترنت نپردازید بلکه کار را به بعد از آن موکول کنید.","iscorrect":0}]},{"id":"4350","description":"کدام یک از موارد زیر صحیح نیست؟","answers":[{"id":"16608","description":"باید قادر باشید همیشه و در هر زمانی ایده‌های ذهنی خود را ثبت کنید.","iscorrect":0},{"id":"16609","description":"بستر سازی همزمان در اینترنت به معنای آن نیست که هر روز موقع نوشتن کتاب در فیسبوک و توییتر هم فعالیت کنید.","iscorrect":0},{"id":"16610","description":"ایبوک فرمت استانداردی است که نیازی به تست آن بعد از تهیه نسخه نهایی کتاب نیست.","iscorrect":1},{"id":"16611","description":"بهتر است برای بازبینی متن و یا طراحی جلد افراد متخصص استخدام شوند.","iscorrect":0}]},{"id":"4351","description":"کدام گزینه در بر دارنده گام‌های صحیح برای نوشتن و انتشار کتاب الکترونیکی است؟","answers":[{"id":"16612","description":"جمع آوری منابع، نوشتن کتاب، ویرایش متن، تهیه فایل، گرفتن خروجی مناسب","iscorrect":0},{"id":"16613","description":"انتخاب موضوع، نوشتن کتاب، انتخاب نرم افزار مناسب، ذکر منابع، تهیه فایل، انتشار کتاب","iscorrect":0},{"id":"16614","description":"انتخاب موضوع، جمع آوری منابع، انتخاب نرم افزار مناسب، نگارش کتاب، ساماندهی متن، تهیه فایل‌ها","iscorrect":1},{"id":"16615","description":"نوشتن کتاب در بستر مناسب نرم افزاری، ویرایش کتاب، ذکر منابع، انتشار فایل‌ها","iscorrect":0}]},{"id":"4352","description":"کدام یک جزو مواردی که می‌تواند بر هم زننده تمرکز شما موقع نوشتن کتاب شوند، تلقی نمی شود؟","answers":[{"id":"16616","description":"ذخیره سازی ابری همزمان","iscorrect":1},{"id":"16617","description":"فعالیت در شبکه‌های اجتماعی","iscorrect":0},{"id":"16618","description":"ویرایش و بازبینی متن","iscorrect":0},{"id":"16619","description":"فرمت بندی فونت‌ها و آراستن صفحات","iscorrect":0}]}]}]},{"name":"درس هفتم- در اهمیت داستان‌ پردازی","id":"629","contentorder":"12","lesson_number":7,"type":0,"filename":"lesson629.html"},{"name":"اهمیت داستان‌ پردازی","id":"1054","contentorder":"13","type":1,"set":[{"score":"50","questions":[{"id":"4353","description":"کدام یک از موارد زیر، برای خلق داستان بهتر مورد نیاز است؟","answers":[{"id":"16620","description":"تعلیق","iscorrect":0},{"id":"16621","description":"تصویر سازی","iscorrect":0},{"id":"16622","description":"فنون نگارش ادبی","iscorrect":0},{"id":"16623","description":"ارائه الگو برای کار یا زندگی","iscorrect":0},{"id":"16624","description":"همه گزینه‌های بالا","iscorrect":1}]},{"id":"4354","description":"دلیل اثرگذاری داستان‌ها بر اکثر افراد این است که ...........","answers":[{"id":"16625","description":"مردم پذیرای اثر گرفتن از دیگران هستند و داستان‌ها نیز در این راستا قرار دارند، بنابراین اثر گذار هستند.","iscorrect":0},{"id":"16626","description":"اکثر افراد، قدرت داستان‌ها را دست کم گرفته‌اند و از این رو هر داستانی می‌تواند بر آنها اثر بگذارد.","iscorrect":0},{"id":"16627","description":"انسان‌ها مستعد آن هستند که عقاید و تجربیات بیان شده به شکل داستان را مطالعه کرده و مانند دریافت‌های شخصی خود از آنها استفاده کنند.","iscorrect":1},{"id":"16628","description":"داستان‌ها قادر هستند ذهن افراد را به محل دیگری ببرند و به این شکل آنها را در موقعیت پذیرش دریافت‌های جدید قرار دهند.","iscorrect":0},{"id":"16629","description":"موارد ۳ و ۴","iscorrect":0}]},{"id":"4355","description":"داستان گویی مناسب را می‌توان به .......... خوب در سینما تشبیه کرد.","answers":[{"id":"16630","description":"کارگردانی","iscorrect":0},{"id":"16631","description":"جلوه‌های ویژه","iscorrect":0},{"id":"16632","description":"تدوین","iscorrect":1},{"id":"16633","description":"بازیگردانی","iscorrect":0}]},{"id":"4356","description":"تعلیق عبارت است از ..........","answers":[{"id":"16634","description":"ایجاد تعویق در ارایه نقاط عطف کتاب","iscorrect":0},{"id":"16635","description":"پخش کردن و سپس کنار زدن تدریجی لایه‌های مختلف معنایی در کتاب","iscorrect":1},{"id":"16636","description":"تکیه بر میل اکثر افراد برای به پایان رسانیدن داستان، به منظور طولانی کردن آن","iscorrect":0},{"id":"16637","description":"ایجاد اعتیاد به واسطه مبهم باقی گذاشتن زوایای مختلف داستان","iscorrect":0}]}]},{"score":"50","questions":[{"id":"4357","description":"تصویر سازی:","answers":[{"id":"16638","description":"یکی از ابزارهای ایجاد حس تعلیق است.","iscorrect":0},{"id":"16639","description":"می‌تواند به صحنه پردازی دلخواه نویسنده کمک کند.","iscorrect":0},{"id":"16640","description":"باعث ایجاد حس همذات پنداری با شخصیت‌ها یا نویسنده کتاب می‌شود.","iscorrect":0},{"id":"16641","description":"به باور کردن رویدادهای دروغین توسط مخاطب کمک می‌کند.","iscorrect":0},{"id":"16642","description":"موارد ۲ و ۳","iscorrect":1}]},{"id":"4358","description":"کتاب مزرعه حیوانات نمونه بارزی از .......... است.","answers":[{"id":"16643","description":"تصویر سازی ماهرانه","iscorrect":0},{"id":"16644","description":"الگو سازی گیرا","iscorrect":0},{"id":"16645","description":"استفاده ماندگار از فنون ادبی","iscorrect":1},{"id":"16646","description":"تعلیق","iscorrect":0}]},{"id":"4359","description":"کدام یک از موارد زیر، از مشخصه‌های یک نویسنده حرفه‌ای نیست؟","answers":[{"id":"16647","description":"تمرین منظم، سنجیده و سطح بالا","iscorrect":0},{"id":"16648","description":"صرف وقت کمتر و ارائه کار پر بار تر از سایرین","iscorrect":0},{"id":"16649","description":"تکیه بر نیروی اراده برای رسیدن به موفقیت","iscorrect":1},{"id":"16650","description":"کار در قالب چرخه‌های منظم فعالیت و استراحت","iscorrect":0}]},{"id":"4360","description":"بهترین راه کسب انضباط شخصی، …....","answers":[{"id":"16651","description":"کار گروهی است.","iscorrect":0},{"id":"16652","description":"استراحت مناسب و زیاد است.","iscorrect":0},{"id":"16653","description":"شکل دادن عادت‌ها است.","iscorrect":1},{"id":"16654","description":"اتکا به نیروی اراده است.","iscorrect":0}]}]}]},{"name":"درس هشتم- کلیات بازبینی متن، عنوان گذاری و صفحه بندی","id":"630","contentorder":"14","lesson_number":8,"type":0,"filename":"lesson630.html"},{"name":"درس نهم- ابزارهای مورد نیاز نویسندگان","id":"631","contentorder":"15","lesson_number":9,"type":0,"filename":"lesson631.html"},{"name":"ابزارهای مورد نیاز نویسندگان","id":"1056","contentorder":"16","type":1,"set":[{"score":"60","questions":[{"id":"4361","description":"کدام یک از موارد زیر، جزو برنامه‌های پردازش متن یا یادداشت برداری به حساب نمی‌آید؟","answers":[{"id":"16655","description":"مایکروسافت ورد","iscorrect":0},{"id":"16656","description":"وان نوت","iscorrect":0},{"id":"16657","description":"لیبره آفیس","iscorrect":0},{"id":"16658","description":"اپلیکیشن پاکت","iscorrect":1}]},{"id":"4362","description":"کالیبره برنامه‌ای است ..........","answers":[{"id":"16659","description":"برای مطالعه کتاب‌های الکترونیکی با فرمت ای پاب بر روی رایانه","iscorrect":0},{"id":"16660","description":"برای تبدیل و همگام سازی کتاب‌های الکترونیکی با سایر دستگاه‌ها","iscorrect":0},{"id":"16661","description":"برنامه‌ای برای تبدیل فرمت‌های مختلف کتاب‌های الکترنیک به یکدیگر","iscorrect":0},{"id":"16662","description":"همه موارد","iscorrect":1}]},{"id":"4363","description":"سیگیل برنامه‌ای است ...........","answers":[{"id":"16663","description":"برای ویرایش انواع کتاب‌های الکترونیکی","iscorrect":0},{"id":"16664","description":"برای ویرایش و ایجاد تغییر در کتاب‌های pdf","iscorrect":0},{"id":"16665","description":"برای ویرایش و تغییر فرمت ای پاب","iscorrect":1},{"id":"16666","description":"فقط برای کدنویسی فرمت ای پاب","iscorrect":0}]}]},{"score":"60","questions":[{"id":"4364","description":"برنامه دراپ باکس:","answers":[{"id":"16667","description":"می‌تواند انواع فایل‌های شما را با حساب ابری تان در سایت دراپ باکس همگام کند.","iscorrect":1},{"id":"16668","description":"تنها می‌تواند فایل‌های رمزنگاری شده را با فضای ابری همگام سازی کند.","iscorrect":0},{"id":"16669","description":"تنها می‌تواند فایل‌های گوگل داکز، ورد و وان نوت را با حساب ابری همگام سازی کند.","iscorrect":0},{"id":"16670","description":"می‌تواند انواع فایل‌ها را با انواع حساب‌های ابری همگام کند.","iscorrect":0}]},{"id":"4365","description":"Microsoft Office Web Apps چیست؟","answers":[{"id":"16671","description":"مجموعه برنامه‌های مایکروسافت برای رایانه‌های رومیزی که از طریق اینترنت نیز قابل دسترسی اند.","iscorrect":0},{"id":"16672","description":"مجموعه برنامه‌های آفیس که تنها از طریق اینترنت قابل دسترسی‌اند.","iscorrect":1},{"id":"16673","description":"مجموعه برنامه‌های آفیس که نه تنها از طریق اینترنت، بلکه به صورت آفلاین هم در دسترس‌اند.","iscorrect":0}]},{"id":"4366","description":"چرا بهتر است برای نوشتن کتاب به جای قلم و کاغذ یا ماشین تایپ از کامپیوتر استفاده شود؟","answers":[{"id":"16674","description":"برای صرفه جویی در زمان","iscorrect":0},{"id":"16675","description":"برای حفظ امنیت نوشته‌ها","iscorrect":0},{"id":"16676","description":"برای جلوگیری از دوباره کاری در نشر دیجیتال","iscorrect":0},{"id":"16677","description":"هر سه مورد","iscorrect":1}]}]}]},{"name":"درس دهم- آشنایی با دو فرمت‌ ای پاب و پی دی اف","id":"632","contentorder":"17","lesson_number":10,"type":0,"filename":"lesson632.html"},{"name":"فرمت‌های ای پاب و پی دی اف","id":"1058","contentorder":"18","type":1,"set":[{"score":"60","questions":[{"id":"4378","description":"ای پاب چیست؟","answers":[{"id":"16678","description":"تنها فرمت کتاب الکترونیکی است.","iscorrect":0},{"id":"16679","description":"یک نوع کتاب الکترونیکی با فرمت ثابت است که توسط برنامه‌های مخصوص باز می‌شود.","iscorrect":0},{"id":"16680","description":"یک پوشه فشرده از فایل‌های html و دارای قابلیت تطبیق پذیری خودکار است.","iscorrect":1},{"id":"16681","description":"یک نوع میکرو وب سایت از نوع آنلاین است که صفحات کتاب را میزبانی می‌کند.","iscorrect":0}]},{"id":"4379","description":"مزایای کتاب با فرمت ای پاب چیست؟","answers":[{"id":"16682","description":"عدم وابستگی به یک سیستم عامل خاص","iscorrect":0},{"id":"16683","description":"عدم وابستگی به یک اندازه نمایشگر خاص","iscorrect":0},{"id":"16684","description":"قابلیت تطبیق پذیری خودکار با نسبت طول به عرض نمایشگر","iscorrect":0},{"id":"16685","description":"همه موارد","iscorrect":1}]},{"id":"4380","description":"کدام مورد جزو معایب فایل با فرمت ای پاب نیست؟","answers":[{"id":"16686","description":"تغییر شرایط نمایش محتوا بر حسب دستگاه‌های مختف که باعث می شود کار طراح کتاب بی ارزش شود.","iscorrect":0},{"id":"16687","description":"عدم امکان ارائه پاورقی برای صفحات","iscorrect":0},{"id":"16688","description":"ناممکن بودن جایگذاری عکس و محتواهای تصویری در متن","iscorrect":1},{"id":"16689","description":"عدم امکان شماره گذاری برای صفحات کتاب","iscorrect":0}]}]},{"score":"60","questions":[{"id":"4382","description":"فرمت پی دی اف ساخت کدام شرکت است؟","answers":[{"id":"16690","description":"آمازون","iscorrect":0},{"id":"16691","description":"ادوبی","iscorrect":1},{"id":"16692","description":"اپل","iscorrect":0},{"id":"16693","description":"بارنز-اند-نوبلز","iscorrect":0}]},{"id":"4383","description":"کدام مورد از خصوصیات پی دی اف نیست؟","answers":[{"id":"16694","description":"استقلال از سیستم عامل‌های مختلف","iscorrect":0},{"id":"16695","description":"فرمت با آرایش ثابت برای نمایش صفحات","iscorrect":0},{"id":"16696","description":"عدم امکان جایگذاری محتواهای چند رسانه ای یا تعاملی","iscorrect":1},{"id":"16697","description":"وجود ویژگی‌های امنیتی و امکان رمزگذاری","iscorrect":0}]},{"id":"4384","description":"کدام مورد، صحیح نیست:","answers":[{"id":"16698","description":"در پی دی اف امکان رمز گذاری وجود دارد.","iscorrect":0},{"id":"16699","description":"پی دی اف مناسب نیازهای ناشران نیست.","iscorrect":0},{"id":"16700","description":"پی دی اف قابلیت تطبیق خودکار با نمایشگرهای مختلف را ندارد.","iscorrect":0},{"id":"16701","description":"کانال‌های توزیع پی دی اف در سطح جهانی گسترده هستند.","iscorrect":1}]}]}]},{"name":"درس یازدهم- چطور فایل پی دی اف خود را آماده و تبدیل کنیم؟","id":"633","contentorder":"19","lesson_number":11,"type":0,"filename":"lesson633.html"},{"name":"درس دوازدهم- چطور فایل ای پاب خود را آماده و تبدیل کنیم؟","id":"634","contentorder":"20","lesson_number":12,"type":0,"filename":"lesson634.html"},{"name":"چطور فایل خود را آماده و تبدیل کنیم؟","id":"1060","contentorder":"21","type":1,"set":[{"score":"50","questions":[{"id":"4389","description":"برای تهیه فایل ای پاب، کدام موارد اضافی باید حذف شوند؟","answers":[{"id":"16706","description":"شماره صفحه، عکس‌ها، پاورقی‌ها","iscorrect":0},{"id":"16707","description":"شماره صفحه، پاورقی‌ها، هدر و فوتر","iscorrect":1},{"id":"16708","description":"شماره صفحه، عکس‌ها، هدر و فوتر","iscorrect":0},{"id":"16709","description":"عکس‌ها، پاورقی‌ها، هدر و فوتر","iscorrect":0}]},{"id":"4390","description":"کدام مورد، از مراحل آماده سازی فایل در محیط ورد نیست؟","answers":[{"id":"16710","description":"حذف موارد غیرضروری یا زاید‏","iscorrect":0},{"id":"16711","description":"آماده سازی متن","iscorrect":0},{"id":"16712","description":"وارد کردن مشخصات نویسنده و ناشر","iscorrect":1},{"id":"16713","description":"استایل گذاری عناوین تمام فصل‌های کتاب","iscorrect":0}]},{"id":"4391","description":"علامت گذاری عناوین فصل‌ها با استایل Heading 1 در چه موردی به کار می‌آید؟","answers":[{"id":"16714","description":"فقط برای ایجاد فهرست دسترسی سریع در زمان تهیه فرمت ای پاب","iscorrect":0},{"id":"16715","description":"فقط برای ایجاد فهرست دسترسی سریع در زمان تهیه فرمت پی دی اف","iscorrect":0},{"id":"16716","description":"ایجاد فهرست دسترسی سریع در زمان تهیه هر دو فرمت ای پاب و پی دی اف","iscorrect":1},{"id":"16717","description":"تغییر علامت گذاری و نوع فونت سر فصل‌ها","iscorrect":0},{"id":"16718","description":"هیچ کدام","iscorrect":0}]},{"id":"4392","description":"فرمت A‏/‏PDF چیست؟","answers":[{"id":"16719","description":"نسخه‌ای از فرمت PDF به شمار می‌رود که با استاندارد ISO 14001 تهیه می‌شود.","iscorrect":0},{"id":"16720","description":"نسخه‌ای از فرمت PDF با استاندارد ISO 19005 و ماندگاری بالاتر نسبت به PDF معمولی","iscorrect":1},{"id":"16721","description":"نسخه‌ای از فرمت PDF با استاندارد ISO 14001 و خوانایی و ماندگاری بالا","iscorrect":0},{"id":"16722","description":"هیچ کدام","iscorrect":0}]}]},{"score":"50","questions":[{"id":"4393","description":"برای انتقال اطلاعات غیر چاپی از فایل ورد به پی دی اف در زمان ذخیره آن، کدام گزینه باید تیک خورده باشد؟","answers":[{"id":"16723","description":"Create bookmarks using Headings","iscorrect":0},{"id":"16724","description":"Document","iscorrect":0},{"id":"16725","description":"Ducument structure tags for accessibility","iscorrect":0},{"id":"16726","description":"IS0 19005-1 compliant","iscorrect":0},{"id":"16727","description":"گزینه ۱ و ۴","iscorrect":1}]},{"id":"4394","description":"برای هر ای پاب...........","answers":[{"id":"16728","description":"تنها باید از فونت‌های پیش فرض استفاده کرد تا فایل سالم باشد.","iscorrect":0},{"id":"16729","description":"می‌توان از هر فونتی استفاده کرد.","iscorrect":0},{"id":"16730","description":"باید از فونت‌های استاندارد استفاده و صحت فایل نهایی را نیز تست کرد.","iscorrect":1},{"id":"16731","description":"نیازی به کار خاصی نیست و فونت‌ها در فایل ذخیره می‌شوند.","iscorrect":0}]},{"id":"4395","description":"برای قرار دادن جلد کتاب در فایل PDF/A ...........","answers":[{"id":"16732","description":"باید از برنامه ادوبی ریدر استفاده کرد.","iscorrect":0},{"id":"16733","description":"می‌توان بعد از تهیه فایل از هر برنامه مناسبی برای این کار استفاده کرد.","iscorrect":0},{"id":"16734","description":"باید جلد کتاب از قبل در داخل فایل doc جایگذاری شده باشد.","iscorrect":1},{"id":"16735","description":"باید فقط از برنامه کالیبره استفاده شود.","iscorrect":0}]},{"id":"4396","description":"کدام جمله صحیح است؟","answers":[{"id":"16736","description":"می‌توان بوک مارک‌های فایل PDF/A را دستکاری یا برای آن بوکمارک جدید درست کرد.","iscorrect":0},{"id":"16737","description":"نمی‌توان بوک مارک‌های فایل PDF/A را دستکاری یا برای آن بوکمارک جدید درست کرد.","iscorrect":1},{"id":"16738","description":"می‌توان بوک مارک‌های فایل PDF/A را دستکاری کردی ولی نمی‌توان برای آن بوکمارک جدید درست کرد.","iscorrect":0},{"id":"16739","description":"نمی‌توان بوک مارک‌های فایل PDF/A را دستکاری کردی ولی می‌توان برای آن بوکمارک جدید درست کرد.","iscorrect":0}]}]}]},{"name":"درس سیزدهم- چطور فایل ای پاب را ویرایش و رفع ایراد کنیم؟","id":"635","contentorder":"22","lesson_number":13,"type":0,"filename":"lesson635.html"},{"name":"درس ‪چهاردهم- تامین مالی و توزیع کتاب","id":"636","contentorder":"23","lesson_number":14,"type":0,"filename":"lesson636.html"},{"name":"دوره مبانی نشر الکترونیک- آزمون نهایی","id":"1112","contentorder":"24","type":1,"set":[{"score":"60","questions":[{"id":"4666","description":"ای اینک (E Ink) عبارت است از:","answers":[{"id":"17796","description":"نوعی جوهر فیزیکی با کاربردهایی در نمایشگرهای دیجیتال","iscorrect":0},{"id":"17797","description":"یکی از فرمت‌های رایج برای کتاب‌های الکترونیکی","iscorrect":0},{"id":"17798","description":"تکنولوژی مربوط به صفحه نمایش کتابخوان‌ها","iscorrect":1},{"id":"17799","description":"یکی از زبان‌های برنامه نویسی برای تهیه ای پاب","iscorrect":0}]},{"id":"4667","description":"تنها در صورتی باید به تقاضای عمومی برای نوشتن یک کتاب پاسخ مثبت داد که:","answers":[{"id":"17800","description":"آن تقاضا از طرف عده زیادی مطرح شده باشد.","iscorrect":0},{"id":"17801","description":"بدانیم آن کتاب می‌تواند پر فروش باشد.","iscorrect":0},{"id":"17802","description":"فرد پیشنهاد دهنده، اهل فن بوده و توانایی این کار را در ما سراغ داشته باشد.","iscorrect":1},{"id":"17803","description":"بدانیم که کتاب دیگری در آن زمینه نوشته نشده است.","iscorrect":0}]},{"id":"4668","description":"کتاب «ارباب حلقه‌ها» جزو .............. و کتاب «زندگینامه استیو جابز» جزو ............. است.","answers":[{"id":"17804","description":"کتاب‌های سرگرم کننده – کتاب‌های سرگرم کننده","iscorrect":0},{"id":"17805","description":"کتاب‌های مربوط به آگاهی و ادراک – کتاب‌های سرگرم کننده","iscorrect":0},{"id":"17806","description":"کتاب‌های سرگرم کننده – کتاب‌های مربوط به آگاهی و ادراک","iscorrect":1},{"id":"17807","description":"کتاب‌های شادی آور – کتاب‌های تخصصی","iscorrect":0}]},{"id":"4669","description":"در چه صورت آمادگی شما برای انتشار کتاب شخصی، زیر سوال می‌رود؟","answers":[{"id":"17808","description":"ایده خوبی برای موضوع کتاب نداشته باشید.","iscorrect":0},{"id":"17809","description":"کمتر از میزان لازم، به تمرین پرداخته باشید.","iscorrect":0},{"id":"17810","description":"اثر خود را به منتقد جدی ارائه نکرده باشید.","iscorrect":0},{"id":"17811","description":"هر سه مورد بالا","iscorrect":1}]},{"id":"4670","description":"کدام گزینه در بر دارنده گام‌های صحیح برای نوشتن و انتشار کتاب الکترونیکی است؟","answers":[{"id":"17812","description":"جمع آوری منابع، نوشتن کتاب، ویرایش متن، تهیه فایل، گرفتن خروجی مناسب","iscorrect":0},{"id":"17813","description":"انتخاب موضوع، نوشتن کتاب، انتخاب نرم افزار مناسب، ذکر منابع، تهیه فایل، انتشار کتاب","iscorrect":0},{"id":"17814","description":"انتخاب موضوع، جمع آوری منابع، انتخاب نرم افزار مناسب، نگارش کتاب، ساماندهی متن، تهیه فایل‌ه","iscorrect":1},{"id":"17815","description":"نوشتن کتاب در بستر مناسب نرم افزاری، ویرایش کتاب، ذکر منابع، انتشار فایل‌ها","iscorrect":0}]},{"id":"4671","description":"کتاب مزرعه حیوانات نمونه بارزی از .......... است.","answers":[{"id":"17816","description":"تصویر سازی ماهرانه","iscorrect":0},{"id":"17817","description":"الگو سازی گیرا","iscorrect":0},{"id":"17818","description":"استفاده ماندگار از فنون ادبی","iscorrect":1},{"id":"17819","description":"تعلیق","iscorrect":0}]},{"id":"4672","description":"Microsoft Office Web Apps چیست؟","answers":[{"id":"17820","description":"مجموعه برنامه‌های مایکروسافت برای رایانه‌های رومیزی که از طریق اینترنت نیز قابل دسترسی اند.","iscorrect":0},{"id":"17821","description":"مجموعه برنامه‌های آفیس که تنها از طریق اینترنت قابل دسترسی‌اند.","iscorrect":1},{"id":"17822","description":"مجموعه برنامه‌های آفیس که نه تنها از طریق اینترنت، بلکه به صورت آفلاین هم در دسترس‌اند.","iscorrect":0}]},{"id":"4673","description":"کدام مورد از خصوصیات پی دی اف نیست؟","answers":[{"id":"17823","description":"استقلال از سیستم عامل‌های مختلف","iscorrect":0},{"id":"17824","description":"فرمت با آرایش ثابت برای نمایش صفحات","iscorrect":0},{"id":"17825","description":"امکان جایگذاری محتواهای چند رسانه ای یا تعاملی","iscorrect":1},{"id":"17826","description":"وجود ویژگی‌های امنیتی و امکان رمزگذاری","iscorrect":0}]},{"id":"4674","description":"برای قرار دادن جلد کتاب در فایل PDF/A ...........","answers":[{"id":"17827","description":"باید از برنامه ادوبی ریدر استفاده کرد.","iscorrect":0},{"id":"17828","description":"می‌توان بعد از تهیه فایل از هر برنامه مناسبی برای این کار استفاده کرد.","iscorrect":0},{"id":"17829","description":"باید جلد کتاب از قبل در داخل فایل doc جایگذاری شده باشد.","iscorrect":1},{"id":"17830","description":"باید فقط از برنامه کالیبره استفاده شود.","iscorrect":0}]}]},{"score":"60","questions":[{"id":"4675","description":"در کدام دوره، پیشرفت در سطح دانش مردم به واسطه پیشرفت صنعت چاپ و نشر به وجود آمد؟","answers":[{"id":"17831","description":"دوران رونویسی از روی متون","iscorrect":0},{"id":"17832","description":"چاپ سنگی","iscorrect":0},{"id":"17833","description":"دستگاه چاپ","iscorrect":0},{"id":"17834","description":"نشر رومیزی","iscorrect":0},{"id":"17835","description":"نشر دیجیتال","iscorrect":0},{"id":"17836","description":"تمام موارد","iscorrect":1}]},{"id":"4676","description":"هدف تعریف شده برای پروژه گوتنبرگ چیست؟","answers":[{"id":"17837","description":"تشویق تولید و توزیع ایبوک‌ها","iscorrect":0},{"id":"17838","description":"کمک به پایین آوردن سطح جهل و بی سوادی","iscorrect":0},{"id":"17839","description":"رساندن ایبوک‌ها به دست هر تعداد انسان که ممکن باشد.","iscorrect":0},{"id":"17840","description":"تمام موارد","iscorrect":1}]},{"id":"4677","description":"غنی کردن زندگی مردم از طریق کتاب با چه راه‌هایی ممکن است؟","answers":[{"id":"17841","description":"ارائه دانش‌های تخصصی","iscorrect":0},{"id":"17842","description":"کمک به بالا رفتن سطح ادراک و آگاهی عمومی","iscorrect":0},{"id":"17843","description":"القای معانی در ضمن سرگرم سازی","iscorrect":0},{"id":"17844","description":"هر سه مورد","iscorrect":1}]},{"id":"4678","description":"کدام مورد، نمی‌تواند جزو مزایای نشر شخصی کتاب باشد؟","answers":[{"id":"17845","description":"در دست گرفتن طراحی و محتوا","iscorrect":0},{"id":"17846","description":"حق تألیف","iscorrect":0},{"id":"17847","description":"کاهش زمان رسیدن اثر به بازار","iscorrect":0},{"id":"17848","description":"عدم نیاز به ناشر یا ویراستار","iscorrect":1},{"id":"17849","description":"انعطاف کاری","iscorrect":0},{"id":"17850","description":"حقوق خارجی","iscorrect":0}]},{"id":"4679","description":"کدام یک از موارد زیر در مورد ذخیره سازی فایل صدق نمی‌کند؟","answers":[{"id":"17851","description":"می‌توان با فایل‌های هر برنامه پردازش متنی را به طور همزمان با نوشتن در فضای ابری ذخیره کرد.","iscorrect":0},{"id":"17852","description":"دراپ باکس، گوگل درایو، و اسکای درایو هر سه جزو خدمات ابری هستند.","iscorrect":0},{"id":"17853","description":"نرم افزار سیگیل یک نرم افزار اختصاصی برای ذخیره فایل‌های ای پاب در فضای ابری است.","iscorrect":1},{"id":"17854","description":"یکی از مزایای ذخیره سازی در فضای ابری، امکان دسترسی به چندین نسخه قبلی فایل در حال ویرایش و بازیابی آن است.","iscorrect":0}]},{"id":"4680","description":"داستان گویی مناسب را می‌توان به .............. خوب در سینما تشبیه کرد.","answers":[{"id":"17855","description":"کارگردانی","iscorrect":0},{"id":"17856","description":"جلوه‌های ویژه","iscorrect":0},{"id":"17857","description":"تدوین","iscorrect":1},{"id":"17858","description":"بازیگردانی","iscorrect":0}]},{"id":"4681","description":"کالیبره برنامه‌ای است ..........","answers":[{"id":"17859","description":"برای مطالعه کتاب‌های الکترونیکی با فرمت ای پاب بر روی رایانه","iscorrect":0},{"id":"17860","description":"برای تبدیل و همگام سازی کتاب‌های الکترونیکی با سایر دستگاه‌ها","iscorrect":0},{"id":"17861","description":"برنامه‌ای است برای تبدیل فرمت doc به epub","iscorrect":0},{"id":"17862","description":"موارد ۱ و ۲","iscorrect":1}]},{"id":"4682","description":"ای پاب چیست؟","answers":[{"id":"17863","description":"تنها فرمت کتاب الکترونیکی است.","iscorrect":0},{"id":"17864","description":"یک نوع کتاب الکترونیکی با فرمت ثابت است که توسط برنامه‌های مخصوص باز می‌شود.","iscorrect":0},{"id":"17865","description":"یک پوشه فشرده از فایل‌های html و دارای قابلیت تطبیق پذیری خودکار است.","iscorrect":1},{"id":"17866","description":"یک نوع میکرو وب سایت از نوع آنلاین است که صفحات کتاب را میزبانی می‌کند.","iscorrect":0}]},{"id":"4683","description":"علامت گذاری عناوین فصل‌ها با استایل Heading 1 در چه موردی به کار می‌آید؟","answers":[{"id":"17867","description":"فقط برای ایجاد فهرست دسترسی سریع در زمان تهیه فرمت ای پاب","iscorrect":0},{"id":"17868","description":"فقط برای ایجاد فهرست دسترسی سریع در زمان تهیه فرمت پی دی اف","iscorrect":0},{"id":"17869","description":"ایجاد فهرست دسترسی سریع در زمان تهیه هر دو فرمت ای پاب و پی دی اف","iscorrect":1},{"id":"17870","description":"تغییر علامت گذاری و نوع فونت سر فصل‌ها","iscorrect":0},{"id":"17871","description":"هیچ کدام","iscorrect":0}]}]}]}]}