{"courseId":"68","contents":[{"name":"درس اول- تاریخچه سیستم عامل های موبایل و داستان اندروید","id":"462","contentorder":"1","lesson_number":1,"type":0,"filename":"lesson462.html"},{"name":"درس دوم- راهنمای خرید یک موبایل اندرویدی","id":"463","contentorder":"2","lesson_number":2,"type":0,"filename":"lesson463.html"},{"name":"راهنمای خرید یک موبایل اندرویدی","id":"768","contentorder":"3","type":1,"set":[{"score":"50","questions":[{"id":"2842","description":"چرا انتخاب و خرید تلفن هوشمند اندرویدی سخت تر از دیگر مدل های بازار است و نیاز به تحقیق و وقت بیشتری دارد؟","answers":[{"id":"10811","description":"کنترل کامل شرکت نرم افزاری بر تولیدکنندگان سخت افزار","iscorrect":0},{"id":"10812","description":"تک محصولی بودن سخت افزار","iscorrect":0},{"id":"10813","description":"محصولات معدود در بازار","iscorrect":0},{"id":"10814","description":"بازمتن بودن و تنوع بسیار فراوان با مدل ها و مارک های مختلف","iscorrect":1}]},{"id":"2843","description":"مهمترین مرحله در خرید یک تلفن هوشمند اندرویدی (و به طور کلی همه تلفن های هوشمند) چیست؟","answers":[{"id":"10815","description":"پیگیری اینکه در آینده نزدیک نسخه و مدل جدیدتری به بازار می آید یا خیر (به دلیل کارایی نسخه جدیدتر و همچنین تاثیر آن بر کاهش قیمت نسخه های قبلی)","iscorrect":0},{"id":"10816","description":"به جای دنبال جدیدترین ها بودن، به دنبال موبایلی بر پایه نیازتان و مبتنی بر بودجه تان باشید.","iscorrect":0},{"id":"10817","description":"هیچکدام","iscorrect":0},{"id":"10818","description":"موارد اول و دوم","iscorrect":1}]},{"id":"2844","description":"هنگام خرید یک موبایل اندرویدی کدام نسخه از این سیستم عامل را باید انتخاب کرد؟","answers":[{"id":"10819","description":"نسخه ۲.۳ پرکاربردترین و امن ترین اندروید بازار است.","iscorrect":0},{"id":"10820","description":"بهتر است با توجه به بودجه، به دنبال تلفن هوشمندی با بالاترین نسخه اندروید باشیم.","iscorrect":1},{"id":"10821","description":"تنها نسخه قابل قبول در بازار فعلی اندروید ۴.۰ است.","iscorrect":0},{"id":"10822","description":"امکانات و سخت افزار در یک موبایل اندرویدی حرف اول را می زنند، لذا نسخه سیستم عامل اهمیت زیادی ندارد.","iscorrect":0}]},{"id":"2845","description":"نسخه های شخصی سازی شده غیر رسمی اندروید که به صورت رایگان و برای بهبود کارایی و ارتقاء سیستم عامل استفاده می شوند، چه نام دارند؟","answers":[{"id":"10823","description":"کاستوم رام","iscorrect":1},{"id":"10824","description":"روت","iscorrect":0},{"id":"10825","description":"جیلبرک","iscorrect":0},{"id":"10826","description":"اینستالوس","iscorrect":0}]},{"id":"2846","description":"به ترتیب کدام یک از شرکت های زیر در سال ۲۰۱۰ و ۲۰۱۱ در زمینه ارتقاء سیستم عامل تلفن های اندرویدی شان بهترین عملکرد را داشته اند؟","answers":[{"id":"10827","description":"ال جی- موتورولا- جی ال ایکس","iscorrect":0},{"id":"10828","description":"سونی- سامسونگ- جی ام","iscorrect":0},{"id":"10829","description":"اچ تی سی- موتورولا- سامسونگ","iscorrect":1},{"id":"10830","description":"دیمو- هواووی- اورنج","iscorrect":0}]},{"id":"2847","description":"کدام شرکت های سازنده تلفن همراه اندرویدی از نظر پشتیبانی و خدمات فنی در ایران بهتر عمل کرده اند؟","answers":[{"id":"10831","description":"سامسونگ و اچ تی سی","iscorrect":1},{"id":"10832","description":"سونی و موتورولا","iscorrect":0},{"id":"10833","description":"ال جی و هواووی","iscorrect":0},{"id":"10834","description":"نوکیا و فاکسکان","iscorrect":0}]}]},{"score":"60","questions":[{"id":"2848","description":"نام رابط کاربری اختصاصی سامسونگ برای تلفن های اندرویدی اش چیست؟","answers":[{"id":"10835","description":"موتو بلور","iscorrect":0},{"id":"10836","description":"تاچ ویز","iscorrect":1},{"id":"10837","description":"هوم اسکرین","iscorrect":0},{"id":"10838","description":"سنسیشن","iscorrect":0}]},{"id":"2849","description":"رابط کاربری Sense UI بر روی اندرویدی های کدام شرکت دیده می شود؟","answers":[{"id":"10839","description":"موتورولا","iscorrect":0},{"id":"10840","description":"نوکیا","iscorrect":0},{"id":"10841","description":"سامسونگ","iscorrect":0},{"id":"10842","description":"اچ تی سی","iscorrect":1}]},{"id":"2850","description":"بهترین مشخصه فنی قابل اعتنا در هنگام سنجش دوربین موبایل های هوشمند کدام است؟","answers":[{"id":"10843","description":"عدد مگاپیکسل دوربین هر چه بالاتر باشد بهتر است.","iscorrect":0},{"id":"10844","description":"عدد ISO جهت عکاسی در مکان های تاریک و نور کم","iscorrect":0},{"id":"10845","description":"اعداد اعلام شده توسط کارخانه ها الزاما قابل استناد نیستند و بهتر است که قبل از خرید، دوربین ها را مقایسه کنیم.","iscorrect":1},{"id":"10846","description":"وقتی شما قصد خرید موبایل دارید، دوربین اهمیتی ندارد. برای عکاسی باید دوربین خرید، نه موبایل.","iscorrect":0}]},{"id":"2851","description":"میزان اهمیت پردازنده هنگام خرید موبایل اندرویدی جدید به چه میزان است؟","answers":[{"id":"10847","description":"در هر صورت اولین و مهمترین گزینه انتخاب یک تلفن هوشمند مناسب، قدرت پردازنده آن است.","iscorrect":0},{"id":"10848","description":"پردازنده اهمیت چندانی ندارد و شما باید بیشتر به دنبال عمر باتری، نسخه سیستم عامل و کیفیت صفحه نمایش باشید.","iscorrect":0},{"id":"10849","description":"قدرت پردازنده را هم باید در کنار دیگر عوامل سنجید و در صورت نیاز به انجام کارهای خاص همچون ویرایش ویدیو و دیگر کارهای سنگین یا علاقه به بازی های سنگین و سه بعدی باید رتبه اول اهمیت را برای پردازنده قائل شد.","iscorrect":1},{"id":"10850","description":"پردازنده تمام تلفن های هوشمند اندرویدی یکسان بوده و نیازی به توجه به این گزینه هنگام خرید تلفن هوشمند جدید نیست.","iscorrect":0}]},{"id":"2852","description":"مهمترین آزمون هنگام انتخاب یک تلفن هوشمند بر مبنای نمایشگر، کدام است؟","answers":[{"id":"10851","description":"امتحان آن در نور مستقیم خورشید و میزان مصرف باتری","iscorrect":1},{"id":"10852","description":"میزان مصرف باتری","iscorrect":0},{"id":"10853","description":"کیفیت آن بر حسب پیکسل های واقعی","iscorrect":0},{"id":"10854","description":"تکنولوژی ساخت مورد استفاده در آن","iscorrect":0}]}]}]},{"name":"درس سوم- اصول اولیه کار با سیستم عامل اندروید","id":"464","contentorder":"4","lesson_number":3,"type":0,"filename":"lesson464.html"},{"name":"درس چهارم- امنیت در ابزارهای اندرویدی","id":"465","contentorder":"5","lesson_number":4,"type":0,"filename":"lesson465.html"},{"name":"امنیت در ابزارهای اندرویدی","id":"772","contentorder":"6","type":1,"set":[{"score":"50","questions":[{"id":"2863","description":"کاربرد Notifications Bar یا نوار آگاه سازی چیست؟","answers":[{"id":"10898","description":"نمایش لحظه ای وضعیت آب و هوا و اخبار اقتصادی","iscorrect":0},{"id":"10899","description":"نمایش پیام ها و اطلاعات مربوط به سیستم عامل و اپلیکیشن های مختلف","iscorrect":1},{"id":"10900","description":"نمایش وضعیت برنامه های باز شده بر روی موبایل","iscorrect":0},{"id":"10901","description":"نمایش اخبار به صورت یک نوار چرخان در پایین صفحه نمایش موبایل","iscorrect":0}]},{"id":"2864","description":"تفاوت ویجت با میانبر چیست؟","answers":[{"id":"10902","description":"تنها تفاوت آنها در شکل طراحی شان است و از نظر کارکرد یکسان هستند.","iscorrect":0},{"id":"10903","description":"ویجت به آیکون های روی صفحه اصلی ابزار اندرویدی می گویند و میانبر مختص کامپیوترهای ویندوزی است.","iscorrect":0},{"id":"10904","description":"میانبر تنها یک آیکون ثابت برای دسترسی به برنامه یا اطلاعات خاص است اما ویجت به صورت تعاملی اطلاعات لازم را بدون تپ کردن در اختیارتان می گذارد.","iscorrect":1},{"id":"10905","description":"میانبر، آیکون اپلیکیشن های نصب شده در ابزار اندرویدی است که روی صفحه اصلی قرار می گیرند و ویجت نام آیکون های درون منوی اپلیکیشن ابزار اندرویدی است.","iscorrect":0}]},{"id":"2865","description":"کدام یک از روش های زیر برای محافظت از اسمارت فون اندرویدی مناسب تر است؟","answers":[{"id":"10906","description":"رمز عبور و تشخیص عنبیه چشم","iscorrect":0},{"id":"10907","description":"پترن، رمز عبور و تشخیص چهره","iscorrect":1},{"id":"10908","description":"قفل تشخیص چهره و تشخیص اثر انگشت","iscorrect":0},{"id":"10909","description":"تشخیص عنبیه چشم و اثر انگشت","iscorrect":0}]},{"id":"2866","description":"بهترین کار برای کمک به فرد یابنده تلفن جهت پیدا کردن صاحب آن چیست؟","answers":[{"id":"10910","description":"بر روی تلفن مان از رمز عبور یا هر نوع قفل دیگری استفاده نکنیم تا به راحتی بتواند اطلاعات تماس با ما را بیابد.","iscorrect":0},{"id":"10911","description":"شماره تماس ضروری مان را بر روی بدنه تلفن بنویسیم.","iscorrect":0},{"id":"10912","description":"با استفاده از اپلیکیشن ها، اطلاعات تماس ضروری را بر روی صفحه نمایش اصلی و صفحه قفل قرار دهیم.","iscorrect":1},{"id":"10913","description":"با تماس های مکرر با شماره خودمان، از فرد یابنده درخواست تحویل تلفن را داشته باشیم.","iscorrect":0}]},{"id":"2867","description":"روت کردن تلفن اندرویدی چه خطراتی را ممکن است به دنبال داشته باشد؟","answers":[{"id":"10914","description":"دسترسی تمامی برنامه های مخرب و غیرمخرب به فایل های سیستمی موبایل آزاد می شود.","iscorrect":0},{"id":"10915","description":"به دلیل دستکاری هسته سیستم عامل نصب شده توسط کارخانه احتمالا گارانتی آن لغو خواهد شد.","iscorrect":0},{"id":"10916","description":"امکان استفاده از رام های غیر رسمی و امکانات بیشتر را خواهید داشت.","iscorrect":0},{"id":"10917","description":"موارد الف و ب","iscorrect":1}]},{"id":"2868","description":"بهترین و امن ترین شیوه نصب برنامه ها چیست؟","answers":[{"id":"10918","description":"استفاده از فروشگاه های اپلیکیشن اینترنتی","iscorrect":0},{"id":"10919","description":"دانلود اپلیکیشن ها از منابع مختلف روی کامپیوتر و انتقال آنها به حافظه تلفن","iscorrect":0},{"id":"10920","description":"برنامه های مورد نیاز را تنها از مارکت رسمی اندروید (گوگل پلی) دریافت کنیم.","iscorrect":1},{"id":"10921","description":"نصب برنامه در اندروید شیوه ای ساده و کاملا امن است و نیاز به پیروی از دستورات خاصی ندارد.","iscorrect":0}]},{"id":"2869","description":"هنگام تایید پرمیشن های یک برنامه در مرحله نصب، رعایت چه نکاتی ضروری است؟","answers":[{"id":"10922","description":"کنترل همخوانی میزان پرمیشن درخواست شده با نوع کارکرد برنامه","iscorrect":1},{"id":"10923","description":"عدم تایید هیچ پرمیشنی برای اپلیکیشن های عادی، زیرا حق دسترسی به برخی موارد تنها در اختیار سیستم عامل است.","iscorrect":0},{"id":"10924","description":"با توجه به عدم اهمیت حیاتی پرمیشن ها و امکان تنظیم آنها پس از نصب برنامه، نیاز به کنترل خاصی نیست.","iscorrect":0},{"id":"10925","description":"تایید هر نوع پرمیشن درخواستی توسط برنامه برای عملکرد و کارایی بهتر آن","iscorrect":0}]},{"id":"2870","description":"آیا اسمارت فون های اندرویدی به آنتی ویروس نیاز دارند؟","answers":[{"id":"10926","description":"خیر، سیستم عامل اندروید به گونه ای است که اجازه نفوذ هیچ برنامه بدافزاری را به موبایل نمی دهد.","iscorrect":0},{"id":"10927","description":"خیر، آنتی ویروس های اندرویدی بسیار ضعیف بوده و توانایی مقابله با ویروس را ندارند و تنها سرعت دستگاه را کم می کنند.","iscorrect":0},{"id":"10928","description":"بله، به دلیل وجود ویروس و بدافزارهای گوناگون، داشتن یک آنتی ویروس، جزو ضروریات تلفن اندرویدی است.","iscorrect":1},{"id":"10929","description":"بله، علی رغم کارایی نامناسب اپلیکیشن های آنتی ویروس، وجود آنها باعث دلگرمی کاربر موبایل می شود و نگرانی وی را برطرف می کند.","iscorrect":0}]}]},{"score":"50","questions":[{"id":"2871","description":"کدام یک ویجت و کدام یک میانبر هستند؟\nنمایش اطلاعات آب و هوای شهر تهران روی صفحه اصلی؛ شماره گیری سریع فردی از دفترچه تلفن با کلیک روی آیکون عکس وی در صفحه اصلی؛ آیکون اکانت جیمیل با نمایش تعداد ایمیل دریافتی.","answers":[{"id":"10930","description":"ویجت- میانبر- ویجت","iscorrect":1},{"id":"10931","description":"ویجت- ویجت- ویجت","iscorrect":0},{"id":"10932","description":"میانبر- میانبر- ویجت","iscorrect":0},{"id":"10933","description":"ویجت- ویجت- میانبر","iscorrect":0}]},{"id":"2872","description":"کدام یک از سرویس های زیر به صورت یکپارچه بر روی ابزار اندرویدی قابل استفاده اند؟","answers":[{"id":"10934","description":"توییتر، فیس بوک، اطلاعات تماس درون جیمیل","iscorrect":1},{"id":"10935","description":"فیس بوک، سایت های خبری از جمله بی بی سی، وان نوت مایکروسافت","iscorrect":0},{"id":"10936","description":"اکسل مایکروسافت، گوگل داکس، گوگل درایو","iscorrect":0},{"id":"10937","description":"پرشین بلاگ، میهن بلاگ، اکانت ایمیل یاهو","iscorrect":0}]},{"id":"2873","description":"کدام گزینه از آنتی ویروس های مطرح و موفق سیستم عامل اندروید است؟","answers":[{"id":"10938","description":"Lookout Mobile Security","iscorrect":1},{"id":"10939","description":"Norton 360","iscorrect":0},{"id":"10940","description":"Office 365","iscorrect":0},{"id":"10941","description":"Boot Loader","iscorrect":0}]},{"id":"2874","description":"بهترین تنظیم برای اتصالات بی سیم موبایل (همچون بلوتوث و وای فای) کدام است؟","answers":[{"id":"10942","description":"بر روی حالت خودکار باشند تا به صورت اتوماتیک بتوانند ابزارهای جانبی و شبکه های وای فای را شناسایی و به آنها وصل شوند.","iscorrect":0},{"id":"10943","description":"در صورت عدم استفاده، همیشه آنها را خاموش نگه داریم تا توسط خرابکاران شناسایی نشده و مورد حمله قرار نگیرند.","iscorrect":1},{"id":"10944","description":"سیستم های بی سیم چون بلوتوث و وای فای در اسمارت فون ها کاملا هوشمند بوده و نیازی به دستکاری و تنطیم ندارند.","iscorrect":0},{"id":"10945","description":"تنظیمات بلوتوث و وای فای به صورت پیش فرض در اسمارت فون ها انجام شده و قابل تغییر نیستند.","iscorrect":0}]},{"id":"2875","description":"فایده خاموش کردن اتصال خودکار وای فای چیست؟","answers":[{"id":"10946","description":"جلوی اتصال خود به خودی و اتوماتیک وای فای موبایل به شبکه های ناشناس و گاها خطرناک را می گیرد.","iscorrect":0},{"id":"10947","description":"باعث استفاده کمتر از باتری تلفن و همراهی بیشتر باتری با شما خواهد شد.","iscorrect":0},{"id":"10948","description":"نباید خاموش شود تا به سرعت بتوانیم به یکی از شبکه های موجود وصل شده و به استفاده از اینترنت بپردازیم.","iscorrect":0},{"id":"10949","description":"موارد اول و دوم","iscorrect":1}]},{"id":"2876","description":"فایده تغییر نام بلوتوث چیست؟","answers":[{"id":"10950","description":"فرد خرابکار از روی نام بلوتوث پیش فرض ممکن است مدل موبایل هوشمندمان را حدس زده و حملات اختصاصی برای نفوذ به دستگاه تان تدارک ببیند.","iscorrect":0},{"id":"10951","description":"هنگام ارتباط با دستگاه جانبی دیگر یا کامپیوتر، پیدا کردن آن از میان لیست دستگاه های موجود راحت تر می شود.","iscorrect":0},{"id":"10952","description":"دلیل خاصی وجود ندارد و تنها برای زیبایی بیشتر است.","iscorrect":0},{"id":"10953","description":"موارد اول و دوم","iscorrect":1}]},{"id":"2877","description":"برای امنیت شبکه هات اسپات موبایل رعایت چه نکاتی ضروری است؟","answers":[{"id":"10954","description":"تغییر نام شبکه و انتخاب نام خاص و گمراه کننده","iscorrect":0},{"id":"10955","description":"رمزگذاری شبکه به صورت WPA2","iscorrect":0},{"id":"10956","description":"استفاده از رمز عبور قوی و طولانی","iscorrect":0},{"id":"10957","description":"همه موارد","iscorrect":1}]},{"id":"2878","description":"معمولا در کدام بخش صفحه تنظیمات تلفن های اندرویدی می توانید نام بلوتوث اسمارت فون تان را تغییر دهید؟","answers":[{"id":"10958","description":"WiFi Settings‪ > Bluetooth","iscorrect":0},{"id":"10959","description":"Bluetooth Wizard‪ > Bluetooth Settings","iscorrect":0},{"id":"10960","description":"Wireless & Networks > Bluetooth Settings","iscorrect":1},{"id":"10961","description":"آیکون بلوتوث در صفحه اصلی قرار گرفته است.","iscorrect":0}]}]}]},{"name":"درس پنجم- شیوه ها و منابع نصب اپلیکیشن در اندروید","id":"466","contentorder":"7","lesson_number":5,"type":0,"filename":"lesson466.html"},{"name":"شیوه ها و منابع نصب اپلیکیشن در اندروید","id":"770","contentorder":"8","type":1,"set":[{"score":"60","questions":[{"id":"2853","description":"چگونه از طریق کامپیوتر و سایت فروشگاه گوگل می توانید برنامه ها را مستقیما روی موبایل تان دانلود و نصب کنید؟","answers":[{"id":"10855","description":"موبایل های اندرویدی چنین امکانی ندارند و برنامه باید مستقیما بر روی خودشان دانلود و نصب شود.","iscorrect":0},{"id":"10856","description":"اتصال موبایل به کامپیوتر از طریق کابل رابط یو اس بی","iscorrect":0},{"id":"10857","description":"دسترسی موبایل به اینترنت و لاگین کردن درون سایت گوگل استور در کامپیوتر با استفاده از همان آدرس ایمیلی که در تلفن تعریف شده است.","iscorrect":1},{"id":"10858","description":"اتصال موبایل به اینترنت کامپیوتر از طریق بلوتوث یا اینفرارد","iscorrect":0}]},{"id":"2854","description":"پسوند فایل های نصب اپلیکیشن های اندرویدی چیست؟","answers":[{"id":"10859","description":"EXE","iscorrect":0},{"id":"10860","description":"PKP","iscorrect":0},{"id":"10861","description":"APK","iscorrect":1},{"id":"10862","description":"ISO","iscorrect":0}]},{"id":"2855","description":"Sideloading چیست؟","answers":[{"id":"10863","description":"نصب فایل اپلیکیشن ها بر روی اندروید از طریق کپی کردن فایل نصب روی موبایل","iscorrect":1},{"id":"10864","description":"استفاده از برنامه های بوت لودر برای بالا آوردن سیستم عامل جانبی بر روی موبایل های اندرویدی","iscorrect":0},{"id":"10865","description":"اپلیکیشنی برای استفاده از دو برنامه اندرویدی در کنار یکدیگر به صورت پهلو به پهلو","iscorrect":0},{"id":"10866","description":"اپلیکیشنی برای قرار دادن آیکون های صفحه اصلی در یک ستون سمت راست یا چپ صفحه نمایش تلفن هوشمند اندرویدی","iscorrect":0}]},{"id":"2856","description":"به چه شیوه ای می توانید فایل نصب اپلیکیشن اندرویدی را از کامپیوتر به موبایل انتقال دهید؟","answers":[{"id":"10867","description":"استفاده از اکانت دراپ باکس","iscorrect":0},{"id":"10868","description":"کپی کردن فایل بر روی حافظه جانبی و انتقال آن به موبایل","iscorrect":0},{"id":"10869","description":"اتصال فایل مورد نظر به ایمیل و باز کردن ایمیل در موبایل","iscorrect":0},{"id":"10870","description":"اتصال موبایل به کامپیوتر از طریق کابل یو اس بی","iscorrect":0},{"id":"10871","description":"موارد دو و چهار","iscorrect":0},{"id":"10872","description":"همه موارد","iscorrect":1}]},{"id":"2857","description":"سیستم عامل اندروید چگونه در مقابل نصب اپلیکیشن ها از طریق فایل عکس العمل نشان می دهد؟","answers":[{"id":"10873","description":"در اندروید به دلیل مسایل امنیتی کلا امکان چنین کاری را ندارید.","iscorrect":0},{"id":"10874","description":"با نشان دادن پیام خطا به شما اخطار لازم را می دهد.","iscorrect":0},{"id":"10875","description":"با نشان دادن پیام خطا از شما می خواهد در صورت اطمینان از انجام کار، گزینه استفاده از منابع ناشناس را در بخش امنیتی فعال کنید.","iscorrect":1},{"id":"10876","description":"فایل مورد نظر شما را برای بخش امنیتی گوگل ارسال می کند و در صورت تایید آنها، به شما اجازه نصب اپلیکیشن را می دهد.","iscorrect":0}]}]},{"score":"60","questions":[{"id":"2858","description":"امنیت شیوه نصب اپلیکیشن Sideloading را چگونه ارزیابی می کنید؟","answers":[{"id":"10877","description":"به دلیل عدم کنترل فایل نصب اپلیکیشن ها و همچنین عرضه آنها توسط هکرها، احتمال نفوذ بدافزار در این شیوه بیشتر از شیوه های دیگر است.","iscorrect":1},{"id":"10878","description":"روشی امن برای نصب برنامه ها است زیرا شما می توانید فایل نصب اپلیکیشن را بر روی کامپیوترتان کنترل کرده و سپس آن را به موبایل تان انتقال دهید.","iscorrect":0},{"id":"10879","description":"به دلیل انتقال مستقیم برنامه ها از سرور گوگل بر روی تلفن هوشمند، شیوه ای کاملا امن به شمار می رود.","iscorrect":0},{"id":"10880","description":"هیچکدام","iscorrect":0}]},{"id":"2859","description":"با وجود ناامن بودن منابع نصب اپلیکیشن غیر از گوگل پلی، چرا کاربران به استفاده از آنها تمایل دارند؟","answers":[{"id":"10881","description":"نبود برخی برنامه های کاربردی (به خصوص بعضی اپلیکیشن های ایرانی) در گوگل پلی","iscorrect":0},{"id":"10882","description":"عدم امکان خرید اپلیکیشن از گوگل پلی در برخی کشورها و یا گران بودن هزینه خرید از آن","iscorrect":0},{"id":"10883","description":"عرضه اختصاصی برخی اپلیکیشن ها در فروشگاه ها و سایت هایی به جز گوگل پلی","iscorrect":0},{"id":"10884","description":"همه موارد","iscorrect":1}]},{"id":"2860","description":"اپلیکیشن ویژه سایت بازار چه امکاناتی را در اختیارتان می گذارد؟","answers":[{"id":"10885","description":"خرید از کلیه فروشگاه های زنجیره ای و سفارش دریافت پستی کالاها","iscorrect":0},{"id":"10886","description":"دریافت مستقیم برنامه های خارجی و ایرانی مشهور بر روی ابزار اندرویدی تان به صورت رایگان و غیر رایگان","iscorrect":1},{"id":"10887","description":"اعلام لحظه ای قیمت های بازار بورس، سرمایه و کالا بر روی موبایل تان","iscorrect":0},{"id":"10888","description":"راهنمای جامع بازارهای قدیم ایران به همراه نقشه کامل آنها","iscorrect":0}]},{"id":"2861","description":"کدام یک از استورهای زیر امکان خرید مستقیم برنامه از طریق اتصال به سایت بانک های ایرانی و استفاده از خرید اینترنتی را برایتان فراهم می آورد؟","answers":[{"id":"10889","description":"ایران اپس","iscorrect":1},{"id":"10890","description":"گوگل پلی استور","iscorrect":0},{"id":"10891","description":"مای کت","iscorrect":0},{"id":"10892","description":"هیچکدام","iscorrect":0}]},{"id":"2862","description":"چگونه می توان اپلیکیشن ها را از روی ابزار اندرویدی حذف کرد؟","answers":[{"id":"10893","description":"با استفاده از Application Manager درون بخش Settings موبایل","iscorrect":0},{"id":"10894","description":"از طریق مراجعه به اکانت خود در پلی استور گوگل","iscorrect":0},{"id":"10895","description":"از طریق حذف فایل های اپلیکیشن از درون حافظه جانبی یا داخلی تلفن با برنامه فایل منیجر","iscorrect":0},{"id":"10896","description":"موارد الف و ب","iscorrect":1},{"id":"10897","description":"هیچکدام، اپلیکیشن نصب شده در ابزار اندرویدی قابل حذف نیست.","iscorrect":0}]}]}]},{"name":"درس ششم- ۱۵ اپلیکیشن اندرویدی که باید داشته باشیم","id":"467","contentorder":"9","lesson_number":6,"type":0,"filename":"lesson467.html"},{"name":"درس هفتم- دسترسی به اینترنت در تلفن های هوشمند اندرویدی","id":"468","contentorder":"10","lesson_number":7,"type":0,"filename":"lesson468.html"},{"name":"درس هشتم - کاربرد اندروید در زندگی روزمره","id":"469","contentorder":"11","lesson_number":8,"type":0,"filename":"lesson469.html"},{"name":"درس نهم- روت کردن موبایل اندرویدی و نصب ROM","id":"470","contentorder":"12","lesson_number":9,"type":0,"filename":"lesson470.html"},{"name":"روت کردن موبایل اندرویدی و نصب ROM","id":"774","contentorder":"13","type":1,"set":[{"score":"60","questions":[{"id":"2879","description":"روت کردن چیست؟","answers":[{"id":"10962","description":"فرآیندی برای دسترسی کامل به تمامی فایل ها و هسته سیستم عامل ابزار اندرویدی","iscorrect":1},{"id":"10963","description":"رمزگشایی و دستیابی به نام کاربری و رمز عبور اصلی ادمین ابزار اندرویدی","iscorrect":0},{"id":"10964","description":"شیوه ای برای دسترسی به بازی و موسیقی های درون حافظه داخلی ابزار اندرویدی","iscorrect":0},{"id":"10965","description":"روشی برای ریشه یابی فایل های مخرب و بدافزار درون سیستم عامل اندرویدی","iscorrect":0}]},{"id":"2880","description":"کاستوم رام چیست؟","answers":[{"id":"10966","description":"نسخه های سفارشی شده، بهبود یافته و دست کاری شده اندروید برای نصب بر روی ابزارهای اندرویدی مختلف","iscorrect":1},{"id":"10967","description":"دستکاری حافظه فقط خواندنی ابزارهای اندرویدی و اورکلاک کردن سخت افزار برای کارایی بهتر","iscorrect":0},{"id":"10968","description":"نوعی رم بهبود یافته به عنوان ابزار کمکی برای افزایش سرعت موبایل های اندرویدی","iscorrect":0}]},{"id":"2881","description":"چگونه می توان یک ابزار اندرویدی را روت کرد؟","answers":[{"id":"10969","description":"با استفاده از اپلیکیشن Rooting که با نسخه سیستم عامل اندرویدمان همخوانی داشته باشد.","iscorrect":0},{"id":"10970","description":"با استفاده از حافظه های جانبی microSD روت شده و بالا آوردن موبایل از روی آن","iscorrect":0},{"id":"10971","description":"بسته به مدل تلفن و نسخه اندروید آن، شیوه روت فرق می کند و باید به دنبال یافتن شیوه اختصاصی ابزار اندرویدی تان باشید.","iscorrect":1},{"id":"10972","description":"نیاز به سخت افزار ویژه ای دارد که تنها در اختیار نمایندگی هر یک از مدل های تلفن های اندرویدی است.","iscorrect":0}]},{"id":"2882","description":"خطرات روت کردن ابزار اندرویدی کدام است؟","answers":[{"id":"10973","description":"این کار تقریبا هیچ مشکلی برای شما ایجاد نکرده و شما را با خطری روبرو نمی سازد.","iscorrect":0},{"id":"10974","description":"ممکن است باعث از کار افتادن کامل سیستم عامل تلفن به شکل غیر قابل بازگشتی شود که اصطلاحا به آن بریک شدن می گویند.","iscorrect":1},{"id":"10975","description":"در صورت عدم دقت در انجام آن ممکن است باعث ضربه به سخت افزارهایی چون رم و حافظه داخلی شده یا آنها را از کار بیاندازد.","iscorrect":0},{"id":"10976","description":"می تواند باعث آسیب به صفحه نمایشگر تلفن و سوختن برخی پیکسل های تصویرساز آن شود.","iscorrect":0}]},{"id":"2883","description":"کدامیک دلیل استفاده و نصب کاستوم رام است؟","answers":[{"id":"10977","description":"استفاده از نسخه های جدید اندروید که برای برخی مدل های اسمارت فون عرضه نمی شوند.","iscorrect":0},{"id":"10978","description":"استفاده از نسخه های ویژه اندروید که امکانات اضافی را در اختیارمان می گذارند.","iscorrect":0},{"id":"10979","description":"کند شدن سیستم عامل موبایل پس از مدتی استفاده و نیاز به تعویض آن","iscorrect":0},{"id":"10980","description":"گزینه های اول و دوم","iscorrect":1}]}]},{"score":"60","questions":[{"id":"2884","description":"کدام گزینه از کاستوم رام های مشهور و کاربردی اندروید است؟","answers":[{"id":"10981","description":"CyanogenMod","iscorrect":0},{"id":"10982","description":"AOKP","iscorrect":0},{"id":"10983","description":"Android Revolution","iscorrect":0},{"id":"10984","description":"همه موارد","iscorrect":1}]},{"id":"2885","description":"چگونه باید کاستوم رام را روی ابزار اندرویدی نصب کرد؟","answers":[{"id":"10985","description":"هر کاستوم رام شیوه نصب ویژه خود را دارد که باید طبق آن عمل شود، البته روت کردن دستگاه در تمام شیوه ها الزامی است.","iscorrect":1},{"id":"10986","description":"بهترین شیوه نصب کاستوم رام استفاده از اپلیکیشن ROM Change بر روی موبایل اندرویدی است.","iscorrect":0},{"id":"10987","description":"کاستوم رام شیوه ای برای تعویض سیستم عامل در ابزارهای ویندوز فون است و در اندروید کاربردی ندارد.","iscorrect":0},{"id":"10988","description":"هر کاستوم رام شیوه نصب خود را دارد و برخی حتی بدون روت کردن دستگاه قابل نصب هستند.","iscorrect":0}]},{"id":"2886","description":"کدام یک از کارهای زیر روی دستگاه اندرویدی روت شده قابل انجام هستند؟","answers":[{"id":"10989","description":"جایگزینی برنامه های اصلی سیستم","iscorrect":0},{"id":"10990","description":"نصب برنامه های تحت لینوکس","iscorrect":0},{"id":"10991","description":"تعویض کامل سیستم عامل اندروید با نسخه های بهینه و جدیدتر آن","iscorrect":0},{"id":"10992","description":"همه موارد","iscorrect":1}]},{"id":"2887","description":"آیا اندروید عرضه شده توسط اچ تی سی بر روی وان ایکس در دسته کاستوم رام قرار می گیرد؟","answers":[{"id":"10993","description":"خیر، این نسخه یک اندروید خالص است و تنها پوسته اچ تی سی را با خود دارد.","iscorrect":0},{"id":"10994","description":"بله، تمامی نسخه های اندروید که به گونه ای دستکاری شده و نسبت به اندروید خالص گوگل تغییر یافته اند، در دسته کاستوم رام قرار می گیرند.","iscorrect":1},{"id":"10995","description":"باید Core آن را بررسی کرد. در صورت تغییر هسته اولیه گوگل در دسته کاستوم رام قرار می گیرد.","iscorrect":0},{"id":"10996","description":"باید به سایت شرکت مراجعه کرد. کاستوم رام ها به صورت مشخص از طرف سازنده اعلام می شوند.","iscorrect":0}]},{"id":"2888","description":"آیا سیستم عامل نصب شده بر روی موبایل نکسوس اس سامسونگ کاستوم رام است؟","answers":[{"id":"10997","description":"بله، زیرا همه شرکت ها نسخه اصلی گوگل را استفاده نکرده و آن را تغییر می دهند.","iscorrect":0},{"id":"10998","description":"خیر، زیرا بر روی موبایل های سری نکسوس نسخه خالص اندروید بدون تغییر نصب می شود.","iscorrect":1},{"id":"10999","description":"خیر، زیرا سیستم عامل های نصب شده توسط کارخانه سازنده کلا در دسته بندی کاستوم رام مورد قضاوت قرار نمی گیرند.","iscorrect":0},{"id":"11000","description":"به اعلام و تایید شرکت گوگل در خصوص اصل و بدون تغییر بودن سیستم عامل این تلفن بستگی دارد.","iscorrect":0}]}]}]},{"name":"مبانی اندروید به زبان ساده- آزمون نهایی","id":"776","contentorder":"14","type":1,"set":[{"score":"50","questions":[{"id":"2889","description":"چرا انتخاب و خرید تلفن هوشمند اندرویدی سخت تر از دیگر مدل های بازار است و نیاز به تحقیق و وقت بیشتری دارد؟","answers":[{"id":"11001","description":"کنترل کامل شرکت نرم افزاری بر تولیدکنندگان سخت افزار","iscorrect":0},{"id":"11002","description":"تک محصولی بودن سخت افزار","iscorrect":0},{"id":"11003","description":"محصولات معدود در بازار","iscorrect":0},{"id":"11004","description":"بازمتن بودن و تنوع بسیار فراوان با مدل ها و مارک های مختلف","iscorrect":1}]},{"id":"2890","description":"نسخه های شخصی سازی شده غیر رسمی اندروید که به صورت رایگان و برای بهبود کارایی و ارتقاء سیستم عامل استفاده می شوند، چه نام دارند؟","answers":[{"id":"11005","description":"کاستوم رام","iscorrect":1},{"id":"11006","description":"روت","iscorrect":0},{"id":"11007","description":"جیلبرک","iscorrect":0},{"id":"11008","description":"اینستالوس","iscorrect":0}]},{"id":"2891","description":"تفاوت ویجت با میانبر چیست؟","answers":[{"id":"11009","description":"تنها تفاوت آنها در شکل طراحی شان است و از نظر کارکرد یکسان هستند.","iscorrect":0},{"id":"11010","description":"ویجت به آیکون های روی صفحه اصلی ابزار اندرویدی می گویند و میانبر مختص کامپیوترهای ویندوزی است.","iscorrect":0},{"id":"11011","description":"میانبر تنها یک آیکون ثابت برای دسترسی به برنامه یا اطلاعات خاص است اما ویجت به صورت تعاملی اطلاعات لازم را بدون تپ کردن در اختیارتان می گذارد.","iscorrect":1},{"id":"11012","description":"میانبر، آیکون اپلیکیشن های نصب شده در ابزار اندرویدی است که روی صفحه اصلی قرار می گیرند و ویجت نام آیکون های درون منوی اپلیکیشن ابزار اندرویدی است.","iscorrect":0}]},{"id":"2892","description":"بهترین و امن ترین شیوه نصب برنامه ها چیست؟","answers":[{"id":"11013","description":"استفاده از فروشگاه های اپلیکیشن اینترنتی","iscorrect":0},{"id":"11014","description":"دانلود اپلیکیشن ها از منابع مختلف روی کامپیوتر و انتقال آنها به حافظه تلفن","iscorrect":0},{"id":"11015","description":"برنامه های مورد نیاز را تنها از مارکت رسمی اندروید (گوگل پلی) دریافت کنیم.","iscorrect":1},{"id":"11016","description":"نصب برنامه در اندروید شیوه ای ساده و کاملا امن است و نیاز به پیروی از دستورات خاصی ندارد.","iscorrect":0}]},{"id":"2893","description":"پسوند فایل های نصب اپلیکیشن های اندرویدی چیست؟","answers":[{"id":"11017","description":"EXE","iscorrect":0},{"id":"11018","description":"PKP","iscorrect":0},{"id":"11019","description":"APK","iscorrect":1},{"id":"11020","description":"ISO","iscorrect":0}]},{"id":"2894","description":"Sideloading چیست؟","answers":[{"id":"11021","description":"نصب فایل اپلیکیشن ها بر روی اندروید از طریق کپی کردن فایل نصب روی موبایل","iscorrect":1},{"id":"11022","description":"استفاده از برنامه های بوت لودر برای بالا آوردن سیستم عامل جانبی بر روی موبایل های اندرویدی","iscorrect":0},{"id":"11023","description":"اپلیکیشنی برای استفاده از دو برنامه اندرویدی در کنار یکدیگر به صورت پهلو به پهلو","iscorrect":0},{"id":"11024","description":"اپلیکیشنی برای قرار دادن آیکون های صفحه اصلی در یک ستون سمت راست یا چپ صفحه نمایش تلفن هوشمند اندرویدی","iscorrect":0}]},{"id":"2895","description":"کاستوم رام چیست؟","answers":[{"id":"11025","description":"نسخه های سفارشی شده، بهبود یافته و دست کاری شده اندروید برای نصب بر روی ابزارهای اندرویدی مختلف","iscorrect":1},{"id":"11026","description":"دستکاری حافظه فقط خواندنی ابزارهای اندرویدی و اورکلاک کردن سخت افزار برای کارایی بهتر","iscorrect":0},{"id":"11027","description":"نوعی رم بهبود یافته به عنوان ابزار کمکی برای افزایش سرعت موبایل های اندرویدی","iscorrect":0}]},{"id":"2896","description":"کدامیک دلیل استفاده و نصب کاستوم رام است؟","answers":[{"id":"11028","description":"استفاده از نسخه های جدید اندروید که برای برخی مدل های اسمارت فون عرضه نمی شوند.","iscorrect":0},{"id":"11029","description":"استفاده از نسخه های ویژه اندروید که امکانات اضافی را در اختیارمان می گذارند.","iscorrect":0},{"id":"11030","description":"کند شدن سیستم عامل موبایل پس از مدتی استفاده و نیاز به تعویض آن","iscorrect":0},{"id":"11031","description":"گزینه های اول و دوم","iscorrect":1}]}]},{"score":"50","questions":[{"id":"2897","description":"رابط کاربری Sense UI بر روی اندرویدی های کدام شرکت دیده می شود؟","answers":[{"id":"11032","description":"موتورولا","iscorrect":0},{"id":"11033","description":"نوکیا","iscorrect":0},{"id":"11034","description":"سامسونگ","iscorrect":0},{"id":"11035","description":"اچ تی سی","iscorrect":1}]},{"id":"2898","description":"مهمترین آزمون هنگام انتخاب یک تلفن هوشمند بر مبنای نمایشگر، کدام است؟","answers":[{"id":"11036","description":"امتحان آن در نور مستقیم خورشید و میزان مصرف باتری","iscorrect":1},{"id":"11037","description":"میزان مصرف باتری","iscorrect":0},{"id":"11038","description":"کیفیت آن بر حسب پیکسل های واقعی","iscorrect":0},{"id":"11039","description":"تکنولوژی ساخت مورد استفاده در آن","iscorrect":0}]},{"id":"2899","description":"کدام گزینه از آنتی ویروس های مطرح و موفق سیستم عامل اندروید است؟","answers":[{"id":"11040","description":"Lookout Mobile Security","iscorrect":1},{"id":"11041","description":"Norton 360","iscorrect":0},{"id":"11042","description":"Office 365","iscorrect":0},{"id":"11043","description":"Boot Loader","iscorrect":0}]},{"id":"2900","description":"فایده تغییر نام بلوتوث چیست؟","answers":[{"id":"11044","description":"فرد خرابکار از روی نام بلوتوث پیش فرض ممکن است مدل موبایل هوشمندمان را حدس زده و حملات اختصاصی برای نفوذ به دستگاه تان تدارک ببیند.","iscorrect":0},{"id":"11045","description":"هنگام ارتباط با دستگاه جانبی دیگر یا کامپیوتر، پیدا کردن آن از میان لیست دستگاه های موجود راحت تر می شود.","iscorrect":0},{"id":"11046","description":"دلیل خاصی وجود ندارد و تنها برای زیبایی بیشتر است.","iscorrect":0},{"id":"11047","description":"موارد اول و دوم","iscorrect":1}]},{"id":"2901","description":"با وجود ناامن بودن منابع نصب اپلیکیشن غیر از گوگل پلی، چرا کاربران به استفاده از آنها تمایل دارند؟","answers":[{"id":"11048","description":"نبود برخی برنامه های کاربردی (به خصوص بعضی اپلیکیشن های ایرانی) در گوگل پلی","iscorrect":0},{"id":"11049","description":"عدم امکان خرید اپلیکیشن از گوگل پلی در برخی کشورها و یا گران بودن هزینه خرید از آن","iscorrect":0},{"id":"11050","description":"عرضه اختصاصی برخی اپلیکیشن ها در فروشگاه ها و سایت هایی به جز گوگل پلی","iscorrect":0},{"id":"11051","description":"همه موارد","iscorrect":1}]},{"id":"2902","description":"چگونه می توان اپلیکیشن ها را از روی ابزار اندرویدی حذف کرد؟","answers":[{"id":"11052","description":"با استفاده از Application Manager درون بخش Settings موبایل","iscorrect":0},{"id":"11053","description":"از طریق مراجعه به اکانت خود در پلی استور گوگل","iscorrect":0},{"id":"11054","description":"از طریق حذف فایل های اپلیکیشن از درون حافظه جانبی یا داخلی تلفن با برنامه فایل منیجر","iscorrect":0},{"id":"11055","description":"موارد الف و ب","iscorrect":1},{"id":"11056","description":"هیچکدام، اپلیکیشن نصب شده در ابزار اندرویدی قابل حذف نیست.","iscorrect":0}]},{"id":"2903","description":"کدام گزینه از کاستوم رام های مشهور و کاربردی اندروید است؟","answers":[{"id":"11057","description":"CyanogenMod","iscorrect":0},{"id":"11058","description":"AOKP","iscorrect":0},{"id":"11059","description":"Android Revolution","iscorrect":0},{"id":"11060","description":"همه موارد","iscorrect":1}]},{"id":"2904","description":"کدام یک از کارهای زیر روی دستگاه اندرویدی روت شده قابل انجام هستند؟","answers":[{"id":"11061","description":"جایگزینی برنامه های اصلی سیستم","iscorrect":0},{"id":"11062","description":"نصب برنامه های تحت لینوکس","iscorrect":0},{"id":"11063","description":"تعویض کامل سیستم عامل اندروید با نسخه های بهینه و جدیدتر آن","iscorrect":0},{"id":"11064","description":"همه موارد","iscorrect":1}]}]}]}]}