{"courseId":"58","contents":[{"name":"درس اول- برای داشتن یک وب سایت خودتان را آماده کنید!","id":"518","contentorder":"1","lesson_number":1,"type":0,"filename":"lesson518.html"},{"name":"برای داشتن یک وب سایت خودتان را آماده کنید!","id":"858","contentorder":"2","type":1,"set":[{"score":"60","questions":[{"id":"3304","description":"منظور از سیستم مدیریت محتوا چیست؟","answers":[{"id":"12450","description":"نرم افزارهای سیستم مدیریت محتوا برنامه هایی کامل و مجهز برای ایجاد و مدیریت آسان وب سایت یا همان تارنما هستند.","iscorrect":1},{"id":"12451","description":"از یک سیستم مدیریت محتوا به منظور راه اندازی نرم افزار وردپرس بر روی رایانه شخصی (Local Host) استفاده می شود.","iscorrect":0},{"id":"12452","description":"از یک سیستم مدیریت محتوا به منظور راه اندازی نرم افزار وردپرس بر روی سرویس دهنده آنلاین (Server) استفاده می شود.","iscorrect":0},{"id":"12453","description":"سیستم مدیریت محتوا برای برنامه نویسی به زبان PHP است.","iscorrect":0}]},{"id":"3305","description":"کدامیک از گزینه های زیر یک سیستم مدیریت محتوا نیست؟","answers":[{"id":"12454","description":"Drupal","iscorrect":0},{"id":"12455","description":"WordPress","iscorrect":0},{"id":"12456","description":"Joomla","iscorrect":0},{"id":"12457","description":"Office","iscorrect":1}]},{"id":"3306","description":"از کدامیک از زبان های برنامه نویسی زیر برای تولید وردپرس استفاده شده است؟","answers":[{"id":"12458","description":"C","iscorrect":0},{"id":"12459","description":"Pascal","iscorrect":0},{"id":"12460","description":"PHP","iscorrect":1},{"id":"12461","description":"ASP","iscorrect":0}]},{"id":"3307","description":"در صورتی که وردپرس را بر روی رایانه شخصی راه اندازی کنیم اصطلاحا می گوییم آن را بر روی ...................... راه اندازی کرده ایم.","answers":[{"id":"12462","description":"Local Host","iscorrect":1},{"id":"12463","description":"Server","iscorrect":0},{"id":"12464","description":"Personal Computer","iscorrect":0},{"id":"12465","description":"Online CMS","iscorrect":0}]},{"id":"3308","description":"از کدام نرم افزار زیر برای راه اندازی وردپرس بر روی رایانه شخصی (Local Host) استفاده نمی شود؟","answers":[{"id":"12466","description":"Xampp","iscorrect":0},{"id":"12467","description":"Wamp","iscorrect":0},{"id":"12468","description":"EasyPHP","iscorrect":0},{"id":"12469","description":"Excel","iscorrect":1}]}]},{"score":"60","questions":[{"id":"3309","description":"نرم افزارهای سیستم مدیریت محتوا که برای ایجاد و مدیریت آسان وب سایت یا همان تارنما به کار می روند را ................. می گویند.","answers":[{"id":"12470","description":"PHP","iscorrect":0},{"id":"12471","description":"Server","iscorrect":0},{"id":"12472","description":"CMS","iscorrect":1},{"id":"12473","description":"CSS","iscorrect":0}]},{"id":"3310","description":"کدام گزینه یک سیستم مدیریت محتوا است؟","answers":[{"id":"12474","description":"Office","iscorrect":0},{"id":"12475","description":"Node 32","iscorrect":0},{"id":"12476","description":"Kaspersky","iscorrect":0},{"id":"12477","description":"Joomla","iscorrect":1}]},{"id":"3311","description":"در صورتی که وردپرس را به صورت آنلاین راه اندازی کنیم، اصطلاحا می گوییم آن را بر روی .................. راه اندازی کرده ایم.","answers":[{"id":"12478","description":"Local Host","iscorrect":0},{"id":"12479","description":"Server","iscorrect":1},{"id":"12480","description":"Personal Computer","iscorrect":0},{"id":"12481","description":"Online CMS","iscorrect":0}]},{"id":"3312","description":"از کدام نرم افزار زیر برای راه اندازی وردپرس بر روی رایانه شخصی (Local Host) استفاده می شود؟","answers":[{"id":"12482","description":"Jommla","iscorrect":0},{"id":"12483","description":"Nuke","iscorrect":0},{"id":"12484","description":"Wamp","iscorrect":1},{"id":"12485","description":"Office","iscorrect":0}]},{"id":"3313","description":"از کدامیک از زبان های برنامه نویسی زیر برای تولید وردپرس استفاده شده است؟","answers":[{"id":"12486","description":"C","iscorrect":0},{"id":"12487","description":"Pascal","iscorrect":0},{"id":"12488","description":"PHP","iscorrect":1},{"id":"12489","description":"ASP","iscorrect":0}]}]}]},{"name":"درس دوم- آماده سازی فضای مجازی (سرویس دهنده محلی) بر روی رایانه","id":"519","contentorder":"3","lesson_number":2,"type":0,"filename":"lesson519.html"},{"name":"آماده سازی فضای مجازی (سرویس دهنده محلی) بر روی رایانه","id":"860","contentorder":"4","type":1,"set":[{"score":"60","questions":[{"id":"3314","description":"کدام پوشه به عنوان محل قرارگیری وردپرس استفاده می شود؟","answers":[{"id":"12490","description":"Wampserver","iscorrect":0},{"id":"12491","description":"Wordpress-Folder","iscorrect":0},{"id":"12492","description":"WWW","iscorrect":1},{"id":"12493","description":"وردپرس مستقیما در درایو C قرار می گیرد.","iscorrect":0}]},{"id":"3315","description":"پس از نصب نرم افزار ومپ سرور، آیکون آن در سمت راست پایین صفحه نشان داده می شود. کدام رنگ به معنای وجود ایرادی در اجرای برنامه است؟","answers":[{"id":"12494","description":"آبی","iscorrect":0},{"id":"12495","description":"قرمز","iscorrect":1},{"id":"12496","description":"سبز","iscorrect":0},{"id":"12497","description":"مشکی","iscorrect":0}]},{"id":"3316","description":"کدامیک از نرم افزارهای زیر از پورت یا درگاه ۸۰ یا ۴۴۳ استفاده می کنند و باعث بروز تداخل با نرم افزار ومپ سرور می شوند؟","answers":[{"id":"12498","description":"Yahoo Messenger","iscorrect":0},{"id":"12499","description":"Google Talk","iscorrect":0},{"id":"12500","description":"MSN Messenger","iscorrect":0},{"id":"12501","description":"Skype","iscorrect":1}]},{"id":"3317","description":"برای اینکه مشکل تداخل استفاده از درگاه ۸۰ یا ۴۴۳ بوجود نیاید باید:","answers":[{"id":"12502","description":"برنامه اسکایپ را از ویندوز برای همیشه Uninstall کنیم.","iscorrect":0},{"id":"12503","description":"ابتدا نرم افزار Wamp را اجرا کنیم و بعد برنامه هایی که از استفاده کنندگان این درگاه هستند.","iscorrect":1},{"id":"12504","description":"نرم افزار ومپ را در درایو دیگری به جز درایو C نصب کنیم.","iscorrect":0},{"id":"12505","description":"ابتدا نرم افزار اسکایپ را اجرا کنیم و بعد نرم افزار Wamp را.","iscorrect":0}]},{"id":"3318","description":"برای پیدا کردن برنامه ای که با Wamp Server تداخل درگاه دارد می توانید با چپ کلیک بر روی آیکون برنامه و انتخاب Apache بر روی Service گزینه ................... را کلیک کنید.","answers":[{"id":"12506","description":"Test Wamp","iscorrect":0},{"id":"12507","description":"Test Port 80","iscorrect":1},{"id":"12508","description":"Test Skype","iscorrect":0},{"id":"12509","description":"Apache Test","iscorrect":0}]}]},{"score":"60","questions":[{"id":"3319","description":"از کدامیک از نرم افزارهای زیر برای راه اندازی سرور مجازی بر روی رایانه استفاده می شود؟","answers":[{"id":"12510","description":"Virtual CD","iscorrect":0},{"id":"12511","description":"Wampserver","iscorrect":1},{"id":"12512","description":"Server of the windows","iscorrect":0},{"id":"12513","description":"Local server","iscorrect":0}]},{"id":"3320","description":"پس از نصب نرم افزار ومپ سرور، آیکون آن در سمت راست پایین صفحه نشان داده می شود. اگر آیکون برنامه به رنگ .............. باقیماند، به معنای آن است که برنامه اجرا شده مشکل کوچکی دارد.","answers":[{"id":"12514","description":"آبی","iscorrect":0},{"id":"12515","description":"قرمز","iscorrect":0},{"id":"12516","description":"سبز","iscorrect":0},{"id":"12517","description":"زرد","iscorrect":1}]},{"id":"3321","description":"از پوشه WWW برای ......................... استفاده می شود.","answers":[{"id":"12518","description":"نصب مرورگر اضافه بر روی سیستم عامل","iscorrect":0},{"id":"12519","description":"محل قرارگیری سیستم وردپرس","iscorrect":1},{"id":"12520","description":"راه اندازی نرم افزار ومپ سرور","iscorrect":0},{"id":"12521","description":"ورود به بخش مدیریت وردپرس","iscorrect":0}]},{"id":"3322","description":"کدامیک از نرم افزارهای زیر از پورت یا درگاه ۸۰ یا ۴۴۳ استفاده می کنند و باعث بروز تداخل با نرم افزار ومپ سرور می شوند؟","answers":[{"id":"12522","description":"Visual Studio","iscorrect":1},{"id":"12523","description":"Yahoo Messenger","iscorrect":0},{"id":"12524","description":"Google Talk","iscorrect":0},{"id":"12525","description":"MSN Messenger","iscorrect":0}]},{"id":"3323","description":"اگر می خواهید برای همیشه از شر ایراد تداخل پورت خلاص شوید باید درگاه برنامه مورد نظر را از ۸۰ یا ۴۴۳ تغییر داده و عدد دیگری برای آنها در نظر بگیرید. هر عددی بالاتر از ............... مشکل تداخل را حل می کند.","answers":[{"id":"12526","description":"۱۰۲۴","iscorrect":1},{"id":"12527","description":"۶۴","iscorrect":0},{"id":"12528","description":"۲۵۶","iscorrect":0},{"id":"12529","description":"۵۱۲","iscorrect":0}]}]}]},{"name":"درس سوم- نصب و راه اندازی وردپرس بر روی فضای مجازی (Local Host)","id":"520","contentorder":"5","lesson_number":3,"type":0,"filename":"lesson520.html"},{"name":"نصب و راه اندازی وردپرس بر روی فضای مجازی (Local Host)","id":"862","contentorder":"6","type":1,"set":[{"score":"60","questions":[{"id":"3324","description":"پس از نصب نرم افزار ومپ، برای اینکه به محیط سرویس دهنده وردپرس وارد شویم از کدامیک از آدرس های زیر استفاده می کنیم؟","answers":[{"id":"12530","description":"http://localhost","iscorrect":1},{"id":"12531","description":"http://wampserver","iscorrect":0},{"id":"12532","description":"http://wordpress","iscorrect":0},{"id":"12533","description":"http://wampserver/wordpress","iscorrect":0}]},{"id":"3325","description":"کار اصلی فایل wp-config.php چیست؟","answers":[{"id":"12534","description":"نصب نرم افزار ومپ","iscorrect":0},{"id":"12535","description":"ایجاد ارتباط اولیه وردپرس با پایگاه داده ها","iscorrect":1},{"id":"12536","description":"به روزرسانی سیستم وردپرس","iscorrect":0},{"id":"12537","description":"به روزرسانی نرم افزار ومپ","iscorrect":0}]},{"id":"3326","description":"در نرم افزار ومپ سرور، یک پایگاه داده در کدام بخش ایجاد می شود؟","answers":[{"id":"12538","description":"WWW","iscorrect":0},{"id":"12539","description":"directory","iscorrect":0},{"id":"12540","description":"phpMyAdmin","iscorrect":1},{"id":"12541","description":"Data Base","iscorrect":0}]},{"id":"3327","description":"از کدام تب برای ساخت کاربر بر روی PHP My Admin استفاده می شود؟","answers":[{"id":"12542","description":"Import","iscorrect":0},{"id":"12543","description":"Export","iscorrect":0},{"id":"12544","description":"Operations","iscorrect":0},{"id":"12545","description":"Privilege","iscorrect":1}]},{"id":"3328","description":"در هنگام نصب وردپرس و وارد کردن اطلاعات، گزینه ای به نام «حریم خصوصی» مشاهده می شود. وظیفه این گزینه چیست؟","answers":[{"id":"12546","description":"این گزینه برای حفظ اطلاعات شخصی در وب سایت استفاده می شود.","iscorrect":0},{"id":"12547","description":"این گزینه نحوه برخورد موتورهای جستجوگر با تارنما را مشخص می کند.","iscorrect":1},{"id":"12548","description":"این گزینه پسورد را دو بار می نویسد و در وردپرس ذخیره می کند.","iscorrect":0},{"id":"12549","description":"از این گزینه برای ارتباط با پایگاه داده استفاده می شود.","iscorrect":0}]}]},{"score":"60","questions":[{"id":"3329","description":"از کدامیک از فایل های زیر برای ایجاد ارتباط اولیه وردپرس با پایگاه داده ها استفاده می شود؟","answers":[{"id":"12550","description":"Sample","iscorrect":0},{"id":"12551","description":"Source","iscorrect":0},{"id":"12552","description":"wp-config.php","iscorrect":1},{"id":"12553","description":"phpMyAdmin","iscorrect":0}]},{"id":"3330","description":"پس از نصب وردپرس، برای دسترسی به محیط مدیریت وردپرس از کدام آدرس زیر استفاده می کنیم؟","answers":[{"id":"12554","description":"http://localhost/wordpress/wp-admin","iscorrect":1},{"id":"12555","description":"http://wampserver","iscorrect":0},{"id":"12556","description":"http://wordpress","iscorrect":0},{"id":"12557","description":"http://wampserver/wordpress","iscorrect":0}]},{"id":"3331","description":"وظیفه بخش phpMyAdmin در نرم افزار ومپ سرور چیست؟","answers":[{"id":"12558","description":"ایجاد یک دایرکتوری","iscorrect":0},{"id":"12559","description":"از این بخش برای ساخت پایگاه داده استفاده می شود.","iscorrect":1},{"id":"12560","description":"این بخش برای شیوه نمایش وردپرس در مرورگر به کار می رود.","iscorrect":0},{"id":"12561","description":"این بخش یک پوشه جدید در پوشه WWW ایجاد می کند.","iscorrect":0}]},{"id":"3332","description":"سیستم مدیریت محتوای وردپرس به صورت چه فرمتی ذخیره می شود؟","answers":[{"id":"12562","description":"EXE","iscorrect":0},{"id":"12563","description":"RAR","iscorrect":1},{"id":"12564","description":"TXT","iscorrect":0},{"id":"12565","description":"MKV","iscorrect":0}]},{"id":"3333","description":"در هنگام نصب وردپرس و وارد کردن اطلاعات، گزینه ای با نام «حریم خصوصی» مشاهده می شود. وظیفه این گزینه چیست؟","answers":[{"id":"12566","description":"این گزینه برای حفظ اطلاعات شخصی در وب سایت استفاده می شود.","iscorrect":0},{"id":"12567","description":"این گزینه نحوه برخورد موتورهای جستجوگر با تارنما را مشخص می کند.","iscorrect":1},{"id":"12568","description":"این گزینه پسورد را دو بار می نویسد و در وردپرس ذخیره می کند.","iscorrect":0},{"id":"12569","description":"از این گزینه برای ارتباط با پایگاه داده استفاده می شود.","iscorrect":0}]}]}]},{"name":"درس چهارم- آشنایی با محیط وردپرس","id":"521","contentorder":"7","lesson_number":4,"type":0,"filename":"lesson521.html"},{"name":"آشنایی با محیط وردپرس","id":"864","contentorder":"8","type":1,"set":[{"score":"60","questions":[{"id":"3334","description":"گزینه «روز آغازین هفته» از تنظیمات همگانی وردپرس، نشانگر چیست؟","answers":[{"id":"12570","description":"شنبه ها طبق تقویم ایران","iscorrect":0},{"id":"12571","description":"دوشنبه ها طبق تقویم کشورهای اروپایی و آمریکایی","iscorrect":0},{"id":"12572","description":"با توجه به تفاوت روز آغاز هفته در کشورهای مختلف، شما می توانید در این قسمت بنا به روز شروع هفته در کشور مورد نظر خود یکی از روزها را انتخاب کنید.","iscorrect":1},{"id":"12573","description":"یکشنبه ها","iscorrect":0}]},{"id":"3335","description":"کدام گزینه زیر در بخش تنظیمات صفحه وجود دارد؟","answers":[{"id":"12574","description":"نمایش در صفحه نمایشگر","iscorrect":1},{"id":"12575","description":"تاریخ","iscorrect":0},{"id":"12576","description":"تغییر رمز","iscorrect":0},{"id":"12577","description":"تغییر زمان محلی","iscorrect":0}]},{"id":"3336","description":"منظور از پیشخوان چیست؟","answers":[{"id":"12578","description":"صفحه نمایش وردپرس","iscorrect":0},{"id":"12579","description":"صفحه مدیریت وردپرس","iscorrect":1},{"id":"12580","description":"صفحه تغییر رمز وردپرس","iscorrect":0},{"id":"12581","description":"صفحه تنظیمات وردپرس","iscorrect":0}]},{"id":"3337","description":"در بخش سمت راست پیشخوان، یک نوار عمودی وجود دارد که وظیفه راهنمایی شما برای دسترسی آسان به تمام قسمت های تارنما را دارند. به این دست نوارها در اینترنت ............. می گویند.","answers":[{"id":"12582","description":"Toolbox","iscorrect":0},{"id":"12583","description":"Navigation","iscorrect":1},{"id":"12584","description":"Column","iscorrect":0},{"id":"12585","description":"Plug-in","iscorrect":0}]},{"id":"3338","description":"در پیشخوان وردپرس علامت حبابگونه ای وجود دارد. این قسمت:","answers":[{"id":"12586","description":"یک پیوند مستقیم به قسمت دیدگاه می دهد و اگر در تارنمای شما دیدگاه جدیدی باشد به شما اخطار می دهد که آن دیدگاه را بررسی کنید.","iscorrect":1},{"id":"12587","description":"شما را از به روز شدن وردپرس مطلع مي سازد.","iscorrect":0},{"id":"12588","description":"افزونه های جدید وردپرس را معرفی می کند.","iscorrect":0},{"id":"12589","description":"ویجت های جدید وردپرس را معرفی می کند.","iscorrect":0}]}]},{"score":"60","questions":[{"id":"3339","description":"از کدامیک از آدرس های زیر برای ورود به مدیریت وردپرس استفاده می شود؟","answers":[{"id":"12590","description":"http://localhost/wordpress/wp-admin","iscorrect":1},{"id":"12591","description":"http://wampserver","iscorrect":0},{"id":"12592","description":"http://wordpress","iscorrect":0},{"id":"12593","description":"http://wampserver/wordpress","iscorrect":0}]},{"id":"3340","description":"کدامیک از گزینه های زیر در بخش تنظیمات همگانی وجود ندارد؟","answers":[{"id":"12594","description":"عنوان سایت","iscorrect":0},{"id":"12595","description":"معرفی کوتاه","iscorrect":0},{"id":"12596","description":"نشانی وردپرس","iscorrect":0},{"id":"12597","description":"نشانی ومپسرور","iscorrect":1}]},{"id":"3341","description":"در بخش تنظیمات در قسمت بالا سمت چپ، درست زیر شناسه کاربری دکمه ای به نام ............... وجود دارد که با انتخاب آن می توانید یکسری تعاریف اولیه در مورد صفحه مدیریتی وردپرس ببینید.","answers":[{"id":"12598","description":"ستون","iscorrect":0},{"id":"12599","description":"افزونه","iscorrect":0},{"id":"12600","description":"راهنما","iscorrect":1},{"id":"12601","description":"ابزارک","iscorrect":0}]},{"id":"3342","description":"به صفحه مدیریت وردپرس ............. نیز می گویند.","answers":[{"id":"12602","description":"راهنما","iscorrect":0},{"id":"12603","description":"پیشخوان","iscorrect":1},{"id":"12604","description":"ومپ","iscorrect":0},{"id":"12605","description":"لوکال هاست","iscorrect":0}]},{"id":"3343","description":"در بخش سمت راست پیشخوان، یک نوار عمودی وجود دارد که وظیفه راهنمایی شما برای دسترسی آسان به تمام قسمت های تارنما را دارد. به این دست نوارها در اینترنت ........... می گویند.","answers":[{"id":"12606","description":"Toolbox","iscorrect":0},{"id":"12607","description":"Navigation","iscorrect":1},{"id":"12608","description":"Column","iscorrect":0},{"id":"12609","description":"Plug-in","iscorrect":0}]}]}]},{"name":"درس پنجم- مدیریت نوشته ها","id":"522","contentorder":"9","lesson_number":5,"type":0,"filename":"lesson522.html"},{"name":"مدیریت نوشته ها","id":"866","contentorder":"10","type":1,"set":[{"score":"60","questions":[{"id":"3344","description":"پوسته های معروف وردپرس که در هنگام نصب، به طور پیش فرض در بخش مدیریت قالب قرار دارند عبارتند از:","answers":[{"id":"12610","description":"پوسته ۲۰۱۰ و ۲۰۱۱","iscorrect":1},{"id":"12611","description":"پوسته ۲۰۰۹ و ۲۰۱۰","iscorrect":0},{"id":"12612","description":"پوسته ۲۰۱۰ و ۲۰۱۲","iscorrect":0},{"id":"12613","description":"پوسته ۲۰۱۱ و ۲۰۱۲","iscorrect":0}]},{"id":"3345","description":"بخش ویرایش HTML در کدامیک از مدیریت های زیر در وردپرس قابل مشاهده است؟","answers":[{"id":"12614","description":"مدیریت ابزارها","iscorrect":0},{"id":"12615","description":"مدیریت نوشته ها","iscorrect":1},{"id":"12616","description":"مدیریت صفحات","iscorrect":0},{"id":"12617","description":"مدیریت نظرسنجی ها","iscorrect":0}]},{"id":"3346","description":"منظور از گزینه Bold در بخش مدیریت نوشته ها چیست؟","answers":[{"id":"12618","description":"این گزینه باعث کج شدن متن می شود.","iscorrect":0},{"id":"12619","description":"این گزینه بر روی متن نوشته شده، خطی درج می کند.","iscorrect":0},{"id":"12620","description":"این گزینه باعث درشت شدن متن می شود.","iscorrect":1},{"id":"12621","description":"این گزینه باعث گذاشته شدن لیست های نامرتب و مرتب می شود که با توپ گرد برای نامرتب و با اعداد برای مرتب مورد استفاده قرار می گیرد.","iscorrect":0}]},{"id":"3347","description":"بخش انتشار که به آن پنل انتشار هم گفته می شود، در قسمت .............. قرار دارد.","answers":[{"id":"12622","description":"راست پایین صفحه","iscorrect":0},{"id":"12623","description":"راست بالای صفحه","iscorrect":0},{"id":"12624","description":"چپ پایین صفحه","iscorrect":0},{"id":"12625","description":"چپ بالای صفحه","iscorrect":1}]},{"id":"3348","description":"در قسمت مدیریت نوشته ها، اگر گزینه «انتقال به زباله دانی» را انتخاب کنیم:","answers":[{"id":"12626","description":"نوشته مورد نظر پاک شده و به هیچ وجه قابل برگشت نخواهد بود.","iscorrect":0},{"id":"12627","description":"نوشته مورد نظر پاک شده اما این نوشته قابل برگشت است.","iscorrect":1},{"id":"12628","description":"نوشته مورد نظر در حالت Draft یا پیش نمایش قرار می گیرد و منتظر تایید مدیر برای انتشار می ماند.","iscorrect":0},{"id":"12629","description":"نوشته مورد نظر طبق ساعتی که توسط مدیر درج می شود، پاک شده و غیرقابل برگشت خواهد بود.","iscorrect":0}]}]},{"score":"60","questions":[{"id":"3349","description":"منظور از گزینه Italic در بخش مدیریت نوشته ها چیست؟","answers":[{"id":"12630","description":"این گزینه باعث کج شدن متن می شود.","iscorrect":1},{"id":"12631","description":"این گزینه بر روی متن نوشته شده، خطی درج می کند.","iscorrect":0},{"id":"12632","description":"این گزینه باعث درشت شدن متن می شود.","iscorrect":0},{"id":"12633","description":"این گزینه باعث گذاشته شدن لیست های نامرتب و مرتب می شود که با توپ گرد برای ن مرتب و با اعداد برای مرتب همراه هستند.","iscorrect":0}]},{"id":"3350","description":"در وردپرس می توان ظرف چند ثانیه نحوه نمایش تارنما را به کلی تغییر داد تا به شیوه جذاب تری نشان داده شود. به این بخش اصطلاحا ............. می گویند.","answers":[{"id":"12634","description":"نمای وردپرس","iscorrect":0},{"id":"12635","description":"Effect of changes","iscorrect":0},{"id":"12636","description":"پوسته یا قالب","iscorrect":1},{"id":"12637","description":"Attractive page","iscorrect":0}]},{"id":"3351","description":"کدامیک از گزینه های زیر یک نوار ابزار است که پشت صحنه یک نوشته را برای مدیر نشان می دهد و بیشتر برای کسانی کاربردی است که آشنایی با برنامه نویسی دارند؟","answers":[{"id":"12638","description":"ویرایش PHP","iscorrect":0},{"id":"12639","description":"ویرایش ASP","iscorrect":0},{"id":"12640","description":"ویرایش CSS","iscorrect":0},{"id":"12641","description":"ویرایش HTML","iscorrect":1}]},{"id":"3352","description":"بخش انتشار که به آن پنل انتشار هم گفته می شود در قسمت ................. قرار دارد.","answers":[{"id":"12642","description":"راست پایین صفحه","iscorrect":0},{"id":"12643","description":"راست بالای صفحه","iscorrect":0},{"id":"12644","description":"چپ پایین صفحه","iscorrect":0},{"id":"12645","description":"چپ بالای صفحه","iscorrect":1}]},{"id":"3353","description":"کدامیک از دکمه های زیر شما را به قالب های آماده وردپرس هدایت می کند؟","answers":[{"id":"12646","description":"پوسته ها","iscorrect":1},{"id":"12647","description":"کدها","iscorrect":0},{"id":"12648","description":"اچ تی ام ال","iscorrect":0},{"id":"12649","description":"پی اچ پی","iscorrect":0}]}]}]},{"name":"درس ششم- دسته ها، برچسب ها و رسانه ها","id":"523","contentorder":"11","lesson_number":6,"type":0,"filename":"lesson523.html"},{"name":"دسته ها، برچسب ها و رسانه ها","id":"868","contentorder":"12","type":1,"set":[{"score":"60","questions":[{"id":"3354","description":"منظور از دسته بندی نوشته ها در وردپرس چیست؟","answers":[{"id":"12650","description":"به عملیات برچسب زدن و پیوند دادن به هر نوشته «دسته بندی» می گویند.","iscorrect":0},{"id":"12651","description":"وقتی شما در تارنمای خود مطالبی را وارد می کنید، می توانید براساس محتوای این مطالب آنها را دسته بندی کنید. برای این منظور ابتدا باید دسته های مورد نظر خود را ساخته و در هنگام انتشار هر مطلب آن را به دسته مربوطه مرتبط کنید.","iscorrect":1},{"id":"12652","description":"دسته بندی در وردپرس به دسته بندی کردن بخش های مختلف پیشخوان اطلاق می شود.","iscorrect":0},{"id":"12653","description":"به دسته بندی گزینه های مختلف نظرسنجی و صفحات جانبی، اصطلاحا «دسته بندی نوشته ها» می گویند.","iscorrect":0}]},{"id":"3355","description":"در هنگام ساخت دسته، از «نامک» در کجا استفاده می شود؟","answers":[{"id":"12654","description":"در کدهای اچ تی ام ال","iscorrect":0},{"id":"12655","description":"در نشانی URL","iscorrect":1},{"id":"12656","description":"در کدهای PHP","iscorrect":0},{"id":"12657","description":"در سرویس دهنده اصلی وب سایت (Host)","iscorrect":0}]},{"id":"3356","description":"کدامیک از گزینه های زیر، کاربرد مهم برچسب ها است؟","answers":[{"id":"12658","description":"افزایش سرعت بارگذاری تارنما","iscorrect":0},{"id":"12659","description":"ارتباط با پایگاه داده های وب سایت های دیگر","iscorrect":0},{"id":"12660","description":"بهتر دیده شدن مطالب در موتورهای جستجو","iscorrect":1},{"id":"12661","description":"افزایش سرعت بارگذاری داده ها در phpMyAdmin","iscorrect":0}]},{"id":"3357","description":"منظور از رسانه چیست؟","answers":[{"id":"12662","description":"رسانه بخشی است در وردپرس که به منظور مدیریت هر چه بهتر رسانه ها یا پرونده های رسانه ای شما که در تارنمای خود افزوده اید ایجاد شده است.","iscorrect":1},{"id":"12663","description":"ارتباط تارنمای شما با رسانه های دیگر (روزنامه ها، مجلات یا وب سایت های خبری) برای درج خبر در تارنمای شما را رسانه می گویند.","iscorrect":0},{"id":"12664","description":"منظور از رسانه، ساده کردن دسته بندی اطلاعات است.","iscorrect":0},{"id":"12665","description":"رسانه برای بهتر دیده شدن مطالب در موتورهای جستجو کاربرد دارد.","iscorrect":0}]},{"id":"3358","description":"منظور از کتابخانه چیست؟","answers":[{"id":"12666","description":"کتابخانه محلی برای جمع آوری کتاب های مجازی تارنمای شما به فرمت PDF است.","iscorrect":0},{"id":"12667","description":"کتابخانه محلی برای جمع آوری کتاب های مجازی تارنمای شما به فرمت DOC است.","iscorrect":0},{"id":"12668","description":"کتابخانه محلی است که شما می توانید همه رسانه های ارسالی خود را دیده و در زمان نیاز تغییرات مورد نظر خود را بر روی آنها اعمال کنید.","iscorrect":1},{"id":"12669","description":"کتابخانه محلی است که می توان به کتابخانه های مجازی سایت های دیگر پیوند داد.","iscorrect":0}]}]},{"score":"60","questions":[{"id":"3359","description":"در هنگام ساخت دسته، از ......... در نشانی URL استفاده می شود.","answers":[{"id":"12670","description":"پیشخوان","iscorrect":0},{"id":"12671","description":"نامک","iscorrect":1},{"id":"12672","description":"ویرایشگر","iscorrect":0},{"id":"12673","description":"به روز رسانی","iscorrect":0}]},{"id":"3360","description":"............. رسانه بخشی است در وردپرس که به منظور مدیریت هر چه بهتر رسانه ها یا پرونده های رسانه ای شما که در تارنمای خود افزوده اید ایجاد شده است.","answers":[{"id":"12674","description":"کتابخانه","iscorrect":0},{"id":"12675","description":"دسته","iscorrect":0},{"id":"12676","description":"رسانه","iscorrect":1},{"id":"12677","description":"برچسب","iscorrect":0}]},{"id":"3361","description":"برای نوشتن چند کلمه به عنوان برچسب کافی است که آنها را از هم با یک ............ جدا کنید.","answers":[{"id":"12678","description":"پرانتز","iscorrect":0},{"id":"12679","description":"خط مورب","iscorrect":0},{"id":"12680","description":"ویرگول","iscorrect":1},{"id":"12681","description":"نقطه","iscorrect":0}]},{"id":"3362","description":"........... محلی است که شما می توانید همه رسانه های ارسالی خود را دیده و در زمان مورد نیاز تغییرات مورد نظر خود را بر روی آنها اعمال کنید.","answers":[{"id":"12682","description":"کتابخانه","iscorrect":1},{"id":"12683","description":"دسته","iscorrect":0},{"id":"12684","description":"رسانه","iscorrect":0},{"id":"12685","description":"برچسب","iscorrect":0}]},{"id":"3363","description":"کدامیک ازگزینه های زیر، کاربرد مهم برچسب ها است؟","answers":[{"id":"12686","description":"افزایش سرعت بارگذاری تارنما","iscorrect":0},{"id":"12687","description":"ارتباط با پایگاه داده های وب سایت های دیگر","iscorrect":0},{"id":"12688","description":"بهتر دیده شدن مطالب در موتورهای جستجو","iscorrect":1},{"id":"12689","description":"افزایش سرعت بارگذاری دادهها در phpMyAdmin","iscorrect":0}]}]}]},{"name":"درس هفتم- پوسته ها، ابزارک ها و ویرایشگر","id":"524","contentorder":"13","lesson_number":7,"type":0,"filename":"lesson524.html"},{"name":"پوسته ها، ابزارک ها و ویرایشگر","id":"870","contentorder":"14","type":1,"set":[{"score":"60","questions":[{"id":"3364","description":"کدامیک از گزینه های زیر تعریف «پوسته» است؟","answers":[{"id":"12690","description":"بخش مدیریت وردپرس یا همان پیشخوان، به صفحات تو در تو تقسیم می شود. این صفحات را اصطلاحا پوسته می گویند.","iscorrect":0},{"id":"12691","description":"پوسته یا همان قالب در واقع هسته نمایانگر شکل و فرم تارنما است که با کمک از آن می توان ظاهر تارنما را به صورت های متفاوت و حرفه ای درآورد.","iscorrect":1},{"id":"12692","description":"به کدهای HTML یک نوشته، پوسته آن نوشته می گویند.","iscorrect":0},{"id":"12693","description":"به کدهای PHP یک نوشته، پوسته آن نوشته می گویند.","iscorrect":0}]},{"id":"3365","description":".................... برنامه های کوچکی هستند که به منظور انجام کارهای مشخصی نوشته و در کنار قالب به شما خدمت می کنند.","answers":[{"id":"12694","description":"پیشخوان ها","iscorrect":0},{"id":"12695","description":"پوسته ها","iscorrect":0},{"id":"12696","description":"ابزارک ها","iscorrect":1},{"id":"12697","description":"صفحات مرکزی","iscorrect":0}]},{"id":"3366","description":"برای استفاده از یک ابزارک، باید آن را در کدام کادر قرار داد؟","answers":[{"id":"12698","description":"Fragrance","iscorrect":0},{"id":"12699","description":"Admin","iscorrect":0},{"id":"12700","description":"Sidebar","iscorrect":1},{"id":"12701","description":"Browse","iscorrect":0}]},{"id":"3367","description":"از کدامیک از علائم زیر برای نوشتن کد رنگ استفاده می شود؟","answers":[{"id":"12702","description":"!","iscorrect":0},{"id":"12703","description":"%","iscorrect":0},{"id":"12704","description":"&","iscorrect":0},{"id":"12705","description":"#","iscorrect":1}]},{"id":"3368","description":"پوسته ها در وردپرس عموما به چه فرمتی هستند؟","answers":[{"id":"12706","description":"PDF","iscorrect":0},{"id":"12707","description":"ZIP","iscorrect":1},{"id":"12708","description":"EXE","iscorrect":0},{"id":"12709","description":"DOC","iscorrect":0}]}]},{"score":"60","questions":[{"id":"3369","description":"............. در واقع هسته نمایانگر شکل و فرم تارنماست که با کمک از آن می توان ظاهر تارنما را به صورت های متفاوت و حرفه ای درآورد.","answers":[{"id":"12710","description":"پوسته","iscorrect":1},{"id":"12711","description":"پیشخوان","iscorrect":0},{"id":"12712","description":"صفحه جانبی","iscorrect":0},{"id":"12713","description":"صفحه مرکزی","iscorrect":0}]},{"id":"3370","description":"در بخش درج تصویر در سربرگ پوسته، اگر بخواهیم تصویری از کتابخانه رسانه ها درج کنیم، کدام دکمه را باید کلیک کنیم؟","answers":[{"id":"12714","description":"درج از کتابخانه","iscorrect":0},{"id":"12715","description":"برگزیدن تصویر","iscorrect":1},{"id":"12716","description":"درج از رسانه","iscorrect":0},{"id":"12717","description":"درج عکس از نشانی URL","iscorrect":0}]},{"id":"3371","description":"کدامیک از کادرهای زیر، کادر درج ابزارک است؟","answers":[{"id":"12718","description":"Fragrance","iscorrect":0},{"id":"12719","description":"Admin","iscorrect":0},{"id":"12720","description":"Sidebar","iscorrect":1},{"id":"12721","description":"Browse","iscorrect":0}]},{"id":"3372","description":"از کدامیک از علائم زیر برای نوشتن کد رنگ استفاده می شود؟","answers":[{"id":"12722","description":"!","iscorrect":0},{"id":"12723","description":"%","iscorrect":0},{"id":"12724","description":"&","iscorrect":0},{"id":"12725","description":"#","iscorrect":1}]},{"id":"3373","description":"کدامیک از گزینه های زیر، تعریف یک ابزارک است؟","answers":[{"id":"12726","description":"ابزارک یا همان قالب در واقع هسته نمایانگر شکل و فرم تارنما است که با کمک از آن می توان ظاهر تارنما را به صورت های متفاوت و حرفه ای درآورد.","iscorrect":0},{"id":"12727","description":"ابزارک ها برنامه های کوچکی هستند که به منظور انجام کارهای مشخصی نوشته و در کنار قالب به شما خدمت می کنند.","iscorrect":1},{"id":"12728","description":"به کدهای HTML یک نوشته، ابزارک آن نوشته می گویند.","iscorrect":0},{"id":"12729","description":"به کدهای PHP یک نوشته، ابزارک آن نوشته می گویند.","iscorrect":0}]}]}]},{"name":"درس هشتم- پیوندها و برگه ها","id":"525","contentorder":"15","lesson_number":8,"type":0,"filename":"lesson525.html"},{"name":"پیوندها و برگه ها","id":"872","contentorder":"16","type":1,"set":[{"score":"60","questions":[{"id":"3374","description":"قسمت پیوندها در کجای پیشخوان قرار دارد؟","answers":[{"id":"12730","description":"بین رسانه و برگه ها","iscorrect":1},{"id":"12731","description":"بین رسانه و کتابخانه","iscorrect":0},{"id":"12732","description":"بین کتابخانه و برگه","iscorrect":0},{"id":"12733","description":"بین رسانه و نظرسنجی","iscorrect":0}]},{"id":"3375","description":"کدامیک از گزینه های زیر در زیرمجموعه قسمت پیوندها نیست؟","answers":[{"id":"12734","description":"همه پیوندها","iscorrect":0},{"id":"12735","description":"افزودن","iscorrect":0},{"id":"12736","description":"دسته های پیوند","iscorrect":0},{"id":"12737","description":"لیست ها","iscorrect":1}]},{"id":"3376","description":"دستور blank_ چه عملی انجام می دهد؟","answers":[{"id":"12738","description":"اگر این انتخاب را بکنید با فشار دادن پیوند توسط بازدیدکننده تارنمای شما به نشانی جدید رفته و این نشانی جایگزین تارنمای شما می شود.","iscorrect":0},{"id":"12739","description":"پیوند در کادر همین پنجره باز می شود. این انتخاب بیشتر برای قالب های دارای Frame است.","iscorrect":0},{"id":"12740","description":"پیوند در پنجره یا زبانه تازه ای باز می شود و اگر این انتخاب را بکنید به محض اینکه بازدیدکننده پیوند را نشانه رفت، زبانه جدیدی برای آن پیوند باز می شود و پنجره تارنمای شما هم برای او باز خواهد ماند.","iscorrect":1},{"id":"12741","description":"هیچکدام","iscorrect":0}]},{"id":"3377","description":"کدامیک از ویژگی های زیر مربوط به یک برگه یا Page است؟","answers":[{"id":"12742","description":"پویا بودن","iscorrect":0},{"id":"12743","description":"ایستا بودن","iscorrect":1},{"id":"12744","description":"پیوند به تارنماهای مربوطه","iscorrect":0},{"id":"12745","description":"درج لیستی از پیوندها در وردپرس","iscorrect":0}]},{"id":"3378","description":"برگه ها معمولا به چه صورتی مرتب شده اند؟","answers":[{"id":"12746","description":"به صورت حروف الفبا","iscorrect":1},{"id":"12747","description":"به صورت عددی","iscorrect":0},{"id":"12748","description":"به صورت کم حجم به پر حجم","iscorrect":0},{"id":"12749","description":"به صورت پر حجم به کم حجم","iscorrect":0}]}]},{"score":"60","questions":[{"id":"3379","description":"کدامیک از گزینه های زیر شرح دستور top_ است؟","answers":[{"id":"12750","description":"اگر این انتخاب را بکنید با فشار دادن پیوند توسط بازدیدکننده، تارنمای شما به نشانی جدید رفته و این نشانی جایگزین تارنمای شما می شود.","iscorrect":0},{"id":"12751","description":"پیوند در کادر همین پنجره باز می شود. این انتخاب بیشتر برای قالب های دارای Frame است.","iscorrect":1},{"id":"12752","description":"پیوند در پنجره یا زبانه تازه ای باز می شود و اگر این انتخاب را بکنید به محض اینکه بازدیدکننده پیوند را نشانه رفت، زبانه جدیدی برای آن پیوند باز می شود و پنجره تارنمای شما هم برای او باز خواهد ماند.","iscorrect":0},{"id":"12753","description":"هیچکدام","iscorrect":0}]},{"id":"3380","description":"برای اینکه برگه های خود را به صورت سلسله مراتبی مرتب کنید از کدام گزینه باید استفاده کنید؟ برای نمونه شما می توانید برگه ای با نام درباره ما داشته باشید و برای این برگه، زیربرگه هایی با نام های پروژه های انجام شده٬ پروژه های در حال اتمام و یا زیر دسته ای دیگر بسازید.","answers":[{"id":"12754","description":"قالب","iscorrect":0},{"id":"12755","description":"چیدمان","iscorrect":0},{"id":"12756","description":"مادر","iscorrect":1},{"id":"12757","description":"برگه دان","iscorrect":0}]},{"id":"3381","description":"اگر به تارنمای دیگری پیوند می زنید و علاقه دارید که نوع رابطه خود با او را هم در پیوند نمایان سازید از کدام گزینه زیر استفاده می کنید؟","answers":[{"id":"12758","description":"پیوندهای ایستا","iscorrect":0},{"id":"12759","description":"پیوندهای پویا","iscorrect":0},{"id":"12760","description":"پیوندهای همسو","iscorrect":1},{"id":"12761","description":"پیوندهای دوستانه","iscorrect":0}]},{"id":"3382","description":"برگه ها معمولا به چه صورتی مرتب شده اند؟","answers":[{"id":"12762","description":"به صورت حروف الفبا","iscorrect":1},{"id":"12763","description":"به صورت عددی","iscorrect":0},{"id":"12764","description":"به صورت کم حجم به پر حجم","iscorrect":0},{"id":"12765","description":"به صورت پر حجم به کم حجم","iscorrect":0}]},{"id":"3383","description":"در قسمت ابزارک پیوندها شما می توانید انتخاب کنید که کدام دسته پیوندها را در تارنما نمایان سازید. برای این کار بر روی علامت .......... پیوندها کلیک و دسته مورد نظر را از گزینه دسته پیوندها انتخاب کنید.","answers":[{"id":"12766","description":"مثلث ابزارک","iscorrect":1},{"id":"12767","description":"مثلث برگه ها","iscorrect":0},{"id":"12768","description":"مربع ابزارک","iscorrect":0},{"id":"12769","description":"مربع برگه ها","iscorrect":0}]}]}]},{"name":"درس نهم- دیدگاه ها و افزونه های وردپرس","id":"526","contentorder":"17","lesson_number":9,"type":0,"filename":"lesson526.html"},{"name":"دیدگاه ها و افزونه های وردپرس","id":"874","contentorder":"18","type":1,"set":[{"score":"60","questions":[{"id":"3384","description":"کدامیک از بخش های زیر، در کادر دیدگاه وجود ندارد؟","answers":[{"id":"12770","description":"نام","iscorrect":0},{"id":"12771","description":"رایانامه (ایمیل)","iscorrect":0},{"id":"12772","description":"نشانی وبلاگ","iscorrect":0},{"id":"12773","description":"شماره تلفن","iscorrect":1}]},{"id":"3385","description":"در سیستم وردپرس، اگر کاربری یک دیدگاه ارسال کند، وضعیت آن دیدگاه چگونه خواهد بود؟","answers":[{"id":"12774","description":"اگر کسی دیدگاهی بفرستد باید در درجه اول برای نمایش در تارنما منتظر تایید مدیر بماند.","iscorrect":1},{"id":"12775","description":"دیدگاه ارسال شده بدون تایید مدیر منتشر می شود.","iscorrect":0},{"id":"12776","description":"دیدگاه ارسال شده توسط نرم افزار وردپرس بررسی می شود و اگر هرز بود، به طور خودکار به زباله دان منتقل می شود.","iscorrect":0},{"id":"12777","description":"دیدگاه ارسال شده توسط نرم افزار وردپرس بررسی می شود و اگر هرز بود، منتظر تایید مدیر می ماند تا به زباله دان منتقل شود.","iscorrect":0}]},{"id":"3386","description":"افزونه چیست؟","answers":[{"id":"12778","description":"به صفحات جانبی وردپرس، افزونه گویند.","iscorrect":0},{"id":"12779","description":"افزونه یا Plugin در وردپرس٬ کوچک برنامه ای است که به برنامه اصلی شما که همان قالب و فایل هایش هستند افزوده شده تا امکانات و قابلیت های جدیدی را به آن اضافه کند.","iscorrect":1},{"id":"12780","description":"به بخش مدیریت دیدگاه ها در وردپرس، افزونه گویند.","iscorrect":0},{"id":"12781","description":"افزونه نرم افزاری است که سیستم شما را به طور خودکار به روزرسانی می کند.","iscorrect":0}]},{"id":"3387","description":"کدامیک از افزونه های زیر برای جلوگیری از حمله اسپم ها طراحی شده است؟","answers":[{"id":"12782","description":"Statpress","iscorrect":0},{"id":"12783","description":"Akismet","iscorrect":1},{"id":"12784","description":"Plugs","iscorrect":0},{"id":"12785","description":"Against Attack","iscorrect":0}]},{"id":"3388","description":"کدامیک از افزونه های زیر برای تهیه آمار از بازدید کنندگان تارنما به کار می رود؟","answers":[{"id":"12786","description":"Statpress","iscorrect":1},{"id":"12787","description":"Akismet","iscorrect":0},{"id":"12788","description":"Plugs","iscorrect":0},{"id":"12789","description":"Against Attack","iscorrect":0}]}]},{"score":"60","questions":[{"id":"3389","description":"برای دسترسی به مدیریت دیدگاه ها در بخش تنظیمات، دکمه ................ را انتخاب می کنیم.","answers":[{"id":"12790","description":"آرشیو دیدگاه ها","iscorrect":0},{"id":"12791","description":"گفتگو","iscorrect":1},{"id":"12792","description":"روبات","iscorrect":0},{"id":"12793","description":"جفنگ","iscorrect":0}]},{"id":"3390","description":"وظیفه افزونه Statpress چیست؟","answers":[{"id":"12794","description":"این افزونه برای جلوگیری از حمله اسپم ها به کار می رود.","iscorrect":0},{"id":"12795","description":"این افزونه برای تهیه آمار از بازدیدکنندگان تارنما به کار می رود.","iscorrect":1},{"id":"12796","description":"این افزونه برای تولید نظرسنجی به کار می رود.","iscorrect":0},{"id":"12797","description":"این افزونه برای ایجاد صفحات جانبی به کار می رود.","iscorrect":0}]},{"id":"3391","description":"در سیستم وردپرس، اگر کاربری یک دیدگاه ارسال کند، وضعیت آن دیدگاه چگونه خواهد بود؟","answers":[{"id":"12798","description":"اگر کسی دیدگاهی بفرستد، باید در درجه اول برای نمایش در تارنما منتظر تایید مدیر بماند.","iscorrect":1},{"id":"12799","description":"دیدگاه ارسال شده بدون تایید مدیر منتشر می شود.","iscorrect":0},{"id":"12800","description":"دیدگاه ارسال شده توسط نرم افزار وردپرس بررسی می شود و اگر هرز بود، به طور خودکار به زباله دان منتقل می شود.","iscorrect":0},{"id":"12801","description":"دیدگاه ارسال شده توسط نرم افزار وردپرس بررسی می شود و اگر هرز بود، منتظر تایید مدیر می ماند تا به زباله دان منتقل شود.","iscorrect":0}]},{"id":"3392","description":"................ در وردپرس٬ کوچک برنامه ای است که به برنامه اصلی شما که همان قالب و فایل هایش هستند افزوده شده تا امکانات و قابلیت های جدیدی را به آن اضافه کند.","answers":[{"id":"12802","description":"افزونه","iscorrect":1},{"id":"12803","description":"ربات","iscorrect":0},{"id":"12804","description":"Router","iscorrect":0},{"id":"12805","description":"VRC","iscorrect":0}]},{"id":"3393","description":"برای آگاهی یافتن در مورد کارکرد و ویژگی های افزونه کافی است که گزینه .............. را انتخاب کنید.","answers":[{"id":"12806","description":"به روزرسانی","iscorrect":0},{"id":"12807","description":"بیشتر","iscorrect":0},{"id":"12808","description":"جزییات","iscorrect":1},{"id":"13876","description":"VRC","iscorrect":0}]}]}]},{"name":"درس دهم- فهرست ها","id":"527","contentorder":"19","lesson_number":10,"type":0,"filename":"lesson527.html"},{"name":"فهرست ها","id":"876","contentorder":"20","type":1,"set":[{"score":"60","questions":[{"id":"3394","description":"وقتی به هر تارنمایی مراجعه می کنیم اغلب با یک ردیف از دکمه ها در کنار هم مواجه می شویم که نقش هدایت کننده ما به قسمت های مختلف تارنما را بازی می کنند. به این ردیف از دکمه ها ................. می گویند.","answers":[{"id":"12809","description":"Buttons","iscorrect":0},{"id":"12810","description":"Column","iscorrect":0},{"id":"12811","description":"Navigation Bar","iscorrect":1},{"id":"12812","description":"Cells","iscorrect":0}]},{"id":"3395","description":"کدامیک از کادرهای زیر لیستی به شما ارائه می کند با تاکید بر اینکه دسته های ساخته شده در این لیست توسط شما ایجاد شده اند؟","answers":[{"id":"12813","description":"کادر ستونی","iscorrect":0},{"id":"12814","description":"کادر سطری","iscorrect":0},{"id":"12815","description":"کادر افزونه","iscorrect":0},{"id":"12816","description":"کادر دسته ها","iscorrect":1}]},{"id":"3396","description":"کدامیک از گزینه های زیر مربوط به بخش کاربران نیست؟","answers":[{"id":"12817","description":"همه کاربران","iscorrect":0},{"id":"12818","description":"افزودن","iscorrect":0},{"id":"12819","description":"نشانی URL","iscorrect":1},{"id":"12820","description":"شناسنامه شما","iscorrect":0}]},{"id":"3397","description":"برای دسترسی به قسمت فهرست ها در وردپرس باید به بخش نمایش رفته و از زیرمجموعه های نمایش قسمت ............... را انتخاب کنید.","answers":[{"id":"12821","description":"فهرست ها","iscorrect":1},{"id":"12822","description":"رسانه","iscorrect":0},{"id":"12823","description":"کتابخانه","iscorrect":0},{"id":"12824","description":"افزونه","iscorrect":0}]},{"id":"3398","description":"کدامیک از موارد زیر در هنگام ساخت شناسه لازم است که پر شود؟","answers":[{"id":"12825","description":"شناسه","iscorrect":0},{"id":"12826","description":"ایمیل","iscorrect":0},{"id":"12827","description":"رمز عبور","iscorrect":0},{"id":"12828","description":"همه موارد","iscorrect":1}]}]},{"score":"60","questions":[{"id":"3399","description":"منظور از Navigation Bar چیست؟","answers":[{"id":"12829","description":"به افزونه ای که برای جلوگیری از حملات هکرها طراحی شده باشد Navigation Bar گفته می شود.","iscorrect":0},{"id":"12830","description":"سلول های درونی یک صفحه گسترده که به وردپرس اضافه شود Navigation Bar نام دارد.","iscorrect":0},{"id":"12831","description":"وقتی به هر تارنمایی مراجعه می کنیم اغلب با یک ردیف از دکمه ها در کنار هم مواجه می شویم که نقش هدایت کننده ما به قسمت های مختلف تارنما را بازی می کنند. به این ردیف از دکمه ها Navigation bar می گویند.","iscorrect":1},{"id":"12832","description":"یک Navigation Bar ابزارکی است که برای به روزرسانی سیستم وردپرس استفاده می شود.","iscorrect":0}]},{"id":"3400","description":"کادر برگه ها نمایش دهنده ................ موجود در قالب شما است.","answers":[{"id":"12833","description":"فهرست های","iscorrect":0},{"id":"12834","description":"محتوای","iscorrect":0},{"id":"12835","description":"برگه های","iscorrect":1},{"id":"12836","description":"کدهای","iscorrect":0}]},{"id":"3401","description":"کدامیک از موارد زیر در هنگام ساخت شناسه لازم است که پر شود؟","answers":[{"id":"12837","description":"شناسه","iscorrect":0},{"id":"12838","description":"ایمیل","iscorrect":0},{"id":"12839","description":"رمز عبور","iscorrect":0},{"id":"12840","description":"همه موارد","iscorrect":1}]},{"id":"3402","description":"کدامیک از کادرهای زیر، لیستی به شما ارئه می کند با تاکید بر اینکه دسته های ساخته شده در این لیست توسط شما ایجاد شده است؟","answers":[{"id":"12841","description":"کادر ستونی","iscorrect":0},{"id":"12842","description":"کادر سطری","iscorrect":0},{"id":"12843","description":"کادر افزونه","iscorrect":0},{"id":"12844","description":"کادر دسته ها","iscorrect":1}]},{"id":"3403","description":"نظر شما درباره این عبارت چیست: «در وردپرس شما این قابلیت را دارید که چندین فهرست ایجاد و آنها را در نقاط مختلف استفاده کنید.»","answers":[{"id":"12845","description":"درست است.","iscorrect":1},{"id":"12846","description":"غلط است.","iscorrect":0},{"id":"12847","description":"قابلیت ایجاد فهرست درست است اما نمی توان آنها را در نقاط مختلف استفاده کرد.","iscorrect":0},{"id":"12848","description":"می توان فهرست درست کرد و با استفاده از افزونه ای به نام Usable آن را در نقاط مختلف استفاده کرد.","iscorrect":0}]}]}]},{"name":"درس یازدهم- به روزرسانی و تنظیمات پیشرفته","id":"528","contentorder":"21","lesson_number":11,"type":0,"filename":"lesson528.html"},{"name":"به روزرسانی و تنظیمات پیشرفته","id":"878","contentorder":"22","type":1,"set":[{"score":"60","questions":[{"id":"3404","description":"اگر بخواهیم وردپرس را به سه بخش اصلی تقسیم کنیم، کدام گزینه زیر جز این سه دسته قرار نمی گیرد؟","answers":[{"id":"12849","description":"بدنه اصلی وردپرس","iscorrect":0},{"id":"12850","description":"پوسته های وردپرس","iscorrect":0},{"id":"12851","description":"افزونه ها","iscorrect":0},{"id":"12852","description":"نظرسنجی ها","iscorrect":1}]},{"id":"3405","description":"با کمک کدامیک از گزینه های زیر می توانید یک نسخه از محتوای تارنمای خود را تهیه کرده و آنرا در درون سیستم دیگری بکار ببرید؟","answers":[{"id":"12853","description":"ابزارهای در دسترس","iscorrect":0},{"id":"12854","description":"درون ریزی","iscorrect":0},{"id":"12855","description":"برون ریزی","iscorrect":1},{"id":"12856","description":"مدیریت داده ها","iscorrect":0}]},{"id":"3406","description":"بخش ابزارها در زیر بخش کاربران قرار دارد و دارای سه زیر مجموعه است. این سه مجموعه عبارتند از:","answers":[{"id":"12857","description":"افزونه ها، درون ریزی و برون ریزی","iscorrect":0},{"id":"12858","description":"ابزارهای در دسترس٬ درون ریزی و برون ریزی","iscorrect":1},{"id":"12859","description":"افزونه ها، ابزارهای در دسترس، درون ریزی","iscorrect":0},{"id":"12860","description":"افزونه ها، ابزارهای در دسترس، برون ریزی","iscorrect":0}]},{"id":"3407","description":"کدامیک از قسمت های زیر به شما اجازه می دهد با انتخاب یک قطعه از متن٬ تصویر و ویدیو از هر کجای اینترنت با سرعت بالاتری در تارنمای خود از آن استفاده و یا در موردش مطلب بنویسید؟","answers":[{"id":"12861","description":"برگردان دسته ها و برچسب ها","iscorrect":0},{"id":"12862","description":"مخابره کنید","iscorrect":1},{"id":"12863","description":"بوکمارک","iscorrect":0},{"id":"12864","description":"Selecting from Internet","iscorrect":0}]},{"id":"3408","description":"برای فرستادن نامه، کدامیک از گزاره های زیر غلط است؟","answers":[{"id":"12865","description":"قسمت «انتشار از راه دور» را فعال کنید.","iscorrect":0},{"id":"12866","description":"مشخصات رایانامه را در کادر قسمت «فرستادن با نامه» بنویسید.","iscorrect":0},{"id":"12867","description":"نباید از شناسه های عمومی مانند Gmail یا Yahoo در این مورد استفاده کنید.","iscorrect":0},{"id":"12868","description":"سرویس دهنده وردپرس امکان ارسال نامه را ندارد.","iscorrect":1}]}]},{"score":"60","questions":[{"id":"3409","description":"کدامیک از گزینه های زیر در بخش ابزارها وجود ندارد؟","answers":[{"id":"12869","description":"ابزارهای در دسترس","iscorrect":0},{"id":"12870","description":"درون ریزی","iscorrect":0},{"id":"12871","description":"برون ریزی","iscorrect":0},{"id":"12872","description":"مدیریت داده ها","iscorrect":1}]},{"id":"3410","description":"صفحه تنظیمات ........... به امور عکس ها و فیلم ها از نظر اندازه آنها و یا محل نگهداری آنها می پردازد.","answers":[{"id":"12873","description":"کتابخانه","iscorrect":0},{"id":"12874","description":"رسانه","iscorrect":1},{"id":"12875","description":"درون ریزی","iscorrect":0},{"id":"12876","description":"برون ریزی","iscorrect":0}]},{"id":"3411","description":"محل قرارگرفتن پرونده ها و رسانه ها در وردپرس به صورت پیش فرض در کدام دایرکتوری است؟","answers":[{"id":"12877","description":"wp-content/uploads","iscorrect":1},{"id":"12878","description":"wp-content/download","iscorrect":0},{"id":"12879","description":"wp-wordpress/uploads","iscorrect":0},{"id":"12880","description":"wp-wordpress/download","iscorrect":0}]},{"id":"3412","description":"برای یافتن یک مطلب در اینترنت، آن مطلب باید دارای یک نشانی منحصر به فرد باشد. این کار در اینترنت به صورت علامت .................. و به همراه اعداد صورت می گیرد.","answers":[{"id":"12881","description":"!","iscorrect":0},{"id":"12882","description":"؟","iscorrect":1},{"id":"12883","description":"#","iscorrect":0},{"id":"12884","description":"&","iscorrect":0}]},{"id":"3413","description":"کدامیک از قسمت های زیر به شما اجازه می دهد با انتخاب یک قطعه از متن٬ تصویر و ویدیو از هر کجای اینترنت با سرعت بالاتری در تارنمای خود از آن استفاده و یا در موردش مطلب بنویسید؟","answers":[{"id":"12885","description":"برگردان دسته ها و برچسب ها","iscorrect":0},{"id":"12886","description":"مخابره کنید","iscorrect":1},{"id":"12887","description":"بوک مارک","iscorrect":0},{"id":"12888","description":"Selecting from Internet","iscorrect":0}]}]}]},{"name":"درس دوازدهم- طراحی و ساخت یک تارنمای نمونه","id":"529","contentorder":"23","lesson_number":12,"type":0,"filename":"lesson529.html"},{"name":"طراحی و ساخت یک تارنمای نمونه","id":"893","contentorder":"24","type":1,"set":[{"score":"60","questions":[{"id":"3488","description":"وظیفه افزونه «wp-jalali» چیست؟","answers":[{"id":"13185","description":"این افزونه به فارسی شدن بخش های مختلف تارنما مانند تاریخ، کمک بسیار می کند.","iscorrect":1},{"id":"13186","description":"این افزونه باعث سرعت بارگذاری تارنما می شود.","iscorrect":0},{"id":"13187","description":"از این افزونه برای ایجاد نظرسنجی در تارنما استفاده می شود.","iscorrect":0},{"id":"13188","description":"این افزونه برای درج تصویر در ستون های قالب به کار می رود.","iscorrect":0}]},{"id":"3489","description":"کدامیک از افزونه های زیر یک «جفنگ کش» یا Anti Spam است؟","answers":[{"id":"13189","description":"SEO","iscorrect":0},{"id":"13190","description":"Akismet","iscorrect":1},{"id":"13191","description":"wp-jalali","iscorrect":0},{"id":"13192","description":"Jafangkosh","iscorrect":0}]},{"id":"3490","description":"با استفاده از کدامیک از افزونه های زیر می توان یک پشتیبان از اطلاعات تارنما گرفت؟","answers":[{"id":"13193","description":"WordPress Backitup","iscorrect":1},{"id":"13194","description":"Subscribe to Comments","iscorrect":0},{"id":"13195","description":"Google XML Sitemaps","iscorrect":0},{"id":"13196","description":"WordPress.com Stats","iscorrect":0}]},{"id":"3491","description":"وظیفه افزونه All in One SEO Pack چیست؟","answers":[{"id":"13197","description":"این افزونه آدرس خوراک های (Feed) وبلاگ تان را روی خوراک Feedburnerتان می اندازد یا Redirect می کند. با این کار هر کس بخواهد از خوراک تارنمای شما استفاده کند از خوراک Feedburnerتان استفاده خواهد کرد.","iscorrect":0},{"id":"13198","description":"این افزونه به فارسی شدن بخش های مختلف تارنما مانند تاریخ، کمک بسیار می کند.","iscorrect":0},{"id":"13199","description":"با نصب این افزونه می توانید تارنمای خود را برای موتورهای جستجو بهینه کنید تا آنها بتوانند مطالب شما را زودتر و بهتر پیدا و ثبت کنند.","iscorrect":1},{"id":"13200","description":"این افزونه برای ساخت یک فرم ارتباط ساز ساده استفاده می شود.","iscorrect":0}]},{"id":"3492","description":"کدامیک از افزونه های زیر به خوانندگان شما کمک می کند تا به راحتی پاسخ نظرات خود یا دیگران را پیگیری کنند؟","answers":[{"id":"13201","description":"WordPress Backitup","iscorrect":0},{"id":"13202","description":"Subscribe to Comments","iscorrect":1},{"id":"13203","description":"Google XML Sitemaps","iscorrect":0},{"id":"13204","description":"WordPress.com Stats","iscorrect":0}]}]},{"score":"60","questions":[{"id":"3493","description":"وظیفه افزونه Akismet چیست؟","answers":[{"id":"13205","description":"این افزونه به فارسی شدن بخش های مختلف تارنما مانند تاریخ، کمک بسیار می کند.","iscorrect":0},{"id":"13206","description":"این افزونه باعث افزایش سرعت بارگذاری تارنما می شود.","iscorrect":0},{"id":"13207","description":"از این افزونه برای ایجاد نظرسنجی در تارنما استفاده می شود.","iscorrect":0},{"id":"13208","description":"این افزونه یک «جفنگ کش» یا Anti Spam است.","iscorrect":1}]},{"id":"3494","description":"کدامیک از افزونه های زیر به فارسی شدن بخش های مختلف تارنما مانند تاریخ، کمک بسیار می کند؟","answers":[{"id":"13209","description":"SEO","iscorrect":0},{"id":"13210","description":"Akismet","iscorrect":0},{"id":"13211","description":"wp-jalali","iscorrect":1},{"id":"13212","description":"Jafangkosh","iscorrect":0}]},{"id":"3495","description":"با استفاده از کدامیک از افزونه های زیر می توان یک پشتیبان از اطلاعات تارنما گرفت؟","answers":[{"id":"13213","description":"WordPress Backitup","iscorrect":1},{"id":"13214","description":"Subscribe to Comments","iscorrect":0},{"id":"13215","description":"Google XML Sitemaps","iscorrect":0},{"id":"13216","description":"WordPress.com Stats","iscorrect":0}]},{"id":"3496","description":"وظیفه افزونه Subscribe to Comments چیست؟","answers":[{"id":"13217","description":"این افزونه برای پشتیبان گیری از اطلاعات تارنما کاربرد دارد.","iscorrect":0},{"id":"13218","description":"از این افزونه برای ایجاد نظرسنجی استفاده می شود.","iscorrect":0},{"id":"13219","description":"این افزونه برای درج تصویر کاربرد دارد.","iscorrect":0},{"id":"13220","description":"این افزونه به خوانندگان شما کمک می کند تا به راحتی پاسخ نظرات خود یا دیگران را پیگیری کنند.","iscorrect":1}]},{"id":"3497","description":"وظیفه افزونه Feedburner Feedsmith چیست؟","answers":[{"id":"13221","description":"این افزونه آدرس خوراک های (Feed) وبلاگ تان را روی خوراک Feedburnerتان می اندازد یا redirect می کند. با این کار هر کس بخواهد از خوراک تارنمای شما استفاده کند از خوراک Feedburnerتان استفاده خواهد کرد.","iscorrect":1},{"id":"13222","description":"این افزونه به فارسی شدن بخش های مختلف تارنما مانند تاریخ، کمک بسیار می کند.","iscorrect":0},{"id":"13223","description":"با نصب این افزونه می توانید تارنمای خود را برای موتورهای جستجو بهینه کنید تا آنها بتوانند مطالب شما را زودتر و بهتر پیدا و ثبت کنند.","iscorrect":0},{"id":"13224","description":"این افزونه برای افزودن فرم ارتباط ساز ساده استفاده می شود.","iscorrect":0}]}]}]},{"name":"درس سیزدهم- نصب و راه اندازی تارنما در اینترنت","id":"530","contentorder":"25","lesson_number":13,"type":0,"filename":"lesson530.html"},{"name":"نصب و راه اندازی تارنما در اینترنت","id":"895","contentorder":"26","type":1,"set":[{"score":"60","questions":[{"id":"3498","description":"منظور از دامنه چیست؟","answers":[{"id":"13225","description":"یک سرویس دهنده مجازی را دامنه می گویند.","iscorrect":0},{"id":"13226","description":"پایگاه اطلاعات وردپرس اصطلاحا دامنه نامیده می شود.","iscorrect":0},{"id":"13227","description":"دامنه نشانی منحصر به فرد تارنمای شما در اینترنت است که هر کس آن را وارد مرورگر کند، وارد تارنمای شما می شود.","iscorrect":1},{"id":"13228","description":"دامنه یک افزونه برای افزایش سرعت بارگذاری تارنما است.","iscorrect":0}]},{"id":"3499","description":"کار اصلی Web Hosting چیست؟","answers":[{"id":"13229","description":"Web Hosting یا خدمات میزبانی، یک سرویس دهنده است که شما یک نسخه از تارنمای طراحی شده خود را در فضای تعیین شده این سرویس قرار می دهید، سپس این سرویس، تارنمای شما را در دسترس همگان قرار می دهد.","iscorrect":1},{"id":"13230","description":"Web Hosting نشانی منحصر به فرد تارنمای شما در اینترنت است که هر کس آن را وارد مرورگر کند، وارد تارنمای شما می شود.","iscorrect":0},{"id":"13231","description":"Web Hosting یک افزونه برای بهینه سازی جستجو است.","iscorrect":0},{"id":"13232","description":"Web Hosting یک ابزارک است.","iscorrect":0}]},{"id":"3500","description":"نرم افزار FileZilla چیست؟","answers":[{"id":"13233","description":"یک مرورگر اینترنت","iscorrect":0},{"id":"13234","description":"یک برنامه برای مدیریت FTP","iscorrect":1},{"id":"13235","description":"یک نرم افزار آنتی ویروس","iscorrect":0},{"id":"13236","description":"یک نرم افزار آنتی هک","iscorrect":0}]},{"id":"3501","description":"در عبارت مقابل، در جای خالی چه چیزی را باید قرار دهیم: \ndefine('DB_NAME', '......................');","answers":[{"id":"13237","description":"نام کاربری","iscorrect":0},{"id":"13238","description":"رمز کاربری","iscorrect":0},{"id":"13239","description":"localhost","iscorrect":0},{"id":"13240","description":"نام پایگاه داده","iscorrect":1}]},{"id":"3502","description":"در صورت برخورد با مشکلی مانند نشان دادن تارنما، باید در کدامیک از فایل های زیر تغییراتی انجام دهیم؟","answers":[{"id":"13241","description":"wp-config.php","iscorrect":1},{"id":"13242","description":"config.php","iscorrect":0},{"id":"13243","description":"wp.php","iscorrect":0},{"id":"13244","description":"theme.php","iscorrect":0}]}]},{"score":"60","questions":[{"id":"3503","description":"................. یا خدمات میزبانی یک سرویس دهنده است که شما یک نسخه از تارنمای طراحی شده خود را در فضای تعیین شده این سرویس قرار می دهید، سپس این سرویس، تارنمای شما را در دسترس همگان قرار می دهد.","answers":[{"id":"13245","description":"Domain","iscorrect":0},{"id":"13246","description":"Web Hosting","iscorrect":1},{"id":"13247","description":"SEO","iscorrect":0},{"id":"13248","description":"VRC","iscorrect":0}]},{"id":"3504","description":"به نشانی منحصر به فرد تارنمای شما در اینترنت چه می گویند؟","answers":[{"id":"13249","description":"Virtual Resources","iscorrect":0},{"id":"13250","description":"Primary Key","iscorrect":0},{"id":"13251","description":"Domain","iscorrect":1},{"id":"13252","description":"Web Hosting","iscorrect":0}]},{"id":"3505","description":"در عبارت مقابل در جای خالی چه چیزی را باید قرار دهیم: define('DB_NAME', '......................');","answers":[{"id":"13253","description":"نام کاربری","iscorrect":0},{"id":"13254","description":"رمز کاربری","iscorrect":0},{"id":"13255","description":"localhost","iscorrect":0},{"id":"13256","description":"نام پایگاه داده","iscorrect":1}]},{"id":"3506","description":"پس از راه اندازی برنامه FileZilla در قسمت بالای برنامه، نواری را مشاهده می کنیم که شامل انتخاب هایی برای اتصال به فضای میزبانی است. کدامیک از گزینه های زیر در این نوار قرار ندارد؟","answers":[{"id":"13257","description":"Host","iscorrect":0},{"id":"13258","description":"Username","iscorrect":0},{"id":"13259","description":"Password","iscorrect":0},{"id":"13260","description":"SEO","iscorrect":1}]},{"id":"3507","description":"نرم افزار FileZilla چیست؟","answers":[{"id":"13261","description":"یک مرورگر اینترنت","iscorrect":0},{"id":"13262","description":"یک برنامه برای مدیریت FTP","iscorrect":1},{"id":"13263","description":"یک نرم افزار آنتی ویروس","iscorrect":0},{"id":"13264","description":"یک نرم افزار آنتی هک","iscorrect":0}]}]}]},{"name":"دوره طراحی وب سایت به کمک وردپرس- آزمون نهایی","id":"897","contentorder":"27","type":1,"set":[{"score":"50","questions":[{"id":"3508","description":"منظور از سیستم مدیریت محتوا چیست؟","answers":[{"id":"13265","description":"نرم افزارهای سیستم مدیریت محتوا برنامه هایی کامل و مجهز برای ایجاد و مدیریت آسان وب سایت یا همان تارنما هستند.","iscorrect":1},{"id":"13266","description":"از یک سیستم مدیریت محتوا به منظور راه اندازی نرم افزار وردپرس بر روی رایانه شخصی (Local Host) استفاده می شود.","iscorrect":0},{"id":"13267","description":"از یک سیستم مدیریت محتوا به منظور راه اندازی نرم افزار وردپرس بر روی سرویس دهنده آنلاین (Server) استفاده می شود.","iscorrect":0},{"id":"13268","description":"سیستم مدیریت محتوا برای برنامه نویسی به زبان PHP کاربرد دارد.","iscorrect":0}]},{"id":"3509","description":"از کدامیک از زبان های برنامه نویسی زیر برای تولید وردپرس استفاده شده است؟","answers":[{"id":"13269","description":"C","iscorrect":0},{"id":"13270","description":"Pascal","iscorrect":0},{"id":"13271","description":"PHP","iscorrect":1},{"id":"13272","description":"ASP","iscorrect":0}]},{"id":"3510","description":"کدام پوشه به عنوان محل قرار گیری وردپرس استفاده می شود؟","answers":[{"id":"13273","description":"Wampserver","iscorrect":0},{"id":"13274","description":"Wordpress-Folder","iscorrect":0},{"id":"13275","description":"WWW","iscorrect":1},{"id":"13276","description":"وردپرس مستقیما در درایو C قرار می گیرد.","iscorrect":0}]},{"id":"3511","description":"از کدامیک از نرم افزارهای زیر برای راه اندازی سرور مجازی بر روی رایانه استفاده می شود؟","answers":[{"id":"13277","description":"Virtual CD","iscorrect":0},{"id":"13278","description":"Wampserver","iscorrect":1},{"id":"13279","description":"Server of the windows","iscorrect":0},{"id":"13280","description":"Local server","iscorrect":0}]},{"id":"3512","description":"وظیفه بخش phpMyAdmin در نرم افزار ومپسرور چیست؟","answers":[{"id":"13281","description":"ایجاد یک دایرکتوری","iscorrect":0},{"id":"13282","description":"از این بخش برای ساخت پایگاه داده استفاده می شود.","iscorrect":1},{"id":"13283","description":"این بخش برای شیوه نمایش وردپرس در مرورگر به کار می رود.","iscorrect":0},{"id":"13284","description":"این بخش یک پوشه جدید در پوشه www ایجاد می کند.","iscorrect":0}]},{"id":"3513","description":"به صفحه مدیریت وردپرس .......... نیز می گویند.","answers":[{"id":"13285","description":"راهنما","iscorrect":0},{"id":"13286","description":"پیشخوان","iscorrect":1},{"id":"13287","description":"ومپ","iscorrect":0},{"id":"13288","description":"لوکال هاست","iscorrect":0}]},{"id":"3514","description":"در قسمت مدیریت نوشته ها، اگر گزینه «انتقال به زباله دانی» را انتخاب کنیم:","answers":[{"id":"13289","description":"نوشته مورد نظر پاک شده و به هیچ وجه قابل برگشت نخواهد بود.","iscorrect":0},{"id":"13290","description":"نوشته مورد نظر پاک شده اما این نوشته قابل برگشت است.","iscorrect":1},{"id":"13291","description":"نوشته مورد نظر در حالت Draft یا پیش نمایش قرار می گیرد و منتظر تایید مدیر برای انتشار می ماند.","iscorrect":0},{"id":"13292","description":"نوشته مورد نظر طبق ساعتی که توسط مدیر درج می شود، پاک شده و غیرقابل برگشت خواهد بود.","iscorrect":0}]},{"id":"3515","description":"کدامیک از گزینه های زیر کاربرد مهم برچسب ها است؟","answers":[{"id":"13293","description":"افزایش سرعت بارگذاری تارنما","iscorrect":0},{"id":"13294","description":"ارتباط با پایگاه داده های وب سایت های دیگر","iscorrect":0},{"id":"13295","description":"بهتر دیده شدن مطالب در موتورهای جستجو","iscorrect":1},{"id":"13296","description":"افزایش سرعت بارگذاری داده ها در phpMyAdmin","iscorrect":0}]},{"id":"3516","description":"در هنگام ساخت دسته، از «نامک» در کجا استفاده می شود؟","answers":[{"id":"13297","description":"در کدهای HTML","iscorrect":0},{"id":"13298","description":"در نشانی URL","iscorrect":1},{"id":"13299","description":"در کدهای php","iscorrect":0},{"id":"13300","description":"در سرویس دهنده اصلی وب سایت (Host)","iscorrect":0}]},{"id":"3517","description":"منظور از رسانه در وردپرس چیست؟","answers":[{"id":"13301","description":"رسانه بخشی است در وردپرس که به منظور مدیریت هر چه بهتر رسانه ها یا پرونده های رسانه ای شما که در تارنمای خود افزوده اید ایجاد شده است.","iscorrect":1},{"id":"13302","description":"ارتباط تارنمای شما با رسانه های دیگر (رسانه هایی همچون وب سایت های خبری) برای درج خبر در تارنمای شما را رسانه می گویند.","iscorrect":0},{"id":"13303","description":"منظور از رسانه، ساده کردن دسته بندی اطلاعات است.","iscorrect":0},{"id":"13304","description":"رسانه برای بهتر دیده شدن مطالب در موتورهای جستجو کاربرد دارد.","iscorrect":0}]}]},{"score":"50","questions":[{"id":"3518","description":"کدامیک از کادرهای زیر، کادر درج ابزارک است؟","answers":[{"id":"13305","description":"Fragrance","iscorrect":0},{"id":"13306","description":"Admin","iscorrect":0},{"id":"13307","description":"Sidebar","iscorrect":1},{"id":"13308","description":"Browse","iscorrect":0}]},{"id":"3519","description":"پوسته ها در وردپرس عموما به چه فرمتی هستند؟","answers":[{"id":"13309","description":"PDF","iscorrect":0},{"id":"13310","description":"ZIP","iscorrect":1},{"id":"13311","description":"EXE","iscorrect":0},{"id":"13312","description":"DOC","iscorrect":0}]},{"id":"3520","description":"دستور blank_ چه عملی انجام می دهد؟","answers":[{"id":"13313","description":"اگر این انتخاب را بکنید، با فشار دادن پیوند توسط بازدید کننده، تارنمای شما وی را به نشانی جدید برده و این نشانی جایگزین تارنمای شما می شود.","iscorrect":0},{"id":"13314","description":"پیوند در کادر همین پنجره باز می شود. این انتخاب بیشتر برای قالب های دارای Frame است.","iscorrect":0},{"id":"13315","description":"پیوند در پنجره یا زبانه تازه ای باز می شود و اگر این انتخاب را بکنید به محض اینکه بازدیدکننده پیوند را نشانه رفت، زبانه جدیدی برای آن پیوند باز می شود و پنجره تارنمای شما هم برای او باز خواهد ماند.","iscorrect":1},{"id":"13316","description":"هیچکدام","iscorrect":0}]},{"id":"3521","description":"وظیفه افزونه Statpress چیست؟","answers":[{"id":"13317","description":"این افزونه برای جلوگیری از حمله اسپم ها به کار می رود.","iscorrect":0},{"id":"13318","description":"این افزونه برای تهیه آمار از بازدیدکنندگان تارنما به کار می رود.","iscorrect":1},{"id":"13319","description":"این افزونه برای تولید نظرسنجی به کار می رود.","iscorrect":0},{"id":"13320","description":"این افزونه برای ایجاد صفحات جانبی به کار می رود.","iscorrect":0}]},{"id":"3522","description":"وقتی به هر تارنمایی مراجعه می کنیم اغلب با یک ردیف از دکمه ها در کنار هم مواجه می شویم که نقش هدایت کننده ما به قسمت های مختلف تارنما را بازی می کنند. به این ردیف از دکمه ها ................. می گویند.","answers":[{"id":"13321","description":"Buttons","iscorrect":0},{"id":"13322","description":"Column","iscorrect":0},{"id":"13323","description":"Navigation Bar","iscorrect":1},{"id":"13324","description":"Cells","iscorrect":0}]},{"id":"3523","description":"محل قرارگرفتن پرونده ها و رسانه ها در وردپرس به صورت پیش فرض در کدام دایرکتوری است؟","answers":[{"id":"13325","description":"wp-content/uploads","iscorrect":1},{"id":"13326","description":"wp-content/download","iscorrect":0},{"id":"13327","description":"wp-wordpress/uploads","iscorrect":0},{"id":"13328","description":"wp-wordpress/download","iscorrect":0}]},{"id":"3524","description":"با کمک کدامیک از گزینه های زیر می توانید یک نسخه از محتوای تارنمای خود را تهیه کرده و آن را در درون سیستم دیگری بکار ببرید.","answers":[{"id":"13329","description":"ابزارهای در دسترس","iscorrect":0},{"id":"13330","description":"درون ریزی","iscorrect":0},{"id":"13331","description":"برون ریزی","iscorrect":1},{"id":"13332","description":"مدیریت داده ها","iscorrect":0}]},{"id":"3525","description":"کدامیک از افزونه های زیر به فارسی شدن بخش های مختلف تارنما مانند تاریخ کمک بسیار می کند؟","answers":[{"id":"13333","description":"SEO","iscorrect":0},{"id":"13334","description":"Akismet","iscorrect":0},{"id":"13335","description":"wp-jalali","iscorrect":1},{"id":"13336","description":"Jafangkosh","iscorrect":0}]},{"id":"3526","description":"وظیفه افزونه All in One SEO Pack چیست؟","answers":[{"id":"13337","description":"این افزونه آدرس خوراک های (Feed) وبلاگ تان را روی خوراک Feedburnerتان می اندازد یا redirect می کند. با این کار هر کس بخواهد از خوراک تارنمای شما استفاده کند از خوراک Feedburnerتان استفاده خواهد کرد.","iscorrect":0},{"id":"13338","description":"این افزونه به فارسی شدن بخش های مختلف تارنما مانند تاریخ، کمک بسیار می کند.","iscorrect":0},{"id":"13339","description":"با نصب این افزونه می توانید تارنمای خود را برای موتورهای جستجو بهینه کنید تا آنها بتوانند مطالب شما را زودتر و بهتر پیدا و ثبت کنند.","iscorrect":1},{"id":"13340","description":"این افزونه برای ساخت یک فرم ارتباط ساز ساده استفاده می شود.","iscorrect":0}]},{"id":"3527","description":"نرم افزار FileZilla چیست؟","answers":[{"id":"13341","description":"یک مرورگر اینترنت","iscorrect":0},{"id":"13342","description":"یک برنامه برای مدیریت FTP","iscorrect":1},{"id":"13343","description":"یک نرم افزار آنتی ویروس","iscorrect":0},{"id":"13344","description":"یک نرم افزار آنتی هک","iscorrect":0}]}]}]}]}