{"courseId":"106","contents":[{"name":"مقدمه- هنر پدر و مادر بودن","id":"862","contentorder":"1","lesson_number":1,"type":0,"filename":"lesson862.html"},{"name":"درس اول- سوء تفاهم‌هایی درباره روانشناسی کودک","id":"863","contentorder":"2","lesson_number":2,"type":0,"filename":"lesson863.html"},{"name":"درس دوم- اهمیت برآورده کردن نیازهای نوزاد","id":"864","contentorder":"3","lesson_number":3,"type":0,"filename":"lesson864.html"},{"name":"درس سوم- نیازهای نوزاد","id":"880","contentorder":"4","lesson_number":4,"type":0,"filename":"lesson880.html"},{"name":"درس چهارم- چشم انداز سال اول زندگی","id":"865","contentorder":"5","lesson_number":5,"type":0,"filename":"lesson865.html"},{"name":"درس پنجم- چشم‌انداز سال اول زندگی - بخش دوم","id":"866","contentorder":"6","lesson_number":6,"type":0,"filename":"lesson866.html"},{"name":"درس ششم- چهار توصیه برای سال اول زندگی","id":"867","contentorder":"7","lesson_number":7,"type":0,"filename":"lesson867.html"},{"name":"یک سال اول زندگی","id":"1474","contentorder":"8","type":1,"set":[{"score":"60","questions":[{"id":"6292","description":"چرا پنج سال اول زندگی انسان اهمیت زیادی دارد؟","answers":[{"id":"23988","description":"زیرا دوران تربیت کودک، پنچ سال اول است.","iscorrect":0},{"id":"23989","description":"زیرا کودک بسیار آسیب‌پذیر است و نیاز زیادی به والدین دارد.","iscorrect":0},{"id":"23990","description":"زیرا شخصیت کودک در پنج سال اول زندگی شکل می‌گیرد.","iscorrect":1},{"id":"23991","description":"دوران کودکی واقعا اهمیت خاصی ندارد.","iscorrect":0}]},{"id":"6293","description":"اگر مادری شیر خود را به فرزندش ندهد، مادر بدی است؟","answers":[{"id":"23992","description":"بله، طبیعی‌ترین کار، تغذیه کودک با شیر مادر است.","iscorrect":0},{"id":"23993","description":"تصمیم‌گیری در مورد شیر دادن به نوزاد ربطی به مادر خوب بودن ندارد.","iscorrect":1},{"id":"23994","description":"بله، این امر نشانه خودخواهی مادر است.","iscorrect":0},{"id":"23995","description":"بستگی به علت آن دارد.","iscorrect":0}]},{"id":"6294","description":"آیا همیشه باید به گریه نوزاد توجه کرد؟","answers":[{"id":"23996","description":"بله، زیرا گریه تنها وسیله ارتباطی او است.","iscorrect":1},{"id":"23997","description":"خیر، زیرا کودک لوس می‌شود.","iscorrect":0},{"id":"23998","description":"خیر، نوزادان خیلی گریه می‌کنند و نمی‌توان همیشه به گریه‌های آن‌ها توجه کرد.","iscorrect":0},{"id":"23999","description":"اگر گریه زیاد ادامه پیدا کرد، بله.","iscorrect":0}]},{"id":"6295","description":"لوس کردن کودک یعنی چه؟","answers":[{"id":"24000","description":"تایید رفتاری که متناسب سن او نیست و قبول حفظ رفتاری که از نظر روانشناسی قادر به رها کردن آن باشد.","iscorrect":1},{"id":"24001","description":"یعنی توجه کردن به او.","iscorrect":0},{"id":"24002","description":"یعنی محبت کردن به او.","iscorrect":0},{"id":"24003","description":"یعنی به او نه نگوییم.","iscorrect":0}]},{"id":"6296","description":"آیا نقش پدر نیز مانند نقش مادر از همان لحظه تولد مهم است؟","answers":[{"id":"24004","description":"خیر. مادر در چند ماه اول زندگی نقش مادر مهم است.","iscorrect":0},{"id":"24005","description":"بله، نقش پدر درست مثل نقش مادر دقیقا از لحظه تولد آغاز می‌شود.","iscorrect":1},{"id":"24006","description":"خیر، پدر نمی‌تواند مانند مادر از نوزاد مراقبت کند.","iscorrect":0},{"id":"24007","description":"خیر، نقش پدر از سن دو سالگی به بعد است که اهمیت پیدا می‌کند.","iscorrect":0}]}]},{"score":"60","questions":[{"id":"6297","description":"شناخت کودک از خود و اعتماد به نفس ناشی از آن از چه زمانی آغاز می‌شود؟","answers":[{"id":"24008","description":"از لحظه تولد","iscorrect":1},{"id":"24009","description":"از زمانی که کودک شروع به راه رفتن می‌کند.","iscorrect":0},{"id":"24010","description":"از زمانی که به دبستان می‌رود.","iscorrect":0},{"id":"24011","description":"از زمانی که شروع به صحبت می‌کند.","iscorrect":0}]},{"id":"6298","description":"آیا شیر دادن به نوزاد باید تابع ساعت‌های خاص و منظم باشد؟","answers":[{"id":"24012","description":"بله، زیرا کودک باید از همان آغاز یاد بگیرد که انسان نمی‌تواند هر کاری دلش می‌خواهد بکند.","iscorrect":0},{"id":"24013","description":"بله، زیرا مادر باید فرصت استراحت کردن را داشته باشد.","iscorrect":0},{"id":"24014","description":"بله، زیرا دستگاه گوارش کودک هنوز کامل شکل نگرفته است.","iscorrect":0},{"id":"24015","description":"خیر، هر گاه کودک گرسنه باشد باید به او شیر داد.","iscorrect":1}]},{"id":"6300","description":"جغجغه را از چه سنی می‌توان در اختیار کودک گذاشت؟","answers":[{"id":"24022","description":"یک سالگی","iscorrect":0},{"id":"24021","description":"از سه ماهگی به بعد","iscorrect":1},{"id":"24020","description":"از ابتدای تولد","iscorrect":0},{"id":"24023","description":"هیچکدام","iscorrect":0}]},{"id":"6302","description":"در چه سنی کودک قسمت اعظم چیزهایی را که به او می‌گویید می‌فهمد؟","answers":[{"id":"24025","description":"بین سه تا شش ماهگی","iscorrect":0},{"id":"24026","description":"بین شش تا نه ماهگی","iscorrect":1},{"id":"24027","description":"یک سالگی","iscorrect":0},{"id":"24028","description":"دو سالگی","iscorrect":0}]},{"id":"6303","description":"از چه سنی می‌توان نام چیزهایی که کودک را احاطه کرده به او آموخت؟","answers":[{"id":"24029","description":"بعد از راه افتادن","iscorrect":0},{"id":"24030","description":"از نه ماهگی به بعد","iscorrect":1},{"id":"24031","description":"از یک سالگی به بعد","iscorrect":0},{"id":"24032","description":"هیچکدام","iscorrect":0}]}]}]},{"name":"درس هفتم- راه افتادن کودک","id":"868","contentorder":"9","lesson_number":8,"type":0,"filename":"lesson868.html"},{"name":"درس هشتم- کتاب و بازی نام‌گذاری اشیا","id":"869","contentorder":"10","lesson_number":9,"type":0,"filename":"lesson869.html"},{"name":"درس نهم- تغذیه","id":"870","contentorder":"11","lesson_number":10,"type":0,"filename":"lesson870.html"},{"name":"قدم‌های اولیه","id":"1478","contentorder":"12","type":1,"set":[{"score":"60","questions":[{"id":"6315","description":"مرحله قدم‌های اولیه از چه سنی شروع می‌شود؟","answers":[{"id":"24073","description":"از یک سالگی","iscorrect":0},{"id":"24074","description":"به محض این‌که کودک بتواند روی پای خود بایستد.","iscorrect":0},{"id":"24075","description":"به محض این‌که کودک راه رفتن را یاد می‌گیرد.","iscorrect":1},{"id":"24076","description":"از بدو تولد","iscorrect":0}]},{"id":"6316","description":"پایه و اساس اعتماد به نفس در چه سنی شکل می‌گیرد؟","answers":[{"id":"24077","description":"در اولین دوران کودکی","iscorrect":1},{"id":"24078","description":"در پنچ سالگی","iscorrect":0},{"id":"24079","description":"زمانی که کودک به مدرسه برود.","iscorrect":0},{"id":"24080","description":"در سه سالگی","iscorrect":0}]},{"id":"6317","description":"برای آنکه کودک نوپا در خانه به خود صدمه نزند چه می‌توانیم بکنیم؟","answers":[{"id":"24081","description":"در کمد یا گنجه‌ای که مواد سمی را نگه می‌داریم، همیشه بسته نگه داریم.","iscorrect":0},{"id":"24082","description":"در حیاط را همیشه قفل کنیم.","iscorrect":0},{"id":"24083","description":"به هنگام آشپزی دسته دیگ و ماهیتابه را به طرفی بگذاریم که کودک نتواند آن‌هار بگیرد و به روی خودش بریزد.","iscorrect":0},{"id":"24084","description":"همه موارد بالا","iscorrect":1}]},{"id":"6318","description":"اگر با کودکان خردسال رانندگی می‌کنیم به چه چیزهایی باید توجه کنیم؟","answers":[{"id":"24085","description":"قبل از حرکت کردن پشت سر و زیر ماشین را نگاه کنیم.","iscorrect":0},{"id":"24086","description":"زمانی که پارک می‌کنیم، مطمئن باشیم که دنده خلاص نباشد و ترمز دستی را کشیده باشیم.","iscorrect":0},{"id":"24087","description":"هنگامی که ماشین را جایی نگه می‌داریم، شیشه‌هایش را بالا بکشیم و درهایش را قفل کنیم.","iscorrect":0},{"id":"24088","description":"همه موارد بالا","iscorrect":1}]},{"id":"6319","description":"برای یک وضعیت احتمالی اورژانس چه نکاتی را باید در نظر بگیریم؟","answers":[{"id":"24089","description":"همیشه شماره تلفن دکتر، بیمارستان، آمبولانس، و آتش‌نشانی و دیگر شماره‌های ضروری را دم دست داشته باشیم.","iscorrect":0},{"id":"24090","description":"تمام افراد خانواده بدانند در موقع اورژانس چه کار باید بکنند.","iscorrect":0},{"id":"24091","description":"جعبه کمک‌های اولیه را همیشه در دسترس داشته باشیم و در آن همیشه یک داروی ضدسم داشته باشیم.","iscorrect":0},{"id":"24092","description":"همه موارد بالا","iscorrect":1}]}]},{"score":"60","questions":[{"id":"6320","description":"در سنین قدم‌های اولیه، چه زمانی از نظر روانشناسی خانه‌تان محیطی سالم برای زندگی فرزندتان به حساب می‌آید؟","answers":[{"id":"24093","description":"زمانی که تمام اشیایی را که با قدم‌های اولیه مغایرت دارد پنهان کرده باشیم.","iscorrect":1},{"id":"24094","description":"زمانی که خانه بزرگی داشته باشیم.","iscorrect":0},{"id":"24095","description":"زمانی که کودک یه اتاق برای خود داشته باشد.","iscorrect":0},{"id":"24096","description":"خانه همیشه محیطی امن برای کودک است.","iscorrect":0}]},{"id":"6321","description":"تعداد کلماتی که کودک در سن قدم‌های اولیه می‌داند و چگونگی رشد زبان به چه چیزهایی بستگی دارد؟","answers":[{"id":"24097","description":"استعداد کودک","iscorrect":0},{"id":"24098","description":"تا حد زیادی بستگی به این دارد که چگونه با او صحبت کرده باشیم.","iscorrect":1},{"id":"24099","description":"بسته به این که چه زبانی باشد فرق می‌کند.","iscorrect":0},{"id":"24100","description":"هیچ‌کدام","iscorrect":0}]},{"id":"6322","description":"علت روانشناختی به وجود آمدن مساله تغذیه در کودکان چیست؟","answers":[{"id":"24101","description":"عدم اطلاع کافی پدر و مادر در این باره","iscorrect":1},{"id":"24102","description":"این مساله طبیعی است و همه کودکان با آن روبرو هستند.","iscorrect":0},{"id":"24103","description":"علت این است که کودک درک نمی‌کند که برای رشدش احتیاج به مواد غذایی خاص دارد.","iscorrect":0},{"id":"24104","description":"هیچ‌کدام","iscorrect":0}]},{"id":"6323","description":"در چه سنی می‌توان آموزش کنترل ادرار و مدفوع را به کودک آموخت؟","answers":[{"id":"24105","description":"هر چه زودتر بهتر","iscorrect":0},{"id":"24106","description":"در یک سالگی","iscorrect":0},{"id":"24107","description":"بعد از دو سالگی","iscorrect":1},{"id":"24108","description":"سن برای این آموزش اهمیتی ندارد.","iscorrect":0}]},{"id":"6324","description":"از چه سنی کتاب از وسایل بازی ضروری خواهد بود؟","answers":[{"id":"24109","description":"از بدو تولد","iscorrect":0},{"id":"24110","description":"از شش ماهگی","iscorrect":0},{"id":"24111","description":"وقتی کودک به مدرسه می‌رود.","iscorrect":0},{"id":"24112","description":"در سن قدم‌های اولیه","iscorrect":1}]}]}]},{"name":"درس دهم- دو تا سه سالگی، اولین دوران بلوغ","id":"871","contentorder":"13","lesson_number":11,"type":0,"filename":"lesson871.html"},{"name":"درس یازدهم- دو تا سه سالگی، اولین دوران بلوغ- بخش دوم","id":"872","contentorder":"14","lesson_number":12,"type":0,"filename":"lesson872.html"},{"name":"درس دوازدهم- انضباط در اولین دوران بلوغ","id":"873","contentorder":"15","lesson_number":13,"type":0,"filename":"lesson873.html"},{"name":"درس سیزدهم- فن انعکاس احساسات","id":"874","contentorder":"16","lesson_number":14,"type":0,"filename":"lesson874.html"},{"name":"درس چهاردهم- فن انعكاس احساسات- بخش دوم","id":"875","contentorder":"17","lesson_number":15,"type":0,"filename":"lesson875.html"},{"name":"نخستین دوران بلوغ","id":"1476","contentorder":"18","type":1,"set":[{"score":"60","questions":[{"id":"6327","description":"اگر والدین جواب مخالفت‌های کودک را با عصبانی شدن بدهند، چه پیامدهایی دارد؟","answers":[{"id":"24116","description":"هیچ‌کدام.","iscorrect":0},{"id":"24114","description":"کودک دست از مخالفت بر می‌دارد.","iscorrect":0},{"id":"24115","description":"کودک نیز عصبانی می‌شود.","iscorrect":0},{"id":"24113","description":"ناخودآگاه کودک را ترغیب به ادامه مخالفت‌هایش می‌کنند زیرا رفتاری که تشویق شود گرایش به تکرار دارد.","iscorrect":1}]},{"id":"6328","description":"چرا تبعیض بین احساسات و اعمال کودک اهمیت دارد؟","answers":[{"id":"24117","description":"این تبعیض اهمیت خاصی ندارد.","iscorrect":0},{"id":"24118","description":"این تبعیض امکان‌پذیر نیست.","iscorrect":0},{"id":"24119","description":"زیرا احساسات کودک به مانند افکارش فی‌البداهه به ذهنش می‌رسند و او نه زمان آن‌ها را می‌داند و نه می‌تواند نحوه بروز آن‌ها را کنترل کند.","iscorrect":1},{"id":"24120","description":"هیچ‌کدام","iscorrect":0}]},{"id":"6329","description":"فن انعکاس احساسات چیست؟","answers":[{"id":"24121","description":"با بیان احساسات شخصی دیگر و با منعکس کردن ‌آنها به مثابه یک آینه به کودک می‌فهمانیم که واقعا احساسات او را درک می‌کنیم.","iscorrect":0},{"id":"24122","description":"با بازگرداندن احساسات یک نفر به او می‌فهمانیم که واقعا احساسات او را درک می‌کنیم و با او همدردی می‌کنیم.","iscorrect":0},{"id":"24123","description":"اطمینان دادن، پند دادن و منحرف کردن احساسات دیگران","iscorrect":0},{"id":"24124","description":"موارد ۱و ۲ درست است.","iscorrect":1}]},{"id":"6308","description":"چرا محدودیت و قوانینی که برای کودک دوساله در نظر می‌گیریم باید قابل انعطاف باشد؟","answers":[{"id":"24045","description":"در نظر گرفتن محدودیت برای کودکان مانع از رشد اعتماد به نفس در آنها می‌شود.","iscorrect":0},{"id":"24046","description":"زیرا مانند یک نوجوان از ساعتی به ساعت دیگر و از روزی به روز دیگر، بین خواسته استقلال و وابستگی کودکانه‌اش به مادر کله معلق می‌زند.","iscorrect":0},{"id":"24047","description":"کودک در این دوره از رشدش مملو از احساسات و افکار پیچیده است و قوانین مطلق و غیرقابل انعطاف در این سن قابل اجرا نیستند.","iscorrect":0},{"id":"24048","description":"موارد ۲ و ۳","iscorrect":1}]},{"id":"6309","description":"کدام‌یک از عبارات زیر در مورد کودک در سنین اولین دوران بلوغ صحت دارد؟","answers":[{"id":"24049","description":"سمج است و غیرقابل انعطاف و توقع دارد تمام خواسته‌هایش بلافاصله برآورده شوند.","iscorrect":0},{"id":"24050","description":"با مصالحه میانه‌ای ندارد و نمی‌تواند خود را با واقعیات تطبیق دهد.","iscorrect":0},{"id":"24051","description":"تمام امور عادی خانه برای او حکم وقایع دنبال‌همی را دارند که قوانین آن غیرقابل تغییرند و به نظر او این قوانین باید مو به مو اجرا شوند.","iscorrect":0},{"id":"24052","description":"همه موارد بالا","iscorrect":1}]}]},{"score":"60","questions":[{"id":"6332","description":"زمان عصبانیت شدید کودک چه کار باید کرد؟","answers":[{"id":"24133","description":"باید نصیحتش کرد.","iscorrect":0},{"id":"24134","description":"باید تنبیه‌اش کرد.","iscorrect":0},{"id":"24135","description":"باید بگذاریم عصبانیت خودش رفع شود.","iscorrect":1},{"id":"24136","description":"هیچ‌کدام.","iscorrect":0}]},{"id":"6333","description":"چرا محدودیت و قوانینی که برای کودک دوساله در نظر میگیریم باید قابل انعطاف باشد ؟","answers":[{"id":"24137","description":"در نظر گرفتن محدودیت برای کودکان مانع از رشد اعتماد به نفس در آنها می‌شود بنابراین چنین کاری درست نیست.","iscorrect":0},{"id":"24138","description":"زیرا مانند یک نوجوان از ساعتی به ساعت دیگر و از روزی به روز دیگر، بین خواسته استقلال و وابستگی کودکانه‌اش به مادر کله معلق می‌زند.","iscorrect":0},{"id":"24139","description":"کودک در این دوره از رشدش مملو از احساسات و افکار پیچیده است و قوانین مطلق و غیرقابل انعطاف در این سن قابل اجرا نیستند.","iscorrect":0},{"id":"24140","description":"گزینه ۲ و ۳","iscorrect":1}]},{"id":"6331","description":"برای این‌که فرزندمان از نظر روانی سالم باشد و خودانگاره‌ای قوی داشته باشد چه کار باید بکنیم؟","answers":[{"id":"24132","description":"ما کاری در این مورد نمی‌توانیم بکنیم.","iscorrect":0},{"id":"24131","description":"باید اجازه دهیم همه احساسات‌اش را بیان کند، چه احساسات خوب چه احساسات بد.","iscorrect":1},{"id":"24130","description":"باید اجازه دهیم احساسات مثبت‌اش را بیان کند.","iscorrect":0},{"id":"24129","description":"باید اجازه دهیم هر کار دلش می‌خواهد بکند.","iscorrect":0}]},{"id":"6314","description":"استبداد شدید پدر و مادر در اولین دوران بلوغ چه نتایجی می‌تواند به بار آورد؟","answers":[{"id":"24069","description":"ممکن است کودک خجالتی شود.","iscorrect":0},{"id":"24070","description":"ممکن است کودک ترسو بار آید.","iscorrect":0},{"id":"24071","description":"ممکن است هر گاه فرصت دست دهد، پنهای کمی از این دشمنی‌اش را روی اطرافیان‌اش خالی کند.","iscorrect":0},{"id":"24072","description":"همه موارد بالا.","iscorrect":1}]},{"id":"6330","description":"چرا باید اجازه دهیم فرزندانمان تمام احساساتشان را بیان کنند؟","answers":[{"id":"24128","description":"همه موارد بالا","iscorrect":1},{"id":"24127","description":"برای داشتن خودانگاره‌های قوی","iscorrect":0},{"id":"24126","description":"زیرا اگر به کودکان اجازه ندهیم عصبانیت و ضدیت خود را بروز دهند، جایی برای ابراز عشق و محبت وجود نخواهد داشت.","iscorrect":0},{"id":"24125","description":"زیرا فقط با به زبان آوردن و بیرون ریختن احساسات بد است که احساسات خوب جای خود را باز می‌یابند.","iscorrect":0}]}]}]},{"name":"درس پانزدهم- آموزش کنترل مدفوع","id":"876","contentorder":"19","lesson_number":16,"type":0,"filename":"lesson876.html"},{"name":"درس شانزدهم- آموزش کنترل ادرار","id":"881","contentorder":"20","lesson_number":17,"type":0,"filename":"lesson881.html"},{"name":"درس هفدهم- اسباب‌بازی در اولین دوران بلوغ","id":"882","contentorder":"21","lesson_number":18,"type":0,"filename":"lesson882.html"},{"name":"آموزش کنترل ادرار و مدفوع","id":"1480","contentorder":"22","type":1,"set":[{"score":"60","questions":[{"id":"6334","description":"احترام به پویایی حیاتی کودکی دو ساله چه فایده‌ای دارد؟","answers":[{"id":"24141","description":"تمامی فعالیت‌هایی که به منحصر به فرد بودن او می‌انجامد ناشی از پویایی اوست.","iscorrect":0},{"id":"24142","description":"بدون این پویایی، کودک نشستن، سينه‌خيز رفتن و راه رفتن و صحبت کردن را یاد نمی‌گرفت.","iscorrect":0},{"id":"24143","description":"پویایی کودک منبع خوبی برای تعادل روحی اوست.","iscorrect":0},{"id":"24144","description":"همه موارد بالا.","iscorrect":1}]},{"id":"6335","description":"چه سنی برای آموزش ادرار مناسب است؟","answers":[{"id":"24145","description":"یک سالگی","iscorrect":0},{"id":"24146","description":"اواخر دو سالگی","iscorrect":1},{"id":"24147","description":"سه سالگی","iscorrect":0},{"id":"24148","description":"هیچ‌کدام.","iscorrect":0}]},{"id":"6336","description":"تأکید بسیار جهت اینکه آموزش کنترل مدفوع را نباید تا قبل از اینکه کودک حدود دو سال دارد شروع کرد برای چیست؟","answers":[{"id":"24149","description":"زیرا تا قبل از آن او از نظر عصبی- عضلانی پختگی لازم را کسب نکرده است.","iscorrect":1},{"id":"24150","description":"زیرا تا قبل از آن این کار خارج از تواناییهایش است و موجب می‌شود طفل احساس شکست، سرخوردگی و ناتوانی کند.","iscorrect":0},{"id":"24151","description":"زیرا این کار حتی برای کودکی دو ساله نیز کاری بسیار مشکل و پیچیده است.","iscorrect":0},{"id":"24152","description":"همه موارد بالا","iscorrect":0}]},{"id":"6337","description":"مشکل کنترل شبانه ادرار برای چه کودکانی پیش می‌آید؟","answers":[{"id":"24153","description":"آن‌هایی که برای کنترل ادرار در روز تحت فشار قرار گرفته‌اند.","iscorrect":1},{"id":"24154","description":"برای هر کودکی پیش می‌آید.","iscorrect":0},{"id":"24155","description":"بیشتر برای دخترها","iscorrect":0},{"id":"24156","description":"بیشتر برای پسرها","iscorrect":0}]},{"id":"6338","description":"اگر کودک را به هنگام آموزش کنترل مدفوع تنبیه کنیم چه پیش می‌آید؟","answers":[{"id":"24157","description":"کودک دچار احساس خشم می‌شود.","iscorrect":0},{"id":"24158","description":"کودک احساس ناامیدی می‌کند.","iscorrect":0},{"id":"24159","description":"کودک دچار احساس بی‌اعتمادی می‌شود.","iscorrect":0},{"id":"24160","description":"همه موارد بالا.","iscorrect":1}]}]},{"score":"60","questions":[{"id":"6339","description":"آموزش کنترل مدفوع کودک در چه سنی باید انجام گیرد؟","answers":[{"id":"24161","description":"بعد از حدود دو سالگی","iscorrect":1},{"id":"24162","description":"در پایان یک سالگی","iscorrect":0},{"id":"24163","description":"هر چه زودتر بهتر","iscorrect":0},{"id":"24164","description":"هیچ‌کدام","iscorrect":0}]},{"id":"6340","description":"عدم توجه به توجه به مکانیسم داخلی بدن برای دفع به هنگام آموزش کنترل مدفوع از نظر روانشناسی جه نتایجی می‌تواند داشته باشد؟","answers":[{"id":"24165","description":"کودک فکر می‌کند باید چیزی را احساس کند(احساس رفتن به توالت) که در واقع نمی‌کند.","iscorrect":0},{"id":"24166","description":"ممکن است فکر کند که شما زیادی اغراق می‌کنید و او را اصلا درک نمی‌کنید.","iscorrect":0},{"id":"24167","description":"بی‌توجهی به احساسات درونی شخصی که باعث نابود شدن اعتمادی می‌شود که به خود دارد.","iscorrect":0},{"id":"24168","description":"همه موارد بالا.","iscorrect":1}]},{"id":"6341","description":"قبل از شروع آموزش کنترل مدفوع چه کار باید بکنیم؟","answers":[{"id":"24169","description":"اول با آموزش کلماتی که مربوط به انجام این کار است شروع می‌کنیم.","iscorrect":0},{"id":"24170","description":"باید لگنی محکم و خوب تهیه کنیم.","iscorrect":0},{"id":"24171","description":"آموزش کنترل مدفوع و ادرار را از هم جدا کنیم.","iscorrect":0},{"id":"24172","description":"همه موارد بالا.","iscorrect":1}]},{"id":"6342","description":"از چه چیزهایی برای کمک به خواباندن کودک سر ساعات مشخص می‌توانیم استفاده کنیم؟","answers":[{"id":"24173","description":"خصلت علاقه کودک به تکرار چیزها.","iscorrect":0},{"id":"24174","description":"حمام کردن طفل.","iscorrect":0},{"id":"24175","description":"خواندن یکی دو داستان هنگامی که او را در تخت می‌گذاریم.","iscorrect":0},{"id":"24176","description":"همه موارد بالا.","iscorrect":1}]},{"id":"6343","description":"چه چیز مظهر پویایی کودک دو ساله است؟","answers":[{"id":"24177","description":"مخالفت شدید او در مقابل محدودیت‌ها","iscorrect":0},{"id":"24178","description":"لذت بردن از زندگی، توقع برآوردن فوری خواسته‌هایش","iscorrect":0},{"id":"24179","description":"شور و اشتیاق او برای شرکت در زندگی روزمره که روز به روز چیزهای جدیدی از آن را کشف می‌کند.","iscorrect":0},{"id":"24180","description":"همه موارد بالا.","iscorrect":1}]}]}]},{"name":"درس هجدهم- سه تا شش سالگی","id":"883","contentorder":"23","lesson_number":19,"type":0,"filename":"lesson883.html"},{"name":"درس نوزدهم- نیازهای کودک سه تا شش ساله","id":"884","contentorder":"24","lesson_number":20,"type":0,"filename":"lesson884.html"},{"name":"درس بیستم- جدا شدن از مادر","id":"885","contentorder":"25","lesson_number":21,"type":0,"filename":"lesson885.html"},{"name":"درس بیست و یکم- دختر یا پسر","id":"886","contentorder":"26","lesson_number":22,"type":0,"filename":"lesson886.html"},{"name":"درس بیست و دوم- پاسخ دادن به سوال‌های جنسی کودک","id":"887","contentorder":"27","lesson_number":23,"type":0,"filename":"lesson887.html"},{"name":"درس بیست و سوم- عشق‌های خانوادگی","id":"888","contentorder":"28","lesson_number":24,"type":0,"filename":"lesson888.html"},{"name":"سه تا شش سالگی","id":"1482","contentorder":"29","type":1,"set":[{"score":"60","questions":[{"id":"6344","description":"کدامیک از عبارات زیر برای کودکی سه ساله صحت دارد؟","answers":[{"id":"24181","description":"کودک در این سن چه در رابطه با خودش و چه در رابطه با جهان دور و برش تعادلی مستحکم‌تر از پیش دارد.","iscorrect":0},{"id":"24182","description":"در حالی که در دوره قبل با تمام قوانین موجود مخالف بود، اینک از اطاعت و لطف کردن به دیگران لذت می‌برد.","iscorrect":0},{"id":"24183","description":"در این سن کودک ممکن است برای خود هم‌بازی خیالی‌ای درست کند که غیر از خودش کس دیگری قادر به دیدنش نیست.","iscorrect":0},{"id":"24184","description":"همه موارد بالا","iscorrect":1}]},{"id":"6345","description":"در آموزش کنترل حرکات خودجوش به کودک چه نکاتی را باید در نظر گرفت؟","answers":[{"id":"24185","description":"انتظارات ما از کودک در هرسنی، باید محدود به تواناییهای او باشد.","iscorrect":0},{"id":"24186","description":"والدین باید توقعات خود را جهت کنترل اعمال ضد اجتماعی کودک به تدریج بالا برند.","iscorrect":0},{"id":"24187","description":"اجازه ابراز احساسات به کودک به او کمک می‌کند توانایی کنترل غرایز و اعمال ضد اجتماعی‌اش را به دست آورد.","iscorrect":0},{"id":"24188","description":"همه موارد بالا","iscorrect":1}]},{"id":"6346","description":"جدا شدن از مادر، برقراری ارتباط با کودکان دیگر و یادگیری بیان احساسات معمولا در چه سنی انجام می‌گیرد؟","answers":[{"id":"24189","description":"از آغاز تولد","iscorrect":0},{"id":"24190","description":"در دو سالگی","iscorrect":0},{"id":"24191","description":"بین سه تا شش سالگی","iscorrect":1},{"id":"24192","description":"هنگامی که کودک به مدرسه برود.","iscorrect":0}]},{"id":"6347","description":"چگونه می‌توان مطمئن شد کودک به طرز مطلوبی انگيزش‌های ذهنی و عاطفی لازم را بین سه تا پنج سالگی دريافت می‌كند؟","answers":[{"id":"24193","description":"مطمئن‌ترین روش فرستادن او به یک کودکستان خوب است.","iscorrect":1},{"id":"24194","description":"با کتاب خواندن","iscorrect":0},{"id":"24195","description":"با خریدن اسباب‌بازی‌های آموزشی","iscorrect":0},{"id":"24196","description":"با یاد دادن هر چه زودتر خواندن و نوشتن","iscorrect":0}]},{"id":"6348","description":"کدامیک از عبارات زیر برای کودکی پنج ساله ساله صحت دارد؟","answers":[{"id":"24197","description":"در این سن کودک در كنه وجودش به خود اعتماد پیدا کرده، آرام و دوست داشتنی شده و در رابطه با دیگران خیلی مشکل پسند و پرمدعا نیست.","iscorrect":0},{"id":"24198","description":"روحیه همکاری و تمایل به تایید دیگران به مانند سه سالگی ولی با درجه‌ای بالاتر، دوباره در او ظاهر می‌شود.","iscorrect":0},{"id":"24199","description":"كودك در اين سن تعادلی شایان توجه دارد، به شدت اجتماعی و مستقل است، اعتماد به نفس دارد و خود را با قوانین اجتماعی خیلی خوب تطبیق می‌دهد.","iscorrect":0},{"id":"24200","description":"همه موارد بالا.","iscorrect":1}]}]},{"score":"60","questions":[{"id":"6349","description":"کدامیک از عبارات زیر برای کودکی چهار ساله ساله صحت دارد؟","answers":[{"id":"24201","description":"این سن با عدم تعادل، نداشتن احساس امنیت و نا هماهنگی درتقریبا تمام رفتارهای طفل مشخص می‌شود.","iscorrect":0},{"id":"24202","description":"او مستبد و پرخاشگر است و دنبال دعواست.","iscorrect":0},{"id":"24203","description":"کودکان چهار ساله دستور زیاد می‌دهند، هل می‌دهند، کتک می‌زنند و با کمال میل فحش رد و بدل می‌کنند.","iscorrect":0},{"id":"24204","description":"همه موارد بالا","iscorrect":1}]},{"id":"6353","description":"جداشدن از مادر، برقراری ارتباط با کودکان دیگر و یادگیری بیان احساسات معمولا در چه سنی انجام می‌گیرد؟","answers":[{"id":"24217","description":"از آغاز تولد","iscorrect":0},{"id":"24218","description":"در دو سالگی","iscorrect":0},{"id":"24219","description":"بین سه تا پنج سالگی","iscorrect":1},{"id":"24220","description":"هنگامی که کودک به مدرسه برود.","iscorrect":0}]},{"id":"6351","description":"در چه سنی باید به کودک آموخت ملاحظه دیگران را بکند و با احساسات دیگران مودبانه برخورد کند؟","answers":[{"id":"24209","description":"دو سالگی","iscorrect":0},{"id":"24210","description":"سه سالگی","iscorrect":0},{"id":"24211","description":"چهار سالگی","iscorrect":0},{"id":"24212","description":"حدود شش سالگی","iscorrect":1}]},{"id":"6352","description":"هنگامی که کودک سه تا پنج ساله با آلت تناسل‌یاش بازی می‌کند چه کار کنیم؟","answers":[{"id":"24213","description":"بگذاریم کارش را بکند.بعد از مدتی، کودک این کار را رها کرده و به کارهای دیگر می‌پردازد.","iscorrect":0},{"id":"24214","description":"او را تنبیه کنیم.","iscorrect":0},{"id":"24215","description":"کار دیگری به او پیشنهاد کنیم و حواسش را پرت کنیم.","iscorrect":0},{"id":"24216","description":"موارد ۱ و ۳","iscorrect":1}]},{"id":"6354","description":"کدامیک از عبارات زیر برای کودکی پنج ساله ساله صحت دارد؟","answers":[{"id":"24221","description":"در این سن کودک در كنه وجودش به خود اعتماد پیدا کرده، آرام و دوست داشتنی شده و در رابطه با دیگران خیلی مشکل پسند و پرمدعا نیست.","iscorrect":0},{"id":"24222","description":"روحیه همکاری و تمایل به تایید دیگران به مانند سه سالگی ولی با درجه‌ای بالاتر، دوباره در او ظاهر می‌شود.","iscorrect":0},{"id":"24223","description":"كودك در اين سن تعادلی شایان توجه دارد، به شدت اجتماعی و مستقل است، اعتماد به نفس دارد و خود را با قوانین اجتماعی خیلی خوب تطبیق می‌دهد.","iscorrect":0},{"id":"24224","description":"همه موارد بالا.","iscorrect":1}]}]}]},{"name":"آزمون نهایی روانشناسی کودک ۱","id":"1484","contentorder":"30","type":1,"set":[{"score":"60","questions":[{"id":"6355","description":"چرا پنج سال اول زندگی انسان اهمیت زیادی دارد؟","answers":[{"id":"24225","description":"پنج سال اول زندگی دوران تربیت کودک است.","iscorrect":0},{"id":"24226","description":"زیرا کودک بسیار آسیب پذیر است و نیاز زیادی به والدین دارد.","iscorrect":0},{"id":"24227","description":"زیرا شخصیت کودک در پنج سال اول زندگی شکل میگیرد.","iscorrect":1},{"id":"24228","description":"این دوران از کودکی واقعا اهمیت خاصی ندارد.","iscorrect":0}]},{"id":"6356","description":"تعداد کلماتی که کودک در سن قدم‌های اولیه می‌داند و چگونگی رشد زبان او به چه چیزهایی بستگی دارد؟","answers":[{"id":"24229","description":"تا حد زیاد بستگی به این دارد که چگونه با او صحبت کرده باشیم.","iscorrect":1},{"id":"24230","description":"استعداد کودک","iscorrect":0},{"id":"24231","description":"بسته به این‌که چه زبانی باشد فرق می‌کند.","iscorrect":0},{"id":"24232","description":"هیچ‌کدام","iscorrect":0}]},{"id":"6357","description":"کدامیک از عبارات زیر در مورد کودک در سنین اولین دوران بلوغ صحت دارد؟","answers":[{"id":"24233","description":"سمج است و غیرقابل انعطاف و توقع دارد تمام خواسته‌هایش بلافاصله برآورده شوند.","iscorrect":0},{"id":"24234","description":"با مصالحه میانه‌ای ندارد و نمی‌تواند خود را با واقعیات تطبیق دهد.","iscorrect":0},{"id":"24235","description":"تمام امور عادی خانه برای او حکم وقایع دنبال همی را دارند که قوانین آن غیرقابل تغییرند و به نظر او این قوانین باید مو به مو اجرا شوند.","iscorrect":0},{"id":"24236","description":"همه موارد بالا","iscorrect":1}]},{"id":"6358","description":"وقتی کودکی کمتر از دو سال آلت تناسلی‌اش را کشف میکند چگونه رفتاری داشته باشیم؟","answers":[{"id":"24237","description":"به روی خودمان نیاوریم و موضوع را عوض کنیم.","iscorrect":0},{"id":"24238","description":"درست همان گونه که هر نقطه دیگر از بدنش را کشف می‌کند و نام آن را نیز به او بیاموزیم.","iscorrect":1},{"id":"24239","description":"این امر خجالت‌آور است و باید او را تنبیه کنیم.","iscorrect":0},{"id":"24240","description":"هیچ‌کدام","iscorrect":0}]},{"id":"6359","description":"استبداد شدید پدر و مادر در اولین دوران بلوغ چه نتایجی می‌تواند به بار آورد؟","answers":[{"id":"24241","description":"ممکن است کودک خجالتی شود.","iscorrect":0},{"id":"24242","description":"کودک ترسو بار می‌آید.","iscorrect":0},{"id":"24243","description":"هر گاه فرصت دست دهد، پنهانی کمی از این دشمنیش را روی اطرافیانش خالی میکند.","iscorrect":0},{"id":"24244","description":"همه موارد بالا.","iscorrect":1}]},{"id":"6360","description":"در آموزش کنترل حرکات خودجوش به کودک چه نکاتی را باید در نظر گرفت؟","answers":[{"id":"24245","description":"انتظارات ما از کودک در هر سنی، باید محدود به تواناییهای او باشد.","iscorrect":0},{"id":"24246","description":"والدین باید توقعاتشان را جهت کنترل اعمال ضد اجتماعی کودک به تدریج بالا برند.","iscorrect":0},{"id":"24247","description":"اجازه ابراز احساسات به کودک به او کمک می‌کند توانایی کنترل غرایز و اعمال ضد اجتماعیاش را به دست آورد.","iscorrect":0},{"id":"24248","description":"همه موارد بالا","iscorrect":1}]},{"id":"6361","description":"برای اینکه فرزندانمان از نظر روانی سالم باشند و خودانگاره‌ای قوی داشته چه کار باید بکنیم؟","answers":[{"id":"24249","description":"باید اجازه دهیم هر کار دلشان می‌خواهد بکنند.","iscorrect":0},{"id":"24250","description":"باید اجازه دهیم احساسات مثبت عشق را بیان کنند.","iscorrect":0},{"id":"24251","description":"باید اجازه دهیم فرزندانمان تمام احساساتشان را بیان کنند، چه احساسات خوب و چه احساسات بد.","iscorrect":1},{"id":"24252","description":"در این مورد کاری از دستمان برنمی‌آید.","iscorrect":0}]},{"id":"6362","description":"چرا تبعیض بین احساسات و اعمال کودک اهمیت دارد؟","answers":[{"id":"24253","description":"زیرا احساسات کودک، به مانند افکارش، فی‌البداهه به ذهنش می‌رسند. او نه زمان آنها را م‌یداند ونه می‌تواند نحوه بروز آنها را کنترل کند.","iscorrect":1},{"id":"24254","description":"این تبعیض اهمیتی ندارد.","iscorrect":0},{"id":"24255","description":"چنین تبعیضی امکان‌پذیر نیست.","iscorrect":0},{"id":"24256","description":"هیچ‌کدام","iscorrect":0}]},{"id":"6363","description":"در زمان عصبانیت شدید کودک چه کار باید کرد؟","answers":[{"id":"24257","description":"باید نصیحتش کرد.","iscorrect":0},{"id":"24258","description":"باید تنبیهش کرد.","iscorrect":0},{"id":"24259","description":"باید بگذاریم عصبانیت خودش رفع شود.","iscorrect":1},{"id":"24260","description":"هیچ‌کدام","iscorrect":0}]},{"id":"6364","description":"شناخت کودک از خود و اعتماد به نفس ناشی از آن از چه زمانی آغاز می‌شود؟","answers":[{"id":"24261","description":"از لحظه تولد","iscorrect":1},{"id":"24262","description":"زمانی که کودک شروع به راه رفتن می‌کند.","iscorrect":0},{"id":"24263","description":"از زمانی که شروع به صحبت کردن می‌کند.","iscorrect":0},{"id":"24264","description":"از زمانی که به دبستان می‌رود.","iscorrect":0}]}]},{"score":"60","questions":[{"id":"6365","description":"آیا شیر دادن به نوزاد باید تابع ساعت‌های خاص و منظم باشد؟","answers":[{"id":"24265","description":"بله زیرا کودک باید از همان آغاز یاد بگیرد که انسان نمی‌تواند هرچه می‌خواهد به دست آورد .","iscorrect":0},{"id":"24266","description":"بله زیرا مادر باید فرصت استراحت کردن را داشته باشد.","iscorrect":0},{"id":"24267","description":"بله زیرا دستگاه گوارش کودک هنوز کامل شکل نگرفته است.","iscorrect":0},{"id":"24268","description":"خیر هر گاه کودک گرسنه باشد باید به او شیر داد","iscorrect":1}]},{"id":"6366","description":"پایه و اساس اعتماد به نفس در چه سنی شکل میگیرد؟","answers":[{"id":"24269","description":"در نخستین دوران کودکی","iscorrect":1},{"id":"24270","description":"در دو سالگی","iscorrect":0},{"id":"24271","description":"۵ تا ۶ سالگی","iscorrect":0},{"id":"24272","description":"زمانی که کودک شروع به راه رفتن می‌کند.","iscorrect":0}]},{"id":"6367","description":"کدامیک از عبارات زیر برای کودکی چهار ساله صحت دارد؟","answers":[{"id":"24273","description":"این سن با عدم تعادل، نداشتن احساس امنیت و نا هماهنگی درتقریبا تمام رفتارهای طفل مشخص می‌شود.","iscorrect":0},{"id":"24274","description":"او مستبد و پرخاشگر است و دنبال دعواست.","iscorrect":0},{"id":"24275","description":"کودکان چهار ساله دستور زیاد می‌دهند، هل می‌دهند، کتک می‌زنند و با کمال میل فحش رد و بدل می‌کنند.","iscorrect":0},{"id":"24276","description":"همه موارد بالا.","iscorrect":1}]},{"id":"6368","description":"چگونه می‌توان مطمئن شد کودک به طرز مطلوبی انگيزش‌های ذهنی و عاطفی لازم را بین سه تا پنج سالگی دريافت می‌كند؟","answers":[{"id":"24277","description":"مطمئن‌ترین روش فرستادن او به یک کودکستان خوب است.","iscorrect":1},{"id":"24278","description":"برایش کتاب بخوانیم.","iscorrect":0},{"id":"24279","description":"برایش اسباب‌بازی‌های آموزشی تهیه کنیم.","iscorrect":0},{"id":"24280","description":"هر چه زودتر خواندن و نوشتن را به او بیاموزیم.","iscorrect":0}]},{"id":"6369","description":"در چه سنی کتاب از وسایل بازی ضروری خواهد بود؟","answers":[{"id":"24281","description":"در سن قدم‌های اولیه","iscorrect":1},{"id":"24282","description":"از بدو تولد","iscorrect":0},{"id":"24283","description":"وقتی کودک حرف زدن را یاد می‌گیرد.","iscorrect":0},{"id":"24284","description":"وقتی کودک به مدرسه می‌رود.","iscorrect":0}]},{"id":"6370","description":"کدامیک از عبارات زیر برای کودکی سه ساله صحت دارد؟","answers":[{"id":"24285","description":"کودک در این سن چه در رابطه با خودش و چه در رابطه با جهان دوروبرش تعادلی مستحکم‌تر از پیش دارد.","iscorrect":0},{"id":"24286","description":"در حالی که در دوره قبل با تمام قوانین موجود مخالف بود، اینک از اطاعت و لطف کردن به دیگران لذت می‌برد.","iscorrect":0},{"id":"24287","description":"در این سن کودک ممکن است برای خود همبازی خیالی‌ای درست کند که غیر از خودش کس دیگری قادر به دیدنش نیست.","iscorrect":0},{"id":"24288","description":"همه موارد بالا.","iscorrect":1}]},{"id":"6372","description":"چرا باید اجازه دهیم فرزندانمان تمام احساساتشان را بیان کنند؟","answers":[{"id":"24289","description":"زیرا فقط با به زبان آوردن و بیرون ریختن احساسات بد است که احساسات خوب جای خود را باز مییابند.","iscorrect":0},{"id":"24290","description":"زیرا اگر به کودکان اجازه ندهیم عصبانیت و ضدیت خود را بروز دهند، جایی برای ابراز عشق و محبت وجود نخواهد داشت.","iscorrect":0},{"id":"24291","description":"برای داشتن خودانگاره‌ای قوی","iscorrect":0},{"id":"24292","description":"همه موارد بالا","iscorrect":1}]},{"id":"6373","description":"لوس کردن یک کودک یعنی چه؟","answers":[{"id":"24293","description":"تأیید رفتاری که متناسب سن او نیست و قبول حفظ رفتاری که از نظر روانشناسی قادر به رها کردن آن باشد.","iscorrect":1},{"id":"24294","description":"یعنی توجه کردن به او.","iscorrect":0},{"id":"24295","description":"یعنی محبت کردن به او.","iscorrect":0},{"id":"24296","description":"یعنی به او نه نگوییم.","iscorrect":0}]},{"id":"6374","description":"وقتی کودکی کمتر از دو سال آلت تناسلی‌اش را کشف می‌کند چگونه رفتاری داشته باشیم؟","answers":[{"id":"24297","description":"به روی خودمان نیاوریم و موضوع را عوض کنیم.","iscorrect":0},{"id":"24298","description":"درست همان گونه که هر نقطه دیگر از بدنش را کشف میکند و نام آن را نیز به او بیاموزیم.","iscorrect":1},{"id":"24299","description":"این امر خجالت‌آور است و باید او را تنبیه کنیم.","iscorrect":0},{"id":"24300","description":"هیچ‌کدام","iscorrect":0}]},{"id":"6375","description":"در زمان عصبانیت شدید کودک چه کار باید کرد؟","answers":[{"id":"24301","description":"باید نحصیحتش کرد.","iscorrect":0},{"id":"24302","description":"باید تنبیهش کرد.","iscorrect":0},{"id":"24303","description":"باید بگذاریم عصبانیت خودش رفع شود.","iscorrect":1},{"id":"24304","description":"هیچ‌کدام","iscorrect":0}]}]}]}]}