{"courseId":"115","contents":[{"name":"درس اول- بازاریابی درونگرا و اصول آن چیست؟","id":"955","contentorder":"1","lesson_number":1,"type":0,"filename":"lesson955.html"},{"name":"بازاریابی درونگرا و اصول آن چیست؟","id":"1577","contentorder":"2","type":1,"set":[{"score":"60","questions":[{"id":"6894","description":"کدام گزینه جز تکنیک‌هایبازاریابی سنتی نیست؟","answers":[{"id":"26050","description":"تماس تلفنی تصادفی","iscorrect":0},{"id":"26052","description":"فرستادن اس‌ام‌اس","iscorrect":0},{"id":"26054","description":"آگهی‌های تلویزیونی","iscorrect":0},{"id":"26069","description":"وبلاگ‌نویسی","iscorrect":1}]},{"id":"6895","description":"در کدام مدل از بازاریابی، مشتری قدرتمندتر است ؟","answers":[{"id":"26055","description":"سنتی","iscorrect":0},{"id":"26056","description":"درونگرا","iscorrect":1},{"id":"26057","description":"بازاریابی پیشرفته","iscorrect":0}]},{"id":"6896","description":"کدام مورد درست است؟","answers":[{"id":"26058","description":"روش‌های سنتی مزاحمت‌آفرین تمام کنترل را به خریدار و یا مشتری بالقوه می‌دادند.","iscorrect":0},{"id":"26059","description":"فراخوان‌ها که به اختصار CTA نامیده می‌شوند به بخش‌هایی از وب‌سایت٬ صفحه فرود و یا بنر شما گفته می‌شوند که به واسطه آنها مخاطبان دعوت به انجام کاری می‌شوند.","iscorrect":1},{"id":"26060","description":"مراحل تبدیل یک بازدیدکننده به مشتری تبلیغ‌کننده رضایت‌مند کالا عبارتند از جمع‌آوری اطلاعات تماس مشتریان؛ جذب و بازاریابی از راه ایمیل.","iscorrect":0}]},{"id":"6897","description":"مراحل بازاریابی درونگرا کدام است؟","answers":[{"id":"26061","description":"مشتری سازی جذب٬ تبدیل و رضایت‌مندی.","iscorrect":0},{"id":"26062","description":"جذب٬ تبدیل٬ مشتری‌سازی و رضایت‌مندی.","iscorrect":1},{"id":"26063","description":"تبدیل٬ مشتری‌سازی٬ جذب و رضایت‌مندی.","iscorrect":0},{"id":"26064","description":"جذب ٬ مشتری‌سازی، تبدیل و رضایتمندی.","iscorrect":0}]},{"id":"6898","description":"شرکت‌های پیرو اصول اینباند مارکتینگ .................... بک مشتری معمولی را تبدیل به یک تبلیغ‌کننده رضایت‌مند کالا یا خدمات خود می‌سازند.","answers":[{"id":"26065","description":"با فراهم آوردن دقیق آنچه مشتریان‌شان انتظار دارند.","iscorrect":1},{"id":"26066","description":"با بازاریابی از راه ایمیل","iscorrect":0},{"id":"26067","description":"با استفاده از همراه‌سازی مشتری با کالا با خدمات","iscorrect":0},{"id":"26068","description":"سیستم‌های مدیریت ارتباط با مشتریان (CRM)","iscorrect":0}]}]},{"score":"60","questions":[{"id":"6899","description":"کدام گزینه جز تکنیک‌هایبازاریابی درونگرا است؟","answers":[{"id":"26070","description":"تماس تلفنی تصادفی","iscorrect":0},{"id":"26072","description":"فرستادن اس‌ام‌اس","iscorrect":0},{"id":"26073","description":"تهیه یک محتوای مفید٬ مرتبط و قابل به اشتراک گذاشتن","iscorrect":1},{"id":"26074","description":"آگهی‌های تلویزیونی","iscorrect":0}]},{"id":"6900","description":"روش‌های سنتی بازاریابی را کم اثر و هزینه‌بر ساخته‌اند.","answers":[{"id":"26075","description":"بازاربابی درونگرا","iscorrect":0},{"id":"26076","description":"بازاریابی پیشرفته","iscorrect":0},{"id":"26077","description":"گسترش آگاهی عمومی","iscorrect":0},{"id":"26078","description":"تکنولوژی","iscorrect":1}]},{"id":"6901","description":"کدام گرینه در تشویق مشتریان بالقوه در به اشتراک گذاشتن اطلاعات تماس کارا است؟","answers":[{"id":"26079","description":"صفحه ورود با کیفیت","iscorrect":0},{"id":"26080","description":"جملات فراخوانی","iscorrect":0},{"id":"26081","description":"کتاب الکترونیکی","iscorrect":0},{"id":"26082","description":"همه موارد","iscorrect":1}]},{"id":"6902","description":"فرآیند ایجاد بانک داده مشتمل بر اطلاعات تماس افراد متمایل به خرید خدمت یا کالا چه نام دارد؟","answers":[{"id":"26083","description":"Call-To-Action","iscorrect":0},{"id":"26084","description":"ایمیل مارکتینگ","iscorrect":0},{"id":"26085","description":"Lead Generation","iscorrect":1},{"id":"26086","description":"هیچکدام","iscorrect":0}]},{"id":"6903","description":"تحلیل در کدام مرحله از اینباند مارکتینگ ضروری نیست؟","answers":[{"id":"26087","description":"تشکیل کارزارها","iscorrect":0},{"id":"26088","description":"ایجاد محتوا","iscorrect":0},{"id":"26089","description":"تصمیم‌گیری","iscorrect":0},{"id":"26090","description":"کشف","iscorrect":1}]}]}]},{"name":"درس دوم- بهینه‌سازی وب‌سایت برای موتورهای جستجو- بخش اول","id":"956","contentorder":"3","lesson_number":2,"type":0,"filename":"lesson956.html"},{"name":"بهینه‌سازی وب‌سایت برای موتورهای جستجو- بخش اول","id":"1579","contentorder":"4","type":1,"set":[{"score":"50","questions":[{"id":"6904","description":"کدام گزینه در مورد بهینه‌سازی موتور جستجو درست است؟","answers":[{"id":"26091","description":"با بهره‌گیری از موتور جستجو، مشتریان‌تان شما را می‌یابند و به سایر رقبا ترجیح می‌دهند.","iscorrect":0},{"id":"26092","description":"به مجموعه‌ای از تغییرات در وب‌سایت شما گفته می‌شود که در نهایت باعث جذب بازدیدکنندگان بیشتری می‌گردد.","iscorrect":0},{"id":"26093","description":"داده‌ها را برای اساس درجه اهمیت٬ قابل اعتماد بودن و محبوبیت‌شان رده‌بندی می‌کنند.","iscorrect":0},{"id":"26094","description":"همه موارد","iscorrect":1}]},{"id":"6905","description":"کدام گزینه در مورد نتایج ارگانیک موتور جستجو درست است؟","answers":[{"id":"26095","description":"معمولا چند نتیجه کناری حاصل از صفحه جستجو٬ آگهی هستند.","iscorrect":0},{"id":"26096","description":"صاحبان آگهی‌ها به موتورهای جستجو پولی می‌پردازند تا هر گاه جستجویی مرتبط با کالا یا خدمات آنها در موتور جستجو انجام گرفت٬ آگهی آنها نمایش داده شود.","iscorrect":0},{"id":"26097","description":"بدون دستکاری موتور جستجو در آن مکان نشان داده شده‌اند.","iscorrect":1},{"id":"26098","description":"همه موارد","iscorrect":0}]},{"id":"6906","description":"کدام کلیدواژه در دسته بلند یا دم دراز قرار می‌گیرد؟","answers":[{"id":"26099","description":"کیف","iscorrect":0},{"id":"26100","description":"تلفن همراه","iscorrect":0},{"id":"26101","description":"لباس شب","iscorrect":0},{"id":"26102","description":"بهترین کیف چرمی زنانه","iscorrect":1}]},{"id":"6907","description":"یک کلید واژه موثر چگونه است؟","answers":[{"id":"26103","description":"مردم زیاد برای آن جستجو می‌کنند.","iscorrect":0},{"id":"26104","description":"رقابت شرکت‌ها برای بدست آوردن آنها بیشتر است.","iscorrect":0},{"id":"26105","description":"در عین اینکه مردم زیاد برای آن جستجو می‌کنند٬ رقابت شرکت‌ها برای بدست آوردن آنها کمتر باشد.","iscorrect":1},{"id":"26106","description":"هیچکدام","iscorrect":0}]}]},{"score":"60","questions":[{"id":"6908","description":"موتور جستجوهای امروزی با استفاده از ..............روز به روز هوشمندتر می‌شوند.","answers":[{"id":"26107","description":"اشتراک دقیق آنچه مشتریانشان انتظار دارند.","iscorrect":0},{"id":"26108","description":"پیشرفت‌های روزافزون هوش مصنوعی","iscorrect":1},{"id":"26109","description":"گوگل آنالیتیکز","iscorrect":0},{"id":"26110","description":"همه موارد","iscorrect":0}]},{"id":"6909","description":"کدام گزینه ترافیک بالاتری در سایت ایجاد می‌کند؟","answers":[{"id":"26111","description":"مقالات مرتبط با کلیدواژه‌های مترادف","iscorrect":0},{"id":"26112","description":"مقالات مرتبط با محتوای با کیفیت","iscorrect":1},{"id":"26113","description":"مقالات مرتبط حول محور کلیدواژه‌ها","iscorrect":0},{"id":"26114","description":"مقالات مرتبط با یک کلیدواژه خاص","iscorrect":0}]},{"id":"6910","description":"وقتی یک کاربر واژه‌ای را در یک موتور جستجو می‌جوید:","answers":[{"id":"26115","description":"سیستم علاوه بر جستجوی کل محتوای اینترنت، برای یافتن پاسخ تمام اطلاعات و نتایج در صفحه نتایج لیست می‌کند.","iscorrect":0},{"id":"26116","description":"سیستم کل محتوای اینترنت را برای یافتن پاسخ مرتبط لیست می‌کند.","iscorrect":0},{"id":"26117","description":"سیستم به جای جستجوی کل محتوای اینترنت برای یافتن پاسخ مرتبط٬ تنها اطلاعات طبقه‌بندی و رده‌بندی شده بانک داده‌های خود را جستجو می‌کند و نتایج را در با همان رده‌بندی در صفحه نتایج لیست می‌کند.","iscorrect":1},{"id":"26118","description":"سیستم تنها اطلاعات طبقه‌بندی و رده‌بندی شده بانک داده‌های خود را جستجو می‌کند.","iscorrect":0}]},{"id":"6911","description":"کدام کلید واژه در دسته بلند یا دم دراز قرار می‌گیرد؟","answers":[{"id":"26119","description":"کیف","iscorrect":0},{"id":"26120","description":"قسطنطنیه","iscorrect":0},{"id":"26121","description":"لباس شب","iscorrect":0},{"id":"26122","description":"بهترین کیف چرمی زنانه","iscorrect":1}]}]}]},{"name":"درس سوم- بهینه‌سازی وب‌سایت برای موتورهای جستجو- بخش دوم","id":"957","contentorder":"5","lesson_number":3,"type":0,"filename":"lesson957.html"},{"name":"بهینه‌سازی وب‌سایت برای موتورهای جستجو- بخش دوم","id":"1581","contentorder":"6","type":1,"set":[{"score":"50","questions":[{"id":"6912","description":"کدام گزینه در مورد موتور جستجو درست است؟","answers":[{"id":"26123","description":"موتورهای جستجو تصویر را می‌فهمند.","iscorrect":0},{"id":"26124","description":"با افزودن کلیدواژه به alt-text کد تصویر می‌توان آن را برای گوگل قابل جستجو و فهم کرد.","iscorrect":1},{"id":"26125","description":"مجبور کردن کاربر به اینکه برای دیدن مطلب تا پایین صفحه شما برود با وجود آگهی‌های فراوان و مطالب غیرمرتبط","iscorrect":0}]},{"id":"6913","description":"چه چیز به موتورهای جستجو کمک می‌کندتا اعتبار سایت شما را بررسی نماید؟","answers":[{"id":"26126","description":"رابطه قوی با سایت‌های معتبر و صاحب سبک","iscorrect":0},{"id":"26127","description":"بهینه‌سازی‌هایی که روی صفحه انجام داده‌ایم.","iscorrect":0},{"id":"26128","description":"لینک‌هایی که از سایت‌های دیگر به سایت شما می‌آیند و در اصطلاح لینک‌های درونگرا نامیده می‌شوند.","iscorrect":0},{"id":"26129","description":"همه موارد","iscorrect":1}]},{"id":"6914","description":"گوگل اولویت را به نشان دادن وب‌سایت‌هایی می‌دهد که:","answers":[{"id":"26130","description":"به راحتی و بی‌دردسر قابل مشاهده و خواندن باشد.","iscorrect":0},{"id":"26131","description":"با موبایل سازگار بوده و برای کاربران موبایل بهینه‌سازی شده باشند.","iscorrect":1},{"id":"26132","description":"برای کاربران تجربه جدیدی را فراهم می‌کنند.","iscorrect":0},{"id":"26133","description":"متاتگ توضیحات عمومی و از ۱۴۰ حرف بیشتر باشد.","iscorrect":0}]},{"id":"6915","description":"کلید واژه‌ها را در چه مکان‌هایی از سایت بگذاریم تا بهینه‌سازی صفحه تامین شود؟ ","answers":[{"id":"26135","description":"عنوان و آدرس مقاله","iscorrect":0},{"id":"26136","description":"متاتگ توضیحات صفحه","iscorrect":0},{"id":"26137","description":"کد تصویر","iscorrect":0},{"id":"26138","description":"همه موارد","iscorrect":1}]}]},{"score":"50","questions":[{"id":"6916","description":"شرکت بنیان دانش پارس مقاله‌ای را در راستای تبلیغات خدمات مشاوره‌ای شرکت تحت عنوان بهترین مشاوره تبلیغات اینترنتی پارس تهیه نموده است. کدام گزینه در حالت استاندارد برای عنوان مقاله مناسب‌تر است؟","answers":[{"id":"26139","description":"بهترین مشاوره تبلیغات اینترنتی پارس","iscorrect":0},{"id":"26140","description":"بنیان دانش پارس | بهترین مشاوره تبلیغات اینترنتی پارس","iscorrect":1},{"id":"26141","description":"مشاوره تبلیغات اینترنتی|دانش پارس","iscorrect":0},{"id":"26142","description":"بنیان دانش پارس مشاوره تبلیغات","iscorrect":0}]},{"id":"6917","description":"شرکت X در نظر دارد بهترین کلیدواژه خود را به URL یا همان آدرس اینترنتی مقاله خود بیفزاید. کدام گزینه را پیشنهاد می‌کنید؟","answers":[{"id":"26144","description":"x.com/best-handmade-knitted-hat","iscorrect":1},{"id":"26145","description":"x.com/BestHandmadeKnittedHat","iscorrect":0},{"id":"26146","description":"x.com/best handmade knitted hat","iscorrect":0},{"id":"26147","description":"x.com/best-handmade","iscorrect":0}]},{"id":"6918","description":"ابزارهای آنلاینی مانند MOZ Open Site Explorer:","answers":[{"id":"26148","description":"با نشان دادن لینک‌های ورودی به سایت شما اعتبار سایت را تخمین می‌زنند.","iscorrect":1},{"id":"26149","description":"بر اعتبار سایت شما می‌افزایند.","iscorrect":0},{"id":"26150","description":"ابزارهای آنلاین نامعتبر را ردیابی می‌کنند.","iscorrect":0},{"id":"26151","description":"برای سایت شما بازدیدکننده می‌آورند.","iscorrect":0}]},{"id":"6919","description":"گوگل اولویت را به نشان دادن وب‌سایت هایی می‌دهد که:","answers":[{"id":"26153","description":"به راحتی و بی‌دردسر قابل مشاهده و خواندن باشد.<br />\n","iscorrect":0},{"id":"26154","description":"با موبایل سازگار بوده و برای کاربران موبایل بهینه‌سازی شده باشند.","iscorrect":1},{"id":"26155","description":"برای کاربران تجربه جدیدی را فراهم می‌کنند.","iscorrect":0},{"id":"26156","description":"متاتگ توضیحات عمومی و از ۱۴۰ حرف بیشتر باشد.","iscorrect":0}]}]}]},{"name":"درس چهارم- خلق محتوای هدفمند","id":"958","contentorder":"7","lesson_number":4,"type":0,"filename":"lesson958.html"},{"name":"خلق محتوای هدفمند","id":"1583","contentorder":"8","type":1,"set":[{"score":"50","questions":[{"id":"6920","description":"منظور از یک محتوای با ارزش در متدلوژی اینباند مارکتینگ چیست؟","answers":[{"id":"26157","description":"ویدیو و محصولات چندرسانه‌ای (مالتی مدیا)","iscorrect":0},{"id":"26158","description":"محتوایی که خواننده تمایل داشته باشد آن را تا انتها بخواند یا ببیند و یا گوش دهد و به اشتراک بگذارد.","iscorrect":1},{"id":"26159","description":"کتاب‌های الکترونیک تایید شده توسط مراجع ذیربط","iscorrect":0},{"id":"26160","description":"هیچکدام","iscorrect":0}]},{"id":"6921","description":"کدامیک از موارد زیر برای شروع به تولید محتوا لازم است؟","answers":[{"id":"26161","description":"دانش لازم","iscorrect":0},{"id":"26162","description":"استراتژی کارآمد","iscorrect":0},{"id":"26163","description":"هدف مشخص","iscorrect":0},{"id":"26164","description":"همه موارد","iscorrect":1}]},{"id":"6922","description":"هر مطلب و محتوای تولیدی٬ با سه پارامتر شناخته می‌شود که عبارتند از:","answers":[{"id":"26165","description":"هدف٬ فرمت و عنوان","iscorrect":1},{"id":"26166","description":"هدف٬ اعتبار و اهمیت","iscorrect":0},{"id":"26167","description":"هدف٬ فرمت و اندازه","iscorrect":0}]},{"id":"6923","description":"اینکه کدام فرمت را برای تدوین محتوای تولیدی انتخاب می‌کنیم به کدام مورد یا موارد زیر بستگی دارد؟","answers":[{"id":"26168","description":"مخاطبینی که مد نظر داریم.","iscorrect":0},{"id":"26169","description":"مدت زمانی که برای خلق این محتوا خواهیم داشت.","iscorrect":0},{"id":"26170","description":"اطلاعات شخصی خودمان","iscorrect":0},{"id":"26171","description":"همه موارد","iscorrect":1}]}]},{"score":"50","questions":[{"id":"6924","description":"در کدامیک از مراحل زیر از متدلوژی اینباند مارکتینگ می‌توانید پیشنهاد تجاری خود را آشکار کنید؟","answers":[{"id":"26172","description":"مرحله تصمیم‌گیری","iscorrect":1},{"id":"26173","description":"مرحله آگاه‌سازی","iscorrect":0},{"id":"26174","description":"مرحله زیر نظر گرفتن یا ملاحظه","iscorrect":0},{"id":"26175","description":"همه موارد","iscorrect":0}]},{"id":"6925","description":"کدامیک از موارد زیر درست است؟","answers":[{"id":"26176","description":"منحصربفرد بودن محتوا از دیزاین و زیبایی ظاهری آن اهمیت بیشتری دارد.","iscorrect":0},{"id":"26177","description":"تولید محتوای تخصصی مخاطب کمتری را نصیب‌تان می‌کند که با احتمال بالاتری ممکن است از شما خرید کنند.","iscorrect":0},{"id":"26178","description":"همه موارد","iscorrect":1}]},{"id":"6926","description":"کدام گزینه از بهترین روش‌های تهیه محتوا در متدلوژی اینباند مارکتینگ نیست؟","answers":[{"id":"26179","description":"ارایه مطالب مختصر و مفید","iscorrect":0},{"id":"26180","description":"اجازه استفاده از هر وسیله آموزشی اعم از تصویر، ویدیو و مثال‌های جانبی","iscorrect":0},{"id":"26181","description":"محتوا باید تبلیغاتی باشد.","iscorrect":1},{"id":"26182","description":"محتوا باید آموزشی باشد و مشکلی را از مخاطب حل نماید.","iscorrect":0}]},{"id":"6927","description":"در متدلوژی اینباند مارکتینگ یک محتوای خوب باید:","answers":[{"id":"26183","description":"عالی باشد.","iscorrect":0},{"id":"26184","description":"هدفمند باشد.","iscorrect":0},{"id":"26185","description":"آموزشی باشد.","iscorrect":1},{"id":"26186","description":"تبلیغاتی باشد.","iscorrect":0}]}]}]},{"name":"درس پنجم- چرا وبلاگ‌نویسی می‌تواند به تجارت شما کمک کند؟","id":"959","contentorder":"9","lesson_number":5,"type":0,"filename":"lesson959.html"},{"name":"چرا وبلاگ‌نویسی می‌تواند به تجارت شما کمک کند؟","id":"1585","contentorder":"10","type":1,"set":[{"score":"50","questions":[{"id":"6928","description":"کدامیک از موارد زیر جزاستراتژی‌های تایید شده برای موفقیت وبلاگ‌نویسی تجاری است؟","answers":[{"id":"26187","description":"محتوای تولیدی در وبلاگ شما باید آموزشی باشد.","iscorrect":1},{"id":"26188","description":"در هر پست می‌توانید در مورد چندین مطلب توضیح بدهید.","iscorrect":0},{"id":"26189","description":"محتوای تولیدی در وبلاگ شما باید تبلیغ کسب و کارتان باشد.","iscorrect":0},{"id":"26190","description":"هرگز از کلیدواژه دم دراز در عنوان مطلب خود استفاده نکنید.","iscorrect":0}]},{"id":"6929","description":"کدامیک از موارد زیر در مورد عکس‌ها در موتورهای جستجو درست است؟","answers":[{"id":"26191","description":"موتورهای جستجو عکس‌ها را می‌فهمند.","iscorrect":0},{"id":"26192","description":"موتورهای جستجو نمی‌توانند تصویر درون عکس‌ها را تشخیص دهند.","iscorrect":0},{"id":"26193","description":"از تگ alt_text برای شناساندن تصویر به موتورهای جستجو استفاده می‌کنیم.","iscorrect":0},{"id":"26194","description":"گزینه دوم و سوم","iscorrect":1}]},{"id":"6930","description":"کدام گزینه درست است؟","answers":[{"id":"26195","description":"قرار دادن لینک‌های خارجی در بدنه متن٬ در صورتی که به سایت‌های معتبر اشاره داشته باشند باعث بالا رفتن اعتبار متن شما و به دنبال آن بالاتر رفتن رتبه آن در موتورهای جستجو می‌شود.","iscorrect":1},{"id":"26196","description":"قرار دادن لینک‌های داخلی در بدنه متن٬ در صورتی که به سایت‌های معتبر اشاره داشته باشند باعث کم شدن اعتبار متن شما و به دنبال آن بالاتر رفتن رتبه آن در موتورهای جستجو می‌شود.","iscorrect":0},{"id":"26197","description":"قرار دادن لینک‌های خارجی در بدنه متن٬ در صورتی که به سایت‌های نامعتبر اشاره داشته باشند باعث پایین رفتن اعتبار متن شما و به دنبال آن بالاتر رفتن رتبه آن در موتورهای جستجو می‌شود.","iscorrect":0}]},{"id":"6931","description":"مهمترین کاری که بعد از ....‌.... مطلب‌تان انجام می‌دهید٬ ‌...‌......... آن با استفاده از ‌...‌........ است.","answers":[{"id":"26198","description":"انتشار- بررسی و بهبود کارایی- آمارهای وبلاگ و سایت‌تان","iscorrect":1},{"id":"26199","description":"انتشار- به اشتراک گذاشتن - شبکه‌های اجتماعی","iscorrect":0},{"id":"26200","description":"انتشار- بررسی و بهبود کارایی- شبکه‌های اجتماعی","iscorrect":0}]}]},{"score":"50","questions":[{"id":"6932","description":"کدامیک از موارد زیر جزو استراتژی‌های تایید شده برای موفقیت وبلاگ‌نویسی تجاری نیست؟","answers":[{"id":"26201","description":"سعی کنید از یک کلیدواژه دم دراز در عنوان مطلب خود استفاده کنید.","iscorrect":0},{"id":"26202","description":"در هر پست تنها در مورد یک مطلب توضیح دهید.","iscorrect":0},{"id":"26203","description":"محتوای تولیدی در وبلاگ شما باید تبلیغ کسب و کارتان باشد.","iscorrect":1},{"id":"26204","description":"در انتهای مطلب از CTA استفاده نمایید.","iscorrect":0}]},{"id":"6933","description":"کدامیک از موارد زیر در مورد عکس‌ها در موتورهای جستجو درست نیست؟","answers":[{"id":"26205","description":"موتورهای جستجو عکس‌ها را می‌فهمند.","iscorrect":1},{"id":"26206","description":"موتورهای جستجو نمی‌توانند تصویر درون عکس‌ها را تشخیص دهند.","iscorrect":0},{"id":"26207","description":"از تگ alt_text برای شناساندن تصویر به موتورهای جستجو استفاده می‌کنیم.","iscorrect":0},{"id":"26208","description":"گزینه‌های دوم و سوم","iscorrect":0}]},{"id":"6934","description":"برای اینکه به موتورهای جستجو بگوییم که یک لینک را دنبال نکنند:","answers":[{"id":"26209","description":"لینک را پاک می‌کنیم.","iscorrect":0},{"id":"26210","description":"از کد rel=nofollow استفاده می‌کنیم.","iscorrect":1},{"id":"26211","description":"از کد rel=follow استفاده می‌کنیم.","iscorrect":0}]},{"id":"6935","description":"چرا وبلاگ‌نویسی می‌تواند به تجارت شما کمک نماید؟","answers":[{"id":"26212","description":"جذب بازدید کننده جدید","iscorrect":0},{"id":"26213","description":"تبدیل بازدیدکننده جدید به یک مشتری بالقوه","iscorrect":0},{"id":"26214","description":"موارد اول و دوم","iscorrect":1}]}]}]},{"name":"درس ششم- تقویت محتوا با شبکه‌های اجتماعی","id":"960","contentorder":"11","lesson_number":6,"type":0,"filename":"lesson960.html"},{"name":"تقویت محتوا با شبکه‌های اجتماعی","id":"1587","contentorder":"12","type":1,"set":[{"score":"66","questions":[{"id":"6936","description":"چرا باید از شبکه‌های اجتماعی برای کسب و کار خود استفاده کنیم؟","answers":[{"id":"26215","description":"زیرا مشتریان بالقوه کسب و کار ما آنجا هستند.","iscorrect":1},{"id":"26216","description":"زیرا استفاده از بیشتر آنها رایگان است.","iscorrect":0},{"id":"26217","description":"زیرا همه از آن استفاده می‌کنند.","iscorrect":0},{"id":"26218","description":"زیرا شبکه اجتماعی جای ایمیل را گرفته است.","iscorrect":0}]},{"id":"6937","description":"رسانه‌های اجتماعی در کدام مرحله بازاریابی درونگرا- اینباند مارگتینگ- به کار می‌آیند؟","answers":[{"id":"26219","description":"جذب رهگذر ناآشنا","iscorrect":1},{"id":"26220","description":"تبدیل رهگذر ناآشنا به یک مشتری بالقوه","iscorrect":0},{"id":"26221","description":"رضایت‌مندسازی","iscorrect":0},{"id":"26222","description":"همه موارد","iscorrect":0}]},{"id":"6938","description":"کدام گزینه درست است؟","answers":[{"id":"26223","description":"ROI رایج‌ترین نسبت محاسباتی است که با تقسیم سود حاصل بر نصف هزینه‌ها محاسبه می‌شود و به عنوان یک درصد یا نسبت بیان می‌شود.","iscorrect":0},{"id":"26224","description":"ROI رایج‌ترین نسبت سودآوری است که با تقسیم سود حاصل بر هزینه‌ها محاسبه می‌شود و به عنوان یک درصد یا نسبت بیان می‌شود.","iscorrect":1},{"id":"26225","description":"نرخ بازگشت بر سرمایه رایج‌ترین نسبت سودآوری است که با تقسیم نیمی از سود حاصل بر هزینه‌ها محاسبه می‌شود و به عنوان یک درصد یا نسبت بیان می‌شود.","iscorrect":0}]}]},{"score":"66","questions":[{"id":"6939","description":"کدامیک اولین گام لازم برای تعیین استراتژی در شبکه‌های اجتماعی است؟","answers":[{"id":"26226","description":"بودجه","iscorrect":0},{"id":"26227","description":"هدف","iscorrect":1},{"id":"26228","description":"مخاطب","iscorrect":0},{"id":"26229","description":"زمان","iscorrect":0}]},{"id":"6940","description":"وظیفه کتابچه راهنمای نگارش در شبکه‌های اجتماعی چیست؟","answers":[{"id":"26230","description":"باید و نبایدهای شما برای شبکه‌های اجتماعی را تعریف کند.","iscorrect":1},{"id":"26231","description":"آیین نگارش و قواعد دستور زبان را بیان می‌کند.","iscorrect":0},{"id":"26232","description":"هیچکدام","iscorrect":0}]},{"id":"6941","description":"رسانه‌های اجتماعی در کدام مرحله بازاریابی درونگرا- اینباند مارگتینگ- به کار نمی‌آیند؟","answers":[{"id":"26233","description":"تبدیل رهگذر ناآشنا به یک مشتری بالقوه","iscorrect":0},{"id":"26234","description":"استحکام","iscorrect":1},{"id":"26235","description":"رضایت‌مندسازی","iscorrect":0}]}]}]},{"name":"درس هفتم- تشویق به کلیک با فراخوان مناسب (Call To Action)","id":"961","contentorder":"13","lesson_number":7,"type":0,"filename":"lesson961.html"},{"name":"تشویق به کلیک با فراخوان مناسب (Call To Action)","id":"1589","contentorder":"14","type":1,"set":[{"score":"66","questions":[{"id":"6942","description":"کدام ترتیب زیر درست‌تر است؟","answers":[{"id":"26236","description":"صفحه فرود > فراخوان > فرم > صفحه تشکر","iscorrect":0},{"id":"26237","description":"فرم > فراخوان > صفحه فرود > صفحه تشکر","iscorrect":0},{"id":"26238","description":"فراخوان > صفحه فرود > فرم > صفحه تشکر","iscorrect":1}]},{"id":"6943","description":".......... در واقع به معنی کسانی است که به هر روش، با محصولات یا خدمات کسب و کار ما آشنا شده‌اند و برای نخستین کسب اطلاع (و شاید در نهایت خرید) به ما و یا وب‌سایت ما مراجعه می‌کنند و در مورد محصولات و خدمات ما پرس و جو می‌کنند.","answers":[{"id":"26239","description":"Lead","iscorrect":1},{"id":"26240","description":"Call To Action","iscorrect":0},{"id":"26241","description":"Lead Generation","iscorrect":0},{"id":"26242","description":"Visitor","iscorrect":0}]},{"id":"6944","description":"پروسه تبدیل در متدلوژی اینباند مارکتینگ یعنی:","answers":[{"id":"26243","description":"تبدیل بازدیدکننده به مشتری بالقوه","iscorrect":1},{"id":"26244","description":"تبدیل خریدار به فروشنده","iscorrect":0},{"id":"26245","description":"تبدیل خریدار به مشتری دایمی","iscorrect":0},{"id":"26246","description":"تبدیل خریدار به بازدیدکننده","iscorrect":0}]}]},{"score":"66","questions":[{"id":"6945","description":"کدام ترتیب زیر درست‌تر است؟","answers":[{"id":"26247","description":"صفحه فرود > فراخوان > فرم > صفحه تشکر","iscorrect":0},{"id":"26248","description":"فرم > فراخوان > صفحه فرود > صفحه تشکر","iscorrect":0},{"id":"26249","description":"فراخوان > صفحه فرود > فرم > صفحه تشکر","iscorrect":1}]},{"id":"6946","description":"کدامیک از موارد زیر جزو کارهایی است که با یک CTA می‌تواند انجام بگیرد؟","answers":[{"id":"26250","description":"ثبت‌نام برای عضویت در خبرنامه","iscorrect":0},{"id":"26251","description":"دانلود کتابچه راهنما","iscorrect":0},{"id":"26252","description":"ثبت‌نام برای مشاوره رایگان","iscorrect":0},{"id":"26253","description":"همه موارد","iscorrect":1}]},{"id":"6947","description":"کدامیک از موارد زیر در مورد یک CTA درست نیست؟","answers":[{"id":"26254","description":"باید چشمگیر٬ چشم نواز و کاملا مشخص باشد.","iscorrect":0},{"id":"26255","description":"باید کاملا متمایز از سایر بخش‌ها باشد.","iscorrect":0},{"id":"26256","description":"باید دقیقا همرنگ و هم شکل سایر قسمت‌ها باشد.","iscorrect":1},{"id":"26257","description":"باید رنگی متفاوت داشته باشد.","iscorrect":0}]}]}]},{"name":"درس هشتم- آناتومی یک صفحه فرود کارآمد","id":"962","contentorder":"15","lesson_number":8,"type":0,"filename":"lesson962.html"},{"name":"آناتومی یک صفحه فرود کارآمد","id":"1591","contentorder":"16","type":1,"set":[{"score":"66","questions":[{"id":"6948","description":"کدامیک از موارد زیر را می‌توان یک فرشنده دیجیتال تمام وقت در نظر گرفت؟","answers":[{"id":"26258","description":"CTA","iscorrect":0},{"id":"26259","description":"صفحه تشکر","iscorrect":0},{"id":"26260","description":"صفحه فرود","iscorrect":1},{"id":"26261","description":"اینباند مارکتینگ","iscorrect":0}]},{"id":"6949","description":"کدامیک از موارد زیر برای ایجاد یک صفحه فرود کارا لازم نیست؟","answers":[{"id":"26262","description":"ارایه آن به چند زبان مختلف برای بالا بردن احتمال تبدیل","iscorrect":1},{"id":"26263","description":"متنی شفاف٬ دقیق٬ جذاب٬ تشویق‌کننده و عملگرا","iscorrect":0},{"id":"26264","description":"استفاده معقول از کلیدواژه‌های مرتبط","iscorrect":0},{"id":"26265","description":"هیچکدام","iscorrect":0}]},{"id":"6950","description":"در مورد یک صفحه فرود کدامیک درست است؟","answers":[{"id":"26266","description":"هر چه صفحه فرود طولانی‌تر باشد، نرخ تبدیل بالاتر می‌رود.","iscorrect":0},{"id":"26267","description":"در صفحه فرود نباید هیچگونه فرمی قرار داد.","iscorrect":0},{"id":"26268","description":"در صفحه فرود معمولا فرمی برای دریافت اطلاعات تماس مخاطبان قرار می‌دهیم.","iscorrect":1},{"id":"26269","description":"موتورهای جستجو نباید صفحه فرود را ایندکس کنند.","iscorrect":0}]}]},{"score":"66","questions":[{"id":"6951","description":"کدامیک از موازد زیر را می‌توان یک فروشنده دیجیتال ۲۴ ساعته در نظر گرفت؟","answers":[{"id":"26270","description":"صفحه فرود","iscorrect":0},{"id":"26271","description":"Landing Page","iscorrect":0},{"id":"26272","description":"صفحه تشکر","iscorrect":0},{"id":"26273","description":"موارد اول و دوم","iscorrect":1}]},{"id":"6952","description":"کدامیک از موارد زیر برای ایجاد یک صفحه فرود کارا لازم نیست؟","answers":[{"id":"26275","description":"ارایه آن به چند زبان مختلف برای بالا بردن احتمال تبدیل","iscorrect":1},{"id":"26276","description":"متنی شفاف٬ دقیق٬ جذاب٬ تشویق‌کننده و عملگرا","iscorrect":0},{"id":"26277","description":"استفاده معقول از کلیدواژه‌های مرتبط","iscorrect":0},{"id":"26278","description":"بهینه‌سازی شده برای موبایل","iscorrect":0}]},{"id":"6953","description":"بهترین حالت برای قرار دادن لینک‌ها در صفحه فرود چیست؟","answers":[{"id":"26279","description":"به جز فراخوان، سایر لینک‌ها را از صفحه فرود پاک کنیم.","iscorrect":1},{"id":"26280","description":"تنها لینک فراخوان و شبکه‌های اجتماعی را در آن قرار بدهیم.","iscorrect":0},{"id":"26281","description":"هر لینکی می‌توانیم در آن قرار بدهیم.","iscorrect":0},{"id":"26282","description":"هر لینکی می‌توانیم در آن قرار بدهیم و تنها از کد nofollow استفاده کنیم.","iscorrect":0}]}]}]},{"name":"درس نهم- استفاده بهینه از صفحه تشکر","id":"963","contentorder":"17","lesson_number":9,"type":0,"filename":"lesson963.html"},{"name":"استفاده بهینه از صفحه تشکر","id":"1593","contentorder":"18","type":1,"set":[{"score":"50","questions":[{"id":"6954","description":"کدام گزینه در مورد صفحه تشکر درست است؟","answers":[{"id":"26283","description":"در انتهای مرحله بازدید به بازدیدکننده نشان داده می‌شود.","iscorrect":0},{"id":"26284","description":"بعد از مرحله تبدیل یک بازدیدکننده به یک مشتری بالقوه به او نشان داده می‌شود.","iscorrect":1},{"id":"26285","description":"بعد از مرحله تبدیل یک مشتری بالقوه به یک خریدار به او نشان داده می‌شود.","iscorrect":0},{"id":"26286","description":"در ابتدای مرحله بازدید به بازدیدکننده نشان داده می‌شود.","iscorrect":0}]},{"id":"6955","description":"کدام گزینه در مورد موارد صفحه تشکر غلط است؟","answers":[{"id":"26287","description":"می‌توان راه‌هایی برای افزایش بازدید و حتی پیشنهادهای تجاری بیشتر ارایه داد.","iscorrect":0},{"id":"26288","description":"می‌تواند آغازکننده یک فرآیند تبدیل جدید باشد.","iscorrect":0},{"id":"26289","description":"می‌تواند مشتری بالقوه را به یک خریدار نزدیک کند.","iscorrect":0},{"id":"26290","description":"هیچکدام","iscorrect":1}]},{"id":"6956","description":"کدام یک از توضیحات زیر در مورد صفحه تشکر نوع اول (Inline) درست است؟","answers":[{"id":"26291","description":"بعد از به انجام رساندن پیشنهاد تجاری شما، مثلا دانلود یک کتابچه الکترونیک٬ بازدیدکننده وارد صفحه جداگانه‌ای شده و یک پیغام تشکر دریافت می‌کند.","iscorrect":0},{"id":"26292","description":"شانس تبدیل به مشتری بالقوه بالاتر است.","iscorrect":0},{"id":"26293","description":"بعد از به انجام رساندن پیشنهاد تجاری شما، مثلا دانلود یک کتابچه الکترونیک٬ بازدیدکننده به صورت اتوماتیک و بدون تغییر آدرس صفحه٬ یک پیغام تشکر دریافت می‌کند.","iscorrect":1},{"id":"26295","description":"موارد اول و دوم","iscorrect":0}]},{"id":"6957","description":"بازدیدکننده در ازای دریافت پیشنهاد تجاری کسب و کار شما:","answers":[{"id":"26296","description":"اطلاعات تماس خود را در اختیارتان گذاشته است.","iscorrect":1},{"id":"26297","description":"به اعتبار سایت کمک کرده است.","iscorrect":0},{"id":"26298","description":"تبلیغ سایت شما را انجام می‌دهد.","iscorrect":0},{"id":"26299","description":"همه موارد","iscorrect":0}]}]},{"score":"50","questions":[{"id":"6958","description":"تفاوتبزرگ صفحه تشکر با صفحه فرود چیست؟","answers":[{"id":"26300","description":"بخشی از امکانات موجود برای درگیر کردن بازدیدکننده با سایت در صفحه فرود انجام می‌شود.","iscorrect":0},{"id":"26301","description":"صفحه فرود لینک‌های بیشتری دارد.","iscorrect":0},{"id":"26302","description":"صفحه تشکر نشان‌دهنده اعتبار سایت و مشتری‌مداری گرداننده آن است.","iscorrect":0},{"id":"26303","description":"تمامی منوهای اصلی سایت در صفحه تشکر قرار می‌گیرد.","iscorrect":1}]},{"id":"6959","description":"از نمونه‌های فراخوان (CTA) جدید در صفحه تشکر کدام درست نیست؟","answers":[{"id":"26304","description":"نیم ساعت مشاوره رایگان","iscorrect":0},{"id":"26309","description":"عضویت در خبرنامه","iscorrect":0},{"id":"26307","description":"صفحه را ببندید","iscorrect":1},{"id":"26308","description":"موارد اول و دوم","iscorrect":0}]},{"id":"6960","description":"کدام گزینه در مورد موارد صفحه تشکر درست است؟","answers":[{"id":"26310","description":"می‌توان راه‌هایی برای افزایش بازدید و حتی پیشنهادهای تجاری بیشتر ارایه داد.","iscorrect":0},{"id":"26311","description":"میتواند آغاز کننده یک فرآیند تبدیل جدید باشد.","iscorrect":0},{"id":"26312","description":"می‌تواند مشتری بالقوه را به یک خریدار نزدیک کند.","iscorrect":0},{"id":"26313","description":"همه موارد","iscorrect":1}]},{"id":"6961","description":"کدام گزینه در مورد صفحه تشکر درست است؟","answers":[{"id":"26314","description":"ما معمولا نمی‌خواهیم که صفحه تشکر توسط موتورهای جستجو ایندکس شود.","iscorrect":1},{"id":"26315","description":"ما بسیار علاقه‌مندیم که صفحه تشکر توسط موتورهای جستجو ایندکس شود.","iscorrect":0},{"id":"26316","description":"معمولا پیشنهاد می‌شود که صفحه تشکر به صورت Inline تهیه شود.","iscorrect":0},{"id":"26317","description":"در صفحه تشکر هیچ لینک اضافه‌ای قرار نمی‌دهیم تا تمرکز مشتری بر هم نخورد.","iscorrect":0}]}]}]},{"name":"درس دهم- فرستادن ایمیل مناسب به شخص مناسب در زمان مناسب","id":"964","contentorder":"19","lesson_number":10,"type":0,"filename":"lesson964.html"},{"name":"فرستادن ایمیل مناسب به شخص مناسب در زمان مناسب","id":"1595","contentorder":"20","type":1,"set":[{"score":"66","questions":[{"id":"6962","description":"کدامیک در مورد ایمیل مارکتینگ درست نیست؟","answers":[{"id":"26319","description":"ایمیل یک بستر ارتباط ۱به ۱ را برای شما در دسترسی به مخاطبان‌تان فراهم می‌‌کند.<br />\n","iscorrect":0},{"id":"26320","description":"ایمیل مارکتینگ رو به افول است و شبکه‌های اجتماعی جای آن را گرفته‌اند.","iscorrect":1},{"id":"26321","description":"ایمیل به شما اجازه می‌دهد تا جایی که امکان دارد پیام خود به مخاطب‌تان را شخصی‌سازی نمایید.","iscorrect":0},{"id":"26322","description":"بهترین ویژگی ایمیل٬ قابلیت تطبیق‌پذیری آن است.","iscorrect":0}]},{"id":"6963","description":"کدام گزینهمعیارخوبی برای تقسیم‌بندی بانک داده‌های مشتریان یا Segmentation است؟","answers":[{"id":"26323","description":"اندازه شرکت مشتری","iscorrect":0},{"id":"26324","description":"کشور مشتری","iscorrect":0},{"id":"26325","description":"آی‌پی","iscorrect":0},{"id":"26326","description":"موقعیت شغلی در شرکت","iscorrect":0},{"id":"26327","description":"همه موارد","iscorrect":1}]},{"id":"6964","description":"کدامیک می‌تواند هدف مناسبی برای ایمیل مارکتینگ باشد؟","answers":[{"id":"26328","description":"در جلوی چشم مشتری بودن","iscorrect":0},{"id":"26329","description":"تبلیغ مستقیم کسب و کار","iscorrect":0},{"id":"26330","description":"ایجاد ارزش برای دریافت‌کننده‌اش","iscorrect":1}]}]},{"score":"66","questions":[{"id":"6965","description":"کدامیک می‌تواند هدف مناسبی برای ایمیل مارکتینگ باشد؟","answers":[{"id":"26331","description":"در جلوی چشم مشتری بودن","iscorrect":0},{"id":"26333","description":"تبلیغ مستقیم کسب و کار<br />\n","iscorrect":0},{"id":"26334","description":"ایجاد ارزش برای دریافت‌کننده‌اش","iscorrect":1}]},{"id":"6967","description":"نرم‌افزار ارسال ایمیلی ارزش هزینه کردن را دارد که ...‌...... را بدهد.","answers":[{"id":"26340","description":"به شما اجازه شخصی‌سازی ایمیل براساس اطلاعاتی که از فروشندگان بانک‌های اطلاعاتی می‌گیرید","iscorrect":0},{"id":"26339","description":"به شما اجازه ارسال میلیون‌ها ایمیل براساس اطلاعاتی که از مشتریان بالقوه خود دارید","iscorrect":0},{"id":"26338","description":"به شما اجازه شخصی‌سازی ایمیل براساس اطلاعاتی که از مشتریان بالقوه خود دارید","iscorrect":1}]},{"id":"6968","description":"نرخ تحویل ایمیل:","answers":[{"id":"26341","description":"نشان می‌دهد که چه تعداد ایمیل فرستاده شده باز شده‌اند.","iscorrect":0},{"id":"26342","description":"نشان‌دهنده میزان قابل اعتماد بودن بانک اطلاعاتی شماست.","iscorrect":1},{"id":"26343","description":"نشان می‌دهد که چه تعداد از ایمیل‌های باز شده کلیک شده‌اند.","iscorrect":0},{"id":"26344","description":"هیچکدام","iscorrect":0}]}]}]},{"name":"درس یازدهم- اصول خلق یک تجربه رضایت‌بخش","id":"965","contentorder":"21","lesson_number":11,"type":0,"filename":"lesson965.html"},{"name":"اصول خلق یک تجربه رضایت‌بخش","id":"1597","contentorder":"22","type":1,"set":[{"score":"50","questions":[{"id":"6969","description":"کدام گزینه در مورد ستون اصلی برای راضی نگه داشتن مشتریان کنونی صحیح نیست؟","answers":[{"id":"26345","description":"به آنها کمک کنید که به هدفی که از آمدن به سمت کسب و کار شما داشتند برسند.","iscorrect":0},{"id":"26346","description":"از انتظارات آنها فراتر بروید و تجربه‌ای دوست داشتنی از طرف شدن با کسب و کارتان برایشان به وجود بیاورید.","iscorrect":0},{"id":"26347","description":"یک بخش از کسب و کار را به خدمات اختصاص دهید.","iscorrect":1},{"id":"26348","description":"همه موارد","iscorrect":0}]},{"id":"6970","description":"کدام گزینه در مورد موارد تعامل با مشتری کنونی معتبر است؟","answers":[{"id":"26349","description":"تعامل شما با مشتریان بالقوه و کنونی نیز بهتر است که حقوقی و در چهارچوب رسمی باشد.","iscorrect":0},{"id":"26350","description":"مشتری نباید احساس توانمندی کند، این احساس سبب می‌شود از خدمات یا کالای شما روی گرداند.","iscorrect":0},{"id":"26351","description":"احترام به مشتری باید از اصول آموزشی و مهارتی نیروی کار شما قرار گیرد.","iscorrect":1},{"id":"26352","description":"هیچکدام","iscorrect":0}]},{"id":"6971","description":"کدام گزینه یکی از بهترین راه‌های شنیدن صدای مخاطبان و تلاش برای رضایت‌مندسازی آنان است؟","answers":[{"id":"26353","description":"تماس تلفنی با مشتریان","iscorrect":0},{"id":"26354","description":"استفاده از نظرسنجی","iscorrect":0},{"id":"26355","description":"رصد کردن رسانه‌های اجتماعی مرتبط","iscorrect":0},{"id":"26356","description":"موارد دوم و سوم","iscorrect":1}]},{"id":"6972","description":"اگر کارمندان کسب و کار، شما را دوست داشته باشند:","answers":[{"id":"26357","description":"به این باور می‌رسند که کسب و کار شما زمانی موفق خواهد بود که مشتریان راضی باشند.","iscorrect":0},{"id":"26358","description":"مشتریان نیز کسب و کار شما را دوست خواهند داشت.","iscorrect":1},{"id":"26359","description":"نوآوری آنها حتما به کسب و کار شما رونق می‌دهد.","iscorrect":0},{"id":"26360","description":"ارتباط موثر و آموزش می‌توانند کارساز باشند.","iscorrect":0}]}]},{"score":"50","questions":[{"id":"6973","description":"کدام گزینه در مورد ستون اصلی برای راضی نگه داشتن مشتریان کنونی صحیح نیست؟","answers":[{"id":"26361","description":"تا جایی که به کسب و کار شما مربوط است، سعی کنید همراه باشید.","iscorrect":1},{"id":"26362","description":"از انتظارات آنها فراتر بروید و تجربه‌ای دوست داشتنی از طرف شدن با کسب و کارتان برایشان بوجود بیاورید.","iscorrect":0},{"id":"26363","description":"در رفع مشکلی که به خاطر آن به شما مراجعه کرده‌اند به آنها کمک کنید.","iscorrect":0},{"id":"26364","description":"همه موارد","iscorrect":0}]},{"id":"6974","description":"در روش اینباند مارکتینگ ‌...‌....٬ به یکی از بهترین تبلیغ‌کنندگان کسب و کار ما تبدیل خواهد شد.","answers":[{"id":"26365","description":"مشتری رضایت‌مند","iscorrect":1},{"id":"26366","description":"جذب افراد تازه","iscorrect":0},{"id":"26367","description":"دوستان و آشنایانتان","iscorrect":0},{"id":"26368","description":"شبکه‌های اجتماعی","iscorrect":0}]},{"id":"6975","description":"تحقیقات جدید نشان داده‌اند که بخش بالایی از کسب و کارهای کوچک فروش خود را بعد از:","answers":[{"id":"26369","description":"سال اول به خاطر کمبود منابع انسانی از دست می‌دهند.","iscorrect":0},{"id":"26370","description":"دو سال اول به خاطر ضعف تخمین فروش از دست می‌دهند.","iscorrect":0},{"id":"26371","description":"دو سال اول بخاطر ضعف بخش خدمات مشتریان از دست می‌دهند.","iscorrect":1},{"id":"26372","description":"هیچکدام","iscorrect":0}]},{"id":"6976","description":"همواره افراد تیم خود را آموزش دهید تا به ‌...‌... نهایت احترام را بگذارند.","answers":[{"id":"26373","description":"کاربران جدید","iscorrect":0},{"id":"26374","description":"مشتریان بالقوه","iscorrect":0},{"id":"26375","description":"مشتریان بالقوه و مشتریان کنونی","iscorrect":0},{"id":"26376","description":"همه موارد","iscorrect":1}]}]}]},{"name":"آزمون نهایی دوره بازاریابی درونگرا","id":"1599","contentorder":"23","type":1,"set":[{"score":"50","questions":[{"id":"6977","description":"کدامیک از موازد زیر را می‌توان یک فروشنده دیجیتال ۲۴ ساعته در نظر گرفت؟","answers":[{"id":"26377","description":"صفحه فرود","iscorrect":0},{"id":"26378","description":"Landing Page","iscorrect":0},{"id":"26379","description":"صفحه تشکر","iscorrect":0},{"id":"26380","description":"موارد اول و دوم","iscorrect":1}]},{"id":"6978","description":"کدام گزینه در مورد موارد صفحه تشکر درست نیست؟","answers":[{"id":"26381","description":"می‌توان راه‌هایی برای افزایش بازدید و حتی پیشنهادهای تجاری بیشتر ارایه داد.","iscorrect":1},{"id":"26382","description":"می‌تواند آغازکننده یک فرآیند تبدیل جدید باشد.","iscorrect":0},{"id":"26383","description":"می‌تواند مشتری بالقوه را به یک خریدار نزدیک کند.","iscorrect":0},{"id":"26384","description":"همه موارد","iscorrect":0}]},{"id":"6979","description":"کدامیک در مورد ایمیل مارکتینگ درست نیست؟","answers":[{"id":"26385","description":"ایمیل یک بستر ارتباط ۱به ۱ را برای شما در دسترسی به مخاطبان‌تان فراهم می‌کند.","iscorrect":0},{"id":"26386","description":"ایمیل مارکتینگ رو به افول است و شبکه‌های اجتماعی جای آن را گرفته‌اند.","iscorrect":1},{"id":"26387","description":"ایمیل به شما اجازه می‌دهد تا جایی که امکان دارد پیام خود به مخاطب‌تان را شخصی‌سازی نمایید.","iscorrect":0},{"id":"26388","description":"بهترین ویژگی ایمیل٬ قابلیت تطبیق‌پذیری آن است.","iscorrect":0}]},{"id":"6980","description":"کدامیک می‌تواند هدف مناسبی برای ایمیل مارکتینگ باشد؟","answers":[{"id":"26389","description":"در جلوی چشم مشتری بودن","iscorrect":0},{"id":"26390","description":"تبلیغ مستقیم کسب و کار","iscorrect":0},{"id":"26391","description":"ایجاد ارزش برای دریافت‌کننده‌اش","iscorrect":1}]},{"id":"6981","description":"نرخ تحویل ایمیل:","answers":[{"id":"26392","description":"نشان می‌دهد که چه تعداد ایمیل فرستاده شده باز شده‌اند.","iscorrect":0},{"id":"26393","description":"نشان‌دهنده میزان قابل اعتماد بودن بانک اطلاعاتی شماست.","iscorrect":1},{"id":"26394","description":"نشان می‌دهد که چه تعداد از ایمیل‌های باز شده کلیک شده‌اند.","iscorrect":0},{"id":"26395","description":"هیچکدام","iscorrect":0}]},{"id":"6982","description":"شرکت‌های پیرو اصول اینباند مارکتینگ .......... یک مشتری معمولی را تبدیل به یک تبلیغ‌کننده رضایت‌مند کالا یا خدمات خود می‌سازند.","answers":[{"id":"26396","description":"با فراهم آوردن دقیق آنچه مشتریان‌شان انتظار دارند.","iscorrect":1},{"id":"26397","description":"با بازاریابی از راه ایمیل","iscorrect":0},{"id":"26399","description":"با استفاده از همراه‌سازی مشتری با کالا یا خدمات<br />\n","iscorrect":0},{"id":"26400","description":"سیستم‌های مدیریت ارتباط با مشتریان (CRM)","iscorrect":0}]},{"id":"6983","description":"گوگل اولویت را به نشان دادن وب‌سایت‌هایی می‌دهد که:","answers":[{"id":"26401","description":"به راحتی و بی‌دردسر قابل مشاهده و خواندن باشد.","iscorrect":0},{"id":"26402","description":"با موبایل سازگار بوده و برای کاربران موبایل بهینه‌سازی شده باشند.","iscorrect":1},{"id":"26403","description":"برای کاربران تجربه جدیدی را فراهم می‌کنند.","iscorrect":0},{"id":"26405","description":"متاتگ توضیحات، عمومی و از ۱۴۰ کاراکتر بیشتر باشد.<br />\n","iscorrect":0}]},{"id":"6984","description":"شرکت بنیان دانش پارس مقاله‌ای را در راستای تبلیغات خدمات مشاوره‌ای شرکت تحت عنوان بهترین مشاوره تبلیغات اینترنتی پارس تهیه نموده. کدام گزینه در حالت استاندارد برای عنوان مقاله مناسب‌تر است؟","answers":[{"id":"26406","description":"بهترین مشاوره تبلیغات اینترنتی پارس","iscorrect":0},{"id":"26407","description":"بنیان دانش پارس | بهترین مشاوره تبلیغات اینترنتی پارس","iscorrect":1},{"id":"26408","description":"مشاوره تبلیغات اینترنتی|دانش پارس","iscorrect":0},{"id":"26409","description":"بنیان دانش پارس مشاوره تبلیغات","iscorrect":0}]},{"id":"6985","description":"کدامیک از موارد زیر جز استراتژی‌های تایید شده برای موفقیت وبلاگ‌نویسی تجاری نیست؟","answers":[{"id":"26410","description":"سعی کنید از یک کلیدواژه دم دراز در عنوان مطلب خود استفاده کنید.","iscorrect":0},{"id":"26411","description":"در هر پست تنها در مورد یک مطلب توضیح دهید.","iscorrect":0},{"id":"26412","description":"محتوای تولیدی در وبلاگ شما باید تبلیغ کسب و کارتان باشد.","iscorrect":1},{"id":"26413","description":"در انتهای مطلب از CTA استفاده نمایید.","iscorrect":0}]},{"id":"6986","description":"کدام گزینه یکی از بهترین راه‌های شنیدن صدای مخاطبان و تلاش برای رضایت‌مندسازی آنان است؟","answers":[{"id":"26414","description":"تماس با مشتریان","iscorrect":0},{"id":"26415","description":"استفاده از نظرسنجی","iscorrect":0},{"id":"26416","description":"رصد کردن رسانه‌های اجتماعی مرتبط","iscorrect":0},{"id":"26417","description":"موارد دوم و سوم","iscorrect":1}]}]},{"score":"50","questions":[{"id":"6987","description":"بهترین حالت برای قرار دادن لینک‌ها در صفحه فرود چیست؟","answers":[{"id":"26418","description":"به جز فراخوان، سایر لینک‌ها را از صفحه فرود پاک کنیم.","iscorrect":1},{"id":"26419","description":"تنها لینک فراخوان و شبکه‌های اجتماعی را در آن قرار بدهیم.","iscorrect":0},{"id":"26420","description":"هر لینکی می‌توانیم در آن قرار بدهیم.","iscorrect":0},{"id":"26421","description":"هر لینکی می‌توانیم در آن قرار بدهیم ولی باید تنها از کد nofollow استفاده کنیم.","iscorrect":0}]},{"id":"6988","description":"کدام گزینه در مورد صفحه تشکر درست است؟","answers":[{"id":"26422","description":"ما معمولا نمی‌خواهیم که صفحه تشکر توسط موتورهای جستجو ایندکس شود.","iscorrect":1},{"id":"26423","description":"ما بسیار علاقمندیم که صفحه تشکر توسط موتورهای جستجو ایندکس شود.","iscorrect":0},{"id":"26424","description":"معمولا پیشنهاد می‌شود که صفحه تشکر به صورت Inline تهیه شود.","iscorrect":0},{"id":"26425","description":"در صفحه تشکر هیچ لینک اضافه ای قرار نمی دهیم تا تمرکز مشتری بر هم نخورد.","iscorrect":0}]},{"id":"6989","description":"کدامیک در مورد ایمیل مارکتینگ نادرست است؟","answers":[{"id":"26426","description":"ایمیل یک بستر ارتباط ۱به ۱ را برای شما در دسترسی به مخاطبان‌تان فراهم می‌کند.","iscorrect":0},{"id":"26427","description":"ایمیل مارکتینگ رو به افول است و شبکه‌های اجتماعی جای آن را گرفته‌اند.","iscorrect":1},{"id":"26428","description":"ایمیل به شما اجازه می‌دهد تا جایی که امکان دارد پیام خود به مخاطب‌تان را شخصی‌سازی نمایید.","iscorrect":0},{"id":"26429","description":"بهترین ویژگی ایمیل٬ قابلیت تطبیق‌پذیری آن است.","iscorrect":0}]},{"id":"6990","description":"کدامیک معیارهای خوبی برای تقسیم‌بندی بانک داده‌های مشتریان یا Segmentation است؟","answers":[{"id":"26430","description":"اندازه شرکت مشتری","iscorrect":0},{"id":"26431","description":"کشور مشتری","iscorrect":0},{"id":"26432","description":"آی‌پی","iscorrect":0},{"id":"26433","description":"موقعیت شغلی در شرکت","iscorrect":0},{"id":"26434","description":"همه موارد","iscorrect":1}]},{"id":"6991","description":"مراحل بازاریابی درونگرا کدام است؟","answers":[{"id":"26435","description":"مشتری‌سازی، جذب٬ تبدیل و رضایت‌مندی","iscorrect":0},{"id":"26436","description":"جذب٬ تبدیل٬ مشتری‌سازی و رضایت‌مندی","iscorrect":1},{"id":"26437","description":"تبدیل٬ مشتری‌سازی٬ جذب و رضایت‌مندی","iscorrect":0},{"id":"26438","description":"جذب٬ مشتری‌سازی، تبدیل و رضایت‌مندی","iscorrect":0}]},{"id":"6992","description":"یک کلیدواژه موثر چگونه است؟","answers":[{"id":"26439","description":"مردم زیاد برای آن جستجو می‌کنند.","iscorrect":0},{"id":"26440","description":"رقابت شرکت‌ها برای بدست آوردن آنها بیشتر است.","iscorrect":0},{"id":"26441","description":"در عین اینکه مردم زیاد برای آن جستجو می‌کنند٬ رقابت شرکت‌ها برای بدست آوردن آنها کمتر باشد.","iscorrect":1},{"id":"26442","description":"هیچکدام","iscorrect":0}]},{"id":"6993","description":"هر مطلب و محتوای تولیدی٬ با سه پارامتر شناخته می‌شود که عبارتند از:","answers":[{"id":"26443","description":"هدف٬ فرمت و عنوان","iscorrect":1},{"id":"26444","description":"هدف٬ اعتبار و اهمیت","iscorrect":0},{"id":"26445","description":"هدف٬ فرمت و اندازه","iscorrect":0}]},{"id":"6994","description":"کدامیک از بهترین روش‌های تهیه محتوا در متدلوژی اینباند مارکتینگ نیست؟","answers":[{"id":"26446","description":"ارایه مطالب مختصر و مفید","iscorrect":0},{"id":"26447","description":"اجازه استفاده از هر وسیله آموزشی اعم از تصویر، ویدیو و مثال‌های جانبی","iscorrect":0},{"id":"26448","description":"محتوا باید تبلیغاتی باشد.","iscorrect":1},{"id":"26449","description":"محتوا باید آموزشی باشد و مشکلی را از مخاطب حل نماید.","iscorrect":0}]},{"id":"6995","description":"مهمترین کاری که بعد از ....‌.... مطلب‌تان انجام می‌دهید٬ ‌...‌....... آن با استفاده از ‌.....‌..... است.","answers":[{"id":"26450","description":"انتشار- بررسی و بهبود کارایی- آمارهای وبلاگ و سایت‌تان","iscorrect":1},{"id":"26451","description":"انتشار- به اشتراک گذاشتن - شبکه‌های اجتماعی","iscorrect":0},{"id":"26452","description":"انتشار- بررسی و بهبود کارایی- شبکه‌های اجتماعی","iscorrect":0}]},{"id":"6996","description":"کدام گزینه در مورد موارد تعامل با مشتری کنونی معتبر است؟","answers":[{"id":"26453","description":"تعامل شما با مشتریان بالقوه و کنونی نیز بهتر است که حقوقی و در چهارچوب رسمی باشد.","iscorrect":0},{"id":"26454","description":"مشتری نباید احساس توانمندی کند، این احساس سبب می‌شود از خدمات یا کالای شما روی گرداند.","iscorrect":0},{"id":"26456","description":"احترام به مشتری باید یکی از اصول آموزشی و مهارتی نیروی کار شما باشد.<br />\n","iscorrect":1},{"id":"26457","description":"هیچکدام","iscorrect":0}]}]}]}]}