{"courseId":"110","contents":[{"name":"مقدمه- دوره متوسطه مطلب و اهداف این دوره","id":"900","contentorder":"1","lesson_number":1,"type":0,"filename":"lesson900.html"},{"name":"مروری بر دوره متلب مقدماتی","id":"1503","contentorder":"2","type":1,"set":[{"score":"60","questions":[{"id":"6450","description":"دستور (( dlmwrite (‌'‌output.txt‌'‌, zeros(10,15 چه وظیفه‌ای دارد؟","answers":[{"id":"24557","description":"ایجاد یک فایل خروجی به نام zeros","iscorrect":0},{"id":"24558","description":"ایجاد یک فایل در مسیر جاری با مجموعه‌ای از صفر در آن","iscorrect":1},{"id":"24559","description":"خواندن فایل خروجی از مسیر جاری","iscorrect":0},{"id":"24560","description":"بار گذاشتن یک فایل خروجی با مقدار صفر","iscorrect":0}]},{"id":"6451","description":"فرمان hold off موجب می‌شود که ...","answers":[{"id":"24561","description":"پنجره شکل‌ها خاموش شود.","iscorrect":0},{"id":"24562","description":"نمودار جدیدی بر روی نمودار قبلی رسم شود.","iscorrect":0},{"id":"24563","description":"هر تغییری در پنجره شکل‌ها باعث پاک شدن محتویات قبلی آن شود.","iscorrect":1},{"id":"24564","description":"فقل پنجره شکل‌ها باز شود.","iscorrect":0}]},{"id":"6452","description":"تابع بی‌نام را با چه کاراکتری معرفی می‌کنیم؟","answers":[{"id":"24565","description":"%","iscorrect":0},{"id":"24566","description":"%%","iscorrect":0},{"id":"24567","description":"@","iscorrect":1}]},{"id":"6453","description":"علامت ... در پایان یک خط فرمان، یعنی:","answers":[{"id":"24568","description":"ادامه فرمان در خط بعد","iscorrect":1},{"id":"24569","description":"برای زیبایی‌ است و معنا ندارد","iscorrect":0},{"id":"24570","description":"این خط یک تابع داخلی است","iscorrect":0},{"id":"24571","description":"هر چه از این پس بیاید توضیح برنامه یا دستور است","iscorrect":0}]},{"id":"6454","description":"کدام‌یک از نام‌های زیر در متلب معتبرند؟","answers":[{"id":"24572","description":"abs-sin","iscorrect":0},{"id":"24573","description":"abs.sin","iscorrect":0},{"id":"24574","description":"abs@sin","iscorrect":0},{"id":"24575","description":"هیچکدام","iscorrect":1}]}]},{"score":"60","questions":[{"id":"6455","description":"حاصل اجرای فرمان doc plot در خط فرمان چیست؟","answers":[{"id":"24576","description":"جستجو در اینترنت برای plot.","iscorrect":0},{"id":"24577","description":"یک نمونه ساده از فرمان plot.","iscorrect":0},{"id":"24578","description":"مستندات فرمان doc بر روی پنجره دستور.","iscorrect":0},{"id":"24579","description":"مستندات doc را در help سیستم نشان می‌دهد.","iscorrect":1}]},{"id":"6456","description":"اگر بخواهیم در پنجره سمت راست بالای یک subplot دو در سه نمودار جدیدی ایجاد کنیم، باید از چه دستوری استفاده کنیم؟","answers":[{"id":"24580","description":"(Subplot (2,3,1","iscorrect":0},{"id":"24581","description":"(Subplot (2,3,3","iscorrect":0},{"id":"24582","description":"(Subplot (2,3,2","iscorrect":1},{"id":"24583","description":"(Subplot (3,2,2","iscorrect":0}]},{"id":"6459","description":"فرمان close all","answers":[{"id":"24585","description":"همه پنجره‌های غیرضروری را می‌بندد","iscorrect":0},{"id":"24586","description":"محتویات فضای کار را پاک می‌کند","iscorrect":0},{"id":"24587","description":"برنامه‌های باز شده را می‌بندد","iscorrect":0},{"id":"24588","description":"پنجره‌های شکل را می‌بندد","iscorrect":1}]},{"id":"6460","description":"در پنجره فضای کار چه اطلاعاتی قابل دسترسی است؟","answers":[{"id":"24589","description":"تاریخچه محاسبات","iscorrect":0},{"id":"24590","description":"تاریخچه محاسبات و فرامین و نمودارها","iscorrect":0},{"id":"24591","description":"اطلاعات مربوط به چگونگی ارائه بصری نمودارها مانند عنوان‌های محورهای نمودار","iscorrect":0},{"id":"24592","description":"نتایج آخرین محاسبات، مقادیر و اطلاعات ذخیره شده در هر متغیر، و محتوای فایل‌های ورودی و خروجی که آنها را به روش‌های مختلف فراخوانده یا تولید کرده‌اید.","iscorrect":1}]},{"id":"6461","description":"کدام حلقه غیرقابل اجرا است؟","answers":[{"id":"24593","description":"for k=0 :-1 :-100","iscorrect":0},{"id":"24594","description":"for n= 1; 2 : 100","iscorrect":1},{"id":"24595","description":"n = 10; fork = n/2 :n*2","iscorrect":0},{"id":"24596","description":"n = 4 ; form = n : n/2 : n^n","iscorrect":0}]}]}]},{"name":"درس اول- ساختار داده‌ها در متلب - بخش اول","id":"901","contentorder":"3","lesson_number":2,"type":0,"filename":"lesson901.html"},{"name":"ساختار داده‌ها در متلب - بخش اول","id":"1515","contentorder":"4","type":1,"set":[{"score":"60","questions":[{"id":"6543","description":"اگر a(3,5)=-3 باشد و داشته باشیم a = [5, -8, 3, 7.2; 1,2,3,4] ، مقدار a(11) چقدر است؟","answers":[{"id":"24866","description":"0","iscorrect":0},{"id":"24867","description":"7.2","iscorrect":0},{"id":"24868","description":"3","iscorrect":0},{"id":"24869","description":"4","iscorrect":1}]},{"id":"6544","description":"اگر متغیر b حاوی آرایه [25,35,45,55; 10,20,30,40; -32,-26,-45,-1] باشد، b(2,:) برابر با کدام گزینه است؟","answers":[{"id":"24870","description":"[10;20;30;40].","iscorrect":0},{"id":"24871","description":"[35;20;-26].","iscorrect":0},{"id":"24872","description":"[10,20,30,40].","iscorrect":1},{"id":"24873","description":"[35,20,-26].","iscorrect":0}]},{"id":"6545","description":"اگر متغیر b حاوی آرایه [25,35,45,55; 10,20,30,40; -32,-26,-45,-1] باشد،b(1:2,2:4) برابر با کدام گزینه است؟","answers":[{"id":"24874","description":"[35,45,55;20,30,40]","iscorrect":1},{"id":"24875","description":"[10,20,30;-32,-26,-45]","iscorrect":0},{"id":"24876","description":"[25,45;35,55]","iscorrect":0},{"id":"24877","description":"[20,30,40;35,45,55]","iscorrect":0}]},{"id":"6546","description":"اگر متغیر b حاوی آرایه [25,35,45,55; 10,20,30,40; -32,-26,-45,-1] باشد، پس از اجرای عبارت R = input() چه اتفاقی می‌افتد؟","answers":[{"id":"24878","description":"متلب محتویات متغیر را به عنوان ورودی برنامه در نظر میگیرد.","iscorrect":0},{"id":"24879","description":"اجرای برنامه متوقف میشود و برنامه منتظر ورود اطلاعات از کیبورد می ماند.","iscorrect":0},{"id":"24880","description":"اجرای برنامه متوقف میشود و با فشردن هر کلیدی بر روی کیبورد دوباره ادامه مییابد.","iscorrect":0},{"id":"24881","description":"دریافت پیغام خطا به دلیل کامل نبودن دستور.","iscorrect":1}]},{"id":"6547","description":"اگر متغیر b حاوی آرایه [25,35,45,55; 10,20,30,40; -32,-26,-45,-1] باشد، 5) اگر x=653.54 باشد حاصل اجرای num2str(x,3) برابر است با؟","answers":[{"id":"24882","description":"654","iscorrect":1},{"id":"24883","description":"653.540","iscorrect":0},{"id":"24884","description":"653","iscorrect":0},{"id":"24885","description":"653.54","iscorrect":0}]}]},{"score":"60","questions":[{"id":"6548","description":"عضو پنجم آرایه a = [-1,-3,5] اگر a(7)=6 باشد کدام گزینه است؟","answers":[{"id":"24886","description":"-1","iscorrect":0},{"id":"24887","description":"7","iscorrect":0},{"id":"24888","description":"6","iscorrect":0},{"id":"24889","description":"0","iscorrect":1}]},{"id":"6549","description":"اگر متغیر b حاوی آرایه [1,2,3,4; 5,6,7,8; 9,0,10,11] باشد، b([1 4]) برابر با کدام گزینه است ؟","answers":[{"id":"24890","description":"[1, 4].","iscorrect":0},{"id":"24891","description":"[1; 4].","iscorrect":0},{"id":"24892","description":"[1, 2].","iscorrect":1},{"id":"24893","description":"[1; 2].","iscorrect":0}]},{"id":"6550","description":"اگر متغیر b حاوی آرایه [1,2,3,4; 5,6,7,8; 9,0,10,11] باشد، b([2 3],[3 4]) برابر با کدام گزینه است ؟","answers":[{"id":"24894","description":"[7,8;10,11]","iscorrect":1},{"id":"24895","description":"[6,7;9,0]","iscorrect":0},{"id":"24896","description":"[0,9;7,6]","iscorrect":0},{"id":"24897","description":"[3,4;7,8]","iscorrect":0}]},{"id":"6553","description":"خروجی int2str(x) اگر x=345.73 باشد، برابر است با ...","answers":[{"id":"24906","description":"345.75","iscorrect":0},{"id":"24907","description":"345.5","iscorrect":0},{"id":"24908","description":"345","iscorrect":0},{"id":"24909","description":"346","iscorrect":1}]},{"id":"6552","description":"اعضای یک آرایه در حافظه:","answers":[{"id":"24905","description":"بدون اندیس ذخیره می‌شوند.","iscorrect":0},{"id":"24904","description":"به ترتیب سطری ذخیره می‌شوند.","iscorrect":0},{"id":"24903","description":"به ترتیب ستونی ذخیره می‌شوند.","iscorrect":1},{"id":"24902","description":"به ترتیب نزولی به صعودی ذخیره می‌شوند.","iscorrect":0}]}]}]},{"name":"درس دوم- ساختار داده‌ها در متلب - بخش دوم","id":"921","contentorder":"5","lesson_number":3,"type":0,"filename":"lesson921.html"},{"name":"ساختار داده‌ها در متلب - بخش دوم","id":"1517","contentorder":"6","type":1,"set":[{"score":"60","questions":[{"id":"6554","description":"عبارت y{2,1}(:,4) به چه معناست؟","answers":[{"id":"24910","description":"محتوای سطر چهارم از آرایه ذخیره شده در سلول (2,1) آرایه سلولی y.","iscorrect":0},{"id":"24911","description":"محتوای آرایه چهارم ذخیره شده در سلول (2,1) آرایه سلولی y.","iscorrect":0},{"id":"24912","description":"محتوای ستون چهارم از آرایه ذخیره شده در سلول (2,1) آرایه سلولی y.","iscorrect":1},{"id":"24913","description":"محتوای ستون چهارم از سلول (2,1) آرایه سلولی y.","iscorrect":0}]},{"id":"6555","description":"کار تابع cellplot چیست؟","answers":[{"id":"24914","description":"نمایش گرافیکی چگونگی آرایش سلول‌ها","iscorrect":1},{"id":"24915","description":"ترسیم نمودار با کمک محتوای یک سلول","iscorrect":0},{"id":"24916","description":"ترسیم نمودارهای خاص با توجه به محتویات آرایه","iscorrect":0},{"id":"24917","description":"همه موارد بالا","iscorrect":0}]},{"id":"6556","description":"کدامیک از عبارت‌های زیر غلط است؟","answers":[{"id":"24918","description":"در آرایه‌های رشته‌ای دو بعدی طول سطرها باید با هم برابر باشد.","iscorrect":0},{"id":"24919","description":"کار تابعورود محتوا به سلول‌های یک آرایه سلولی بهطور یکجاست.","iscorrect":1},{"id":"24920","description":"محتوای سلول‌های یک آرایه سلولی از هم مستقل‌اند.","iscorrect":0},{"id":"24921","description":"کار تابع double(x) تبدیل رشته به عدد است.","iscorrect":0}]},{"id":"6557","description":"Varargin چیست؟","answers":[{"id":"24922","description":"نام یک متغیر با طول متغیر","iscorrect":0},{"id":"24923","description":"یک نوع متغیر ورودی که اجازه می‌دهد تابع هر تعداد ورودی با هر مقدار طول و نوع را به عنوان آرگومان‌های ورودی بپذیرد.","iscorrect":1},{"id":"24924","description":"یک تابع برای تعیین آرگومان‌های ورودی","iscorrect":0},{"id":"24925","description":"یک تابع برای معرفی توابع دیگر به عنوان یک متغیر","iscorrect":0}]},{"id":"6558","description":"اگر به یکی از المان‌های آرایه ساختاری، یک حوزه جدید اضافه شود:","answers":[{"id":"24926","description":"بقیه حوزه‌ها حذف خواهند شد.","iscorrect":0},{"id":"24927","description":"فقط به آن المان حوزه جدید اضافه می‌شود.","iscorrect":0},{"id":"24928","description":"حوزه به طور خودکار به تمامی المان‌های موجود در آرایه اضافه خواهد شد.","iscorrect":1},{"id":"24929","description":"بسته به نوع حوزه هر سه پاسخ می‌تواند صحیح باشد.","iscorrect":0}]}]},{"score":"60","questions":[{"id":"6559","description":"اگر S به صورت زیر باشد،‌ حاصل عبارت دوم چیست؟\n\n\nS = {[-1 3], [4 ; -7}]\n\nS{2,2}= S{1}*S{2}","answers":[{"id":"24930","description":"یک آرایه سلولی 2x1 که سلول 2 در آن حاوی عدد 25- است.","iscorrect":0},{"id":"24931","description":"یک آرایه سلولی 2x2 که سلول 4 در آن حاوی یک آرایه عددی 2x2 است.","iscorrect":0},{"id":"24932","description":"یک آرایه سلولی 2x1 که سلول 2 در آن حاوی یک آرایه عددی 2x2 است.","iscorrect":0},{"id":"24933","description":"یک آرایه سلولی 2x2 که سلول 4 در آن حاوی عدد 25- است.","iscorrect":1}]},{"id":"6560","description":"وظیفه تابع celldisp چیست؟","answers":[{"id":"24934","description":"ترسیم یک نمودار از توزیع سلول‌ها در آرایه سلولی","iscorrect":0},{"id":"24935","description":"نمایش محتویات همه سلول‌های یک آرایه سلولی","iscorrect":1},{"id":"24936","description":"نمایش یک محتوای یک سلول","iscorrect":0},{"id":"24937","description":"نمایش مشخصات کلی یک آرایه سلولی","iscorrect":0}]},{"id":"6561","description":"کدام فرمان پیغام خطا ایجاد می‌کند؟","answers":[{"id":"24938","description":"N = eval(‌'‌-25.365‌'‌)","iscorrect":0},{"id":"24939","description":"V2 = sscanf (‌'‌6.73‌'‌ , ‌'‌%d‌'‌)","iscorrect":0},{"id":"24940","description":"m = [‌'‌Ali‌'‌ , ‌'‌Omid‌'‌ ; ‌'‌Farhad‌'‌ , ‌'‌Negin‌'‌]","iscorrect":1},{"id":"24941","description":"هر سه مورد","iscorrect":0}]},{"id":"6562","description":"Varargout در چه زمانی استفاده می‌شود؟","answers":[{"id":"24942","description":"وقتی تعداد خروجی‌ها نامحدود باشد.","iscorrect":0},{"id":"24943","description":"وقتی طول و نوع و تعداد خروجی‌ها بسیار زیاد باشد.","iscorrect":0},{"id":"24944","description":"جایی که تعداد، نوع و طول خروجی‌ها مشخص نیست.","iscorrect":1},{"id":"24945","description":"در توابعی که اطلاعاتی درباره ورودی‌های آن نداریم.","iscorrect":0}]},{"id":"6563","description":"وقتی یک المان جدید به یک ساختار اضافه می‌شود:","answers":[{"id":"24946","description":"باید همه حوزه‌ها را هم زمان مقداردهی کرد.","iscorrect":0},{"id":"24947","description":"همه حوزه‌ها حتی اگر مقداردهی نشده باشند، هنگام تعریف آن المان ایجاد می‌شوند.","iscorrect":1},{"id":"24948","description":"حوزه‌های خالی را باید با یک مقدار اولیهمقداردهی کرد.","iscorrect":0},{"id":"24949","description":"باید نوع و طول داده‌ها در آن المان با داده‌های قبلی یکسان باشد.","iscorrect":0}]}]}]},{"name":"درس سوم- ورودی و خروجی در متلب","id":"922","contentorder":"7","lesson_number":4,"type":0,"filename":"lesson922.html"},{"name":"ورودی و خروجی در متلب","id":"1521","contentorder":"8","type":1,"set":[{"score":"60","questions":[{"id":"6574","description":"یک فایل ASCII شامل پنج ستون، به ترتیب از چپ به راست عدد صحیح، متن، عدد صحیح، متن، و عدد اعشاری است. اگر فقط اعداد را بخواهیم بارگذاری کنیم، کدام عبارت آرایه‌های داده شده را به طور صحیح مقداردهی می‌کند؟","answers":[{"id":"24990","description":"[A, B, C] = textread(‌'‌myfile.txt‌'‌ , ‌'‌%d %s %d %s %f ‌'‌, 3)","iscorrect":0},{"id":"24991","description":"[A, B, C] = textread(‌'‌myfile.txt‌'‌ , ‌'‌%*d %*s %*d %*s %*f ‌'‌, 3).","iscorrect":0},{"id":"24992","description":"[A, B, C] = textread(‌'‌myfile.txt‌'‌ , ‌'‌%d %*s %d %*s %f ‌'‌).","iscorrect":1},{"id":"24993","description":"[A, B, C] = textread(myfile.txt‌'‌ , ‌'‌%*d %s %*d %s %*f ‌'‌).","iscorrect":0}]},{"id":"6575","description":"دو تفاوت عمده تابع textread با تابع textscan کدام است؟","answers":[{"id":"24994","description":"textread نمی‌تواند با آرایه‌های سلولی کار کند و نیازی به باز کردن فایل پیش از اجرا ندارد.","iscorrect":1},{"id":"24995","description":"textread نمی‌تواند فایل‌های باینری را بخواند و باید پیش از اجرا فایل را به یک متغیر نسبت داد.","iscorrect":0},{"id":"24996","description":"تفاوتی ندارند.","iscorrect":0},{"id":"24997","description":"تابع textread فقط مخصوص خواندن جدول اعداد است و سلول‌ها را بهطور اتوماتیک مقداردهی می‌‌کند.","iscorrect":0}]},{"id":"6576","description":"اگر عملیات بسته شدن فایل در فرمان زیرموفقیتآمیز نباشد، چه اتفاقی می‌افتد؟\n\n\nstatus= fclose(fid)","answers":[{"id":"24998","description":"درخواستی برای اجرای مجدد فرمان ظاهر می‌شود.","iscorrect":1},{"id":"24999","description":"مقدار status برابر با عدد 1 خواهد شد.","iscorrect":0},{"id":"25000","description":"مقدار status برابر با 1- خواهد شد.","iscorrect":0},{"id":"25001","description":"مقدار status برابر با صفر خواهد شد.","iscorrect":0}]},{"id":"6577","description":"اگر فایل شامل ۱۰۰ رکورد داده باشد، متغیر b در اسکریپت زیر حاوی چند رکورد اطلاعات است؟\n\n\na=fread(students, 10);<br />\nb= fread( student, inf);","answers":[{"id":"25002","description":"۱۰ رکورد","iscorrect":0},{"id":"25003","description":"۱۰۰ رکورد","iscorrect":0},{"id":"25004","description":"۹۰ رکورد","iscorrect":1},{"id":"25005","description":"هیچ داده‌ای در این متغیر وجود ندارد.","iscorrect":0}]},{"id":"6578","description":"عملگر n\\ در تابع fprintf چه نقشی دارد؟","answers":[{"id":"25006","description":"نوع داده را تعریف می‌کند.","iscorrect":0},{"id":"25007","description":"یک n بر روی صفحه نمایش می‌دهد.","iscorrect":0},{"id":"25008","description":"نوشتن را در سطر بعد ادامه می‌دهد.","iscorrect":1},{"id":"25009","description":"بین هر داده یک فاصله ایجاد می‌کند.","iscorrect":0}]}]},{"score":"60","questions":[{"id":"6579","description":"1) در عبارت زیرمتغیر B حاوی چیست؟\n\n\n[A, B] = textread(‌'‌myfile.txt‌'‌ , ‌'‌%d %*s %*d %*s %f ‌'‌)","answers":[{"id":"25010","description":"یک بردار سطری از اعداد صحیح","iscorrect":0},{"id":"25011","description":"آرایه‌ای با پنج سطر و دو ستون","iscorrect":0},{"id":"25012","description":"آرایه‌ای با پنج ستون و دو سطر","iscorrect":0},{"id":"25013","description":"یک بردار ستونی از اعداد اعشاری","iscorrect":1}]},{"id":"6580","description":"در عبارت زیر Sچه نوع متغیری است؟\n\n\nS = textscan(fid , ‌'‌%d %f %f ‌'‌)","answers":[{"id":"25014","description":"برداری با سه عضو","iscorrect":1},{"id":"25015","description":"یک آرایه سلولی با سه سلول","iscorrect":0},{"id":"25016","description":"آرایه‌ای با سه ستون و به تعداد سطرهای فایل داده، سطر","iscorrect":0},{"id":"25017","description":"آرایه‌ای با دو متغیر صحیح و یک اعشاری","iscorrect":0}]},{"id":"6581","description":"کدامیک از فرامین زیر موجب پاک شدن داده‌های قبلی در یک فایلو جایگزینی آنها با داده‌های جدید می‌شود؟","answers":[{"id":"25018","description":"[TA, message]=fopen (‌‘test.bin‌’ , ‌‘wb+‌’)","iscorrect":1},{"id":"25019","description":"[TA, message]=fopen (‌‘test.bin‌’ , ‌‘ab+‌’)","iscorrect":0},{"id":"25020","description":"[TA, message]=fopen (‌‘test.bin‌’ , ‌‘rb‌’)","iscorrect":0},{"id":"25021","description":"[TA, message]=fopen (‌‘test.bin‌’ , ‌‘ab‌’)","iscorrect":0}]},{"id":"6582","description":"اگر فایلیشامل ۱۰۰ رکورد داده باشد، متغیر b در اسکریپت زیر چه نوع متغیری است و چند عضو دارد؟\n\n\na=fread(students, [5 6]);<br />\nb= fread( student, inf);","answers":[{"id":"25022","description":"یک آرایه دو بعدی با سی عضو","iscorrect":0},{"id":"25023","description":"یک بردار با ۷۰ عضو","iscorrect":1},{"id":"25024","description":"یک آرایه دو بعدی با ۷۰ عضو","iscorrect":0},{"id":"25025","description":"یک بردار با ۳۰ عضو","iscorrect":0}]},{"id":"6583","description":"عملگر d% در تابع fscanf چه معنایی دارد؟","answers":[{"id":"25026","description":"معرفی متغیر اعشاری","iscorrect":0},{"id":"25027","description":"معرفی متغیر متنی","iscorrect":0},{"id":"25028","description":"معرفی متغیر صحیح","iscorrect":1},{"id":"25029","description":"تا انتهای فایل خواندن را ادامه بده","iscorrect":0}]}]}]},{"name":"درس چهارم- مقدمه‌ای بر گرافیک هندلی","id":"923","contentorder":"9","lesson_number":5,"type":0,"filename":"lesson923.html"},{"name":"مقدمه‌ای بر گرافیک هندلی","id":"1519","contentorder":"10","type":1,"set":[{"score":"60","questions":[{"id":"6564","description":"هندل چیست؟","answers":[{"id":"24950","description":"یک متغیر به یک شکل نسبت می‌دهیم.","iscorrect":0},{"id":"24951","description":"هر شیگرافیکی که ساختار درختی دارد.","iscorrect":0},{"id":"24952","description":"مجموعه‌ای از اجزای یک تصویر","iscorrect":0},{"id":"24953","description":"عددی اعشاری که به یک خاصیت از یک شیاشاره می‌کند.","iscorrect":1}]},{"id":"6565","description":"تابع gco:","answers":[{"id":"24954","description":"هندل پنجره جاری را برمی‌گرداند.","iscorrect":0},{"id":"24955","description":"هندل پنجره جاری رابه مقدار جدید تغییر می‌دهد.","iscorrect":0},{"id":"24956","description":"هندل محورهای نمودار را بر می‌گرداند.","iscorrect":0},{"id":"24957","description":"هندل شیجاری را برمی‌گرداند.","iscorrect":1}]},{"id":"6566","description":"حاصل اجرای فرمان زیرچیست؟\n\n\nset (0 , ‌‘long‌’)","answers":[{"id":"24958","description":"نمایش اعداد بر روی صفحه تا ۱۵ رقم اعشار","iscorrect":0},{"id":"24959","description":"نمایش اعداد بر روی صفحه با نماد مهندسی و با ۱۵ رقم اعشار","iscorrect":0},{"id":"24960","description":"پیغام خطا","iscorrect":1},{"id":"24961","description":"نمایش اعداد به شکل پیش‌فرض نرم‌افزار","iscorrect":0}]},{"id":"6567","description":"معنای فرمان زیرچیست؟\n\n\nset (gca, ‌'‌YTick‌'‌ , (10:10:100));","answers":[{"id":"24962","description":"محور عمودی نمودار جاری را با گام‌های ده‌تایی از 10 تا 100 علامت‌گذاری کن.","iscorrect":1},{"id":"24963","description":"محور عمودی نمودار جاری را از 10 تا 100 علامت‌گذاری کن و نقطه شروع را 10 بگیر.","iscorrect":0},{"id":"24964","description":"هر دو محور نمودار جاری را با گام‌های ده‌تایی از 10 تا 100 علامت گذاری کن.","iscorrect":0},{"id":"24965","description":"محور عمودی نمودار جاری را با گام‌های ده‌تایی از 0 تا 100 علامت‌گذاریکن.","iscorrect":0}]},{"id":"6568","description":"کدامیک از عبارات زیر باعث تغییر رنگ نمودار به قرمز خواهد شد؟","answers":[{"id":"24966","description":"set ( 0, ‌'‌DefaultAxesColorOrder‌'‌,[1 0 1])","iscorrect":0},{"id":"24967","description":"set ( 0, ‌'‌DefaultAxesColorOrder‌'‌,[1 0 0])","iscorrect":1},{"id":"24968","description":"set ( 0, ‌'‌DefaultAxesColorOrder‌'‌,[0 1 0])","iscorrect":0},{"id":"24969","description":"set (0, ‌'‌DefaultAxesColorOrder‌'‌,[0 0 1])","iscorrect":0}]}]},{"score":"60","questions":[{"id":"6569","description":"کدام عبارت درست نیست؟","answers":[{"id":"24970","description":"نمی‌توان شی‌ ریشه را پاک کرد.","iscorrect":0},{"id":"24971","description":"زیرشاخه‌ها، برخی از خواص را از شاخه اصلی خود به ارث می‌برند.","iscorrect":0},{"id":"24972","description":"حذف یک زیر شاخه موجب حذف خصوصیت‌های مشترک با شاخه اصلی می‌شود.","iscorrect":1},{"id":"24973","description":"با خلق یک زیرشاخه به طور مستقل، به طور خودکار شاخه‌های اصلی نیز خلق می‌شوند.","iscorrect":0}]},{"id":"6570","description":"فرمان زیر چه کار می‌کند؟\n\n\nMH = get(1)","answers":[{"id":"24974","description":"هندل شکل 1 را به متغیر MH نسبت می‌دهد.","iscorrect":1},{"id":"24975","description":"فهرست خصوصیات شکل 1 را تغییر می‌دهد.","iscorrect":0},{"id":"24976","description":"هندل ریشه را به متغیر MH نسبت می‌دهد.","iscorrect":0},{"id":"24977","description":"فهرست خصوصیات ریشه را تغییر می‌دهد.","iscorrect":0}]},{"id":"6571","description":"کار تابع text چیست؟","answers":[{"id":"24978","description":"تبدیل عدد به متن","iscorrect":0},{"id":"24979","description":"تغییر متن محورها","iscorrect":0},{"id":"24980","description":"نوشتن توضیحات نمودارها","iscorrect":0},{"id":"24981","description":"به وجود آوردن یک شی text در axes جاری","iscorrect":1}]},{"id":"6572","description":"معنای فرمان زیر چیست؟\n\n\nset (gca, ‌'‌YLim‌'‌ , [-10 10]);","answers":[{"id":"24982","description":"محدوده رسم نمودار از 10- تا 10 است.","iscorrect":0},{"id":"24983","description":"محدوده رسم نمودار در محور عمودی از 10- تا 10 است.","iscorrect":1},{"id":"24984","description":"محدوده رسم نمودار در محور افقی از 10- تا 10 است.","iscorrect":0},{"id":"24985","description":"محدوده تغییرات نمودار از 10- تا 10 است.","iscorrect":0}]},{"id":"6573","description":"کدامیک از عبارات زیر باعث تغییر رنگ نمودار به فیروزه‌ای خواهد شد؟","answers":[{"id":"24986","description":"set ( 0, ‌'‌DefaultAxesColorOrder‌'‌,[1 0 1])","iscorrect":0},{"id":"24987","description":"set ( 0, ‌'‌DefaultAxesColorOrder‌'‌,[0 1 1])","iscorrect":1},{"id":"24988","description":"set ( 0, ‌'‌DefaultAxesColorOrder‌'‌,[1 1 0])","iscorrect":0},{"id":"24989","description":"set ( 0, ‌'‌DefaultAxesColorOrder‌'‌,[0 0 1])","iscorrect":0}]}]}]},{"name":"درس پنجم- آشنایی بار جعبه ابزارها و نرم افزار SIMULINK در متلب","id":"924","contentorder":"11","lesson_number":6,"type":0,"filename":"lesson924.html"},{"name":"درس ششم- رابط گرافیکی کاربر GUI- بخش اول","id":"925","contentorder":"12","lesson_number":7,"type":0,"filename":"lesson925.html"},{"name":"رابط گرافیکی کاربر GUI- بخش اول","id":"1523","contentorder":"13","type":1,"set":[{"score":"60","questions":[{"id":"6584","description":"کار GUIDE در مت‌لب چیست؟","answers":[{"id":"25030","description":"محیطی است برای نوشتن برنامه‌های محاسباتی پیچیده.","iscorrect":0},{"id":"25031","description":"همانند دستور help است فقط برای برنامه های گرافیکی.","iscorrect":0},{"id":"25032","description":"مجموعه‌ای از دستور العمل‌ها و توابع برای بوجود آوردن GUI هاست.","iscorrect":0},{"id":"25033","description":"یک رابط کاربری گرافیکی که برای نوشتن و آماده کردن دیگر GUI ها استفاده می‌شود.","iscorrect":1}]},{"id":"6585","description":"Callback چیست؟","answers":[{"id":"25034","description":"ارتباط اجزای گرافیکی باهم.","iscorrect":0},{"id":"25035","description":"کدی که شکل و اندازه عناصر گرافیکی را مشخص می‌کند.","iscorrect":0},{"id":"25036","description":"مجموعه‌ای از دستورالعمل‌ها و توابع گرافیکی در مت‌لب.","iscorrect":0},{"id":"25037","description":"کدی در داخل کد GUI که در پاسخ به یک رویداد اجرا می‌شود و چگونگی ارتباط و عملکرد بخش‌های مختلف را مشخص می‌کند.","iscorrect":1}]},{"id":"6586","description":"کار Property Inspector چیست؟","answers":[{"id":"25038","description":"مرتب کردن اجزای گرافیکی در پوسته GUI","iscorrect":0},{"id":"25039","description":"بررسی خطاهای برنامه.","iscorrect":0},{"id":"25040","description":"تغییر مشخصات و عملکرد اجزای گرافیکی در یک پروژه GUI.","iscorrect":1},{"id":"25041","description":"تغییر شکل برچسب‌ها.","iscorrect":0}]},{"id":"6587","description":"تابع Opening function چیست؟","answers":[{"id":"25042","description":"اولین و مهمترین Callback در رابط‌های کاربری تولید شده به وسیله GUIDE است که شرایط اولیه اجرای برنامه را مشخص می‌کند.","iscorrect":1},{"id":"25043","description":"مهمترین توضیحاتی که بوسیله GUIDE برای فهم بهتر برنامه تولید می‌شود و در اول برنامه می‌آید.","iscorrect":0},{"id":"25044","description":"تابعی مهم و ضروری برای باز کردن فایل‌های داده در برنامه‌های GUI.","iscorrect":0},{"id":"25045","description":"اولین و مهمترین Callback در همه برنامه‌های گرافیکی.","iscorrect":0}]},{"id":"6588","description":"چگونه می‌توان Callback عنصر Axes را تغییر داد؟","answers":[{"id":"25046","description":"همانند دیگر عناصر گرافیکی.","iscorrect":0},{"id":"25047","description":"Axes یکی از اجزای گرافیکی است که Callback ندارد.","iscorrect":1},{"id":"25048","description":"فقط به وسیله Property Inspector","iscorrect":0},{"id":"25049","description":"فقط به طور دستکاری مستقیم در کد برنامه","iscorrect":0}]}]},{"score":"60","questions":[{"id":"6589","description":"کدام عبارت درست نیست؟","answers":[{"id":"25050","description":"GUIDE خود یک GUI است.","iscorrect":0},{"id":"25051","description":"در هنگام ذخیره کردن فایل‌ها در GUIDE دو نوع مختلف از فایل با یک نام در کامپیوتر ذخیره می‌شود.","iscorrect":0},{"id":"25052","description":"فایلی که شامل کد است و بوسیله GUIDE تولید می‌شود غیر قابل ویرایش است.","iscorrect":1},{"id":"25053","description":"برای اضافه کردن یک جز یا عنصر گرافیکی تکراری در یک پروژه GUI می توان با کپی کردن و چسباندن عناصر قدیمی، عضو جدید را به وجود آورد.","iscorrect":0}]},{"id":"6590","description":"عناصر یا اجزای گرافیکی به چند دسته کلی تقسیم می‌شوند؟","answers":[{"id":"25054","description":"دو دسته ایستا و فعال","iscorrect":1},{"id":"25055","description":"کلیدهای فشاری، منوهای کرکره‌ای، قاب تصویر، و برچسب‌ها","iscorrect":0},{"id":"25056","description":"غیرقابل ویرایش و قابل ویرایش","iscorrect":0},{"id":"25057","description":"دسته بندی خاصی ندارند","iscorrect":0}]},{"id":"6591","description":"چگونه می‌توان برچسب متن داخل یک Static Text را تغییر داد؟","answers":[{"id":"25058","description":"با جستجوی Callback آن در متن کد برنامه.","iscorrect":0},{"id":"25059","description":"با تغییر Tag آن در Property Inspector.","iscorrect":0},{"id":"25060","description":"با تغییر UserData آن در Property Inspector.","iscorrect":0},{"id":"25061","description":"با تغییر String آن در Property Inspector.","iscorrect":1}]},{"id":"6592","description":"فرمان Switch‌...case معمولا برای تنظیم Callback کدام نوع از اجزای گرافیکی بکار می‌رود؟","answers":[{"id":"25062","description":"کلیدهای فشاری","iscorrect":0},{"id":"25063","description":"منوهای کرکره‌ای","iscorrect":1},{"id":"25064","description":"قاب یا تصویر نمودار","iscorrect":0},{"id":"25065","description":"sliderها","iscorrect":0}]},{"id":"6593","description":"ساده‌ترین راه برای پیدا کردن Callback یک عنصر گرافیکی چیست؟","answers":[{"id":"25066","description":"مرور سطر به سطر کد اصلی برنامه.","iscorrect":0},{"id":"25067","description":"جستجوی عبارت Callback در برنامه.","iscorrect":0},{"id":"25068","description":"استفاده از Property Inspector.","iscorrect":1},{"id":"25069","description":"منوی Tools در پنجره GUIDE.","iscorrect":0}]}]}]},{"name":"درس هفتم- رابط گرافیکی کاربر GUI- بخش دوم","id":"926","contentorder":"14","lesson_number":8,"type":0,"filename":"lesson926.html"},{"name":"رابط گرافیکی کاربر GUI- بخش دوم","id":"1525","contentorder":"15","type":1,"set":[{"score":"60","questions":[{"id":"6594","description":"Frameها به وسیله ... تولید می‌شوند و callback ... .","answers":[{"id":"25070","description":"Uicontextmenu ، دارند","iscorrect":0},{"id":"25071","description":"Edit box ، دارند","iscorrect":0},{"id":"25072","description":"Axes ، ندارند","iscorrect":0},{"id":"25073","description":"Uicontrol ، ندارند","iscorrect":1}]},{"id":"6597","description":"مراحل ایجاد یک عنصر یا جز گرافیکی در یک GUI بوسیله کدنویسی چیست؟","answers":[{"id":"25078","description":"ترسیم و تنظیم عنصر گرافیکی به وسیله توابع خاص، تعریف و کد نویسی callback ها و ارتباط این دو با هم","iscorrect":1},{"id":"25079","description":"تنظیم عنصر گرافیکی بوسیله توابع خاص، تعریف و کد نویسی callback","iscorrect":0},{"id":"25080","description":"اضافه کردن {@callback value} به آخر تابع کنترل عنصر گرافیکی پس از تولید آن","iscorrect":0},{"id":"25081","description":"اضافه کردن {@callback value} به آخر تابع callback عنصر گرافیکی پس از تولید آن","iscorrect":0}]},{"id":"6596","description":"کدام عبارت در باره یک GUI درست است ؟","answers":[{"id":"25074","description":"یک GUI قادر نیست در دل خود یک GUI دیگر را اجرا کند.","iscorrect":0},{"id":"25075","description":"یک GUI تابعی ویژه است که فقط می‌توان با نرم افزار GUIDE آن را تولید کرد.","iscorrect":0},{"id":"25076","description":"یک GUI تابعی است که با به کاربردن فرامین و توابع دیگر مت‌لب پوسته‌ای گرافیکی برای ارتباط کاربر با برنامه ها به وجود می‌آورد.","iscorrect":1},{"id":"25077","description":"ظاهر گرافیکی یک GUI که بوسیله برنامه نویسی تولید شده است را نمی‌توان ویرایش کرد.","iscorrect":0}]},{"id":"6598","description":"کار تابع figure که در سطور ابتدایی یک GUI می‌آید چیست؟","answers":[{"id":"25082","description":"نقش خاصی ندارد و فقط برای مرزبندی‌ها استفاده می‌شود.","iscorrect":0},{"id":"25083","description":"یک قاب برای نمایش گرافیکی داده‌ها به وجود می‌آورد.","iscorrect":0},{"id":"25084","description":"یک کادر مستطیلی برای تقسیم بندی صفحه یا گروه بندی کلیدها به وجود می‌آورد.","iscorrect":0},{"id":"25085","description":"تعریف و مشخص کردن پنجره یا قاب کلی GUI.","iscorrect":1}]},{"id":"6599","description":"چهار عددی که پس از عبارت Position می‌آیند به ترتیب نشان دهنده... عنصر گرافیکی است.","answers":[{"id":"25086","description":"فاصله از چپ، فاصله از پایین، طول و عرض","iscorrect":1},{"id":"25087","description":"طول و عرض و فاصله از بالا و سمت راست","iscorrect":0},{"id":"25088","description":"عرض و طول و فاصله از پایین و سمت چپ","iscorrect":0},{"id":"25089","description":"فاصله از چپ و از بالا و عرض و طول","iscorrect":0}]}]},{"score":"60","questions":[{"id":"6600","description":"قاب نمودار یا تصویر را با ... تولید و کنترل می‌کنند؟","answers":[{"id":"25090","description":"Edit box","iscorrect":0},{"id":"25091","description":"Uicontextmenu","iscorrect":0},{"id":"25092","description":"Uimenu","iscorrect":0},{"id":"25093","description":"Axes","iscorrect":1}]},{"id":"6601","description":"Context menu در یک GUI چه نقشی دارد ؟","answers":[{"id":"25094","description":"نشان دهنده انتخاب‌های ممکن است.","iscorrect":0},{"id":"25095","description":"یک منوی ثابت از امکانات یا انتخاب هاست.","iscorrect":0},{"id":"25096","description":"منویی برای اشیا گرافیکی که با کلیک راست فعال و ظاهر می‌شود.","iscorrect":1},{"id":"25097","description":"منویی برای اشیای گرافیکی که با حرکت موس بر روی آنها ظاهر می‌شود.","iscorrect":0}]},{"id":"6602","description":"نقش اصلی توضیحاتی (comments) که در چند سطر اول یک تابع می‌آید چیست؟","answers":[{"id":"25098","description":"ایجاد متن مناسب در هنگام فراخوانی تابع با دستور Help","iscorrect":1},{"id":"25099","description":"توضیحات برنامه نویس برای درک منطق برنامه","iscorrect":0},{"id":"25100","description":"اطلاعات تکمیلی به کاربر در باره نویسنده برنامه","iscorrect":0},{"id":"25101","description":"نقش خاصی ندارد و فقط در فهم بهتر برنامه کمک می‌کند","iscorrect":0}]},{"id":"6603","description":"وظیفه عبارت set(fth,‌'‌Name‌'‌, ‌'‌My Plot‌'‌) چیست؟","answers":[{"id":"25102","description":"نام GUI را به My Plot تغییر می‌دهد","iscorrect":0},{"id":"25103","description":"اضافه کردن نام My Plot در بالای پنجره GUI برای شناسایی راحت‌تر .","iscorrect":1},{"id":"25104","description":"نام تابع GUI را به پنجره‌شکل نسبت می‌دهد.","iscorrect":0},{"id":"25105","description":"اضافه کردن نام My Plot به نام قبلی تابع GUI","iscorrect":0}]},{"id":"6604","description":"movegui(f,‌'‌center‌'‌) در یک GUI چه نقشی دارد؟","answers":[{"id":"25106","description":"تنظیم کد برنامه به شکل وسط چین","iscorrect":0},{"id":"25107","description":"جابجایی همه عناصر گرافیکی بطوری که در یک راستا در وسط قرار بگیرند","iscorrect":0},{"id":"25108","description":"اضافه گردن قابلیت جابجایی به GUI","iscorrect":0},{"id":"25109","description":"باز کردن پنجره GUI در وسط پنجره مت‌لب یا مانیتور در هر بار اجرای برنامه","iscorrect":1}]}]}]},{"name":"آزمون نهایی دوره آموزش متوسطه متلب","id":"1528","contentorder":"16","type":1,"set":[{"score":"60","questions":[{"id":"6605","description":"اگر a(4,4)=-11 باشد و داشته باشیم a = [5, -8, -3, 7.2; 1,2,3,4] ، مقدار a(10) چقدر است؟","answers":[{"id":"25110","description":"4","iscorrect":0},{"id":"25111","description":"-8","iscorrect":0},{"id":"25112","description":"0","iscorrect":0},{"id":"25113","description":"3","iscorrect":1}]},{"id":"6606","description":"پس از اجرای عبارت R = input(‌‘‌’) اجرای برنامه متوقف می‌شود و برنامه ...\n\n","answers":[{"id":"25115","description":"منتظر ورود مجموعه‌ای از اعداد از کیبورد می ماند.","iscorrect":0},{"id":"25116","description":"منتظر ورود هر نوع اطلاعاتی از کیبورد می ماند.","iscorrect":0},{"id":"25117","description":"با فشردن هر کلیدی بر روی کیبورد دوباره ادامه می‌یابد.","iscorrect":0},{"id":"25118","description":"منتظر دریافت یک عدد از کیبورد می ماند.","iscorrect":1}]},{"id":"6607","description":"اجرای فرمان whos در خط فرمان بدون هیچ دنباله‌ای چه نتیجه‌ای در بر دارد","answers":[{"id":"25119","description":"پیام خطا بر می‌گرداند.","iscorrect":0},{"id":"25120","description":"مشخصات آخرین متغیر و آخرین تغییرات آن را نشان می‌دهد.","iscorrect":0},{"id":"25121","description":"مشخصات همه متغیرهای باز و فعال در فضای کاری را نشان می‌دهد.","iscorrect":1},{"id":"25122","description":"هیچ اتفاقی نمی‌افتد.","iscorrect":0}]},{"id":"6608","description":"اجرای فرمان save به تنهایی در خط فرمان موجب می‌شود که:","answers":[{"id":"25123","description":"فایلی به نام matlab.mat در پوشه جاری ذخیره شود که حاوی همه اطلاعات فضای کاری است.","iscorrect":1},{"id":"25124","description":"پیام خطا دریافت کنیم.","iscorrect":0},{"id":"25125","description":"فایلی به نام matlab.mat در پوشه اصلی مت‌لب ذخیره شود که شامل آخرین اطلاعات صفحه فرمان است.","iscorrect":0},{"id":"25126","description":"پیغامی برای تعیین داده‌هایی که می‌خواهیم ذخیره شوند و مسیر ذخیره سازیظاهر شود.","iscorrect":0}]},{"id":"6610","description":"کدام عبارت در باره هندل‌ها درست است؟","answers":[{"id":"25134","description":"نمی‌توان یک زیرشاخه را بطور مستقل و بدون شاخه اصلی خلق کرد.","iscorrect":0},{"id":"25133","description":"حذف یک شاخه موجب حذف همه زیر شاخه‌های مرتبط با آن می‌شود.","iscorrect":1},{"id":"25131","description":"می‌توان شی‌ء ریشه را پاک کرد.","iscorrect":0},{"id":"25132","description":"خصوصیت‌های شیء ریشه قابل در شاخه‌ها غیر قابل دسترس است.","iscorrect":0}]},{"id":"6611","description":"معنای فرمان set (gca, ‌'‌XTick‌'‌ , (-1 : 0.1 : 0)); چیست؟","answers":[{"id":"25135","description":"محور افقی نمودار جاری را با گام‌هایی به طول یک دهم از 1- تا 0 علامت گذاری کن.","iscorrect":1},{"id":"25136","description":"محور افقی نمودار جاری را از 1- تا 0 علامت گذاری کن.","iscorrect":0},{"id":"25137","description":"هر دو محور نمودار جاری را با گام‌هایی به طول یک دهم از 1- تا 0 علامت گذاری کن.","iscorrect":0},{"id":"25138","description":"محور عمودی نمودار جاری را با گام‌هایی به طول یک دهم از 1- تا 0 علامت گذاری کن.","iscorrect":0}]},{"id":"6612","description":"اگر داشته باشیم function myfun(varargin) و همچنین در هنگام اجرا myfun(ones(2),‌'‌Ali‌'‌,[ 1 2 3])، ورودی‌های myfun تابع کدامند؟","answers":[{"id":"25139","description":"یک آرایه متشکل از دو عضو عددی و یک رشته","iscorrect":0},{"id":"25140","description":"یک آرایه سلولی متشکل از یک سلول با سه عضو.","iscorrect":0},{"id":"25141","description":"یک آرایه سلولی متشکل از سه سلول و یک عضو.","iscorrect":0},{"id":"25142","description":"یک آرایه سلولی با سه سلول متشکل از یک آرایه دو بعدی، یک رشته و یک بردار سطری.","iscorrect":1}]},{"id":"6613","description":"به طور معمول برای تنظیم Callback منوهای کرکره‌ای ...","answers":[{"id":"25143","description":"فقط می‌توان از فرمان Switch‌...case استفاده کرد.","iscorrect":0},{"id":"25144","description":"می‌توان هم از فرمان Switch‌...case و هم عبارت‌های شرطی استفاده کرد.","iscorrect":1},{"id":"25145","description":"می‌توان از حلقه‌های While یا For یا فرمان Switch‌...case استفاده کرد.","iscorrect":0},{"id":"25146","description":"فقط از عبارت های شرطی می‌توان استفاده کرد.","iscorrect":0}]},{"id":"6614","description":" کدام عبارت در باره Edit box در یک GUI درست است؟","answers":[{"id":"25147","description":"یک کادر مستطیلی برای تقسیم بندی صفحه یا گروه بندی کلیدها.","iscorrect":0},{"id":"25148","description":"یک کادر مستطیلی یا برچسب برای نمایش متون راهنما یا ثابت.","iscorrect":0},{"id":"25149","description":"کادری است که اجازه ورود یا ویرایش یک متن را می‌دهد.","iscorrect":1},{"id":"25150","description":"یک فهرست باز که کاربر همه انتخاب‌ها را می‌بیند و می‌تواند با کلیک یا کلیک دوگانه آنها را انتخاب کند.","iscorrect":0}]},{"id":"6615","description":" کار Style در Uicontrol چیست؟","answers":[{"id":"25151","description":"تعریف نوع عنصر یا جز گرافیکی","iscorrect":1},{"id":"25152","description":"تعیین نوع فونت و اندازه آن در برچسب‌ها","iscorrect":0},{"id":"25153","description":"تعیین اندازه و محل عنصر گرافیکی","iscorrect":0},{"id":"25154","description":"آدرس دهی callback","iscorrect":0}]}]},{"score":"60","questions":[{"id":"6616","description":"اگر a(6)=7 باشد، در آرایه a = [5, -8, 3, 7.2] چه عددی پیش از عضو پنجم می‌آید؟","answers":[{"id":"25155","description":"0","iscorrect":0},{"id":"25156","description":"7","iscorrect":0},{"id":"25157","description":"6","iscorrect":0},{"id":"25158","description":"7.2","iscorrect":1}]},{"id":"6617","description":"یک زیر آرایه‌ها ...","answers":[{"id":"25159","description":"بخشی از یک آرایه است که در متغیرهای دیگر تکرار شده است.","iscorrect":0},{"id":"25160","description":"می‌تواند موجب بوجود آمدن خطاهای اساسی بشود اگر درست مقدار دهی نشود.","iscorrect":1},{"id":"25161","description":"برای کاهش حجم برنامه و افزایش سرعت اجرا استفاده می‌شود.\n\n","iscorrect":0},{"id":"25162","description":"حالت‌های مختلف یک آرایه در مواجهه با عملگرهاست.","iscorrect":0}]},{"id":"6618","description":"اگر S = {[-1 3], [4 ; -7}] حاصل عبارت S{2,2}= S{2}*S{1} برابر است با:","answers":[{"id":"25163","description":"یک آرایه سلولی 2x2 که سلول 4 در آن تهی است","iscorrect":0},{"id":"25164","description":"یک آرایه سلولی 1x2 که سلول 2 در آن حاوی یک آرایه عددی 2x2 است","iscorrect":0},{"id":"25165","description":"یک آرایه سلولی 2x1 که سلول 2 در آن حاوی یک آرایه عددی 2x2 است.","iscorrect":0},{"id":"25166","description":"یک آرایه سلولی 2x2 که سلول 4 در آن حاوی یک آرایه عددی 2x2 است.","iscorrect":1}]},{"id":"6619","description":"در فرمان C = textread(‌'‌myfile.txt‌'‌ , ‌'‌%d %d %d %*s %d %*f %d ‌'‌, [5 6]) متغیر c حاوی چه نوع داده ای است؟","answers":[{"id":"25169","description":"یک آرایه دو بعدی از اعداد صحیح","iscorrect":1},{"id":"25168","description":"یک آرایه دوبعدی از رشته‌ها","iscorrect":0},{"id":"25170","description":"یک آرایه دو بعدی از اعداد اعشاری","iscorrect":0},{"id":"25171","description":"یک آرایه سلولی با 30 عضو","iscorrect":0}]},{"id":"6620","description":"اجرای فرمان load به تنهایی در خط فرمان موجب می‌شود که:","answers":[{"id":"25172","description":"همه اطلاعات فایل matlab.mat در یک متغیر بار گذاری شود.","iscorrect":0},{"id":"25173","description":"همه اطلاعات فایل matlab.mat در متغیرهایی که تعیین می‌کنیم بار گذاری شوند.","iscorrect":0},{"id":"25174","description":"به شرط وجود فایلی به نام matlab.mat در پوشه جاری، همه اطلاعات آن در فضای کاری بازیابی شوند.","iscorrect":1},{"id":"25175","description":"پیغامی برای تعیین محل بارگذاری داده‌های موجود ظاهر شود شود.","iscorrect":0}]},{"id":"6621","description":"کدام یک از موارد زیر جز زیرشاخه‌های شیء axes نیست؟","answers":[{"id":"25176","description":"image","iscorrect":0},{"id":"25177","description":"surface","iscorrect":0},{"id":"25178","description":"text","iscorrect":0},{"id":"25179","description":"unicontrol","iscorrect":1}]},{"id":"6622","description":"معنای فرمان set (gca, ‌'‌XLim‌'‌ , [-10 10]); چیست؟","answers":[{"id":"25180","description":"محدوده رسم نمودار از 10- تا 10 است.","iscorrect":0},{"id":"25181","description":"محدوده رسم نمودار در محور افقی از 10- تا 10 است.","iscorrect":1},{"id":"25182","description":"محدوده رسم نمودار در محور عمودی از 10- تا 10 است.","iscorrect":0},{"id":"25183","description":"محدوده تغییرات نمودار از 10- تا 10 است.","iscorrect":0}]},{"id":"6623","description":"چه دستور العملی بدون توجه به تعداد و نوع و طول متغیرها، خروجی‌های یک تابع را تعریف می‌کند؟","answers":[{"id":"25184","description":"varargin.","iscorrect":0},{"id":"25186","description":"nargin.","iscorrect":0},{"id":"25187","description":"varargout.","iscorrect":1},{"id":"25188","description":"nargout.","iscorrect":0}]},{"id":"6624","description":" ... در یک GUI یک فهرست باز است که کاربر همه انتخاب‌ها را می‌بیند و می‌تواند با کلیک یا کلیک دوگانه آنها را انتخاب کند؟","answers":[{"id":"25189","description":"List box","iscorrect":1},{"id":"25190","description":"Edit box","iscorrect":0},{"id":"25191","description":"Frame","iscorrect":0},{"id":"25192","description":"Uimenu","iscorrect":0}]},{"id":"6625","description":"یک تابع callback چگونه به یک عنصر گرافیکی مرتبط می‌شود؟","answers":[{"id":"25193","description":"نیازی به ارتباط نیست. مت‌لب بطور خودکار این ارتباط را برقرار می‌کند.","iscorrect":0},{"id":"25194","description":"با اضافه کردن ‌'‌Callback‌'‌,{@callback value} به آخر تابع کنترل عنصر گرافیکی","iscorrect":1},{"id":"25195","description":"با اضافه کردن {@callback value} به آخر تابع کنترل عنصر گرافیکی","iscorrect":0},{"id":"25196","description":"با اضافه کردن ‌'‌Callback‌'‌,callback value به آخر تابع کنترل عنصر گرافیکی","iscorrect":0}]}]}]}]}