{"courseId":"66","contents":[{"name":"درس ۱- معرفی و تاریخچه نقشه کشی صنعتی","id":"517","contentorder":"1","lesson_number":1,"type":0,"filename":"lesson517.html"},{"name":"درس ۲- آشنایی با انواع نما‌ها و روش‌های ترسیم هر نما","id":"672","contentorder":"2","lesson_number":2,"type":0,"filename":"lesson672.html"},{"name":"درس ۳- آشنایی با انواع خطوط و جزئیات یک نقشه","id":"673","contentorder":"3","lesson_number":3,"type":0,"filename":"lesson673.html"},{"name":"درس ۴- آشنایی با اندازه گذاری در نقشه","id":"674","contentorder":"4","lesson_number":4,"type":0,"filename":"lesson674.html"},{"name":"درس ۵- آشنایی با ابزارآلات و نرم‌افزار‌های نقشه کشی","id":"675","contentorder":"5","lesson_number":5,"type":0,"filename":"lesson675.html"},{"name":"درس ۶- آشنایی با علائم خاص در نقشه کشی","id":"676","contentorder":"6","lesson_number":6,"type":0,"filename":"lesson676.html"},{"name":"نقشه کشی صنعتی","id":"1141","contentorder":"7","type":1,"set":[{"score":"50","questions":[{"id":"4766","description":"کدام جمله در مورد اهداف نقشه کشی صحیح است؟","answers":[{"id":"18181","description":"انتقال دقیق جزئیات ایده با استفاده از توضیحات و ترسیم‌های کمکی در نقشه","iscorrect":0},{"id":"18182","description":"انتقال ایده‌های طراح با تصاویر و علائم اختصاری در جهت انتقال سریع‌تر و تجسم راحت‌تر ایده در فرد مقابل","iscorrect":0},{"id":"18183","description":"هر دو مورد صحیح است.","iscorrect":1}]},{"id":"4789","description":"معمولا در طراحی‌های صنعتی از چه مقیاسی استفاده می‌شود؟","answers":[{"id":"18251","description":"افزایشی","iscorrect":1},{"id":"18252","description":"کاهشی","iscorrect":0},{"id":"18253","description":"همیشه از مقیاس یک به یک استفاده می‌شود.","iscorrect":0}]},{"id":"4790","description":"مقیاس را تعریف کنید؟","answers":[{"id":"18254","description":"عددی کسری که از نسبت اندازه طول ترسیمی به اندازه طول واقعی بدست می‌آید.","iscorrect":1},{"id":"18255","description":"عددی کسری که از نسبت اندازه طول واقعی به اندازه طول ترسیمی بدست می‌آید.","iscorrect":0},{"id":"18256","description":"عددی کسری که از نسبت اندازه طول یک نما به اندازه طول نمای دیگر بدست می‌آید.","iscorrect":0}]},{"id":"4792","description":"کدام جمله به درستی فرق عمده تصاویر آگزنومتریک با پرسپکتیو را بیان نمی‌کند؟","answers":[{"id":"18258","description":"خطوط موازی در تصاویر آگزنومتریک موازی باقی می‌ماند.","iscorrect":0},{"id":"18259","description":"تصاویر پرسپکتیو خطوط موازی در نقطه‌ای به نام نقطعه محو یا نقطه گریز جمع می‌شوند.","iscorrect":0},{"id":"18260","description":"از پرسپکتیوهای مرکزی فقط برای ترسیم قطعات صنعتی استفاده می‌شود.","iscorrect":1}]},{"id":"4793","description":"در روش دیمتریک زاویه محور x , y نسبت به افق چقدر است؟","answers":[{"id":"18261","description":"X= 30 , Y = 150","iscorrect":0},{"id":"18262","description":"X= 45 , Y =180","iscorrect":0},{"id":"18263","description":"X= 42 , Y = 173","iscorrect":1}]},{"id":"4794","description":"در نقشه‌ای نمای بالا در سمت پایین نمای روبرو قرار دارد. فرمت این نقشه کدام است؟","answers":[{"id":"18264","description":"فرجه اول","iscorrect":1},{"id":"18265","description":"فرجه سوم","iscorrect":0},{"id":"18266","description":"نمی‌توان تعیین کرد.","iscorrect":0}]},{"id":"4795","description":"در نقشه‌ای نمای جانبی در سمت راست نمای روبرو قرار دارد. فرمت این نقشه کدام است؟","answers":[{"id":"18267","description":"فرجه اول","iscorrect":0},{"id":"18268","description":"فرجه سوم","iscorrect":1},{"id":"18269","description":"نمی‌توان تعیین کرد.","iscorrect":0}]},{"id":"4796","description":"سطوح شیب دار نوع دوم به چه سطوحی گفته می‌شود؟","answers":[{"id":"18270","description":"شیب آنها فقط در یک نما قابل مشاهده است و از نمای دیگر به صورت یک نقطه دیده می‌شوند.","iscorrect":0},{"id":"18271","description":"شیب آنها فقط در یک نما قابل مشاهده است و از نمای دیگر به صورت یک خط دیده می‌شوند.","iscorrect":0},{"id":"18272","description":"شیب آنها در هر سه نما قابل مشاهده است.","iscorrect":1}]},{"id":"4797","description":"سطوح شیب دار نوع اول به چه سطوحی گفته می‌شود؟","answers":[{"id":"18273","description":"شیب آنها فقط در یک نما قابل مشاهده است و از نمای دیگر به صورت یک نقطه دیده می‌شوند.","iscorrect":0},{"id":"18274","description":"شیب آنها فقط در یک نما قابل مشاهده است و از نمای دیگر به صورت یک خط دیده می‌شوند.","iscorrect":1},{"id":"18275","description":"شیب آنها در هر سه نما قابل مشاهده است.","iscorrect":0}]},{"id":"4798","description":"استثنائات برش را چه قطعات تشکیل می‌دهند؟","answers":[{"id":"18276","description":"پیچ‌ها، مهره‌ها، پین‌ها، محورها، دیواره‌ها","iscorrect":1},{"id":"18277","description":"پیچ‌ها، مهره‌ها، پین‌ها، دیواره‌ها","iscorrect":0},{"id":"18278","description":"پیچ‌ها، مهره‌ها، محورها، دیواره‌ها","iscorrect":0}]},{"id":"4799","description":"استثنائات برش چیست؟","answers":[{"id":"18279","description":"یکسری از قطعات که پس از برش ترسیم نمی‌شوند.","iscorrect":0},{"id":"18280","description":"به یکسری از قطعات گفته می‌شود که پس از برش هاشور زده نمی‌شوند.","iscorrect":1},{"id":"18281","description":"قطعاتی که نمی‌توان برش زد.","iscorrect":0}]},{"id":"4800","description":"کدام جمله در مورد نقشه کشی اروپایی و آمریکایی درست است؟","answers":[{"id":"18282","description":"در روش آمریکاییقطعه بین ناظر و صفحه تصویر واقع شده است.","iscorrect":0},{"id":"18283","description":"در روش اروپایی این صفحه تصویر است که بین ناظر و قطعه واقع می‌شود .","iscorrect":0},{"id":"18284","description":"در روش اروپاییقطعه بین ناظر و صفحه تصویر واقع شده است.","iscorrect":1}]},{"id":"4801","description":"در کدام استاندارد در مورد انواع خطوط نقشه کشی توضیح داده شده است‌؟","answers":[{"id":"18285","description":"DIN ISO 128-24","iscorrect":1},{"id":"18286","description":"DIN ISO 286-1","iscorrect":0},{"id":"18287","description":"DIN ISO 2768-1","iscorrect":0}]},{"id":"4802","description":"خطوط ندید به چه خطوطی گفته می‌شود؟","answers":[{"id":"18288","description":"به خطوطی که در نمایی از ترسیم قادر به دیدن آنها نیستیم.","iscorrect":1},{"id":"18289","description":"به خطوطی که مرز برش قطعه را تعیین می‌کنند.","iscorrect":0},{"id":"18290","description":"به خطوطی که نماینگر تقارن جسم هستند.","iscorrect":0}]},{"id":"4803","description":"گروه‌های خط در استاندارد ایزو عبارتند از :","answers":[{"id":"18291","description":"1.4 , 1 , 0.7 , 0.5 , 0.35 و 0.25 میلیمتر","iscorrect":1},{"id":"18292","description":"1.2 , 1 , 0.7 , 0.5 , 0.35 و 0.25 میلیمتر","iscorrect":0},{"id":"18293","description":"1.4 , 1 , 0.8 , 0.5 , 0.35 و 0.25 میلیمتر","iscorrect":0}]},{"id":"4804","description":"نسبت ضخامت بین خطوط در استاندارد ایزو چه مقدار است؟","answers":[{"id":"18294","description":"رادیکال ۵","iscorrect":0},{"id":"18295","description":"رادیکال ۳","iscorrect":0},{"id":"18296","description":"رادیکال ۲","iscorrect":1}]},{"id":"4805","description":"گروه‌های خط در استاندارد جدید DIN عبارتند از:","answers":[{"id":"18297","description":"1 , 0.8 , 0.5 , 0.35 , 0.25 , 0.18 , 0.13","iscorrect":0},{"id":"18298","description":"1.2 , 0.7 , 0.5 , 0.35 , 0.25 , 0.18 , 0.13","iscorrect":0},{"id":"18299","description":"1 , 0.7 , 0.5 , 0.35 , 0.25 , 0.18 , 0.13","iscorrect":1}]},{"id":"4806","description":"در استاندارد قدیم DIN انواع خط به چند گروه تقسیم می‌شدند؟","answers":[{"id":"18300","description":"پنج گروه شامل: 1.2 , 0.8 , 0.5 , 0.3 و 0.25","iscorrect":0},{"id":"18301","description":"چهار گروه شامل: 1.2 , 0.8 , 0.5 و 0.3","iscorrect":1},{"id":"18302","description":"شش گروه شامل: 1.8 , 1.2 , 0.8 , 0.5 , 0.3 و 0.25","iscorrect":0}]},{"id":"4807","description":"کدامیک از جملات زیر در مورد جدول نقشه صحیح نیست؟","answers":[{"id":"18303","description":"در گوشه سمت چپ نقشه قرار دارد و حاوی اطلاعات قطعه است.","iscorrect":1},{"id":"18304","description":"طول آن معمولا ۱۸۰ میلیمتر و عرض آن بین ۱۵ تا ۴۰ میلیمتر است.","iscorrect":0},{"id":"18305","description":"حاوی اطلاعاتی مثل شماره فنی قطعه، اسم طراح، شماره نقشه، تاریخ ویرایش نقشه است.","iscorrect":0}]},{"id":"4808","description":"کمترین فاصله برای کادر نقشه از سمت چپ چه مقدار است؟","answers":[{"id":"18306","description":"۳۵ میلیمتر","iscorrect":0},{"id":"18307","description":"۲۰ میلیمتر","iscorrect":0},{"id":"18308","description":"۲۵ میلیمتر","iscorrect":1}]},{"id":"4809","description":"اگر نخواهیم مشتری قطعه ما را بسازد چه نقشه ای باید از قطعه در اختیار او قرار دهیم؟","answers":[{"id":"18309","description":"نقشه ساخت را به او می‌دهیم ولی اندازه ها را حذف می‌کنیم.","iscorrect":0},{"id":"18310","description":"نقشه مونتاژی به او می‌دهیم تا بتواند موقعیت قطعات نسبت به هم را بررسی و کنترل کند.","iscorrect":1},{"id":"18311","description":"نقشه ساخت را به مشتری می‌توان داد به شرطی که اطلاعات مربوط به جنس آن را حذف کنیم.","iscorrect":0}]},{"id":"4810","description":"لیست BOM در چه نقشه‌هایی استفاده می‌شود؟","answers":[{"id":"18312","description":"نقشه‌های مونتاژی","iscorrect":1},{"id":"18313","description":"نقشه‌های ماشینکاری","iscorrect":0},{"id":"18314","description":"نقشه‌های ریخته گری","iscorrect":0}]}]},{"score":"50","questions":[{"id":"4811","description":"معمولا در لیست BOM چه اطلاعاتی درج می‌شود؟","answers":[{"id":"18315","description":"شماره فنی، نام سازنده قطعه و جنس آن به همراه شماره مشخص کننده در نقشه","iscorrect":0},{"id":"18316","description":"شماره فنی، نام قطعه و جنس آن به همراه نام سازنده قطعه","iscorrect":0},{"id":"18317","description":"شماره فنی، نام قطعه و جنس آن به همراه شماره مشخص کننده در نقشه","iscorrect":1}]},{"id":"4812","description":"کدامیک از جملات زیر از اهداف اندازه‌گذاری در نقشه نیست؟","answers":[{"id":"18318","description":"ارائه اطلاعات قطعه به مسئول کنترل کننده کیفیت قطعه پس از تولید","iscorrect":0},{"id":"18319","description":"ارائه اطلاعات جهت باز کردن قطعات","iscorrect":1},{"id":"18320","description":"ارائه اطلاعات به سازنده جهت ساخت قطعه","iscorrect":0}]},{"id":"4813","description":"خط اندازه چیست؟","answers":[{"id":"18321","description":"خط از نوع خط نازک می‌باشد که به فاصله ۵ تا ۷ میلیمتر برای کاغذهای A3 و A4 از خط اصلی و عمود بر آن رسم می‌شود و از دو طرف به وسیله خطوط رابط محدود می‌شود.","iscorrect":0},{"id":"18322","description":"خط از نوع خط ضخیم می‌باشد که به فاصله ۵ تا ۷ میلیمتر برای کاغذهای A3 و A4 از خط اصلی و عمود بر آن رسم می‌شود و از دو طرف به وسیله خطوط رابط محدود می‌شود.","iscorrect":0},{"id":"18323","description":"خط از نوع خط نازک می‌باشد که به فاصله ۵ تا ۷ میلیمتر برای کاغذهای A3 و A4 از خط اصلی و موازی با آن رسم می‌شود و از دو طرف به وسیله خطوط رابط محدود می‌شود.","iscorrect":1}]},{"id":"4814","description":"کدام یک از جملات زیر جزء اصول و قوانین اندازه‌گذاری نیست؟","answers":[{"id":"18324","description":"از اندازه نویسی برای خطوط ندید پرهیز شود.","iscorrect":0},{"id":"18325","description":"هر اندازه یک مرتبه درج شده باشد.","iscorrect":0},{"id":"18326","description":"عدد اندازه باید در وسط و پایین خط اندازه و به فاصله ۱.۵ میلیمتر نوشته شود.","iscorrect":1}]},{"id":"4815","description":"کدام جمله در مورد تقسیم‌بندی مدادها صحیح است؟","answers":[{"id":"18327","description":"در ۴ گروه اصلی تولید می‌شوند؛ H , F , B , HB","iscorrect":0},{"id":"18328","description":"مداد H را پر رنگ، مداد B را کم رنگ، مداد HB را متوسط","iscorrect":0},{"id":"18329","description":"مداد H را کم رنگ، مداد B را پر رنگ، مداد F را متوسط","iscorrect":1}]},{"id":"4816","description":"کدامیک از جملات زیر صحیح است؟","answers":[{"id":"18330","description":"نسبت طول هر کاغذ به عرض آن مقداری ثابت و برابر ۲ است.","iscorrect":0},{"id":"18334","description":"هر کاغذ با ابعاد کوچک‌تر، از نصف کردن عرض کاغذ بزرگ‌تر بدست می‌آید.","iscorrect":0},{"id":"18333","description":"مساحت کاغذ A0 برابر یک متر مربع است.","iscorrect":1}]},{"id":"4817","description":"BOM چیست؟","answers":[{"id":"18335","description":"لیست مواد در نقشه مونتاژی است.","iscorrect":1},{"id":"18336","description":"استاندارد نشان دهنده کیفیت سطح","iscorrect":0},{"id":"18337","description":"نشان دهنده نقشه مونتاژی است.","iscorrect":0}]},{"id":"4818","description":"کیفیت سطح را به چند روش نشان می‌دهند؟","answers":[{"id":"18338","description":"۳","iscorrect":0},{"id":"18339","description":"۲","iscorrect":1},{"id":"18340","description":"۴","iscorrect":0}]},{"id":"4819","description":"علامت مد ~ بر روی یک سطح نشان دهنده چیست؟","answers":[{"id":"18341","description":"سطح یکبار ماشین‌کاری شود.","iscorrect":0},{"id":"18342","description":"سطح نیازی به ماشین‌کاری ندارد.","iscorrect":1},{"id":"18343","description":"سطح عملیات حرارتی نیاز دارد.","iscorrect":0}]},{"id":"4820","description":"Ra چیست؟","answers":[{"id":"18344","description":"معدل مساحت‌های بلندترین ارتفاع‌ها است.","iscorrect":1},{"id":"18345","description":"معدل بلندترین ارتفاع‌های زبری است.","iscorrect":0},{"id":"18346","description":"نشانه نوع رزوه در مهره است.","iscorrect":0}]},{"id":"4821","description":"Rz چیست؟","answers":[{"id":"18347","description":"معدل مساحت‌های بلندترین ارتفاع‌ها است.","iscorrect":0},{"id":"18348","description":"معدل بلندترین ارتفاع‌های زبری است.","iscorrect":1},{"id":"18349","description":"نشانه نوع رزوه در مهره است.","iscorrect":0}]},{"id":"4822","description":"طراحی نقشه ای به شما داده که در آن تلورانس تعیین نشده است، شما چه کار می‌کنید‌؟","answers":[{"id":"18350","description":"نقشه را به او بر می‌گردانم زیرا نقشه کامل نیست.","iscorrect":0},{"id":"18351","description":"نیازی به تلورانس نیست از استانداردهای عمومی استفاده می‌کنم.","iscorrect":0},{"id":"18352","description":"نقشه رابررسی می‌کنم اگر در نقشه ذکر نشده بود که به استانداردهای عمومی مراجعه شود، نقشه را به طراح بر می‌گردانم تا اطلاعات آنرا کامل کند.","iscorrect":1}]},{"id":"4823","description":"آیا تلورانس ابعادی همان تلورانس هندسی است؟","answers":[{"id":"18353","description":"بله","iscorrect":0},{"id":"18354","description":"خیر","iscorrect":1},{"id":"18355","description":"در برخی موارد مفهومشان یک می‌شود.","iscorrect":0}]},{"id":"4824","description":"انواع انطباقات عبارتند از:","answers":[{"id":"18356","description":"انطباق لقی، انطباق روان، انطباق عبوری","iscorrect":0},{"id":"18357","description":"انطباق لقی، انطباق روان، انطباق پرسی","iscorrect":0},{"id":"18358","description":"انطباق لقی، انطباق عبوری، انطباق تداخلی","iscorrect":1}]},{"id":"4825","description":"خطوط نازک در پیچ نشان دهنده چیست؟","answers":[{"id":"18359","description":"قطر خارجی","iscorrect":0},{"id":"18360","description":"ریشه رزوه","iscorrect":1},{"id":"18361","description":"سر رزوه","iscorrect":0}]},{"id":"4826","description":"خطوط ضخیم داخلی در نمای برش خورده از مهره نشان دهنده چیست؟","answers":[{"id":"18362","description":"ریشه رزوه","iscorrect":0},{"id":"18363","description":"قسمت آچارخور مهره","iscorrect":0},{"id":"18364","description":"قطر مته انتخابی","iscorrect":1}]},{"id":"4827","description":"در یک اتصال پیچ و مهره‌ای همیشه تصویر ................. مقدم است.","answers":[{"id":"18365","description":"پیچ بر مهره","iscorrect":1},{"id":"18366","description":"مهره بر پیچ","iscorrect":0},{"id":"18367","description":"برش خورده مهره بر پیچ","iscorrect":0}]},{"id":"4828","description":"کدام استاندارد معیار تعیین کیفیت سطح را بیان می‌کند؟","answers":[{"id":"18368","description":"DIN EN ISO 1302 (2002-06) ","iscorrect":1},{"id":"18369","description":"DIN EN 22553 (1997-03) ","iscorrect":0},{"id":"18370","description":"DIN ISO 286-1 (1990-11) ","iscorrect":0}]},{"id":"4829","description":"استاندارد (DIN EN 22553(1997-03‌در مورد چیست؟","answers":[{"id":"18371","description":"بیان کننده تلورانس‌های عمومی","iscorrect":0},{"id":"18372","description":"نحوه تعیین کیفیت سطح","iscorrect":0},{"id":"18374","description":"انواع درز جوش‌های متداول و نحوه نمایش آنها","iscorrect":1}]},{"id":"4830","description":"کمترین فاصله برای کادر نقشه از سمت چپ چه مقدار است؟","answers":[{"id":"18375","description":"۳۵ میلیمتر","iscorrect":0},{"id":"18376","description":"۲۰ میلیمتر","iscorrect":0},{"id":"18377","description":"۲۵ میلیمتر","iscorrect":1}]}]}]}]}