{"courseId":"17","contents":[{"name":"ضوابط کلی","id":"67","contentorder":"1","lesson_number":1,"type":0,"filename":"lesson67.html"},{"name":"ضوابط کلی","id":"143","contentorder":"2","type":1,"set":[{"score":"60","questions":[{"id":"364","description":"گزارشگری که هر روز با اتوبوس به محل کارش می رود در نتيجه ی خراب شدن مکرر اتوبوس ها اکثرا با تاخير به محل کارش می رسد. شکايت و باور همه ی همسفرهای او اين است که اين مشکلات ناشی از نادرستی مسئولان اداره ی حمل و نقل و حيف و ميل اموال عمومی است. او می خواهد گزارشی از اين وضعيت بنويسد. بايد از چه منابعی استفاده کند:","answers":[{"id":"1281","description":"تجربه ی روزانه ی خودش","iscorrect":0},{"id":"1282","description":"نظر ساير مسافران","iscorrect":0},{"id":"1283","description":"نظر مسئولان اداره ی حمل و نقل","iscorrect":0},{"id":"1284","description":"هر سه مورد بالا","iscorrect":1}]},{"id":"365","description":"يکی از راه های تشخيص دقت منبع اطلاعاتی يک منبع:","answers":[{"id":"1285","description":"آشنائی قديمی با اوست.","iscorrect":0},{"id":"1286","description":"سوابق کاری منبع اطلاعاتی است.","iscorrect":0},{"id":"1287","description":"مقابله ی اطلاعات او با منابع و اسناد ديگر است.","iscorrect":1},{"id":"1288","description":"تحقيق از آشنايان منبع در مورد اخلاق اوست.","iscorrect":0}]},{"id":"366","description":"اگر کسی مدعی شد که روزنامه نگار مطلبی را به اشتباه گزارش کرده بايد:","answers":[{"id":"1289","description":"آن شخص را شناسایی و انگيزه اش در اين اعتراض را تشخيص داد.","iscorrect":0},{"id":"1290","description":"بايد بررسی ادعای او را به مدير رسانه سپرد.","iscorrect":0},{"id":"1291","description":"بايد منتظر شد و چنانچه کسان ديگری هم به اين اشتباه اشاره کردند آن را پیگیری کرد.","iscorrect":0},{"id":"1292","description":"بايد اين ادعا را با اسنادی که در آن زمينه وجود دارد مقابله کرد و صحت مطلب را اعلام کرد.","iscorrect":1}]}]},{"score":"60","questions":[{"id":"367","description":"از محل و صحنه ی وقوع يک حادثه دو عکس در دست داريد. در اولی هنوز حادثه اتفاق نيفتاده و در دومی محل مشخص نيست:","answers":[{"id":"1293","description":"با ترکيب دو عکس واقعه را به بهترين شکل به مخاطب ها نشان می دهيد.","iscorrect":0},{"id":"1294","description":"دو عکس اصلی و عکس ترکيب شده ی سوم را با توضيح دليل ترکيب دو عکس در کنار هم منتشر می کنيد.","iscorrect":1},{"id":"1295","description":"عکس ها را در کنار هم منتشر می کنيد و پيدا کردن ارتباط دو محل را به مخاطب واگذار می کنيد.","iscorrect":0},{"id":"1296","description":"از عکس ها استفاده نمی کنيد و به جای آن صحنه را توضيح می دهيد.","iscorrect":0}]},{"id":"368","description":"نام بردن از يک محصول در خبر در چه موردی ايراد ندارد؟","answers":[{"id":"1297","description":"معرفی با بی طرفی باشد و جنبه ی آگهی نداشته باشد.","iscorrect":1},{"id":"1298","description":"محصولی که معرفی می شود، برای مخاطبان جالب باشد.","iscorrect":0},{"id":"1299","description":"کيفيت ساخت آن با استانداردهای بين المللی مطابق باشد.","iscorrect":0},{"id":"1300","description":"حمايت از آن به نفع صنايع ملی کشور باشد.","iscorrect":0}]},{"id":"369","description":"برای تهيه ی گزارشی از يک موسسه ی صنعتی بايد به محل کارخانه ی آن سفر کنيد. فرصت کوتاهی داريد و فاصله نسبتا دور است. کدام شيوه را انتخاب می کنيد؟","answers":[{"id":"1301","description":"با سريع ترين وسيله ی نقليه ی عمومی به محل می رويد.","iscorrect":0},{"id":"1302","description":"با حفظ فاصله ی حرفه ای، از هلیکوپتر اختصاصی مدير عامل موسسه استفاده می کنيد.","iscorrect":0},{"id":"1303","description":"با سريع ترين وسيله ای که به آن موسسه پيوندی نداشته باشد به محل می رويد.","iscorrect":1},{"id":"1304","description":"با اتوبوس های مخصوص کارمندان به محل می رويد.","iscorrect":0}]}]}]},{"name":"بی طرفی","id":"68","contentorder":"3","lesson_number":2,"type":0,"filename":"lesson68.html"},{"name":"بی طرفی","id":"145","contentorder":"4","type":1,"set":[{"score":"60","questions":[{"id":"370","description":"گزارشگر کدام يک از يافته های زير را منتشر می کند؟","answers":[{"id":"1305","description":"آنچه از زبان يک شاهد حضوری شنيده است.","iscorrect":0},{"id":"1306","description":"آنچه رسانه های ديگر منتشر کرده اند.","iscorrect":0},{"id":"1307","description":"آنچه شخصا ارزيابی کرده است.","iscorrect":1},{"id":"1308","description":"آنچه به مصلحت جامعه است.","iscorrect":0}]},{"id":"371","description":"سهام يک شرکت که گزارشگر در آن سهم دارد به علت مديريت بد در حال سقوط است. سردبير رسانه گزارشی در اين زمينه می خواهد.","answers":[{"id":"1309","description":"گزارشگر در جهت اصلاح وضعيت و تغيير مديريت گزارش جامعی تهيه می کند.","iscorrect":0},{"id":"1310","description":"گزارشگر با اعلام سهم داشتن خودش در آن شرکت از تهيه ی گزارش خودداری می کند.","iscorrect":1},{"id":"1311","description":"گزارشگر می کوشد در گفتگو با مديريت شرکت جواب سوال های مهم را پيدا کند.","iscorrect":0},{"id":"1312","description":"گزارشگر از کارمندان شرکت اطلاعات مورد نيازش را می گيرد.","iscorrect":0}]},{"id":"372","description":"بی طرفی در کلام يعنی:","answers":[{"id":"1313","description":"گزارشگر از واژه ای به طور مکرر استفاده نکند.","iscorrect":0},{"id":"1314","description":"گزارشگر در توضيح يک موقعيت از واژه ای که بارِ ارزشی دارد استفاده نکند.","iscorrect":1},{"id":"1315","description":"گزارشگر از واژه هایی که بارِ ارزشی دارند به درستی استفاده کند.","iscorrect":0},{"id":"1316","description":"گزارشگر فقط از واژه هایی که مورد قبول عموم هستند استفاده کند.","iscorrect":0}]}]},{"score":"60","questions":[{"id":"373","description":"در چه شرايطی گزارشگر می تواند نسبت به موضوعی ابراز قضاوت شخصی بکند؟","answers":[{"id":"1317","description":"وقتی اين کار را به مصلحت جامعه تشخيص دهد.","iscorrect":0},{"id":"1318","description":"وقتی داده های اطلاعاتی به اندازه ی کافی رسا نيستند.","iscorrect":0},{"id":"1319","description":"وقتی دبير رسانه از او بخواهد.","iscorrect":0},{"id":"1320","description":"وقتی آگاهی و دانش قبلی او از يک وضعيت به او امکان ارزيابی بی طرفانه ی موضوع را می دهد.","iscorrect":1}]},{"id":"374","description":"شرکتی که هزينه ی توليد گزارش ها را می پردازد در يک پرونده ی پرجنجال اقتصادی مورد اتهام قرار گرفته است.","answers":[{"id":"1321","description":"گزارشگر تا روشن شدن نتيجه ی تحقيقات آن را مسکوت می گذارد.","iscorrect":0},{"id":"1322","description":"گزارشگر با اشاره به تجربه های کاری خودش با آن شرکت درباره ی اتهام ها نظر می دهد.","iscorrect":0},{"id":"1323","description":"با تحقيق مستقيم و بدون ابراز داوری جريان پرونده را تشريح می کند.","iscorrect":0},{"id":"1324","description":"با اعلام رابطه ی مالی رسانه ی متبوع اش با آن شرکت و پس از تحقيق مستقيم و بدون ابراز داوری جريان پرونده را تشريح می کند.","iscorrect":1}]},{"id":"375","description":"در پيشامد حادثه ای در يک کارگاه سه کارگر کشته شده اند. تنها کسانی که در صحنه حاضرند کارگران ديگر و خانواده های آنها هستند. همه مدير کارگاه را به بی توجهی متهم می کنند. مدير در سفر است. خبر بايد پخش شود.","answers":[{"id":"1325","description":"گزارشگر بر مبنای آنچه در محل شنيده گزارش را تنظيم می کند.","iscorrect":0},{"id":"1326","description":"تا بازگشت مدير از انتشار گزارش خودداری می کند.","iscorrect":0},{"id":"1327","description":"با اعلامِ در سفر بودن مدير و اين که پاسخ های او در اولين فرصت پخش خواهند شد، گزارش را منتشر می کند.","iscorrect":1},{"id":"1328","description":"مطالبی در دفاع از مدير کارگاه به گزارش اضافه می کند.","iscorrect":0}]}]}]},{"name":"آیا می‌شود بی طرف بود؟","id":"69","contentorder":"5","lesson_number":3,"type":0,"filename":"lesson69.html"},{"name":"آیا می‌شود بی طرف بود؟","id":"147","contentorder":"6","type":1,"set":[{"score":"60","questions":[{"id":"376","description":"پيشنهاد جی روزن برای پوشش صددرصد اخبار انتخابات شهرداری شيکاگو اين است که:","answers":[{"id":"1329","description":"همه ی داوطلبان را در تمام مسير انتخابات و در همه ی مواقع پوشش بدهيم.","iscorrect":1},{"id":"1330","description":"همه ی داستان های اصلی در ارتباط با انتخابات را پوشش بدهيم.","iscorrect":0},{"id":"1331","description":"همه ی داستان های مرتبط با داوطلبان اصلی را پوشش بدهيم.","iscorrect":0},{"id":"1332","description":"همه ی اتفاقاتی را که در حاشيه ی انتخابات روی می دهد پوشش بدهيم.","iscorrect":0}]},{"id":"377","description":"کوين مارش می گويد کار گزارشگر:","answers":[{"id":"1333","description":"بيان حقيقت، تمام حقيقت و هيچ چيز به جز حقيقت است.","iscorrect":0},{"id":"1334","description":"ساختن يک تصوير کلی از حقيقت جدا از جزئيات آن است.","iscorrect":0},{"id":"1335","description":"روشن کردن يک گوشه ی تازه از حقيقت و افزودن آن به آگاهی عمومی است.","iscorrect":1},{"id":"1336","description":"دريافت حقيقت و ارائه ی آن به مخاطبان علاقمند است.","iscorrect":0}]},{"id":"378","description":"گزارشگر در جريان مصاحبه نبايد:","answers":[{"id":"1337","description":"مصاحبه شونده را در ارائه ی نظرش مورد چالش قرار دهد.","iscorrect":0},{"id":"1338","description":"با مصاحبه شونده جدل کند.","iscorrect":1},{"id":"1339","description":"از مصاحبه شونده بخواهد مستدل صحبت کند.","iscorrect":0},{"id":"1340","description":"به مصاحبه شونده فرصت فکر کردن و اصلاح جواب هايش را بدهد.","iscorrect":0}]}]},{"score":"60","questions":[{"id":"379","description":"بهترين روش برای بی طرف ماندن آوردن دو جانب يک بحث به محل گفتگو:","answers":[{"id":"1341","description":"وادار کردن آنها به برخورد با آرای طرف مقابل است.","iscorrect":0},{"id":"1342","description":"ايجاد جو هيجان در گفتگو و جلب بيشتر مخاطبان به موضوع است.","iscorrect":0},{"id":"1343","description":"طرح دو سوی بحث از زبان خود آنها و در عين حال جلوگيری از هيجان زدگی در جريان بحث است.","iscorrect":1},{"id":"1344","description":"مشارکت در بحث و دفاع از مواضع هر کدام که درست تشخيص می دهد.","iscorrect":0}]},{"id":"380","description":"بی طرفی يعنی:","answers":[{"id":"1345","description":"گزارشگر نسبت به موضوع گزارش اش حساسيتی نداشته باشد.","iscorrect":0},{"id":"1346","description":"گزارشگر نسبت به جوانب مختلف موضوع بی تفاوت باشد.","iscorrect":0},{"id":"1347","description":"گزارشگر همه ی جوانب موضوع را پژوهش کند و نتيجه را در اختيار مخاطب قرار دهد.","iscorrect":1},{"id":"1348","description":"گزارشگر موضعی معتدل در ارتباط با موضوع داشته باشد.","iscorrect":0}]},{"id":"381","description":"در انتخاب تيتر مهمترين ملاحظه:","answers":[{"id":"1349","description":"اطلاع رسانی کوتاه و دقيق است.","iscorrect":1},{"id":"1350","description":"شکل صفحه است.","iscorrect":0},{"id":"1351","description":"جلب خواننده است.","iscorrect":0},{"id":"1352","description":"خواسته ی مخاطبان است.","iscorrect":0}]}]}]},{"name":"استقلال","id":"70","contentorder":"7","lesson_number":4,"type":0,"filename":"lesson70.html"},{"name":"استقلال","id":"149","contentorder":"8","type":1,"set":[{"score":"60","questions":[{"id":"382","description":"گزارشگر برای انتخاب موضوع گزارش بايد:","answers":[{"id":"1353","description":"فقط موضوع هایی را که به ذهن خودش آمده دنبال کند.","iscorrect":0},{"id":"1354","description":"چنانچه کس ديگری موضوعی را برای گزارش توصيه کرد انگيزه های او در اين کار را بررسی کند.","iscorrect":1},{"id":"1355","description":"از مباحث جنجالی پرهيز کند.","iscorrect":0},{"id":"1356","description":"به ديدگاه های مديران نشريه اولويت بدهد.","iscorrect":0}]},{"id":"383","description":"در گزارش از مؤسسات خيريه و عام المنفعه گزارشگر بايد:","answers":[{"id":"1357","description":"به نتيجه ی گزارش و تاثير آن بر نظر مردم اهميت ويژه بدهد.","iscorrect":0},{"id":"1358","description":"يافته هايش را بدون ملاحظه ای درباره ی تاثير آن با مردم در ميان بگذارد.","iscorrect":1},{"id":"1359","description":"مردم را به حمايت از آن مؤسسات دعوت کند.","iscorrect":0},{"id":"1360","description":"از انتشار مطالبی که مردم را نسبت به اهداف آن مؤسسه دچار ترديد کند بپرهيزد.","iscorrect":0}]},{"id":"384","description":"مهم ترين سند برای اثبات درستی نقل قول ها در يک گزارش:","answers":[{"id":"1361","description":"اسنادی است که در اينترنت منتشر شده.","iscorrect":0},{"id":"1362","description":"يادداشت های شخصی گزارشگر است.","iscorrect":0},{"id":"1363","description":"صدا و يا تصوير ضبط شده ای از نقل قول است.","iscorrect":1},{"id":"1364","description":"داشتن شاهدی در محل گفتگوست.","iscorrect":0}]}]},{"score":"60","questions":[{"id":"385","description":"گزارشگر بايد قبل از همه، چه کسی را قانع کند که به نهاد يا مؤسسه ای وابسته نيست؟","answers":[{"id":"1365","description":"سردبيرش","iscorrect":0},{"id":"1366","description":"خودش","iscorrect":1},{"id":"1367","description":"مخاطب اش","iscorrect":0},{"id":"1368","description":"قوه ی قضائيه","iscorrect":0}]},{"id":"386","description":"به اعتقاد جنی کاف استقلال گزارشگر به چه معنائی است؟","answers":[{"id":"1369","description":"عدم مشارکت در فعاليت های اجتماعی","iscorrect":0},{"id":"1370","description":"عدم مشارکت در فعاليت های اقتصادی","iscorrect":0},{"id":"1371","description":"تن ندادن به فشارهای خارجی","iscorrect":0},{"id":"1372","description":"داشتن يک نگرش مستقل","iscorrect":1}]},{"id":"387","description":"علت عدم اعتماد فعلی مردم به رسانه های جمعی چيست؟","answers":[{"id":"1373","description":"زياد شدن اين رسانه ها","iscorrect":0},{"id":"1374","description":"وابستگی بسياری از رسانه ها به سرمايه ها و منابع قدرت","iscorrect":1},{"id":"1375","description":"پخش آگهی های بازرگانی","iscorrect":0},{"id":"1376","description":"هزينه های سنگين اين رسانه ها","iscorrect":0}]}]}]},{"name":"دقت و انصاف","id":"71","contentorder":"9","lesson_number":5,"type":0,"filename":"lesson71.html"},{"name":"دقت و انصاف","id":"151","contentorder":"10","type":1,"set":[{"score":"60","questions":[{"id":"388","description":"در استفاده از گفته های منبع يک خبر، گزارشگر بايد مطمئن شود که:","answers":[{"id":"1377","description":"اين شخص شهرت خوبی دارد و به درستکاری معروف است.","iscorrect":0},{"id":"1378","description":"اين شخص منافع خاصی در رابطه با اين خبر ندارد.","iscorrect":0},{"id":"1379","description":"نقل قول های او در گزارش های ديگر هميشه درست بوده است.","iscorrect":0},{"id":"1380","description":"بنا بر اسناد و دلائل مستقل گفته های آن منبع درست است.","iscorrect":1}]},{"id":"389","description":"اگر مطلبی برای گزارشگر کاملا روشن نيست بايد:","answers":[{"id":"1381","description":"اين ابهام را با صراحت به مخاطبان اطلاع دهد.","iscorrect":1},{"id":"1382","description":"آن قسمت از مطلب را تا تحقيق های بعدی در ابهام نگه دارد.","iscorrect":0},{"id":"1383","description":"آن را از زبان کسی که می گويد موضوع برايش روشن است، نقل کند.","iscorrect":0},{"id":"1384","description":"موضوع را مسکوت بگذارد.","iscorrect":0}]},{"id":"390","description":"گزارشگر چه وقت می تواند هويت منابع اش را حفظ کند؟","answers":[{"id":"1385","description":"هر وقت که آنها بخواهند.","iscorrect":0},{"id":"1386","description":"هر وقت خودش اين کار را لازم تشخيص بدهد.","iscorrect":0},{"id":"1387","description":"وقتی افشای هويت آنها برايشان ايجاد خطر کند.","iscorrect":1},{"id":"1388","description":"وقتی معرفی آنها را برای مخاطبان لازم تشخيص ندهد.","iscorrect":0}]}]},{"score":"60","questions":[{"id":"391","description":"گزارشگر تا چه حد می تواند حفظ هويت منابع اش را تضمين کند؟","answers":[{"id":"1389","description":"به طور کامل و بدون قيد و شرط.","iscorrect":0},{"id":"1390","description":"تا حدی که امينت خودش به خطر نيفتد.","iscorrect":0},{"id":"1391","description":"تا حدی که مديران اش از او حمايت کنند.","iscorrect":0},{"id":"1392","description":"تا جائی که با قانون مغايرتی نداشته باشد.","iscorrect":1}]},{"id":"392","description":"اگر مهم ترين وظيفه ی يک گزارشگر دادن آگاهی به مخاطبان اش باشد بايد:","answers":[{"id":"1393","description":"مطلب اش را ساده و مفهوم بيان کند.","iscorrect":0},{"id":"1394","description":"مطلب اش مستند و دقيق باشد.","iscorrect":0},{"id":"1395","description":"همه ی اطلاعات اش را با مخاطبان در ميان بگذارد.","iscorrect":0},{"id":"1396","description":"الف، ب، و ج","iscorrect":1}]},{"id":"393","description":"چه وقت گزارشگر اجازه دارد برای گرفتن اطلاعات از يک نفر او را مداوما مورد سوال قرار دهد؟","answers":[{"id":"1397","description":"وقتی به دنبال کشف مطلبی در باره ی آن شخص باشد.","iscorrect":0},{"id":"1398","description":"وقتی منافع عمومی اين پیگيری را موجه کند.","iscorrect":1},{"id":"1399","description":"وقتی به نظر بيايد آن شخص چيزی را پنهان می کند.","iscorrect":0},{"id":"1400","description":"وقتی اطلاعی در مورد زندگی شخصی آن فرد به دستش رسيده باشد و بخواهد از صحت آن مطمئن شود.","iscorrect":0}]}]}]},{"name":"بعضی نکات دیگر","id":"72","contentorder":"11","lesson_number":6,"type":0,"filename":"lesson72.html"},{"name":"بعضی نکات دیگر","id":"153","contentorder":"12","type":1,"set":[{"score":"60","questions":[{"id":"394","description":"شبکه های مهم تلويزيونی در آمريکا از محل درآمدهای تبليغاتی به کارِ توليد ادامه می دهند. اين شبکه ها دائما برای جلب مخاطبان با هم در رقابت اند و دست به ابتکارهای تازه می زنند. کدام يک از اين ابتکارها در برنامه های خبری بر خلاف موازين روزنامه نگاری است؟","answers":[{"id":"1401","description":"استخدام مجريان معروف و گران قيمت.","iscorrect":0},{"id":"1402","description":"تعيين اولويت های خبری براساس خواست های سهام داران و مالکان اصلی شبکه.","iscorrect":1},{"id":"1403","description":"تزئين صحنه و افزودن جلوه های ويژه ی بصری به گزارش ها.","iscorrect":0},{"id":"1404","description":"پرداخت دستمزد به شرکت کنندگان در برنامه.","iscorrect":0}]},{"id":"395","description":"گزارشگر در چه شرايطی می تواند مخفيانه به تهيه ی مدارک بپردازد؟","answers":[{"id":"1405","description":"اگر قرار نباشد از نام خودش در انتشار گزارش استفاده شود.","iscorrect":0},{"id":"1406","description":"اگر جستجوی علنی باعث شود ديگران هم آن موضوع را دنبال کنند.","iscorrect":0},{"id":"1407","description":"اگر علنی شدن جستجو مانع افشای جرم و جنايتی عليه مصالح عمومی شود.","iscorrect":1},{"id":"1408","description":"الف، ب، و ج.","iscorrect":0}]},{"id":"396","description":"حريم خصوصی شخصيت های سياسی تا کجاست؟","answers":[{"id":"1409","description":"فرقی با حريم خصوصی ديگران ندارد.","iscorrect":0},{"id":"1410","description":"تا جائی که رفتار خصوصی آنها با ادعاهای عمومی شان مغايرت نداشته باشد.","iscorrect":1},{"id":"1411","description":"ورود به عرصه های عمومی به معنای قبول شکستن حريم خصوصی است.","iscorrect":0},{"id":"1412","description":"تا جائی که به روابط خانوادگی آنها نپردازد.","iscorrect":0}]}]},{"score":"60","questions":[{"id":"397","description":"گزارشگران در گفتگوهای خصوصی با شخصيت ها و دنبال کردن آنها گاه به اطلاعاتی دست پيدا می کنند که عموم مردم به آن دسترسی ندارند. در چه مواقعی اجازه ی انتشار اين اطلاعات را دارند؟","answers":[{"id":"1413","description":"وقتی عدم انتشار آن مصالح عمومی را به شکلی تحت الشعاع قرار بدهد.","iscorrect":1},{"id":"1414","description":"وقتی افراد نزديک به آنها رفتارهای خلاف اخلاق داشته باشند.","iscorrect":0},{"id":"1415","description":"وقتی فردی در خانواده ی آنها به فساد مالی متهم شده باشد.","iscorrect":0},{"id":"1416","description":"وقتی انتشار آن اطلاعات به کسی ضرری نرساند.","iscorrect":0}]},{"id":"398","description":"روزنامه نگاری مطلع شده که سياستمدار بازنشسته ای می خواهد از همسرش جدا شود. وظيفه ی او به عنوان روزنامه نگار چيست؟","answers":[{"id":"1417","description":"اگر اين اطلاع را از مجرای خصوصی پيدا کرده سکوت می کند.","iscorrect":0},{"id":"1418","description":"چون مردم به سياستمدار بازنشسته و سرنوشت اش علاقه مند هستند، خبر را منتشر می کند.","iscorrect":0},{"id":"1419","description":"خبر را شفاها پخش می کند تا ديگران منتشر کنند.","iscorrect":0},{"id":"1420","description":"تاثير اجتماعی و اهميت آن را ارزيابی می کند و در صورتی که لازم تشخيص داد آن را منتشر می کند.","iscorrect":1}]},{"id":"399","description":"در ماجرای تعقيب پرنسس دايانا توسط عکاسان در پاريس. خودروی حامل او دچار سانحه شد و پرنسس دايانا به قتل رسيد. در اين ماجرا چه کسی مقصر بود؟","answers":[{"id":"1421","description":"عکاس هائی که برای گرفتن عکس های جنجالی او را تعقيب می کردند.","iscorrect":0},{"id":"1422","description":"پرنسس دايانا که با اطلاع از موقعيت اجتماعی اش به همراه دوست اش به گردش رفته بود.","iscorrect":0},{"id":"1423","description":"راننده ی او که با سرعتی بيش از حد مجاز در حرکت بود.","iscorrect":1},{"id":"1424","description":"پليس فرانسه که تامين های امنيتی لازم را برای پرنسس فراهم نکرده بود.","iscorrect":0}]}]}]},{"name":"اخلاق روزنامه‌نگاری و شهروند- روزنامه‌نگار","id":"73","contentorder":"13","lesson_number":7,"type":0,"filename":"lesson73.html"},{"name":"اخلاق روزنامه‌نگاری و شهروند- روزنامه‌نگار","id":"159","contentorder":"14","type":1,"set":[{"score":"60","questions":[{"id":"412","description":"کدام گزینه شامل اصول اخلاقی روزنامه نگاری نمی شود؟","answers":[{"id":"1469","description":"جستجوی حقیقت و انعکاس آن","iscorrect":0},{"id":"1470","description":"افشاگری با منبع معتبر","iscorrect":1},{"id":"1471","description":"مستقل بودن","iscorrect":0},{"id":"1472","description":"پاسخگو بودن","iscorrect":0}]},{"id":"413","description":"در حال رفتن به محل کار خود هستید و صحنه ی تصادفی را مشاهده می کنید، اولین اقدامی که می کنید چیست؟","answers":[{"id":"1473","description":"به کمک دوربین موبایلم از صحنه ی تصادف فیلم برداری می کنم تا در اولین فرصت بر روی اینترنت آن را منتشر کنم.","iscorrect":0},{"id":"1474","description":"به تماشای صحنه ی تصادف می پردازم.","iscorrect":0},{"id":"1475","description":"به مسیر خود ادامه می دهم و به محل کارم می روم.","iscorrect":0},{"id":"1476","description":"ابتدا به پلیس زنگ می زنم و اگر صحنه تصادف دارای ارزش خبری بود، شروع به فیلم برداری می کنم.","iscorrect":1}]},{"id":"414","description":"خبر درگیری فیزیکی بین پلیس و مردم را در یکی از خیابان های تهران را از یکی از آشنایان تان شنیده اید، برای انتشار آن چه می کنید؟","answers":[{"id":"1477","description":"خبر را بدون اتلاف وقت منتشر می کنم.","iscorrect":0},{"id":"1478","description":"خبر را در اینترنت جستجو می کنم و سپس آن را منتشر می کنم.","iscorrect":0},{"id":"1479","description":"خبر را با چند تن از دوستان و افرادی که در محل حادثه هستند بررسی می کنم و در صورت صحت منتشر می کنم.","iscorrect":1},{"id":"1480","description":"خبر را منتشر نمی کنم.","iscorrect":0}]}]},{"score":"60","questions":[{"id":"415","description":"اولین و مهمترین اصل اخلاق روزنامه نگاری برای یک شهروند- روزنامه نگار چیست؟","answers":[{"id":"1481","description":"مستقل بودن","iscorrect":0},{"id":"1482","description":"پاسخگو بودن","iscorrect":0},{"id":"1483","description":"اطلاع رسانی صحیح و درست","iscorrect":1},{"id":"1484","description":"بررسی ضررها و زیان های انتشار یک خبر","iscorrect":0}]},{"id":"416","description":"دو موئلفه ی بزرگ در بعد اخلاق شهروند- روزنامه‌نگاری چیست؟","answers":[{"id":"1485","description":"احترام به مخاطب و دقت در انتشار اخبار","iscorrect":0},{"id":"1486","description":"مسئولیت پذیر بودن و دوری از احساساتی و جوگیر شدن در انتشار اخبار","iscorrect":1},{"id":"1487","description":"انتشار اخبار بدون منبع معتبر و احترام به مخاطب","iscorrect":0},{"id":"1488","description":"هیچکدام","iscorrect":0}]},{"id":"417","description":"خبر فوت یکی از مقامات بلندپایه ی ایران را در حساب توییتر یکی از دوستانتان دیده‌اید:","answers":[{"id":"1489","description":"خبر را بدون هیچ معطلی ای منتشر می کنم.","iscorrect":0},{"id":"1490","description":"خبر را در وبلاگ های دیگر جستجو می کنم و سپس آن را منتشر می کنم.","iscorrect":0},{"id":"1491","description":"خبر را تا اطمینان کامل از آن منتشر نمی کنم.","iscorrect":1},{"id":"1492","description":"به دلیل کم اهمیت بودن آن، از کنار این خبر می گذرم.","iscorrect":0}]}]}]},{"name":"هوکس ها، دروغ یا شوخی؟","id":"74","contentorder":"15","lesson_number":8,"type":0,"filename":"lesson74.html"},{"name":"هوکس ها، دروغ یا شوخی؟","id":"155","contentorder":"16","type":1,"set":[{"score":"60","questions":[{"id":"401","description":"هوکس هایی که باور می شوند و تاثیرگذاری بیشتری دارند معمولا چه مشخصاتی دارند؟","answers":[{"id":"1430","description":"موضوعشان باب روز جامعه است.","iscorrect":0},{"id":"1431","description":"به راحتی از طریق رسانه ی مناسبی انتقال می یابند.","iscorrect":0},{"id":"1432","description":"همه موارد فوق.","iscorrect":1},{"id":"1429","description":"قالبی جدی دارند.","iscorrect":0}]},{"id":"400","description":"هوکس چیست؟","answers":[{"id":"1428","description":"هر خبر دروغی که داری اثرات سوء اخلاقی باشد.","iscorrect":0},{"id":"1427","description":"خبری است غیر واقعی که به قصد شوخی ساخته می شود و عوارض سو اخلاقی ندارد.","iscorrect":0},{"id":"1425","description":"هرخبری که واقعی نباشد هوکس نامیده می شود.","iscorrect":0},{"id":"1426","description":"هوکس دروغی است که آگاهانه و به قصد فریب یا شوخی کردن با کسانی ساخته می شود که احتمالا آن را باور می کنند.","iscorrect":1}]},{"id":"402","description":"آیا هوکس هایی که صرفا برای شوخی کردن ساخته می شوند الزاما از لحاظ اخلاقی مجازند؟","answers":[{"id":"1434","description":"خیر","iscorrect":1},{"id":"1433","description":"بله","iscorrect":0}]}]},{"score":"60","questions":[{"id":"403","description":"از نقطه نظر انتشار هوکس ها، تفاوت اساسی اینترنت به عنوان یک رسانه با سایر رسانه های جمعی (رادیو، تلویزیون، روزنامه و...) چیست؟","answers":[{"id":"1438","description":"بیشتر کاربران اینترنت قشر جوان هستند.","iscorrect":0},{"id":"1436","description":"اینترنت رسانه ای ارزان و در دسترس همگان است.","iscorrect":0},{"id":"1437","description":"اینترنت طیف بسیار وسیعی از مخاطبان را در بر می گیرد.","iscorrect":0},{"id":"1435","description":"در اینترنت امکان انتشار مطلب با هویت کاملا پنهان به راحتی میسر است.","iscorrect":1}]},{"id":"405","description":"در کدام تاریخ احتمال مواجه شدن با یک هوکس در رسانه های معتبر بیشتر وجود دارد؟","answers":[{"id":"1446","description":"اول آوریل","iscorrect":1},{"id":"1445","description":"سیزدهم مارس","iscorrect":0},{"id":"1444","description":"اول ژانویه","iscorrect":0},{"id":"1443","description":"یازدهم دسامبر","iscorrect":0}]},{"id":"404","description":"از میان گزینه های زیر، کدامیک راهکار مناسبی برای کشف هوکس نیست؟","answers":[{"id":"1441","description":"جستجو برای نام کسی که خبر را منتشر کرده است و نیت وی از انتشار آن.","iscorrect":1},{"id":"1440","description":"دقیق نگاه کردن به شمایل و ساختار وب سایتی که خبر را منتشر کرده است.","iscorrect":0},{"id":"1439","description":"چک کردن پیشینه ی منبع خبر.","iscorrect":0},{"id":"1442","description":"جستجوی بخشی از متن خبر توسط موتور جستجو.","iscorrect":0}]}]}]},{"name":"لینکدونی ها، استفاده ها و سواستفاده ها","id":"75","contentorder":"17","lesson_number":9,"type":0,"filename":"lesson75.html"},{"name":"لینکدونی ها، استفاده ها و سواستفاده ها","id":"157","contentorder":"18","type":1,"set":[{"score":"60","questions":[{"id":"406","description":"لینکدونی وبلاگی با بلاگ چرخان چه تفاوت اساسی ای دارد؟","answers":[{"id":"1450","description":"بلاگ چرخان اعتبار رسانه ای دارد اما لینکدونی ندارد.","iscorrect":0},{"id":"1449","description":"بلاگ چرخان ترتیب به روز شدن مطالب را نشان می دهد اما لینکدونی معمولی خیر.","iscorrect":0},{"id":"1448","description":"لینکدونی وبلاگی در وبلاگ استفاده می شود و بلاگ چرخان در سایت ها.","iscorrect":1},{"id":"1447","description":"تفاوتی اساسی ندارد.","iscorrect":0}]},{"id":"407","description":"تفاوت عمده ی لینکدونی هایی نظیر سایت بالاترین و دیگ (digg) با نمونه های قبلی (همچون صبحانه، هفتان و بلاگ نیوز) چیست؟","answers":[{"id":"1454","description":"ایجاد شرایط کاملا برابر برای همه ی سلیقه ها و راضی نگه داشتن آنها","iscorrect":0},{"id":"1451","description":"تعداد بازدید بیشتر","iscorrect":0},{"id":"1452","description":"اعتبار بالاتر","iscorrect":0},{"id":"1453","description":"روند دموکراتیک تر برای انتخاب و نمایش لینک ها","iscorrect":1}]},{"id":"408","description":"کدام گزینه جزو رایج ترین موارد سوء استفاده غیر اخلاقی از لینکدونی های عمومی است؟","answers":[{"id":"1456","description":"تهمت و توهین","iscorrect":0},{"id":"1457","description":"انتخاب تیتر یا توضیح نادرست","iscorrect":0},{"id":"1455","description":"دیکتاتوری اکثریت","iscorrect":0},{"id":"1458","description":"همه ی موارد","iscorrect":1}]}]},{"score":"60","questions":[{"id":"409","description":"فرض کنید در یک وبلاگ به چنین لینک و توضیحی برمی خوریم: «حسین درخشان پس از همکاری با رژیم آزاد شد/ توی این عکس که چاق و چله تر از قبلشه» چرا این یک نمونه سو استفاده غیر اخلاقی از امکانات لینکدونی است؟","answers":[{"id":"1462","description":"چون در تیتر و توضیح لینک مطلبی را القا می کند که با محتوای لینک داده شده همخوانی ندارد.","iscorrect":1},{"id":"1461","description":"چون لینک به جای نامناسبی ارجاع داده شده است.","iscorrect":0},{"id":"1460","description":"چون به چاقی یک فرد اشاره و او را مسخره کرده است.","iscorrect":0},{"id":"1459","description":"به خاطر اینکه توهین آمیز است.","iscorrect":0}]},{"id":"410","description":"آیا از لحاظ اخلاقی یک وبلاگ نویس مجاز است هر توضیحی را برای یک لینک که به آدرس درستی اشاره می کند به کار گیرد؟","answers":[{"id":"1463","description":"بله","iscorrect":0},{"id":"1464","description":"خیر","iscorrect":1}]},{"id":"411","description":"با جستجو در اینترنت مشخص کنید کدامیک از سایت های زیر ابزار بهتری برای ایجاد یک لینکدونی در یک وبلاگ را به کاربران ارائه می دهند؟","answers":[{"id":"1467","description":"یاهو","iscorrect":0},{"id":"1468","description":"بی بی سی","iscorrect":0},{"id":"1465","description":"گوگل ریدر","iscorrect":1},{"id":"1466","description":"فیس بوک","iscorrect":0}]}]}]}]}