{"courseId":"116","contents":[{"name":"درس ۱: مشخصات صدا و سرآغاز تئوری موسیقی","id":"966","contentorder":"1","lesson_number":1,"type":0,"filename":"lesson966.html"},{"name":"درس ۲: نت‌ها،سکوت‌ها، خط اتحاد و نقطه","id":"967","contentorder":"2","lesson_number":2,"type":0,"filename":"lesson967.html"},{"name":"درس ۳: آشنایی با انواع کسر میزان‌ها و تاکید","id":"968","contentorder":"3","lesson_number":3,"type":0,"filename":"lesson968.html"},{"name":"درس ۴: سنکوپ، ضد ضرب و سرآغاز فاصله","id":"969","contentorder":"4","lesson_number":4,"type":0,"filename":"lesson969.html"},{"name":"درس ۵: معرفی فواصل ساده و ترکیبی","id":"970","contentorder":"5","lesson_number":5,"type":0,"filename":"lesson970.html"},{"name":"درس ۶: گام، تنالیته و انواع آنها","id":"971","contentorder":"6","lesson_number":6,"type":0,"filename":"lesson971.html"},{"name":"درس ۷: سخنی با هنرآموز موسیقی","id":"972","contentorder":"7","lesson_number":7,"type":0,"filename":"lesson972.html"},{"name":"آشنایی با تئوری موسیقی","id":"1601","contentorder":"8","type":1,"set":[{"score":"50","questions":[{"id":"6997","description":"اولین علامتی که بر روی حامل‌ها و در سمت چپ قبل از نت‌ها می‌آید چیست؟","answers":[{"id":"26458","description":"کلید","iscorrect":1},{"id":"26459","description":"کسر میزان","iscorrect":0},{"id":"26460","description":"خط‌های اضافه","iscorrect":0},{"id":"26461","description":"حامل مضاعف","iscorrect":0}]},{"id":"6998","description":"به اختلاف دو نت از لحاظ زیر و بمی ............ می‌گویند.","answers":[{"id":"26462","description":"پرده","iscorrect":0},{"id":"26463","description":"فاصله","iscorrect":1},{"id":"26464","description":"حامل","iscorrect":0},{"id":"26465","description":"اکتاو","iscorrect":0}]},{"id":"6999","description":"اکتاو چیست؟","answers":[{"id":"26466","description":"نسبت فرکانس دو نت همنام","iscorrect":1},{"id":"26467","description":"نسبت فرکانس دو نت متوالی","iscorrect":0},{"id":"26468","description":"نسبت فرکانس دو نت غیر همنام","iscorrect":0},{"id":"26469","description":"نسبت فرکانس دو نت بم","iscorrect":0}]},{"id":"7000","description":"به فواصلی که تا یک اکتاو پیش روند فواصل ............ می‌گویند.","answers":[{"id":"26470","description":"ترکیبی","iscorrect":0},{"id":"26471","description":"هامویک","iscorrect":0},{"id":"26472","description":"ملودیک","iscorrect":0},{"id":"26473","description":"ساده","iscorrect":1}]},{"id":"7001","description":"در گام چه چیز بسیار اهمیت دارد؟","answers":[{"id":"26474","description":"تعداد نت‌های اکتاو و فاصلهبین آنها","iscorrect":0},{"id":"26475","description":"تعداد نت‌های آنهارمونیک و فاصله بین آنها","iscorrect":0},{"id":"26476","description":"تعداد نت‌های پیاپی و فاصله بین آنها","iscorrect":1},{"id":"26477","description":"تعداد نت‌ها و فاصله بین آنها اهمیتی ندارد.","iscorrect":0}]},{"id":"7002","description":"گام‌های ماژور دارای شخصیت ........ و ........ هستند.","answers":[{"id":"26478","description":"شاد و ترسناک","iscorrect":0},{"id":"26479","description":"شاد و غمگین","iscorrect":0},{"id":"26480","description":"شاد و خشن","iscorrect":1},{"id":"26481","description":"شاد و ساده","iscorrect":0}]},{"id":"7003","description":"به صورت طبیعی چند نیم پرده در موسیقی داریم؟","answers":[{"id":"26482","description":"۱۰","iscorrect":0},{"id":"26483","description":"۲","iscorrect":1},{"id":"26484","description":"۸","iscorrect":0},{"id":"26485","description":"۳","iscorrect":0}]},{"id":"7004","description":"هنگامی که در ضرب‌های قوی و نیمه قوی سکوت پدیدار شود، آن حالت را .......... می‌گوییم.","answers":[{"id":"26486","description":"ضدضرب","iscorrect":1},{"id":"26487","description":"سنکوپ","iscorrect":0},{"id":"26488","description":"تاکید","iscorrect":0},{"id":"26489","description":"گام","iscorrect":0}]},{"id":"7005","description":"وظیفه نقطه چیست؟","answers":[{"id":"26490","description":"امتداد دادن دیرند نت","iscorrect":0},{"id":"26491","description":"امتداد دادن دیرند سکوت","iscorrect":0},{"id":"26492","description":"موارد اول و دوم","iscorrect":1},{"id":"26493","description":"هیچکدام","iscorrect":0}]},{"id":"7006","description":"............ ساز ویلن و فلوت با هم متفاوت است.","answers":[{"id":"26494","description":"طنین و رنگ","iscorrect":1},{"id":"26495","description":"نواک","iscorrect":0},{"id":"26496","description":"شدت","iscorrect":0},{"id":"26497","description":"دیرند","iscorrect":0}]}]},{"score":"50","questions":[{"id":"7007","description":"وظیفهخط اتحاد چیست؟","answers":[{"id":"26498","description":"کم کردن صدا","iscorrect":0},{"id":"26499","description":"زیاد کردن صدا","iscorrect":0},{"id":"26500","description":"متحد کردن میزان‌ها","iscorrect":0},{"id":"26501","description":"متحد کردن نت‌ها","iscorrect":1}]},{"id":"7008","description":"به ردیفی از نت‌ها که پشت سر هم می‌آیند .......... می‌گویند.","answers":[{"id":"26502","description":"کسر میزان","iscorrect":0},{"id":"26503","description":"خطوط حامل","iscorrect":0},{"id":"26504","description":"گام","iscorrect":1},{"id":"26505","description":"تنالیته","iscorrect":0}]},{"id":"7009","description":"خط‌های اضافه با حامل .......... هستند.","answers":[{"id":"26506","description":"موازی","iscorrect":1},{"id":"26507","description":"مساوی","iscorrect":0},{"id":"26508","description":"مخالف","iscorrect":0},{"id":"26509","description":"قائم","iscorrect":0}]},{"id":"7010","description":"ادامه یافتن ضرب‌های ضعیف بر روی ضرب‌های قوی را ........... می‌گویند.","answers":[{"id":"26510","description":"ضدضرب","iscorrect":0},{"id":"26511","description":"تنالیته","iscorrect":0},{"id":"26512","description":"گام","iscorrect":0},{"id":"26513","description":"سنکوپ","iscorrect":1}]},{"id":"7011","description":"مد چیست؟","answers":[{"id":"26514","description":"الگوی سازنده میزان","iscorrect":0},{"id":"26515","description":"الگوی سازنده حامل","iscorrect":0},{"id":"26516","description":"الگوی سازنده ضرب","iscorrect":0},{"id":"26517","description":"الگوی سازنده گام","iscorrect":1}]},{"id":"7012","description":"تعداد نت‌ها در میزان چگونه مشخص می‌شود؟","answers":[{"id":"26518","description":"صورت کسر میزان","iscorrect":0},{"id":"26519","description":"مخرج کسر میزان","iscorrect":0},{"id":"26520","description":"به کسر میزان مربوط نیست.","iscorrect":0},{"id":"26521","description":"موارد اول و دوم","iscorrect":1}]},{"id":"7013","description":"دفتر نتی که آهنگساز در آن موسیقی را می‌نویسد چه نام دارد؟","answers":[{"id":"26522","description":"دفتر نت","iscorrect":0},{"id":"26523","description":"دفتر موسیقی","iscorrect":0},{"id":"26524","description":"دفتر","iscorrect":0},{"id":"26525","description":"پارتیتور","iscorrect":1}]},{"id":"7014","description":"سنکوپ شکسته چگونه ساخته می‌شود؟","answers":[{"id":"26526","description":"از متحد شدن نت‌های هم‌شکل","iscorrect":0},{"id":"26527","description":"از متحد شدن نت‌های غیر همزمان","iscorrect":1},{"id":"26528","description":"از متحد شدن تمامی نت‌ها","iscorrect":0},{"id":"26529","description":"موارد اول و دوم","iscorrect":0}]},{"id":"7015","description":"خط قائمی که میزان‌ها را از هم جدا می کند .......... نام دارد.","answers":[{"id":"26530","description":"خط میزان","iscorrect":1},{"id":"26531","description":"کسر میزان","iscorrect":0},{"id":"26532","description":"کلید","iscorrect":0},{"id":"26533","description":"خط‌های اضافه","iscorrect":0}]},{"id":"7016","description":"حامل‌های مضاعف برای چه سازهایی کاربرد دارند؟","answers":[{"id":"26534","description":"سازهایی که میدان صدایی کمی دارند.","iscorrect":0},{"id":"26535","description":"سازهایی که میدان صدایی زیادی دارند.","iscorrect":1},{"id":"26536","description":"سازهایی که صدایی قوی دارند.","iscorrect":0},{"id":"26537","description":"سازهایی که صدایی ضعیف دارند.","iscorrect":0}]}]}]}]}