{"courseId":"39","contents":[{"name":"آشنایی با انیمیشن","id":"272","contentorder":"1","lesson_number":1,"type":0,"filename":"lesson272.html"},{"name":"تاریخچه انیمیشن","id":"273","contentorder":"2","lesson_number":2,"type":0,"filename":"lesson273.html"},{"name":"تاریخچه انیمیشن","id":"452","contentorder":"3","type":1,"set":[{"score":"60","questions":[{"id":"1347","description":"انیمیشن بتی باپ ساخته کدام کمپانی است؟","answers":[{"id":"5186","description":"کمپانی فلیشر","iscorrect":1},{"id":"5187","description":"کمپانی دیزنی","iscorrect":0},{"id":"5188","description":"کمپانی پارامونت","iscorrect":0},{"id":"5189","description":"کمپانی برادران وارنر","iscorrect":0}]},{"id":"1348","description":"کدام یک از شخصیت های کارتونی زیر برای دهن کجی به اصول کمپانی دیزنی ساخته شد؟","answers":[{"id":"5190","description":"ملوان زبل","iscorrect":0},{"id":"5191","description":"دافی داک","iscorrect":0},{"id":"5192","description":"باگزبانی","iscorrect":1},{"id":"5193","description":"میکی موس","iscorrect":0}]},{"id":"1349","description":"انیمیشن در کدام یک از کشورهای زیر بر پایه تئاتر عروسکی شکل گرفت؟","answers":[{"id":"5194","description":"چکسلواکی سابق","iscorrect":1},{"id":"5195","description":"لهستان","iscorrect":0},{"id":"5196","description":"مجارستان","iscorrect":0},{"id":"5197","description":"ایتالیا","iscorrect":0}]}]},{"score":"60","questions":[{"id":"1350","description":"انیمیشن رویای کریسمس اثر کدام هنرمند است؟","answers":[{"id":"5198","description":"یان شوانکمایر","iscorrect":0},{"id":"5199","description":"یرژی ترنکا","iscorrect":0},{"id":"5200","description":"کارل زمان","iscorrect":1},{"id":"5201","description":"کارل دودال","iscorrect":0}]},{"id":"1351","description":"کدام یک از استودیوهای زیر در یوگسلاوی سابق شکل گرفت؟","answers":[{"id":"5202","description":"ویبا فیلم","iscorrect":0},{"id":"5203","description":"زاگرب فیلم","iscorrect":0},{"id":"5204","description":"دونا فیلم","iscorrect":0},{"id":"5205","description":"هر سه مورد","iscorrect":1}]},{"id":"1352","description":"استفاده از خطوط و طرح های ساده برای بیان مفاهیم عمیق، مهمترین مشخصه انیمیشن کدامیک از کشورهای زیر است؟","answers":[{"id":"5206","description":"آمریکا","iscorrect":0},{"id":"5207","description":"چک","iscorrect":0},{"id":"5208","description":"ایتالیا","iscorrect":0},{"id":"5209","description":"یوگسلاوی سابق","iscorrect":1}]}]}]},{"name":"انیمیشن ژاپن","id":"274","contentorder":"4","lesson_number":3,"type":0,"filename":"lesson274.html"},{"name":"انیمیشن ژاپن","id":"454","contentorder":"5","type":1,"set":[{"score":"60","questions":[{"id":"1353","description":"فیلم شمشیر کند اثر کیست؟","answers":[{"id":"5210","description":"هایائو میازاکی","iscorrect":0},{"id":"5211","description":"جانیچی کوچی","iscorrect":1},{"id":"5212","description":"تزوکا","iscorrect":0},{"id":"5213","description":"هیچکدام","iscorrect":0}]},{"id":"1354","description":"هایائو میازاکی در چه سالی به دنیا آمد؟","answers":[{"id":"5214","description":"۱۹۴۱","iscorrect":1},{"id":"5215","description":"۱۹۴۵","iscorrect":0},{"id":"5216","description":"۱۹۴۹","iscorrect":0},{"id":"5217","description":"۱۹۵۳","iscorrect":0}]},{"id":"1355","description":"کدام فیلم میازاکی کاندید دریافت جایزه اسکار شد؟","answers":[{"id":"5218","description":"قلعه متحرک هاول","iscorrect":1},{"id":"5219","description":"شاهزاده مونونوکه","iscorrect":0},{"id":"5220","description":"پونیو","iscorrect":0},{"id":"5221","description":"شهر اشباح","iscorrect":0}]}]},{"score":"60","questions":[{"id":"1356","description":"فیلم قصر کالیسترو در چه سالی به نمایش درآمد؟","answers":[{"id":"5222","description":"۱۹۱۷","iscorrect":0},{"id":"5223","description":"۱۹۷۹","iscorrect":1},{"id":"5224","description":"۱۹۸۹","iscorrect":0},{"id":"5225","description":"۲۰۰۱","iscorrect":0}]},{"id":"1357","description":"کدامیک از ویژگی های زیر جز صفات بارز مانگاهاست؟","answers":[{"id":"5226","description":"چشمان درشت","iscorrect":0},{"id":"5227","description":"حرکات اغراق شده","iscorrect":0},{"id":"5228","description":"رنگ های تند","iscorrect":0},{"id":"5229","description":"هر سه مورد","iscorrect":1}]},{"id":"1358","description":"انیمیشن ژاپن از چه دهه ای با اقبال جهانی رو به رو شد؟","answers":[{"id":"5230","description":"دهه سی میلادی","iscorrect":0},{"id":"5231","description":"دهه پنجاه میلادی","iscorrect":0},{"id":"5232","description":"دهه هفتاد میلادی","iscorrect":1},{"id":"5233","description":"دهه نود میلادی","iscorrect":0}]}]}]},{"name":"شیوه های ساخت انیمیشن","id":"275","contentorder":"6","lesson_number":4,"type":0,"filename":"lesson275.html"},{"name":"شیوه های ساخت انیمیشن","id":"456","contentorder":"7","type":1,"set":[{"score":"60","questions":[{"id":"1359","description":"انیمیشن لاواتوری در چه سبکی ساخته شده است؟","answers":[{"id":"5234","description":"انیمیشن روی کاغذ","iscorrect":1},{"id":"5235","description":"کات اوت","iscorrect":0},{"id":"5236","description":"پیکسلیشن","iscorrect":0},{"id":"5237","description":"انیمیشن عروسکی","iscorrect":0}]},{"id":"1360","description":"در کدامیک از انیمیشن های زیر بیش از دو سبک به کار رفته است؟","answers":[{"id":"5238","description":"بالانس","iscorrect":0},{"id":"5239","description":"میکی موس","iscorrect":0},{"id":"5240","description":"غذا","iscorrect":1},{"id":"5241","description":"بتی باپ","iscorrect":0}]},{"id":"1361","description":"انیمیشن ساوت پارک در چه سبکی است؟","answers":[{"id":"5242","description":"انیمیشن روی کاغذ","iscorrect":0},{"id":"5243","description":"استاپ موشن","iscorrect":0},{"id":"5244","description":"انیمشن با شن","iscorrect":0},{"id":"5245","description":"کات اوت","iscorrect":1}]}]},{"score":"60","questions":[{"id":"1362","description":"انیمیشن غذا اثر کدام هنرمند است؟","answers":[{"id":"5246","description":"براتیسلاو پوجار","iscorrect":0},{"id":"5247","description":"یان شوانکمایر","iscorrect":1},{"id":"5248","description":"تیم برتون","iscorrect":0},{"id":"5249","description":"یرژی ترنکا","iscorrect":0}]},{"id":"1363","description":"انیمیشن ساوت پارک در کدام کشور زیر ساخته می شود؟","answers":[{"id":"5250","description":"چک","iscorrect":0},{"id":"5251","description":"آمریکا","iscorrect":1},{"id":"5252","description":"ایتالیا","iscorrect":0},{"id":"5253","description":"روسیه","iscorrect":0}]},{"id":"1364","description":"انیمیشن روتو موشن در چه سبکی است؟","answers":[{"id":"5254","description":"استاپ موشن","iscorrect":0},{"id":"5255","description":"کات اوت","iscorrect":0},{"id":"5256","description":"روتوسکپی","iscorrect":1},{"id":"5257","description":"سه بعدی کامپیوتری","iscorrect":0}]}]}]},{"name":"کارگردانان صاحب سبک- بخش اول","id":"276","contentorder":"8","lesson_number":5,"type":0,"filename":"lesson276.html"},{"name":"کارگردانان صاحب سبک- بخش اول","id":"458","contentorder":"9","type":1,"set":[{"score":"60","questions":[{"id":"1365","description":"فیلم های انیمیشنی آدام الیوت در چه سبکی است؟","answers":[{"id":"5258","description":"انیمیشن روی طلق","iscorrect":0},{"id":"5259","description":"پکسیلیشن","iscorrect":0},{"id":"5260","description":"استاپ موشن","iscorrect":1},{"id":"5261","description":"کامپیوتری سه بعدی","iscorrect":0}]},{"id":"1366","description":"کدامیک از فیلم های زیر متعلق به تیم برتون است؟","answers":[{"id":"5262","description":"Corpse Bride","iscorrect":1},{"id":"5263","description":"Hand","iscorrect":0},{"id":"5264","description":"Food","iscorrect":0},{"id":"5265","description":"Harvie Krumpet","iscorrect":0}]},{"id":"1367","description":"یان شوانکمابیر اهل کدام کشور است؟","answers":[{"id":"5266","description":"چک","iscorrect":1},{"id":"5267","description":"لهستان","iscorrect":0},{"id":"5268","description":"مجارستان","iscorrect":0},{"id":"5269","description":"آلمان","iscorrect":0}]}]},{"score":"60","questions":[{"id":"1368","description":"کدامیک از فیلم های زیر متعلق به شوانکمایر است؟","answers":[{"id":"5270","description":"Alice","iscorrect":0},{"id":"5271","description":"Faust","iscorrect":0},{"id":"5272","description":"Food","iscorrect":0},{"id":"5273","description":"همه موارد","iscorrect":1}]},{"id":"1369","description":"نیک پارک اهل کدام کشور است؟","answers":[{"id":"5274","description":"چک","iscorrect":0},{"id":"5275","description":"آمریکا","iscorrect":0},{"id":"5276","description":"استرالیا","iscorrect":0},{"id":"5277","description":"انگلیس","iscorrect":1}]},{"id":"1370","description":"انیمیشن The Lion And The Song را چه کسی ساخته است؟","answers":[{"id":"5278","description":"یان شوانکمایر","iscorrect":0},{"id":"5279","description":"براتیسلاو پوژار","iscorrect":1},{"id":"5280","description":"تیم برتون","iscorrect":0},{"id":"5281","description":"نیک پارک","iscorrect":0}]}]}]},{"name":"کارگردانان صاحب سبک- بخش دوم","id":"277","contentorder":"10","lesson_number":6,"type":0,"filename":"lesson277.html"},{"name":"کارگردانان صاحب سبک- بخش دوم","id":"462","contentorder":"11","type":1,"set":[{"score":"60","questions":[{"id":"1377","description":"انیمیشن Europe & Italy ساخته کیست؟","answers":[{"id":"5306","description":"پل درایسن","iscorrect":0},{"id":"5307","description":"برونو بوزتو","iscorrect":1},{"id":"5308","description":"الکساندر پتروف","iscorrect":0},{"id":"5309","description":"بیل پلیمتون","iscorrect":0}]},{"id":"1378","description":"بیل پیلیمتون در کدام یک از نشریات زیر کار می کرد؟","answers":[{"id":"5310","description":"رولینگ استون","iscorrect":0},{"id":"5311","description":"نیویورک تایمز","iscorrect":0},{"id":"5312","description":"گلیمور","iscorrect":0},{"id":"5313","description":"همه موارد","iscorrect":1}]},{"id":"1379","description":"پل درایسن اهل کدام کشور است؟","answers":[{"id":"5314","description":"آمریکا","iscorrect":0},{"id":"5315","description":"هلند","iscorrect":1},{"id":"5316","description":"ایتالیا","iscorrect":0},{"id":"5317","description":"فرانسه","iscorrect":0}]}]},{"score":"60","questions":[{"id":"1380","description":"برونو بوزتو کمپانی انیمیشن سازی خود را در کدام شهر بنا کرد؟","answers":[{"id":"5318","description":"میلان","iscorrect":1},{"id":"5319","description":"ونیز","iscorrect":0},{"id":"5320","description":"آمستردام","iscorrect":0},{"id":"5321","description":"لندن","iscorrect":0}]},{"id":"1381","description":"کدامیک از فیلم های زیر برنده جایزه اسکار شده است؟","answers":[{"id":"5322","description":"Hot Dog","iscorrect":0},{"id":"5323","description":"The Old Man and the Sea","iscorrect":1},{"id":"5324","description":"Two Castles","iscorrect":0},{"id":"5325","description":"The Killing of an Egg","iscorrect":0}]},{"id":"1382","description":"مجموعه انیمیشن های آقای روسی متعلق به کدام انیماتور زیر است؟","answers":[{"id":"5326","description":"الکساندر پتروف","iscorrect":0},{"id":"5327","description":"برونو بوزتو","iscorrect":1},{"id":"5328","description":"والت دیزنی","iscorrect":0},{"id":"5329","description":"آدام الیوت","iscorrect":0}]}]}]},{"name":"انیمیشن های کوتاه (جشنواره ای)","id":"278","contentorder":"12","lesson_number":7,"type":0,"filename":"lesson278.html"},{"name":"انیمیشن های کوتاه (جشنواره ای)","id":"464","contentorder":"13","type":1,"set":[{"score":"60","questions":[{"id":"1383","description":"انیمیشن مادام توتلی پوتلی در چه سبکی ساخته شده است؟","answers":[{"id":"5330","description":"استاپ موشن","iscorrect":1},{"id":"5331","description":"انيميشن روی کاغذ","iscorrect":0},{"id":"5332","description":"انیمیشن روی شیشه","iscorrect":0},{"id":"5333","description":"پیکسلیشن","iscorrect":0}]},{"id":"1384","description":"شاعر دانمارکی اثر کیست؟","answers":[{"id":"5334","description":"کریس لویز","iscorrect":0},{"id":"5335","description":"مایکل دودوک ویت","iscorrect":0},{"id":"5336","description":"توریل کوو","iscorrect":1},{"id":"5337","description":"برادران لونشتاین","iscorrect":0}]},{"id":"1385","description":"کدام یک از انیمیشن های زیر کاندید دریافت جایزه اسکار شده است؟","answers":[{"id":"5338","description":"تعادل","iscorrect":0},{"id":"5339","description":"راهب و ماهی","iscorrect":0},{"id":"5340","description":"مادام توتلی پوتلی","iscorrect":0},{"id":"5341","description":"گزینه دوم و سوم","iscorrect":1}]}]},{"score":"60","questions":[{"id":"1386","description":"کدام یک از انیمیشن های زیر برنده جایزه اسکار شده است؟","answers":[{"id":"5342","description":"تعادل","iscorrect":1},{"id":"5343","description":"راهب و ماهی","iscorrect":0},{"id":"5344","description":"مادام توتلی پوتلی","iscorrect":0},{"id":"5345","description":"مفهوم زندگی","iscorrect":0}]},{"id":"1387","description":"انیمیشن مفهوم زندگی اثر کیست؟","answers":[{"id":"5346","description":"برادران لونشتاین","iscorrect":0},{"id":"5347","description":"برادران کویی","iscorrect":0},{"id":"5348","description":"دون هرتزفیلد","iscorrect":1},{"id":"5349","description":"توریل کوو","iscorrect":0}]},{"id":"1388","description":"انیمیشن خیابان کروکدیل ها در چه سبکی است؟","answers":[{"id":"5350","description":"استاپ موشن","iscorrect":1},{"id":"5351","description":"انیمیشن روی طلق","iscorrect":0},{"id":"5352","description":"دو بعدی کامپیوتری","iscorrect":0},{"id":"5353","description":"کات اوت","iscorrect":0}]}]}]},{"name":"فیلم های بلند و سریال های انیمیشنی","id":"279","contentorder":"14","lesson_number":8,"type":0,"filename":"lesson279.html"},{"name":"فیلم های بلند و سریال های انیمیشنی","id":"466","contentorder":"15","type":1,"set":[{"score":"60","questions":[{"id":"1389","description":"انیمیشن پلنگ صورتی ساخته کیست؟","answers":[{"id":"5354","description":"مت گرونینگ","iscorrect":0},{"id":"5355","description":"تری پارکر","iscorrect":0},{"id":"5356","description":"مت استون","iscorrect":0},{"id":"5357","description":"فریز فرلنگ","iscorrect":1}]},{"id":"1390","description":"چند قسمت از انیمیشن مورچه و مورچه خوار ساخته شده است؟","answers":[{"id":"5358","description":"بیست و هفت","iscorrect":0},{"id":"5359","description":"سی و هفت","iscorrect":0},{"id":"5360","description":"صد و هفده","iscorrect":0},{"id":"5361","description":"هفده","iscorrect":1}]},{"id":"1391","description":"آقای هنکی شخصیت کدام مجموعه است؟","answers":[{"id":"5362","description":"سیمپسون ها","iscorrect":0},{"id":"5363","description":"بازرس","iscorrect":0},{"id":"5364","description":"ساوت پارک","iscorrect":1},{"id":"5365","description":"فامیلی گای","iscorrect":0}]}]},{"score":"60","questions":[{"id":"1392","description":"ساخت اولین قسمت ساوت پارک چقدر به طول انجامید؟","answers":[{"id":"5366","description":"یک سال","iscorrect":0},{"id":"5367","description":"شش ماه","iscorrect":0},{"id":"5368","description":"سه ماه","iscorrect":1},{"id":"5369","description":"سه هفته","iscorrect":0}]},{"id":"1393","description":"انیمیشن سیمپسون ها ساخته کیست؟","answers":[{"id":"5370","description":"مت گرونینگ","iscorrect":1},{"id":"5371","description":"تری پارکر","iscorrect":0},{"id":"5372","description":"تری ویلیلم","iscorrect":0},{"id":"5373","description":"تریسی اولمن","iscorrect":0}]},{"id":"1394","description":"کدام یک از انیمیشن های زیر محصول آمریکاست؟","answers":[{"id":"5374","description":"ساوت پارک","iscorrect":0},{"id":"5375","description":"سیمپسون ها","iscorrect":0},{"id":"5376","description":"بازرس","iscorrect":0},{"id":"5377","description":"همه موارد","iscorrect":1}]}]}]},{"name":"انیمیشن در ایران","id":"280","contentorder":"16","lesson_number":9,"type":0,"filename":"lesson280.html"}]}