{"courseId":"42","contents":[{"name":"مقدمه- رزومه چیست و بر چند نوع است؟","id":"306","contentorder":"1","lesson_number":1,"type":0,"filename":"lesson306.html"},{"name":"درس ۱- ساختار رزومه و شیوه نگارش آن","id":"307","contentorder":"2","lesson_number":2,"type":0,"filename":"lesson307.html"},{"name":"درس ۲- اطلاعات شخصی","id":"308","contentorder":"3","lesson_number":3,"type":0,"filename":"lesson308.html"},{"name":"درس ۳- تحصیلات","id":"309","contentorder":"4","lesson_number":4,"type":0,"filename":"lesson309.html"},{"name":"درس ۴- سوابق کاری","id":"310","contentorder":"5","lesson_number":5,"type":0,"filename":"lesson310.html"},{"name":"درس ۵- مقالات و مطالب منتشر شده","id":"311","contentorder":"6","lesson_number":6,"type":0,"filename":"lesson311.html"},{"name":"درس ۶- مهارت ها","id":"312","contentorder":"7","lesson_number":7,"type":0,"filename":"lesson312.html"},{"name":"درس ۷- زبان های خارجی","id":"313","contentorder":"8","lesson_number":8,"type":0,"filename":"lesson313.html"},{"name":"درس ۸- علاقه مندی ها","id":"314","contentorder":"9","lesson_number":9,"type":0,"filename":"lesson314.html"},{"name":"درس ۹- اطلاعات متفرقه و معرف ها (نمایشگاه ها، کنفرانس ها، افتخارات و...)","id":"315","contentorder":"10","lesson_number":10,"type":0,"filename":"lesson315.html"},{"name":"درس ۱۰- نبایدها","id":"316","contentorder":"11","lesson_number":11,"type":0,"filename":"lesson316.html"},{"name":"درس ۱۱- نمونه کار و نامه درخواست","id":"317","contentorder":"12","lesson_number":12,"type":0,"filename":"lesson317.html"},{"name":"درس ۱۲- پروفایل های آنلاین و شبکه های اجتماعی","id":"318","contentorder":"13","lesson_number":13,"type":0,"filename":"lesson318.html"},{"name":"چگونه روزمه بنویسیم؟","id":"478","contentorder":"14","type":1,"set":[{"score":"50","questions":[{"id":"1427","description":"یک رزومه باید حداکثر چند صفحه باشد؟","answers":[{"id":"5506","description":"یک صفحه A4","iscorrect":0},{"id":"5507","description":"دو صفحه A4","iscorrect":1},{"id":"5508","description":"تعداد صفحه ها اهمیت ندارد و به میزان اطلاعات هر فرد بستگی دارد.","iscorrect":0}]},{"id":"1428","description":"یک رزومه شامل کدام یک از بخش های زیر نمی شود؟","answers":[{"id":"5509","description":"اطلاعات شخصی و تحصیلی","iscorrect":0},{"id":"5510","description":"سوابق کاری و مهارت های کاربردی","iscorrect":0},{"id":"5511","description":"خصوصیات ظاهری و اخلاقیات فردی","iscorrect":1}]},{"id":"1429","description":"کدام گزینه در مورد رزومه درست نیست؟","answers":[{"id":"5512","description":"مجموعه اطلاعات و مشخصات یک فرد که برای ارسال به کارفرما تهیه می شود.","iscorrect":0},{"id":"5513","description":"مدرکی است که حتما باید از طریق یک نهاد رسمی صادر شود.","iscorrect":1},{"id":"5514","description":"رزومه توسط خود فرد نوشته می شود و اکثرا همراه با یک نامه درخواست به کارفرما ارسال می گردد.","iscorrect":0}]},{"id":"1430","description":"در تنظیم رزومه کدام مورد زیر مطلوب است؟","answers":[{"id":"5515","description":"اگر خواستیم عبارتی را مشخص کنیم از گیومه «» استفاده کنیم.","iscorrect":1},{"id":"5516","description":"از قالب های طرح دار برای رزومه استفاده کنیم و آن را در کاغذ رنگی پرینت بگیریم.","iscorrect":0},{"id":"5517","description":"برای نوشتن موارد مهم از فونت ایتالیک استفاده کنیم یا رنگ فونت را تغییر دهیم.","iscorrect":0}]},{"id":"1431","description":"چرا برای نوشتن رزومه از فونت های رایج استفاده می کنیم؟","answers":[{"id":"5518","description":"دلیل خاصی ندارد و فرقی نمی کند از چه فونتی استفاده کنیم.","iscorrect":0},{"id":"5519","description":"برای زیباسازی بیشتر رزومه","iscorrect":0},{"id":"5520","description":"فونت های رایج به این دلیل استفاده می شوند که در تمام سیستم های کامپیوتر به راحتی خوانده می شوند.","iscorrect":1}]},{"id":"1432","description":"کدام یک از موارد زیر را در قسمت اطلاعات شخصی نمی نویسیم؟","answers":[{"id":"5521","description":"شماره تلفن و آدرس الکترونیکی","iscorrect":0},{"id":"5522","description":"محل تولد و تعداد فرزندان","iscorrect":1},{"id":"5523","description":"آدرس وب سایت یا وبلاگ شخصی","iscorrect":0}]},{"id":"1433","description":"«ترتیب زمانی معکوس» به چه معناست؟","answers":[{"id":"5524","description":"آخرین و تازه ترین مدرک تحصیلی یا سابقه کاری خود را اول بنویسیم و سپس یک به یک از نظر زمانی عقب برویم.","iscorrect":1},{"id":"5525","description":"برای هر سابقه کاری قید کنیم که در چه سنی بوده ایم.","iscorrect":0},{"id":"5526","description":"سن و اطلاعات شخصی را در آخر رزومه بنویسیم.","iscorrect":0}]},{"id":"1434","description":"کدام تاریخ را حتما باید برای هر تجربه کاری قید کنیم؟","answers":[{"id":"5527","description":"تاریخ شروع","iscorrect":0},{"id":"5528","description":"تاریخ پایان","iscorrect":0},{"id":"5529","description":"تاریخ شروع و خاتمه را به صورت ماه و سال","iscorrect":1}]},{"id":"1435","description":"کدام تجربیات کاری را حتما باید در رزومه نوشت؟","answers":[{"id":"5530","description":"تمام سوابق کاری بدون کم و کاست","iscorrect":0},{"id":"5531","description":"تنها 4 تجربه اخیر","iscorrect":0},{"id":"5532","description":"مهمترین و مرتبط ترین سوابق کاری ۱۵-۱۰ سال اخیر","iscorrect":1}]},{"id":"1436","description":"در کدام صورت زیر می توانیم جزئیات پروژه های قبلی خودمان را در رزومه بنویسیم؟","answers":[{"id":"5533","description":"در شرایطی که مدیر پروژه بوده باشیم.","iscorrect":0},{"id":"5534","description":"پروژه مربوط به بخش خصوصی باشد.","iscorrect":0},{"id":"5535","description":"در صورتی که اجازه افشای جزئیات پروژه را از طرف کارفرمای قبلی داشته باشیم.","iscorrect":1}]}]},{"score":"50","questions":[{"id":"1437","description":"کدام گزینه در مورد بخش تحصیلات درست است؟","answers":[{"id":"5536","description":"برای نوشتن مقاطع تحصیلی باید از نام دبستان شروع کنیم.","iscorrect":0},{"id":"5537","description":"ریز نمرات و معدل هر ترم و سال تحصیلی الزامی است.","iscorrect":0},{"id":"5538","description":"برای نوشتن مدارک تحصیلی از ترتیب زمانی معکوس استفاده می کنیم.","iscorrect":1}]},{"id":"1438","description":"در کدام حالت بهتر است بخش تحصیلات قبل از سوابق کاری بیاید؟","answers":[{"id":"5539","description":"حالت خاصی ندارد بلکه بستگی به سلیقه هر فرد دارد.","iscorrect":0},{"id":"5540","description":"وقتی شخص مدرک دکترا داشته باشد.","iscorrect":0},{"id":"5541","description":"وقتی فرد تازه فارغ التحصیل شده و تجربه کاری چندانی ندارد.","iscorrect":1}]},{"id":"1439","description":"اگر از کاری اخراج شده ایم آن را به چه صورت در رزومه منعکس می کنیم؟","answers":[{"id":"5542","description":"کلا آن سابقه کار را از رزومه حذف می کنیم.","iscorrect":0},{"id":"5543","description":"دلیل اخراج را با جزئیات توضیح می دهیم.","iscorrect":0},{"id":"5544","description":"مشخصات آن سابقه کار را مانند باقی می نویسیم اما اشاره ای به دلیل خاتمه کارمان در آن سازمان نمی کنیم.","iscorrect":1}]},{"id":"1440","description":"کدام گزینه در مورد مهارت های فردی درست نیست؟","answers":[{"id":"5545","description":"هر گونه مهارت علمی- کاربردی که توانایی های شما را در زمینه خاصی نشان بدهد در رزومه نوشته می شود.","iscorrect":0},{"id":"5546","description":"اگر برای اثبات مهارت خود مدرک و گواهینامه نداريد، نمی توانيد آن را در رزومه بنويسيد.","iscorrect":1},{"id":"5547","description":"برای اطلاع از مهارت هایی که مورد نظر کارفرماها است به بخش شرایط آگهی های کار مراجعه کنید.","iscorrect":0}]},{"id":"1441","description":"کدام سری از مطالب منتشر شده خود را می توانید همراه رزومه ارسال کنید؟","answers":[{"id":"5548","description":"فقط آنهایی که به صورت کتاب چاپ شده باشند.","iscorrect":0},{"id":"5549","description":"فقط مطالبی که به صورت گروهی و در قالب یک پژوهش دانشگاهی منتشر شده باشد.","iscorrect":0},{"id":"5550","description":"هرگونه مقاله، پژوهش یا مطلبی که به صورت کتاب، ژورنال، نشریات یا آنلاین منتشر شده باشد.","iscorrect":1}]},{"id":"1442","description":"کدام تعریف در مورد اطلاعات متفرقه درست است؟","answers":[{"id":"5551","description":"اطلاعات اضافی در مورد شماست که جایی در رزومه ندارد.","iscorrect":0},{"id":"5552","description":"اطلاعات اضافی است که باید سعی کنید در بخش های تحصیلات و سوابق کاری به صورت پراکنده بگنجانید.","iscorrect":0},{"id":"5553","description":"سوابق بخشی از فعالیت های شماست که زیرمجموعه قسمت های دیگر نبوده و لازم است برای ذکر آنها بخش جدیدی ایجاد کنید.","iscorrect":1}]},{"id":"1443","description":"منظور از معرف در رزومه چه کسی است؟","answers":[{"id":"5554","description":"یکی از دوستان یا همکارانی که ما را به شرکت جدید معرفی کرده اند.","iscorrect":0},{"id":"5555","description":"تاجر معتبری که بتواند ضامن ما باشد.","iscorrect":0},{"id":"5556","description":"اساتید دانشگاهی که در آن تحصیل می کردیم یا مدیران سازمان های قبلی که در آنها مشغول به کار بودیم.","iscorrect":1}]},{"id":"1444","description":"نامه درخواست شامل چه مطالبی است؟","answers":[{"id":"5557","description":"کپی شناسنامه، کارت ملی و مشخصات تماس","iscorrect":0},{"id":"5558","description":"دو یا سه پاراگراف که ابتدا خودمان را مختصر معرفی می کنیم و ضمن مشخص کردن اینکه برای کدام موقعیت کاری رزومه فرستاده ایم، توضیح می دهیم که چرا شرایط لازم برای این شغل را دارا هستیم.","iscorrect":1},{"id":"5559","description":"شرح کامل تمامی مواردی که در رزومه مختصرا به آنها اشاره کرده ایم را در این نامه می نویسیم.","iscorrect":0}]},{"id":"1445","description":"کدام گزینه زیر از نبایدهای رزومه است؟","answers":[{"id":"5560","description":"زبان های خارجی را که به آنها مسلط هستیم، مشخص کنیم.","iscorrect":0},{"id":"5561","description":"علاقه مندی های خود را در لیست کوتاهی بنویسیم.","iscorrect":0},{"id":"5562","description":"در مورد حقوق درخواستی اظهار نظر کنیم.","iscorrect":1}]},{"id":"1446","description":"رزومه را چند وقت یکبار باید به روز کرد؟","answers":[{"id":"5563","description":"سالی یک بار","iscorrect":0},{"id":"5564","description":"در هر مقطع که تغییری در موقعیت شغلی و تحصیلی ما ایجاد شود یا مهارت‌ تازه ای کسب کنیم.","iscorrect":1},{"id":"5565","description":"هر موقع کار خود را از دست دادیم.","iscorrect":0}]}]}]}]}