{"courseId":"16","contents":[{"name":"از قلم تا کامپيوتر","id":"59","contentorder":"1","lesson_number":1,"type":0,"filename":"lesson59.html"},{"name":"تعریف از قلم تا کامپيوتر","id":"127","contentorder":"2","type":1,"set":[{"score":"60","questions":[{"id":"316","description":"بنا به آماری که در ژوئن ۲۰۱۰ منتشر شده:","answers":[{"id":"1088","description":"نزديک به نيمی از مردم جهان به اينترنت دسترسی دارند.","iscorrect":0},{"id":"1089","description":"يک ميليارد نفر از مردم جهان به اينترنت دسترسی دارند.","iscorrect":0},{"id":"1090","description":"بيش از سه چهارم مردم جهان به اينترنت دسترسی دارند.","iscorrect":0},{"id":"1091","description":"نزديک به ۳۰ درصد از مردم جهان به اينترنت دسترسی دارند.","iscorrect":1}]},{"id":"317","description":"گسترش دسترسی مردم به اينترنت باعث شده:","answers":[{"id":"1092","description":"مردم در خواندن کم حوصله بشوند.","iscorrect":0},{"id":"1093","description":"تعداد بيشتری از مردم گزارش های خبری را ببينند و بخوانند.","iscorrect":0},{"id":"1094","description":"نشريات چاپی با مشکل مواجه شوند.","iscorrect":0},{"id":"1095","description":"افراد غيرحرفه ای هم به توليدِ گزارش و خبر مشغول شوند.","iscorrect":0},{"id":"1096","description":"همه ی موارد","iscorrect":1}]},{"id":"318","description":"شهروند- خبرنگار کسی است که:","answers":[{"id":"1097","description":"دوره ی خبرنگاری گذرانده اما در این رشته فعال نيست.","iscorrect":0},{"id":"1098","description":"به دليل علاقه ی شخصی و در حاشيه ی زندگی اش به کار خبری می پردازد.","iscorrect":1},{"id":"1099","description":"از راه توليد خبر زندگی اش را می گذراند.","iscorrect":0},{"id":"1100","description":"اخبار شهری تهيه می کند.","iscorrect":0}]}]},{"score":"60","questions":[{"id":"319","description":"با فراهم شدن امکان انتشار گزارش و خبر توسط شهروند- خبرنگارها:","answers":[{"id":"1101","description":"سنجش دقت خبر به خود مردم واگذار شده و گزارشگرها در اين زمينه مسئوليتی ندارند.","iscorrect":0},{"id":"1102","description":"دولت ها با استفاده از ابزارهای فيلترينگ و نظارت، مسئول دقت و درستی خبر هستند.","iscorrect":0},{"id":"1103","description":"نهادهاى مردمى براى نظارت بر درستى خبرها تشكيل شوند.","iscorrect":0},{"id":"1104","description":"شهروند- خبرنگارها هم برای جلب کاربرها و حفظ اعتماد آنها به مطالب خودشان مجبور به رعايت ضوابط قديمی و شناخته شده ی گزارشگری شده اند.","iscorrect":1}]},{"id":"320","description":"بستن اينترنت به روی شهروندان هر چند ممکن است خواست صاحبان قدرت باشد، اما عملا غير ممکن شده است، زیرا...","answers":[{"id":"1105","description":"چون منابع اطلاعاتی بر روی اينترنت هستند.","iscorrect":0},{"id":"1106","description":"چون دير متوجه شده اند.","iscorrect":0},{"id":"1107","description":"چون چرخش کار نهادهای حکومت ها هم به اينترنت وابسته شده است.","iscorrect":1},{"id":"1108","description":"چون بستن اينترنت باعث آزار شهروندان می شود.","iscorrect":0}]},{"id":"321","description":"وجود انبوه اطلاعات در شبکه ی اينترنت باعث شده:","answers":[{"id":"1109","description":"کاربران نتوانند اطلاعات مورد نظر خود را پيدا کنند.","iscorrect":0},{"id":"1110","description":"اطلاعات درست و غلط به هم آميخته شود و تشخيص آنها را از هم دشوار کند.","iscorrect":1},{"id":"1111","description":"کامپيوترهای کاربرها توانائی جذب چنين حجمی از اطلاعات را نداشته باشد.","iscorrect":0},{"id":"1112","description":"اطلاعات موجود در اينترنت در اکثر موارد تکراری و غير قابل استفاده باشد.","iscorrect":0}]}]}]},{"name":"ابزارها و افزارها","id":"60","contentorder":"3","lesson_number":2,"type":0,"filename":"lesson60.html"},{"name":"تعریف ابزارها و افزارها","id":"129","contentorder":"4","type":1,"set":[{"score":"60","questions":[{"id":"322","description":"گزارشگری چندرسانه ای يعنی:","answers":[{"id":"1113","description":"چند روزنامه ی متفاوت يک گزارش را منتشر کنند.","iscorrect":0},{"id":"1114","description":"يک گزارش هم زمان در رسانه های مختلف مثل راديو، تلويزيون و روزنامه منتشر شود.","iscorrect":0},{"id":"1115","description":"در يک گزارش از چند ابزار رسانه ای استفاده شود مانند عکس، تصوير، صدا و... .","iscorrect":1},{"id":"1116","description":"يک گزارش راديویى يا تلويزيونى است كه متن آن پياده و در روزنامه چاپ شود.","iscorrect":0}]},{"id":"323","description":"استفاده از متن در يک گزارش چندرسانه اى برای چه منظوری است؟","answers":[{"id":"1117","description":"ارزان تمام شدن يک گزارش","iscorrect":0},{"id":"1118","description":"جايگزين کردن اسناد صوتی و تصويری با نوشتار","iscorrect":0},{"id":"1119","description":"ارتباط دادن مطالب و ساختن پيوند قابل فهم برای مخاطب","iscorrect":1},{"id":"1120","description":"چاپ جداگانه ى آن در روزنامه","iscorrect":0}]},{"id":"324","description":"استفاده از فيلم در يک گزارش چندرسانه ای به چه منظوری است؟","answers":[{"id":"1121","description":"سرگرم کردن مخاطب ها","iscorrect":0},{"id":"1122","description":"جايگزين کردن متن","iscorrect":0},{"id":"1123","description":"ارائه ی نزديک ترين شکل به حضورِ در محل به مخاطب ها","iscorrect":1},{"id":"1124","description":"پخش آن در تلويزيون","iscorrect":0}]}]},{"score":"60","questions":[{"id":"325","description":"در تهيه ی گزارش چندرسانه ای عامل تعيين کننده در انتخاب ابزار انتقال اطلاعات (متن، تصوير، صدا و ...) چيست؟","answers":[{"id":"1125","description":"آشنائى گزارشگر با آن ابزار","iscorrect":0},{"id":"1126","description":"گزاشگر آن ابزار را برای نوع مطلبی که در نظر دارد مناسب تشخيص می دهد.","iscorrect":1},{"id":"1127","description":"نشريه يا سايت خبری آن ابزار را در اختيار دارد.","iscorrect":0},{"id":"1128","description":"اگر از ابزار ديگرى استفاده شود، دبير صفحه مخالفت خواهد كرد.","iscorrect":0}]},{"id":"326","description":"در گزارش چندرسانه ای:","answers":[{"id":"1129","description":"هميشه بايد از دو ابزار رسانه ای استفاده کرد.","iscorrect":0},{"id":"1130","description":"هميشه بايد از همه ی ابزارهای رسانه ای استفاده کرد.","iscorrect":0},{"id":"1131","description":"بايد ابزارهای مناسب رسانه ای را انتخاب کرد.","iscorrect":1},{"id":"1132","description":"نبايد از نقشه و جدول استفاده کرد.","iscorrect":0}]},{"id":"327","description":"استفاده از تصوير (متحرک و ساکن) در کنار متن در گزارش چندرسانه ای برای اين است که:","answers":[{"id":"1133","description":"ممکن است مخاطب ها حوصله ی خواندن متن نداشته باشند.","iscorrect":0},{"id":"1134","description":"متن به خواننده اجازه می دهد صحنه را با تخيل خودش بسازد.","iscorrect":0},{"id":"1135","description":"اگر در متن اشتباهی وجود داشته باشد با ديدن عکس اصلاح می شود.","iscorrect":0},{"id":"1136","description":"توضيح بعضی چيزها در متن بسيار دشوار است و عکس به آسانی آن اطلاعات را به مخاطب می دهد.","iscorrect":1}]}]}]},{"name":"ملاحظات اوليه","id":"61","contentorder":"5","lesson_number":3,"type":0,"filename":"lesson61.html"},{"name":"تعریف ملاحظات اوليه","id":"131","contentorder":"6","type":1,"set":[{"score":"60","questions":[{"id":"328","description":"چه کسی مسئول درستی يک گزارش است؟","answers":[{"id":"1137","description":"کسی که آن را به گزارشگر اطلاع داده است.","iscorrect":0},{"id":"1138","description":"اداره ی نظارت بر مطبوعات و انتشارات.","iscorrect":0},{"id":"1139","description":"صاحب امتياز يک نشريه.","iscorrect":0},{"id":"1140","description":"گزارشگر و مدير مسئول نشريه.","iscorrect":1}]},{"id":"329","description":"ضوابط قانونی نظارت بر کار گزارشگران را چه کسی تعيين می کند؟","answers":[{"id":"1141","description":"انجمن های صنفی","iscorrect":0},{"id":"1142","description":"دولت","iscorrect":0},{"id":"1143","description":"قوه ی مقننه","iscorrect":1},{"id":"1144","description":"قوه ی قضائيه","iscorrect":0}]},{"id":"330","description":"شهروند- گزارشگرها معمولا برای توليد گزارش بيشتر از چه منابعی استفاده می کنند؟","answers":[{"id":"1145","description":"اينترنت","iscorrect":0},{"id":"1146","description":"روزنامه، راديو و تلويزيون","iscorrect":0},{"id":"1147","description":"مشاهدات شخصی","iscorrect":1},{"id":"1148","description":"کتاب و کتابخانه","iscorrect":0}]}]},{"score":"60","questions":[{"id":"331","description":"وظيفه ی گزارشگر چيست؟","answers":[{"id":"1149","description":"اطلاع رسانی","iscorrect":0},{"id":"1150","description":"نظارت بر عملکرد مسئولان","iscorrect":0},{"id":"1151","description":"آموزش و سرگرم كردن","iscorrect":0},{"id":"1152","description":"همه ی موارد","iscorrect":1}]},{"id":"332","description":"آزادی مطبوعات يعنی:","answers":[{"id":"1153","description":"مطبوعات حق دارند هر مطلبی را که مناسب تشخيص دادند، منتشر کنند.","iscorrect":0},{"id":"1154","description":"مطبوعات از مصونيت قضائی برخوردارند.","iscorrect":0},{"id":"1155","description":"فقط نهادهای منتخب روزنامه نگاران حق نظارت بر کار آنها را داشته باشند.","iscorrect":0},{"id":"1156","description":"مطبوعات تا حدی که حق آزادی ديگران پايمال نشود، آزادند.","iscorrect":1}]},{"id":"333","description":"موضوع يک گزارش بايد:","answers":[{"id":"1157","description":"برای مخاطبان يک رسانه جالب باشد.","iscorrect":0},{"id":"1158","description":"با زندگی روزمره ی مردم ارتباط داشته باشد.","iscorrect":0},{"id":"1159","description":"اطلاعات تازه ای به مخاطبان بدهد.","iscorrect":0},{"id":"1160","description":"همه ی موارد","iscorrect":1}]}]}]},{"name":"چه می‌گوئيم؟","id":"62","contentorder":"7","lesson_number":4,"type":0,"filename":"lesson62.html"},{"name":"تعریف چه می‌گوئيم؟","id":"133","contentorder":"8","type":1,"set":[{"score":"60","questions":[{"id":"334","description":"بهترين راه برای دقت در گزارش چيست؟","answers":[{"id":"1161","description":"جستجوی اينترنتی و پيدا کردن اسناد مربوط به موضوع.","iscorrect":0},{"id":"1162","description":"گفتگو با کسانی که در جريان واقعه بوده اند.","iscorrect":0},{"id":"1163","description":"استفاده از گزارش خبرگزاری های معتبر.","iscorrect":0},{"id":"1164","description":"حضور در محل و مشاهده ی شخصی.","iscorrect":1}]},{"id":"335","description":"در پیگيری يک گزارش منابع اطلاعاتی انحصارا در اختيار دولت است و گزارشگر مستقيما راهی به اطلاعات دست اول ندارد. وظيفه ی او چيست؟","answers":[{"id":"1165","description":"از انتشار گزارش صرف نظر کند.","iscorrect":0},{"id":"1166","description":"به نقل قول های مسئولان اکتفا کند.","iscorrect":0},{"id":"1167","description":"با ذکر محدوديت های خودش در جمع آوری اطلاعات نقل قول ها و داده های رسمی، آنها را در اختيار مخاطبان بگذارد.","iscorrect":1},{"id":"1168","description":"منتظر پيدا شدن منابع اطلاعاتی ديگر بماند.","iscorrect":0}]},{"id":"336","description":"گزارشگر به سندی دسترسی پيدا کرده که حاکی از يک فساد مالی است اما مندرجات سند گوشه های مبهمی دارد. چه بايد بکند؟","answers":[{"id":"1169","description":"هر چه سریعتر سند را منتشر کند که کسی نتواند جلوی انتشار آن و رساندن خبر به مخاطب ها را بگيرد.","iscorrect":0},{"id":"1170","description":"سند را به مقامات مسئول تحويل بدهد و تصميم گيری را به آنها واگذار کند.","iscorrect":0},{"id":"1171","description":"تا پيدا شدن اسناد مکمل موضوع را مسکوت بگذارد.","iscorrect":0},{"id":"1172","description":"سند را به کارشناس ها و مطلعين نشان بدهد و با گرفتن اطلاعات و در مشورت با آنها دقتِ سند را ارزيابی کند و سپس نسبت به انتشار يا عدم انتشار آن تصميم بگيرد.","iscorrect":1}]}]},{"score":"60","questions":[{"id":"337","description":"گزارشگر برای انتخاب موضوع گزارش بايد:","answers":[{"id":"1173","description":"مباحث مورد علاقه ی مخاطبان اش را بشناسد.","iscorrect":1},{"id":"1174","description":"بايد به خواسته های مديران نشريه ی متبوع اش توجه کند.","iscorrect":0},{"id":"1175","description":"بايد از تاثير گزارش بر آينده ی شغلی خودش مطمئن شود.","iscorrect":0},{"id":"1176","description":"بايد رسانه های ديگر را دنبال و موضوع های جالب را پيدا کند.","iscorrect":0}]},{"id":"338","description":"تفاوت خبر با تحليل خبر در اين است که:","answers":[{"id":"1177","description":"خبر اطلاع رسانی از وقوع يک مساله است و تحليل بررسی پيشينه ی آن.","iscorrect":0},{"id":"1178","description":"خبر جنبه ی فوريت دارد و تحليل می تواند در هر زمانی صورت بگيرد.","iscorrect":0},{"id":"1179","description":"خبر جنبه ی فوری اطلاع رسانی است و تحليل بررسی حواشی، دلائل و پيامدهای آن.","iscorrect":1},{"id":"1180","description":"خبر با زندگی روزمره سروکار دارد و تحليل به مباحث کلی می پردازد.","iscorrect":0}]},{"id":"339","description":"چه چيزی يک گزارش را برای مخاطبان جذاب تر می کند؟","answers":[{"id":"1181","description":"افزودن نظر افراد مشهور.","iscorrect":0},{"id":"1182","description":"افزودن عکس های زيبا از محل گزارش.","iscorrect":0},{"id":"1183","description":"افزودن روايت های شخصی از کسانی که با موضوع گزارش مربوط هستند.","iscorrect":1},{"id":"1184","description":"گفتگوهائی با مقامات محلی.","iscorrect":0}]}]}]},{"name":"منابع و سنجه‌ها","id":"63","contentorder":"9","lesson_number":5,"type":0,"filename":"lesson63.html"},{"name":"تعریف منابع و سنجه‌ها","id":"135","contentorder":"10","type":1,"set":[{"score":"60","questions":[{"id":"340","description":"شهروند- خبرنگار می تواند در دادن اطلاعات با دست بازتری عمل کند چون:","answers":[{"id":"1185","description":"نبايد در دفتر و محل کارِ خاصی حاضر شود.","iscorrect":0},{"id":"1186","description":"ابزار کارش را هميشه همراه دارد.","iscorrect":0},{"id":"1187","description":"به صاحبان سرمايه وابسته نيست و نبايد جوابگوی کسی باشد.","iscorrect":1},{"id":"1188","description":"از او انتظار کمتری می رود.","iscorrect":0}]},{"id":"341","description":"به نظر می رسد در گزارشی که منتشر کرده ايم نکته ای به اشتباه درج شده، چه بايد کرد؟","answers":[{"id":"1189","description":"بخش مورد ترديد را از گزارش در می آوريم.","iscorrect":0},{"id":"1190","description":"اقدامی نمی کنيم تا مساله کاملا روشن شود.","iscorrect":0},{"id":"1191","description":"توضيحی در احتمال اشتباه بودن آن نکته به گزارش اضافه می کنيم.","iscorrect":1},{"id":"1192","description":"منتظر می مانيم تا عکس العمل مخاطب ها معلوم شود.","iscorrect":0}]},{"id":"342","description":"در يک برنامه ی زنده ی راديویی کسی خبر می دهد که حادثه ای در حالِ وقوع است. وظيفه ی مجری برنامه چيست؟","answers":[{"id":"1193","description":"اعلام کند که ما اين خبر را از منبع ديگری نداريم و نمی توانيم تاييد کنيم.","iscorrect":0},{"id":"1194","description":"کسانی را مامور بررسی صحت و سقم خبر بکند.","iscorrect":0},{"id":"1195","description":"شنوندگان را در جريان تحقيقات بعدی در مساله قرار بدهد.","iscorrect":0},{"id":"1196","description":"الف، ب، و ج.","iscorrect":1}]}]},{"score":"60","questions":[{"id":"343","description":"معرفی منابع خبر به اين دليل اهميت دارد که:","answers":[{"id":"1197","description":"به آنها حق الزحمه ی خبررسانی پرداخت شود.","iscorrect":0},{"id":"1198","description":"اگر خبرشان موثق نبود، رسوا شوند.","iscorrect":0},{"id":"1199","description":"مخاطب بتواند مستقيما اطلاع دهنده را ارزيابی کند.","iscorrect":1},{"id":"1200","description":"گزارشگرهای ديگر بتوانند با آنها تماس بگيرند.","iscorrect":0}]},{"id":"344","description":"اگر کسی نقل قولی از خودش را تکذيب کرد، گزارشگر بايد:","answers":[{"id":"1201","description":"به گفتگویی که با او کرده مراجعه کند و از صحت نقل قول مطمئن شود.","iscorrect":1},{"id":"1202","description":"به مقام بالاتر خودش اطلاع دهد که اين تکذيب صورت گرفته و کار را به او واگذار کند.","iscorrect":0},{"id":"1203","description":"موضوع را ناديده بگيرد.","iscorrect":0},{"id":"1204","description":"به مخاطبان بگويد ادعای اين شخص درست نيست.","iscorrect":0}]},{"id":"345","description":"در گرفتن اطلاعات از اينترنت بايد دقت کرد که:","answers":[{"id":"1205","description":"اطلاعات جمع آوری شده متنوع باشد.","iscorrect":0},{"id":"1206","description":"از همه ی منابع موجود استفاده شود.","iscorrect":0},{"id":"1207","description":"صحت اطلاعات آن با منابع ديگر بررسی شود.","iscorrect":1},{"id":"1208","description":"از منابعی که به زبان گزارشگر هستند، استفاده شود.","iscorrect":0}]}]}]},{"name":"اينترنت پايگاه نو","id":"64","contentorder":"11","lesson_number":6,"type":0,"filename":"lesson64.html"},{"name":"تعریف اينترنت پايگاه نو","id":"137","contentorder":"12","type":1,"set":[{"score":"60","questions":[{"id":"346","description":"می گويند مخاطب رسانه ی اينترنتی نسبت به ديگر انواع رسانه، آزادی عمل بيشتری دارد. چرا؟","answers":[{"id":"1209","description":"چون می تواند کامپيوترش را خاموش کند.","iscorrect":0},{"id":"1210","description":"چون زمانِ بودن در يک صفحه را خودش تعيين می کند و ناچار نيست مطلبی را به همان نظمی که گزارشگر در نظر داشته پیگیری کند.","iscorrect":1},{"id":"1211","description":"چون شکل های ارائه ی داستان در اينترنت متنوع است.","iscorrect":0},{"id":"1212","description":"چون در اينترنت ضابطه و محدوديت وجود ندارد.","iscorrect":0}]},{"id":"347","description":"دليل اين که در اينترنت، مطالب باید کوتاه و دقيق باشند اين است که:","answers":[{"id":"1213","description":"کاربرها به خاطر هزينه ی اينترنت مايل اند به سرعت از صفحه عبور کنند.","iscorrect":0},{"id":"1214","description":"وقتی مطلب طولانی باشد، شکل روزنامه پيدا می کند و ملال آور می شود.","iscorrect":0},{"id":"1215","description":"صفحه ی اينترنتی کوچک تر از صفحات روزنامه است.","iscorrect":0},{"id":"1216","description":"امکان دسترسی به اطلاعات وسيع با سرعت زياد در اينترنت کاربرها را کم حوصله کرده است.","iscorrect":1}]},{"id":"348","description":"چه چيزی نشريات چاپی را به انتشار بر روی اينترنت جلب کرده است؟","answers":[{"id":"1217","description":"تعداد بسيار بيشتر مخاطب ها","iscorrect":0},{"id":"1218","description":"ارزان تر بودن انتشار بر روی اينترنت","iscorrect":0},{"id":"1219","description":"امکان روزآمد کردن دائمی مطالب","iscorrect":0},{"id":"1220","description":"الف، ب، و ج","iscorrect":1}]}]},{"score":"60","questions":[{"id":"349","description":"ساختار هرم وارونه برای نوشتن خبر در اينترنت به اين دليل پيشنهاد می شود که:","answers":[{"id":"1221","description":"کاربران اين شکل نوشتاری را می پسندند.","iscorrect":0},{"id":"1222","description":"شکل های ديگر نوشتن، خبر را به مقاله تبديل می کند.","iscorrect":0},{"id":"1223","description":"مخاطب خبر در اينترنت به طور متوسط وقت کمتری برای خواندن يک مطلب می گذارد.","iscorrect":1},{"id":"1224","description":"نشريه های آنلاين به شکل نوشته اهميت می دهند.","iscorrect":0}]},{"id":"350","description":"علت محبوب تر بودن نسخه های اينترنتی نشريات از نسخه های چاپی آنها اين است که:","answers":[{"id":"1225","description":"مردم برای خواندن آنها پول نمی دهند.","iscorrect":0},{"id":"1226","description":"صفحات نشريه های اينترنتی هميشه رنگی هستند.","iscorrect":0},{"id":"1227","description":"مردم می توانند اندازه ی حروف آن را تغيير بدهند.","iscorrect":0},{"id":"1228","description":"با افزودن تصاوير متحرک و ساکن، مطالب جذاب تر و آسان فهم تر می شوند.","iscorrect":1}]},{"id":"351","description":"تفاوت شهروند- روزنامه نگارها با روزنامه نگاران ديگر اين است که:","answers":[{"id":"1229","description":"شهروند- روزنامه نگارها به طور معمول بيشتر کارها را يک تنه انجام می دهند و در نتيجه سرعت عمل بيشتری دارند.","iscorrect":1},{"id":"1230","description":"شهروند- روزنامه نگارها از قوانين خاصی پيروی نمی کنند.","iscorrect":0},{"id":"1231","description":"شهروند- روزنامه نگارها خبرها را به سليقه ی خودشان تنظيم می کنند.","iscorrect":0},{"id":"1232","description":"شهروند- روزنامه نگارها را کسی نمی شناسد و نبايد به کسی پاسخگو باشند.","iscorrect":0}]}]}]},{"name":"سنن اينترنت خوانی","id":"65","contentorder":"13","lesson_number":7,"type":0,"filename":"lesson65.html"},{"name":"تعریف سنن اينترنت خوانی","id":"139","contentorder":"14","type":1,"set":[{"score":"60","questions":[{"id":"352","description":"در خواندن صفحات اينترنتی نگاه کاربر:","answers":[{"id":"1233","description":"هميشه از بالا به پائين و در وسط صفحه حرکت می کند.","iscorrect":0},{"id":"1234","description":"بيشترين تمرکز در حرکت افقی بر خط بالائی مطلب است.","iscorrect":1},{"id":"1235","description":"بيش از همه در جستجوی دکمه ی بازگشت به صفحه ی اصلی است.","iscorrect":0},{"id":"1236","description":"بيش از همه در جستجوی دکمه ی پيوست به نرم افزارها و افزونه های ديگر است.","iscorrect":0}]},{"id":"353","description":"کاربرها به طور متوسط چه مقدار از مطالب يک صفحه ی اينترنتی را می خوانند؟","answers":[{"id":"1237","description":"۳۰ تا ۴۰ درصد","iscorrect":0},{"id":"1238","description":"۴۰ تا ۵۰ درصد","iscorrect":0},{"id":"1239","description":"۲۰ تا ۳۰ درصد","iscorrect":1},{"id":"1240","description":"۵ تا ۱۰ درصد","iscorrect":0}]},{"id":"354","description":"در پژوهش نيلسون، زمان پايه در مرور صفحات آنلاين چه قدر برآورد شده است؟","answers":[{"id":"1241","description":"۱۵ ثانيه","iscorrect":0},{"id":"1242","description":"۲۵ ثانيه","iscorrect":1},{"id":"1243","description":"۳۰ ثانيه","iscorrect":0},{"id":"1244","description":"۴۰ ثانيه","iscorrect":0}]}]},{"score":"60","questions":[{"id":"355","description":"پس از ورود به يک صفحه و مرور اوليه ی آن، کاربرها بيش از همه به کجا می روند؟","answers":[{"id":"1245","description":"به صفحه ی قبلی در همان سايت","iscorrect":0},{"id":"1246","description":"به لينک های پيوست در همان صفحه","iscorrect":1},{"id":"1247","description":"به صفحه ی ايميل خودشان","iscorrect":0},{"id":"1248","description":"به سايت های ديگر","iscorrect":0}]},{"id":"356","description":"نحوه ی خوانش صفحات اينترنتی در زبان هایی که از راست به چپ نوشته می شوند:","answers":[{"id":"1249","description":"عينا مانند زبان انگليسی است.","iscorrect":0},{"id":"1250","description":"قرينه ی شکل انگليسی آن است.","iscorrect":1},{"id":"1251","description":"به کلی با انگليسی متفاوت است.","iscorrect":0},{"id":"1252","description":"از پائين به بالاست.","iscorrect":0}]},{"id":"357","description":"اگر کاربرهای اينترنت به طور متوسط ۱۸ درصد کلمات يک صفحه را می خوانند، تعداد کلماتی که در يک پاراگراف ۵۰ کلمه ای خواهند خواند چقدر است؟","answers":[{"id":"1253","description":"۹ کلمه","iscorrect":0},{"id":"1254","description":"بستگی به تعداد پاراگراف ها دارد.","iscorrect":0},{"id":"1255","description":"معمولا هر پاراگرافی را نمی خوانند.","iscorrect":0},{"id":"1256","description":"بستگی به جای پاراگراف دارد.","iscorrect":1}]}]}]},{"name":"ضرورت‌های گزارشگری‌ چندرسانه‌ای","id":"66","contentorder":"15","lesson_number":8,"type":0,"filename":"lesson66.html"},{"name":"تعریف ضرورت‌های گزارشگری‌ چندرسانه‌ای","id":"141","contentorder":"16","type":1,"set":[{"score":"60","questions":[{"id":"358","description":"از اولين نيازهای گزارشگرِ چندرسانه ای:","answers":[{"id":"1257","description":"آشنایی با کامپيوتر و نرم افزارهای لازم برای توليد گزارش است.","iscorrect":0},{"id":"1258","description":"دسترسی به کامپيوتر، دوربين، ضبط صوت و ساير ابزار توليد چندرسانه ای است.","iscorrect":0},{"id":"1259","description":"دانستن روش های پژوهش و جمع آوری اطلاعات است.","iscorrect":0},{"id":"1260","description":"الف، ب، ج.","iscorrect":1}]},{"id":"359","description":"کار اصلی گزارشگر چيست؟","answers":[{"id":"1261","description":"جمع آوری اطلاعات و انتقال آنها به دبير نشريه يا سايت.","iscorrect":0},{"id":"1262","description":"تماس و آشنایی با مخاطب های نشريه.","iscorrect":0},{"id":"1263","description":"گرفتن عکس، صدا و فيلم از موضوع گزارش.","iscorrect":0},{"id":"1264","description":"پژوهش، گزينش و همگذاری گوشه های مختلف يک موضوع در گزارش.","iscorrect":1}]},{"id":"360","description":"در گزارشگری اينترنتی:","answers":[{"id":"1265","description":"بايد موضوع گزارش هيجان انگيز باشد.","iscorrect":0},{"id":"1266","description":"بايد موضوع گزارش را بتوان در تعداد اندکی از کلمه ها ارائه کرد.","iscorrect":0},{"id":"1267","description":"بايد موضوع گزارش ظرفيت های تصويری و صوتی نيز داشته باشد.","iscorrect":1},{"id":"1268","description":"بايد از مردم برای انتخاب موضوع نظرخواهی کرد.","iscorrect":0}]}]},{"score":"60","questions":[{"id":"361","description":"تفاوت اصلی داستان تخيلی و گزارش:","answers":[{"id":"1269","description":"در نحوه ی ارائه ی آنهاست.","iscorrect":0},{"id":"1270","description":"داستان به خواست نويسنده تحول پيدا می کند، اما گزارش تابع سيرِ وقايع است.","iscorrect":0},{"id":"1271","description":"داستان برای جمع خاصی نوشته می شود، اما گزارش برای همه است.","iscorrect":0},{"id":"1272","description":"داستان يک خط روائی مشخص دارد، اما گزارش می تواند بدون پيوند باشد.","iscorrect":1}]},{"id":"362","description":"گزارشگر چندرسانه ای بايد بيشترين تمرکز کارش را:","answers":[{"id":"1273","description":"بر جمع آوری اطلاعات بگذارد.","iscorrect":0},{"id":"1274","description":"برای پاسخ به سوال های چندگانه ی کی، کِی، کجا، چی، چرا، و چطور بگذارد.","iscorrect":1},{"id":"1275","description":"بر زيبایی تصاوير و نحوه ی نگارش اش بگذارد.","iscorrect":0},{"id":"1276","description":"بر مسائل آسان فهم و پر طرفدار بگذارد.","iscorrect":0}]},{"id":"363","description":"گزارشگر چندرسانه ای برای بيان مطلب اش بايد:","answers":[{"id":"1277","description":"يک خط روائی مناسب پيدا کند.","iscorrect":1},{"id":"1278","description":"عکاس خوبی باشد.","iscorrect":0},{"id":"1279","description":"از ميان روايت های مختلف يک واقعه، يکی را انتخاب کند.","iscorrect":0},{"id":"1280","description":"مخاطبان اش را در مسير توليد گزارش اش قرار دهد.","iscorrect":0}]}]}]}]}