{"courseId":"35","contents":[{"name":"مقدمه- شما روزنامه نگار نمی شوید","id":"225","contentorder":"1","lesson_number":1,"type":0,"filename":"lesson225.html"},{"name":"رسانه ای به رنگ خورشید","id":"254","contentorder":"2","lesson_number":2,"type":0,"filename":"lesson254.html"},{"name":"رسانه ای به رنگ خورشید","id":"418","contentorder":"3","type":1,"set":[{"score":"60","questions":[{"id":"1243","description":"اصل کارکرد رسانه های زرد بر چه پابه ای است؟","answers":[{"id":"4770","description":"«من می دانم قضیه چیست»","iscorrect":1},{"id":"4771","description":"من به شما کمک می کنم از داستان سر دربیاورید.","iscorrect":0},{"id":"4772","description":"من از منبع معتبری خبر دارم.","iscorrect":0},{"id":"4773","description":"هیچکدام","iscorrect":0}]},{"id":"1244","description":"مدرک و دلیل داشتن در رسانه های زرد:","answers":[{"id":"4774","description":"اصل اول است.","iscorrect":0},{"id":"4775","description":"سعی می شود که مدرکی در دست باشد.","iscorrect":0},{"id":"4776","description":"بدون مدرک مطلبی را منتشر می کنند.","iscorrect":0},{"id":"4777","description":"مدرک و دلیل هیچ اهمیتی ندارد.","iscorrect":1}]},{"id":"1245","description":"ویژگی اولیه رسانه زرد چه بوده است؟","answers":[{"id":"4778","description":"تیتر درشت و استفاده از مطالبی که رواج نداشت.","iscorrect":1},{"id":"4779","description":"داشتن پاورقی","iscorrect":0},{"id":"4780","description":"ارزان بودن","iscorrect":0},{"id":"4781","description":"چاپ اخبار حوادث","iscorrect":0}]}]},{"score":"60","questions":[{"id":"1246","description":"چه نوع تیتری برای رسانه های زرد استفاده می شود؟","answers":[{"id":"4782","description":"تیترهای طولانی","iscorrect":0},{"id":"4783","description":"تیترهای جنجالی و غلط انداز","iscorrect":1},{"id":"4784","description":"تیترهای تصویری","iscorrect":0},{"id":"4785","description":"هیچکدام","iscorrect":0}]},{"id":"1247","description":"راه های شناسایی یک رسانه زرد چیست؟","answers":[{"id":"4786","description":"تیترهای جنجالی","iscorrect":0},{"id":"4787","description":"پرداختن به زندگی شخصی افراد","iscorrect":0},{"id":"4788","description":"قیمت پائین","iscorrect":0},{"id":"4789","description":"هر سه مورد","iscorrect":1}]},{"id":"1248","description":"رسانه زرد چرا به این نام معروف شد؟","answers":[{"id":"4790","description":"به خاطر اینکه به رنگ زرد منتشر می شد.","iscorrect":0},{"id":"4791","description":"رنگ زرد در تیتر مطالب استفاده می شد.","iscorrect":0},{"id":"4792","description":"از نام شخصیت یک پاورقی به نام «بچه زرد» گرفته شده است.","iscorrect":1},{"id":"4793","description":"هیچکدام","iscorrect":0}]}]}]},{"name":"خبر چیست؟","id":"255","contentorder":"4","lesson_number":3,"type":0,"filename":"lesson255.html"},{"name":"خبر چیست؟","id":"420","contentorder":"5","type":1,"set":[{"score":"60","questions":[{"id":"1249","description":"چه متنی خبر است؟","answers":[{"id":"4794","description":"جای پرسشی باقی نگذارد.","iscorrect":1},{"id":"4795","description":"وقوع یک حادثه را بگوید.","iscorrect":0},{"id":"4796","description":"از برگزاری یک مراسم حرف بزند.","iscorrect":0},{"id":"4797","description":"با شنیدن آن به دنبال بقیه داستان باشیم.","iscorrect":0}]},{"id":"1250","description":"چه هنگامی می توان اخبار بدون منبع را منتشر کرد؟","answers":[{"id":"4798","description":"در مواقع جنگ، انقلاب و...","iscorrect":0},{"id":"4799","description":"در مواقعی که خبرنگار حضور ندارد.","iscorrect":0},{"id":"4800","description":"در کشورهای بدون رسانه آزاد","iscorrect":0},{"id":"4801","description":"هیچ وقت","iscorrect":1}]},{"id":"1251","description":"ایراد این جمله خبری چیست: «حکومت ستمگر حسنی مبارک در سال ۲۰۱۱ سقوط کرد»","answers":[{"id":"4802","description":"منبع ندارد.","iscorrect":0},{"id":"4803","description":"بی طرفانه نیست.","iscorrect":1},{"id":"4804","description":"اطلاعاتش کامل نیست.","iscorrect":0},{"id":"4805","description":"خبر نیست.","iscorrect":0}]}]},{"score":"60","questions":[{"id":"1252","description":"در شرایط معمولی از چند منبع باید یک خبر را کنترل کرد؟","answers":[{"id":"4806","description":"یک منبع تلویزیونی","iscorrect":0},{"id":"4807","description":"رسانه مکتوب","iscorrect":0},{"id":"4808","description":"دو منبع خبری معتبر","iscorrect":1},{"id":"4809","description":"سه منبع خبری","iscorrect":0}]},{"id":"1253","description":"کدامیک از اخبار زیر درست است؟","answers":[{"id":"4810","description":"معمر قذافی کشته شد.","iscorrect":0},{"id":"4811","description":"معمر قذافی رهبر پیشین لیبی کشته شد.","iscorrect":0},{"id":"4812","description":"معمر قذافی، رهبر سابق لیبی توسط مخالفان کشته شد.","iscorrect":1},{"id":"4813","description":"معمر قدافی رهبر و دیکتاتور لیبی ساعاتی پیش به دست جوانی از مخالفان و با شلیک گلوله کشته شد.","iscorrect":0}]},{"id":"1254","description":"برای نقل یک خبر اول باید:","answers":[{"id":"4814","description":"از دو منبع خبر را چک کرد.","iscorrect":1},{"id":"4815","description":"از یک خبرگزاری تلویزیونی خبر را دید.","iscorrect":0},{"id":"4816","description":"روی اینترنت خبر را چک کرد.","iscorrect":0},{"id":"4817","description":"هیچکدام","iscorrect":0}]}]}]},{"name":"گزارش چیست؟","id":"256","contentorder":"6","lesson_number":4,"type":0,"filename":"lesson256.html"},{"name":"گزارش چیست؟","id":"422","contentorder":"7","type":1,"set":[{"score":"60","questions":[{"id":"1255","description":"کدامیک از موارد زیر از اصول گزارش خوب است؟","answers":[{"id":"4818","description":"جای سوال باقی نمی گذارد.","iscorrect":1},{"id":"4819","description":"فیلم و عکس داشته باشد.","iscorrect":0},{"id":"4820","description":"در چند قسمت تعریف باشد.","iscorrect":0},{"id":"4821","description":"هیچکدام","iscorrect":0}]},{"id":"1256","description":"چه گزارشی کامل است؟","answers":[{"id":"4822","description":"گذشته اتفاق را بگوید.","iscorrect":0},{"id":"4823","description":"از چند زاویه به مساله نگاه کند.","iscorrect":0},{"id":"4824","description":"بی طرف باشد.","iscorrect":0},{"id":"4825","description":"هر سه گزینه درست است.","iscorrect":1}]},{"id":"1257","description":"در این گزارش کدام اصل رعایت نشده است: «انگلیس، زمانی ابرقدرت جهان به شمار می رفت و در اغلب کشورهای جهان، دخالت می کرد. ایرانیان، همچون شماری از ملت ها، در دویست سال اخیر، با سیاست های مداخله گرایانه این کشور روبرو بوده و از آن رنج برده اند. سیاست های ایران ستیزانه انگلیس، با حمایت آمریکا، به ویژه پس از پیروزی انقلاب اسلامی، آشکارتر شد و به همین علت، در شعارهای مردمی، مرگ بر انگلیس، حضوری همیشگی داشت.»","answers":[{"id":"4826","description":"منبع ندارد.","iscorrect":0},{"id":"4827","description":"بی طرف نیست.","iscorrect":0},{"id":"4828","description":"به حاشیه پرداخته است.","iscorrect":0},{"id":"4829","description":"هر سه گزینه صحیح است.","iscorrect":1}]}]},{"score":"60","questions":[{"id":"1258","description":"چه وقت اطلاعات زیاد گزارشگر خوب نیست؟","answers":[{"id":"4830","description":"حوادث طبیعی","iscorrect":0},{"id":"4831","description":"وقتی تصویر زیاد و گویا است.","iscorrect":0},{"id":"4832","description":"حضور شاهدان عینی","iscorrect":0},{"id":"4833","description":"هر سه مورد صحیح است.","iscorrect":1}]},{"id":"1259","description":"کدام یک از گزارش های زیر به کلام کمتری احتیاج دارد؟","answers":[{"id":"4834","description":"مراسم ازدواج کیت و ویلیام در انگلستان","iscorrect":0},{"id":"4835","description":"مرگ قدافی","iscorrect":0},{"id":"4836","description":"دادگاه حسنی مبارک","iscorrect":0},{"id":"4837","description":"سونامی در ژاپن","iscorrect":1}]},{"id":"1260","description":"وقتی یک گزارش بی طرف نیست در اصل:","answers":[{"id":"4838","description":"به جای شما تصمیم می گیرند که به یک اتفاق چگونه نگاه کنید.","iscorrect":0},{"id":"4839","description":"نمی توان به آن اعتماد کرد.","iscorrect":0},{"id":"4840","description":"ممکن است نکاتی مطرح نشود یا بخش هایی از یک اتفاق حذف شود.","iscorrect":0},{"id":"4841","description":"هر سه مورد صحیح است.","iscorrect":1}]}]}]},{"name":"مصاحبه چیست؟","id":"257","contentorder":"8","lesson_number":5,"type":0,"filename":"lesson257.html"},{"name":"مصاحبه چیست؟","id":"424","contentorder":"9","type":1,"set":[{"score":"60","questions":[{"id":"1261","description":"به چه متنی مصاحبه می گویند؟","answers":[{"id":"4842","description":"گفتگو با افراد مشهور","iscorrect":0},{"id":"4843","description":"گفتگو با شخصیت های سیاسی","iscorrect":0},{"id":"4844","description":"هر گونه گفتگویی بر مبنای پرسش و پاسخ","iscorrect":1},{"id":"4845","description":"هیچکدام","iscorrect":0}]},{"id":"1262","description":"اشکال بزرگ سوال پرسیدن از نظر پل ایریدل چیست؟","answers":[{"id":"4846","description":"بدون هدف پرسیدن","iscorrect":0},{"id":"4847","description":"از هر کسی سوال کردن","iscorrect":0},{"id":"4848","description":"گم کردن هدف اصلی","iscorrect":0},{"id":"4849","description":"زیاد پرسیدن","iscorrect":1}]},{"id":"1263","description":"برای آنکه بخواهید به پاسخ سوالات مورد نظرتان از مصاحبه شونده برسید باید چه کنید؟","answers":[{"id":"4850","description":"هر مصاحبه ای با فرد مورد نظر را پیگیری کنید.","iscorrect":0},{"id":"4851","description":"رسانه مناسب با سوالات خودتان را انتخاب کنید.","iscorrect":1},{"id":"4852","description":"مصاحبه های تلویزیونی را ببنید.","iscorrect":0},{"id":"4853","description":"هیچکدام","iscorrect":0}]}]},{"score":"60","questions":[{"id":"1264","description":"چه مصاحبه هایی ممکن است تکذیب شود؟","answers":[{"id":"4854","description":"با فرد واقعا گفتگو نشده باشد.","iscorrect":0},{"id":"4855","description":"بخشی از گفتگو منتشر شود.","iscorrect":0},{"id":"4856","description":"براساس یک موضوع غیر واقعی گفتگو شود.","iscorrect":0},{"id":"4857","description":"گزینه های اول و دوم","iscorrect":1}]},{"id":"1265","description":"مصاحبه به معنای دانستن:","answers":[{"id":"4858","description":"نظر طرف مصاحبه شونده است.","iscorrect":1},{"id":"4859","description":"اطلاعات بیشتر است.","iscorrect":0},{"id":"4860","description":"شنیدن پاسخ مطلوب است.","iscorrect":0},{"id":"4861","description":"هیچکدام","iscorrect":0}]},{"id":"1266","description":"چه هنگامی مصاحبه شونده اطلاعات واقعی تر می دهد؟","answers":[{"id":"4862","description":"وقتی که چهار چوب مصاحبه مشخص نیست.","iscorrect":1},{"id":"4863","description":"وقتی مصاحبه تلویزیونی است.","iscorrect":0},{"id":"4864","description":"وقتی دو دوست با هم گفتگو می کنند.","iscorrect":0},{"id":"4865","description":"وقتی سوالات از قبل مشخص شده است.","iscorrect":0}]}]}]},{"name":"شایعه","id":"258","contentorder":"10","lesson_number":6,"type":0,"filename":"lesson258.html"},{"name":"شایعه","id":"426","contentorder":"11","type":1,"set":[{"score":"60","questions":[{"id":"1267","description":"گوردون آلپورت و جوزف پستمن می گویند شایعه وقتی دهان به دهان می چرخد:","answers":[{"id":"4866","description":"کاملا تغییر می کند.","iscorrect":0},{"id":"4867","description":"به حقیقت نزدیک تر باشد.","iscorrect":0},{"id":"4868","description":"کوتاه‌تر می شود.","iscorrect":1},{"id":"4869","description":"هیچکدام","iscorrect":0}]},{"id":"1268","description":"چه کلماتی در یک خبر می تواند ما را نسبت به شایعه بودن آن خبر آگاه کند؟","answers":[{"id":"4870","description":"فردی ناشناس گفت","iscorrect":0},{"id":"4871","description":"شنیدی می گن","iscorrect":0},{"id":"4872","description":"مقام مسوولی که نخواست نامش فاش شود.","iscorrect":0},{"id":"4873","description":"هر سه مورد","iscorrect":1}]},{"id":"1269","description":"چه کسانی در ساختن شایعه نقش دارند؟","answers":[{"id":"4874","description":"مردم","iscorrect":0},{"id":"4875","description":"رسانه ها","iscorrect":0},{"id":"4876","description":"دولت ها","iscorrect":0},{"id":"4877","description":"هر سه مورد","iscorrect":1}]}]},{"score":"50","questions":[{"id":"1270","description":"این جمله چه نوع شایعه ای است: «فردا برف می آید و مدارس تعطیل است»","answers":[{"id":"4878","description":"شایعه رویایی","iscorrect":1},{"id":"4879","description":"شایعه ترس آلود","iscorrect":0},{"id":"4880","description":"شایعه نیست.","iscorrect":0},{"id":"4881","description":"شایعه بی اساس","iscorrect":0}]},{"id":"1271","description":"در چه جوامعی شایعه بیشتر است؟","answers":[{"id":"4882","description":"جوامع جهان سوم","iscorrect":0},{"id":"4883","description":"جوامعی که رسانه آزاد ندارند.","iscorrect":1},{"id":"4884","description":"جوامعی که به زندگی افراد مشهور بیشتر اهمیت می دهند.","iscorrect":0},{"id":"4885","description":"هیچکدام","iscorrect":0}]},{"id":"1272","description":"شایعه معمولا در مورد چه مسائلی ساخته می شود؟","answers":[{"id":"4886","description":"مسائل بی اهمیت","iscorrect":0},{"id":"4887","description":"اقتصادی","iscorrect":0},{"id":"4888","description":"زندگی هنرپیشه ها","iscorrect":0},{"id":"4889","description":"مسائل پر اهمیت و داری جنبه اجتماعی","iscorrect":1}]},{"id":"1273","description":"خصوصیت شایعه چیست؟","answers":[{"id":"4890","description":"دهان به دهان منتشر می شود.","iscorrect":1},{"id":"4891","description":"اطلاعات کامل نمی دهد.","iscorrect":0},{"id":"4892","description":"نیاز جامعه نیست.","iscorrect":0},{"id":"4893","description":"از اتفاقی واقعی سرچشمه می گیرد.","iscorrect":0}]}]}]},{"name":"شبکه های اجتماعی","id":"259","contentorder":"12","lesson_number":7,"type":0,"filename":"lesson259.html"},{"name":"شبکه های اجتماعی","id":"428","contentorder":"13","type":1,"set":[{"score":"60","questions":[{"id":"1274","description":"چه دلایلی باعث می شود دقت لازم در اخبار منتشر شده روی شبکه های اجتماعی نباشد؟","answers":[{"id":"4894","description":"سرعت انتشار اخبار","iscorrect":0},{"id":"4895","description":"دسترسی همگانی به این شبکه های اجتماعی","iscorrect":0},{"id":"4896","description":"ازدیاد اخبار مننشر شده","iscorrect":0},{"id":"4897","description":"همه موارد","iscorrect":1}]},{"id":"1275","description":"در اخبار منتشر شده بر روی شبکه های اجتماعی چه اشتباهاتی می تواند صورت بگیرد؟","answers":[{"id":"4898","description":"اخبار دروغ منتشر شود.","iscorrect":0},{"id":"4899","description":"اخبار بدون منبع منتشر شود.","iscorrect":0},{"id":"4900","description":"همه خبر منتشر نشود.","iscorrect":1},{"id":"4901","description":"فقط اخبار جذاب منتشر شود.","iscorrect":0}]},{"id":"1276","description":"به کدام خبر در شبکه های اجتماعی نمی توان اعتماد کرد؟","answers":[{"id":"4902","description":"منبع معتبر داشته باشد.","iscorrect":0},{"id":"4903","description":"لینک خبر گذاشته شود.","iscorrect":0},{"id":"4904","description":"به نویسنده خبر اعتماد داشته باشید.","iscorrect":0},{"id":"4905","description":"خبر بارها به اشتراک گذاشته شود.","iscorrect":1}]}]},{"score":"60","questions":[{"id":"1277","description":"اگر خبر «تعطیلی گالری گلستان» در شبکه های مجازی منتشر شود به چه شرطی آن را قبول می کنید؟","answers":[{"id":"4906","description":"به شرط تکرار این خبر بیشتر از صد بار.","iscorrect":0},{"id":"4907","description":"به شرط آنکه در کنفرانس های مجاری در خصوص آن بحث شود.","iscorrect":0},{"id":"4908","description":"به شرط گوینده آن","iscorrect":0},{"id":"4909","description":"فقط با درج منبع معتبر","iscorrect":1}]},{"id":"1278","description":"چگونه در فضای مجازی صفحه رسمی رسانه یا فردی را شناسایی کنیم؟","answers":[{"id":"4910","description":"از روی مشخصات فردی","iscorrect":0},{"id":"4911","description":"از تعداد افراد عضو","iscorrect":0},{"id":"4912","description":"از طریق مطالبی که منتشر می کند.","iscorrect":0},{"id":"4913","description":"تنها از طریق سایت رسمی","iscorrect":1}]},{"id":"1279","description":"شبکه های اجتماعی در چه جوامعی منبع به حساب می آیند؟","answers":[{"id":"4914","description":"کشورهایی با سرعت اینترنت بالا","iscorrect":0},{"id":"4915","description":"جوامعی بدون رسانه آزاد","iscorrect":1},{"id":"4916","description":"جوامعی که دسترسی به اینترنت دارند.","iscorrect":0},{"id":"4917","description":"هیچکدام","iscorrect":0}]}]}]}]}