{"courseId":"82","contents":[{"name":"درس ۱- انواع تمرکز، اثرات تمرکز","id":"616","contentorder":"1","lesson_number":1,"type":0,"filename":"lesson616.html"},{"name":"درس ۲- حواس‌پرتی و روش‌های مقابله با آن","id":"617","contentorder":"2","lesson_number":2,"type":0,"filename":"lesson617.html"},{"name":"درس ۳- خیال‌بافی و روش‌های مقابله با آن","id":"618","contentorder":"3","lesson_number":3,"type":0,"filename":"lesson618.html"},{"name":"درس ۴- روش‌های بهبود تمرکز حواس در مطالعه","id":"619","contentorder":"4","lesson_number":4,"type":0,"filename":"lesson619.html"},{"name":"درس ۵- روش‌های تقویت حافظه","id":"620","contentorder":"5","lesson_number":5,"type":0,"filename":"lesson620.html"},{"name":"تکنیک‌های تمرکز در مطالعه","id":"998","contentorder":"6","type":1,"set":[{"score":"50","questions":[{"id":"4027","description":"کدامیک از گزینه‌های زیر یک نوع تمرکز «ارادی» به شمار می‌رود؟","answers":[{"id":"15310","description":"مطالعه شب امتحان","iscorrect":1},{"id":"15311","description":"ترسیدن","iscorrect":0},{"id":"15312","description":"خشم","iscorrect":0},{"id":"15313","description":"تمرکز یکباره به هنگام دیدن صحنه تصادف","iscorrect":0}]},{"id":"4028","description":"کدامیک از تمرکزهای زیر یک تمرکز «سریع» به شمار می‌رود؟","answers":[{"id":"15314","description":"تمرکز بر روی کتاب درسی","iscorrect":0},{"id":"15315","description":"تمرکز بر روی یک نقاشی","iscorrect":1},{"id":"15316","description":"تمرکز بر روی یک عمل جراحی","iscorrect":0},{"id":"15317","description":"تمرکز هنگام نوشتن یک موضوع درسی","iscorrect":0}]},{"id":"4029","description":"کدامیک از گزینه‌های زیر صحیح نیست؟","answers":[{"id":"15318","description":"بسیاری از افراد، مشکلی با تمرکز فوری ندارند و به راحتی به آن دست پیدا می‌کنند.","iscorrect":0},{"id":"15319","description":"تمرکز طولانی معمولا دشوار است و نیازمند تمرینات بیشتری است.","iscorrect":0},{"id":"15320","description":"به این نوع تمرکز که تمام نیروی خود را با اراده‌ای قوی بر روی چیزی قرار می‌دهید، تمرکز ارادی گفته می‌شود.","iscorrect":0},{"id":"15321","description":"تمرکز بر روی کتاب‌های درسی از آنجا که احتیاج به دقت و انرژی بیشتر و زمان طولانی دارد، یک نوع تمرکز «سریع» محسوب می‌شود.","iscorrect":1}]},{"id":"4030","description":"کدامیک از گزینه‌های زیر از روش‌های مقابله با حواس‌پرتی به شمار نمی‌رود؟","answers":[{"id":"15322","description":"اختصاص دادن زمانی برای فکر کردن به نگرانی‌ها","iscorrect":0},{"id":"15323","description":"یادداشت کردن عوامل حواس‌پرتی","iscorrect":0},{"id":"15324","description":"تلاش برای علاقه‌مند شدن به موضوع مطالعه","iscorrect":0},{"id":"15325","description":"فکر کردن به آینده در هنگام مطالعه","iscorrect":1}]},{"id":"4031","description":"کدامیک از گزینه‌های زیر یک عامل درونی مربوط به حواس‌پرتی است؟","answers":[{"id":"15326","description":"نور زیاد","iscorrect":0},{"id":"15327","description":"سرما","iscorrect":0},{"id":"15328","description":"گرسنگی","iscorrect":1},{"id":"15329","description":"نور کم","iscorrect":0}]},{"id":"4032","description":"منظور از Multitasking چیست؟","answers":[{"id":"15330","description":"یک نوع روش مقابله با حواس‌پرتی ایجاد شده از عوامل درونی است.","iscorrect":0},{"id":"15331","description":"به انجام دادن چند کار همزمان Multitasking یا چندکارگی گویند که باعث می‌شود تمرکز در حین کار کاهش پیدا کند.","iscorrect":1},{"id":"15332","description":"یک نوع روش مقابله با حواس‌پرتی ایجاد شده از عوامل بیرونی است.","iscorrect":0},{"id":"15333","description":"یک نوع شیوه تمرکز است.","iscorrect":0}]}]},{"score":"50","questions":[{"id":"4033","description":"کدامیک از گزینه‌های زیر تعریف تمرکز ارادی است؟","answers":[{"id":"15334","description":"تمرکز ارادی نوعی از تمرکز است که تمام نیروی ذهنی فرد و با اراده‌ای از پیش تعیین شده بر روی کاری یا چیزی صورت می‌گیرد.","iscorrect":1},{"id":"15335","description":"تمرکزی است که به صورت تصادفی پیش می‌آید.","iscorrect":0},{"id":"15336","description":"تمرکزی است که هنگام حادثه‌ای از پیش ندانسته، صورت می‌گیرد و تبدیل به ارادی می‌شود، مثل تمرکز بعد از تصادف.","iscorrect":0},{"id":"15337","description":"تمرکزی که به سرعت صورت می‌گیرد.","iscorrect":0}]},{"id":"4034","description":"تمرکز بر روی کتاب درسی یک نوع تمرکز ……. است.","answers":[{"id":"15338","description":"ارادی","iscorrect":0},{"id":"15339","description":"طولانی","iscorrect":0},{"id":"15340","description":"غیر ارادی","iscorrect":0},{"id":"15341","description":"گزینه‌های اول و دوم","iscorrect":1}]},{"id":"4035","description":"کدامیک از تمرکزهای زیر یک تمرکز «سریع» به شمار می‌رود؟","answers":[{"id":"15342","description":"تمرکز بر روی کتاب درسی","iscorrect":0},{"id":"15343","description":"تمرکز بر روی یک نقاشی","iscorrect":1},{"id":"15344","description":"تمرکز بر روی یک عمل جراحی","iscorrect":0},{"id":"15345","description":"تمرکز هنگام نوشتن یک موضوع درسی","iscorrect":0}]},{"id":"4036","description":"کدامیک از گزینه‌های زیر یک عامل بیرونی مربوط به حواس‌پرتی است؟","answers":[{"id":"15346","description":"گرسنگی","iscorrect":0},{"id":"15347","description":"نور کم","iscorrect":1},{"id":"15348","description":"تشنگی","iscorrect":0},{"id":"15349","description":"تخیلات و افکار مغشوش","iscorrect":0}]},{"id":"4037","description":"به انجام دادن چند کار همزمان …………….. یا چندکارگی گویند که باعث می‌شود تمرکز در حین کار کاهش پیدا کند.","answers":[{"id":"15350","description":"Focusing","iscorrect":0},{"id":"15351","description":"Multitasking","iscorrect":1},{"id":"15352","description":"Working","iscorrect":0},{"id":"15353","description":"Concentrating","iscorrect":0}]},{"id":"4038","description":"کدامیک از گزینه‌های زیر از روش‌های مقابله با حواس‌پرتی به شمار نمی‌رود؟","answers":[{"id":"15354","description":"اختصاص دادن زمانی برای فکر کردن به نگرانی‌ها","iscorrect":0},{"id":"15355","description":"یادداشت کردن عوامل حواس‌پرتی","iscorrect":0},{"id":"15356","description":"تلاش برای علاقه‌مند شدن به موضوع مطالعه","iscorrect":0},{"id":"15357","description":"فکر کردن به آینده در هنگام مطالعه","iscorrect":1}]}]}]}]}