{"courseId":"62","contents":[{"name":"مقدمه","id":"409","contentorder":"1","lesson_number":1,"type":0,"filename":"lesson409.html"},{"name":"درس اول- فیلتر کردن نتایج براساس رنگ","id":"410","contentorder":"2","lesson_number":2,"type":0,"filename":"lesson410.html"},{"name":"درس دوم- جستجوگر گوگل چگونه کار می کند؟","id":"411","contentorder":"3","lesson_number":3,"type":0,"filename":"lesson411.html"},{"name":"درس سوم- هنر انتخاب واژه کلیدی","id":"412","contentorder":"4","lesson_number":4,"type":0,"filename":"lesson412.html"},{"name":"درس چهارم- چند نکته درباره جستجو در گوگل","id":"413","contentorder":"5","lesson_number":5,"type":0,"filename":"lesson413.html"},{"name":"درس پنجم- پیدا کردن متن در صفحات وب","id":"414","contentorder":"6","lesson_number":6,"type":0,"filename":"lesson414.html"},{"name":"پیدا کردن متن در صفحات وب","id":"654","contentorder":"7","type":1,"set":[{"score":"60","questions":[{"id":"2277","description":"استفاده از گزینه فیلتر کردن تصاویر در کدامیک از ابزارهای زیر وجود ندارد؟","answers":[{"id":"8638","description":"رایانه رومیزی","iscorrect":0},{"id":"8639","description":"گوشی هوشمند","iscorrect":0},{"id":"8640","description":"تبلت","iscorrect":1},{"id":"8641","description":"در همه ابزارهای بالا استفاده از این امکان وجود دارد.","iscorrect":0}]},{"id":"2278","description":"کدام جمله صحیح تر است؟","answers":[{"id":"8642","description":"گوگل برای نمایش نتایج جستجو، کل اینترنت را می گردد.","iscorrect":0},{"id":"8643","description":"گوگل برای نمایش نتایج جستجو بخشی از اینترنت را می گردد.","iscorrect":0},{"id":"8644","description":"گوگل برای نمایش نتایج جستجو، بخشی از اینترنت را که ذخیره کرده است، می گردد.","iscorrect":1},{"id":"8645","description":"همه جملات بالا نادرست هستند.","iscorrect":0}]},{"id":"2279","description":"کدام یک از گزینه ها شامل اصول طلایی برای انتخاب یک واژه کلیدی نمی شود؟","answers":[{"id":"8646","description":"فکر کردن","iscorrect":0},{"id":"8647","description":"حدس زدن","iscorrect":1},{"id":"8648","description":"انتخاب واژه مناسب","iscorrect":0},{"id":"8649","description":"به جای دیگران فکر کردن","iscorrect":0}]},{"id":"2280","description":"کدام گزینه در نتایج جستجوی شما در گوگل بی تاثیر است؟","answers":[{"id":"8650","description":"افزودن یک کلمه به واژه کلیدی","iscorrect":0},{"id":"8651","description":"ترتیب کلمات","iscorrect":0},{"id":"8652","description":"استفاده از حروف بزرگ و کوچک","iscorrect":1},{"id":"8653","description":"استفاده از علامت + و @","iscorrect":0}]},{"id":"2281","description":"برای جستجو در یک صفحه وب از طریق مرورگر باید چه کلیدهایی را بر روی صفحه کلید (در ویندوز) فشار داد؟","answers":[{"id":"8654","description":"Ctrl+A","iscorrect":0},{"id":"8655","description":"Alt+F","iscorrect":0},{"id":"8656","description":"Ctrl+S","iscorrect":0},{"id":"8657","description":"Ctrl+ F","iscorrect":1}]}]},{"score":"60","questions":[{"id":"2282","description":"استفاده از گزینه فیلتر کردن تصاویر در کدامیک از ابزارهای زیر وجود دارد؟","answers":[{"id":"8658","description":"رایانه رومیزی","iscorrect":0},{"id":"8659","description":"گوشی هوشمند","iscorrect":0},{"id":"8660","description":"تبلت","iscorrect":0},{"id":"8661","description":"گزینه اول و دوم","iscorrect":1}]},{"id":"2283","description":"معیار گوگل برای نمایش دادن نتایج جستجو چیست؟","answers":[{"id":"8662","description":"تعداد واژه های کلیدی","iscorrect":0},{"id":"8663","description":"رتبه صفحه و کیفیت وب سایت","iscorrect":0},{"id":"8664","description":"کلمات موجود در آدرس وب سایت","iscorrect":0},{"id":"8665","description":"همه موارد","iscorrect":1}]},{"id":"2284","description":"برای انتخاب واژه کلیدی مناسب باید:","answers":[{"id":"8666","description":"هر آنچه را به ذهنمان می رسد، تایپ کنیم.","iscorrect":0},{"id":"8667","description":"از واژه هایی که دارای اهمیت بیشتری هستند استفاده کنیم.","iscorrect":0},{"id":"8668","description":"از کلمات مترداف استفاده کنیم.","iscorrect":0},{"id":"8669","description":"گزینه دوم و سوم","iscorrect":1}]},{"id":"2285","description":"کدام گزینه در نتایج جستجوی شما در گوگل تاثیرگذار است؟","answers":[{"id":"8670","description":"استفاده از هشتگ/ علامت عدد","iscorrect":1},{"id":"8671","description":"استفاده از حروف بزرگ و کوچک","iscorrect":0},{"id":"8672","description":"استفاده از علامت رادیکال","iscorrect":0},{"id":"8673","description":"استفاده از علامت کپی رایت","iscorrect":0}]},{"id":"2286","description":"اهمیت استفاده از ویژگی جستجو در صفحه های وب به کمک مرورگرها در چیست؟","answers":[{"id":"8674","description":"کاهش ۱۲ درصدی زمان جستجو","iscorrect":0},{"id":"8675","description":"کاهش ۱۰ درصدی زمان جستجو","iscorrect":0},{"id":"8676","description":"عدم گشت و گذار در صفحه های بی ربط","iscorrect":0},{"id":"8677","description":"گزینه های اول و سوم","iscorrect":1}]}]}]},{"name":"درس ششم- پیشنهادات جالب گوگل در هنگام جستجو","id":"415","contentorder":"8","lesson_number":7,"type":0,"filename":"lesson415.html"},{"name":"درس هفتم- درک جستجوی چندرسانه ای در گوگل","id":"416","contentorder":"9","lesson_number":8,"type":0,"filename":"lesson416.html"},{"name":"درس هشتم- درک بخش های مختلف صفحه نتایج جستجو","id":"417","contentorder":"10","lesson_number":9,"type":0,"filename":"lesson417.html"},{"name":"درس نهم- نوار زیر جعبه جستجوی گوگل","id":"418","contentorder":"11","lesson_number":10,"type":0,"filename":"lesson418.html"},{"name":"نوار زیر جعبه جستجوی گوگل","id":"656","contentorder":"12","type":1,"set":[{"score":"50","questions":[{"id":"2287","description":"کارکرد Related Search در جستجوگر گوگل چیست؟","answers":[{"id":"8678","description":"نمایش جستجوهای تصادفی با کوئری درخواست شده","iscorrect":0},{"id":"8679","description":"نمایش جستجوهای مرتبط با کوئری درخواست شده","iscorrect":1},{"id":"8680","description":"نمایش جستجوهای غیرمرتبط با کوئری درخواست شده","iscorrect":0},{"id":"8681","description":"هیچکدام","iscorrect":0}]},{"id":"2288","description":"هر نتیجه جستجو در گوگل، دارای سه بخش است. این بخش ها به ترتیب عبارتند از:","answers":[{"id":"8682","description":"عنوان، چکیده، آدرس اینترنتی","iscorrect":0},{"id":"8683","description":"آدرس اینترنتی، عنوان، چکیده","iscorrect":0},{"id":"8684","description":"چکیده، عنوان، آدرس اینترنتی","iscorrect":0},{"id":"8685","description":"عنوان، آدرس اینترنتی، چکیده","iscorrect":1}]},{"id":"2289","description":"برای مشاهده هر آنچه که گوگل در مورد یک واژه کلیدی ایندکس کرده است، باید چه گزینه ای را از نوار زیر جعبه جستجوی گوگل انتخاب کرد؟","answers":[{"id":"8686","description":"تصاویر","iscorrect":0},{"id":"8687","description":"وب","iscorrect":1},{"id":"8688","description":"ویدئوها","iscorrect":0},{"id":"8689","description":"وبلاگ ها","iscorrect":0}]},{"id":"2290","description":"شما به دنبال نرم افزاری مربوط به شرکت مایکروسافت هستید. کدام گزینه از نوار زیر جعبه جستجوی گوگل به شما در پیدا کردن نرم افزارهای مرتبط با مایکروسافت کمک خواهد کرد؟","answers":[{"id":"8690","description":"وب","iscorrect":0},{"id":"8691","description":"تصاویر","iscorrect":0},{"id":"8692","description":"وبلاگ ها","iscorrect":0},{"id":"8693","description":"برنامه های کاربردی","iscorrect":1}]}]},{"score":"50","questions":[{"id":"2291","description":"کارکرد کدام گزینه برای پیدا کردن معنی یک واژه است؟","answers":[{"id":"8694","description":"Related Search","iscorrect":0},{"id":"8695","description":"Preview","iscorrect":0},{"id":"8696","description":"Define","iscorrect":1},{"id":"8697","description":"Images","iscorrect":0}]},{"id":"2292","description":"هر نتیجه جستجو در گوگل، دارای سه بخش است. این بخش ها به ترتیب عبارتند از:","answers":[{"id":"8698","description":"عنوان، چکید، آدرس اینترنتی","iscorrect":0},{"id":"8699","description":"آدرس اینترنتی، عنوان، چکیده","iscorrect":0},{"id":"8700","description":"چکیده، عنوان، آدرس اینترنتی","iscorrect":0},{"id":"8701","description":"عنوان، آدرس اینترنتی، چکیده","iscorrect":1}]},{"id":"2293","description":"برای جستجو در میان انجمن های مختلف، کدام گزینه از نوار زیر جعبه جستجوی گوگل مناسب است؟","answers":[{"id":"8702","description":"وب","iscorrect":0},{"id":"8703","description":"تصاویر","iscorrect":0},{"id":"8704","description":"وبلاگ ها","iscorrect":0},{"id":"8705","description":"گفتگوها","iscorrect":1}]},{"id":"2294","description":"برای جستجو در میان میلیون ها خبری که به صورت روزانه بر روی اینترنت منتشر می شوند، کدام گزینه نوار زیر جعبه جستجوی گوگل کاربرد دارد؟","answers":[{"id":"8706","description":"Images","iscorrect":0},{"id":"8707","description":"News","iscorrect":1},{"id":"8708","description":"Maps","iscorrect":0},{"id":"8709","description":"Places","iscorrect":0}]}]}]},{"name":"درس دهم- کاربرد اپراتورهای در جستجو","id":"419","contentorder":"13","lesson_number":11,"type":0,"filename":"lesson419.html"},{"name":"درس یازدهم- جستجو براساس تصویر","id":"420","contentorder":"14","lesson_number":12,"type":0,"filename":"lesson420.html"},{"name":"درس دوازده- امکانات جذاب جستجو گوگل (Search Feature)","id":"421","contentorder":"15","lesson_number":13,"type":0,"filename":"lesson421.html"},{"name":"درس سیزدهم- جستجو براساس زمان","id":"422","contentorder":"16","lesson_number":14,"type":0,"filename":"lesson422.html"},{"name":"درس چهاردهم- ترجمه نتایج جستجو در گوگل","id":"423","contentorder":"17","lesson_number":15,"type":0,"filename":"lesson423.html"},{"name":"ترجمه نتایج جستجو در گوگل","id":"658","contentorder":"18","type":1,"set":[{"score":"60","questions":[{"id":"2295","description":"چگونه می توان درستی یا جعلی بودن یک تصویر را به کمک گوگل متوجه شد؟","answers":[{"id":"8710","description":"جستجوی نام آن تصویر","iscorrect":0},{"id":"8711","description":"استفاده از امکان جستجو براساس تصویر","iscorrect":1},{"id":"8712","description":"حدس زدن نام تصویر و جستجوی آن","iscorrect":0},{"id":"8713","description":"چنین امکانی در گوگل وجود ندارد.","iscorrect":0}]},{"id":"2296","description":"حاصل sin(128) tan(12) کدام گزینه است؟","answers":[{"id":"8714","description":"-۱.۵","iscorrect":0},{"id":"8715","description":"-۰.۴۵","iscorrect":1},{"id":"8716","description":"-۰.۵۸","iscorrect":0},{"id":"8717","description":"-۰.۷۵","iscorrect":0}]},{"id":"2297","description":"کدام واحد را می توان به کمک گوگل تبدیل کرد؟","answers":[{"id":"8718","description":"سرعت (Speed)","iscorrect":0},{"id":"8719","description":"حجم (Volume)","iscorrect":0},{"id":"8720","description":"مساحت (Area)","iscorrect":0},{"id":"8721","description":"همه موارد","iscorrect":1}]},{"id":"2298","description":"کدام گزینه صحیح نیست؟","answers":[{"id":"8722","description":"در گوگل می توان نتایج جستجو را براساس هفته فیلتر کرد.","iscorrect":0},{"id":"8723","description":"در گوگل می توان نتایج جستجو را براساس ماه فیلتر کرد.","iscorrect":0},{"id":"8724","description":"در گوگل می توان نتایج جستجو را براساس ساعت فیلتر کرد.","iscorrect":0},{"id":"8725","description":"همه گزینه ها صحیح هستند.","iscorrect":1}]},{"id":"2299","description":"برای جستجو در میان صفحه هایی به زبان چینی از چه امکانی باید استفاده کرد؟","answers":[{"id":"8726","description":"تصاویر","iscorrect":0},{"id":"8727","description":"فیلتر براساس تاریخ","iscorrect":0},{"id":"8728","description":"صفحات خارجی ترجمه شده","iscorrect":1},{"id":"8729","description":"چنین امکانی در گوگل وجود ندارد.","iscorrect":0}]}]},{"score":"60","questions":[{"id":"2300","description":"اگر یک ابزار ناشناس در انباری خانه خود پیدا کردید، سریع ترین راه برای فهمیدن کاربرد آن ابزار چیست؟","answers":[{"id":"8730","description":"بردن آن ابزار به مغازه ابزار آلات فروشی و سوال از صاحب مغازه","iscorrect":0},{"id":"8731","description":"عکس گرفتن از آن ابزار و استفاده از امکان جستجو براساس تصویر گوگل","iscorrect":1},{"id":"8732","description":"گشت و گذار در انباری برای پیدا کردن دفترچه راهنما","iscorrect":0},{"id":"8733","description":"همه موارد","iscorrect":0}]},{"id":"2301","description":"حاصل cos(12) tan(12)-sin(11) کدام گزینه است؟","answers":[{"id":"8734","description":"۱.۱۱","iscorrect":0},{"id":"8735","description":"۱.۱۰","iscorrect":0},{"id":"8736","description":"۱.۲۰","iscorrect":1},{"id":"8737","description":"۱.۲۱","iscorrect":0}]},{"id":"2302","description":"کدام گزینه را نمی توان در گوگل محاسبه کرد؟","answers":[{"id":"8738","description":"تبدیل کیلوگرم به گرم","iscorrect":0},{"id":"8739","description":"تبدیل مگابایت به بایت","iscorrect":0},{"id":"8740","description":"رسم نمودار sin2x","iscorrect":0},{"id":"8741","description":"همه گزینه ها را می توان به کمک گوگل محاسبه کرد.","iscorrect":1}]},{"id":"2303","description":"کدام گزینه صحیح نیست؟","answers":[{"id":"8742","description":"در گوگل می توان نتایج جستجو را براساس هفته فیلتر کرد.","iscorrect":0},{"id":"8743","description":"در گوگل می توان نتایج جستجو را براساس ماه فیلتر کرد.","iscorrect":0},{"id":"8744","description":"در گوگل می توان نتایج جستجو را براساس سال فیلتر کرد.","iscorrect":0},{"id":"8745","description":"همه گزینه ها صحیح هستند.","iscorrect":1}]},{"id":"2304","description":"برای جستجو در میان صفحه هایی به زبان چینی از چه امکانی باید استفاده کرد؟","answers":[{"id":"8746","description":"تصاویر","iscorrect":0},{"id":"8747","description":"فیلتر براساس تاریخ","iscorrect":0},{"id":"8748","description":"صفحات خارجی ترجمه شده","iscorrect":1},{"id":"8749","description":"چنین امکانی در گوگل وجود ندارد.","iscorrect":0}]}]}]},{"name":"درس پانزدهم- بررسی درستی نتایج جستجو","id":"424","contentorder":"19","lesson_number":16,"type":0,"filename":"lesson424.html"},{"name":"درس شانزدهم- چند افسانه در مورد گوگل","id":"425","contentorder":"20","lesson_number":17,"type":0,"filename":"lesson425.html"},{"name":"چند افسانه در مورد گوگل","id":"660","contentorder":"21","type":1,"set":[{"score":"60","questions":[{"id":"2305","description":"آیا می توان به نتایج ظاهر شده در صفحه اول جستجو به صورت صد در صد اعتماد کرد؟","answers":[{"id":"8750","description":"بله","iscorrect":0},{"id":"8751","description":"خیر","iscorrect":0},{"id":"8752","description":"نمی توان به صورت ۱۰۰٪ به نتایج ظاهر شده در جستجوی گوگل اعتماد کرد.","iscorrect":1},{"id":"8753","description":"هیچکدام","iscorrect":0}]},{"id":"2306","description":"تفاوت مفهوم جستجوی این دو عبارت در گوگل چیست: «متوسط هوش مردم ایران» و «متوسط هوش مردم ایران ۱۰۰ است».","answers":[{"id":"8754","description":"در اولی به دنبال پاسخ یک سوال هستیم و در دومی در حال بررسی درستی یک ادعا","iscorrect":1},{"id":"8755","description":"در اولی به دنبال بررسی درستی یک ادعا هستیم و در دومی به دنبال پاسخ یک سوال","iscorrect":0},{"id":"8756","description":"هیچ تفاوتی با یکدیگر ندارند.","iscorrect":0},{"id":"8757","description":"نمی توان پاسخ دقیقی به این سوال داد.","iscorrect":0}]},{"id":"2307","description":"کدام گزینه نادرست است؟","answers":[{"id":"8758","description":"خرید رتبه صفحه بهتر از گوگل برای یک وب سایت یا وبلاگ امکان پذیر است.","iscorrect":0},{"id":"8759","description":"مشاهده لوگوی گوگل در یک وب سایت برابر با همکاری رسمی آن وب سایت با گوگل است.","iscorrect":0},{"id":"8760","description":"تبلیغات گوگل در یک صفحه، به معنی مورد تایید بودن آن صفحه از سوی گوگل است.","iscorrect":0},{"id":"8761","description":"همه موارد نادرست هستند.","iscorrect":1}]}]},{"score":"60","questions":[{"id":"2308","description":"کدام گزینه در افزایش دقت یک جستجو در گوگل تاثیر دارد؟","answers":[{"id":"8762","description":"نگاه کردن به نتایج جستجو در صفحه اول","iscorrect":0},{"id":"8763","description":"تکرار چندین باره جستجو با شرایط مختلف","iscorrect":0},{"id":"8764","description":"افزایش تعداد کلمات کوئری وارد شده در جعبه جستجو","iscorrect":0},{"id":"8765","description":"موارد دوم و سوم","iscorrect":1}]},{"id":"2309","description":"آیا دقت کردن در آدرس اینترنتی نتایج جستجو در گوگل، دارای اهمیت است؟","answers":[{"id":"8766","description":"بله","iscorrect":1},{"id":"8767","description":"خیر","iscorrect":0},{"id":"8768","description":"نمی توان پاسخ دقیقی داد.","iscorrect":0}]},{"id":"2310","description":"کدام گزینه نادرست است؟","answers":[{"id":"8769","description":"خرید رتبه صفحه بهتر از گوگل برای یک وب سایت یا وبلاگ امکان پذیر است.","iscorrect":0},{"id":"8770","description":"مشاهده لوگوی گوگل در یک وب سایت برابر با همکاری رسمی آن وب سایت با گوگل است.","iscorrect":0},{"id":"8771","description":"تبلیغات گوگل در یک صفحه، به معنی مورد تایید بودن آن صفحه از سوی گوگل است.","iscorrect":0},{"id":"8772","description":"همه موارد نادرست هستند.","iscorrect":1}]}]}]},{"name":"درس هفدهم- جمع بندی","id":"426","contentorder":"22","lesson_number":18,"type":0,"filename":"lesson426.html"},{"name":"دوره جستجوی قوی با گوگل- آزمون نهایی","id":"662","contentorder":"23","type":1,"set":[{"score":"50","questions":[{"id":"2311","description":"استفاده از گزینه فیلتر کردن تصاویر در کدامیک از ابزار زیر وجود ندارد؟","answers":[{"id":"8773","description":"رایانه رومیزی","iscorrect":0},{"id":"8774","description":"گوشی هوشمند","iscorrect":0},{"id":"8775","description":"تبلت","iscorrect":1},{"id":"8776","description":"در همه ابزارهای بالا استفاده از این امکان وجود دارد.","iscorrect":0}]},{"id":"2312","description":"کدام یک از گزینه ها شامل اصول طلایی برای انتخاب یک واژه کلیدی نمی شود؟","answers":[{"id":"8777","description":"فکر کردن","iscorrect":0},{"id":"8778","description":"حدس زدن","iscorrect":1},{"id":"8779","description":"انتخاب واژه مناسب","iscorrect":0},{"id":"8780","description":"به جای دیگران فکر کردن","iscorrect":0}]},{"id":"2313","description":"معیار گوگل برای نمایش دادن نتایج جستجو چیست؟","answers":[{"id":"8781","description":"تعداد واژه های کلیدی","iscorrect":0},{"id":"8782","description":"رتبه صفحه و کیفیت وب سایت","iscorrect":0},{"id":"8783","description":"کلمات موجود در آدرس وب سایت","iscorrect":0},{"id":"8784","description":"همه موارد","iscorrect":1}]},{"id":"2314","description":"هر نتیجه جستجو در گوگل، دارای سه بخش است. این بخش های به ترتیب عبارتند از:","answers":[{"id":"8785","description":"عنوان، چکید، آدرس اینترنتی","iscorrect":0},{"id":"8786","description":"آدرس اینترنتی، عنوان، چکیده","iscorrect":0},{"id":"8787","description":"چکیده، عنوان، آدرس اینترنتی","iscorrect":0},{"id":"8788","description":"عنوان، آدرس اینترنتی، چکیده","iscorrect":1}]},{"id":"2315","description":"کارکرد کدام گزینه برای پیدا کردن معنی یک واژه است؟","answers":[{"id":"8789","description":"Related Search","iscorrect":0},{"id":"8790","description":"Preview","iscorrect":0},{"id":"8791","description":"Define","iscorrect":1},{"id":"8792","description":"Images","iscorrect":0}]},{"id":"2316","description":"کدام گزینه صحیح نیست؟","answers":[{"id":"8793","description":"در گوگل می توان نتایج جستجو را براساس هفته فیلتر کرد.","iscorrect":0},{"id":"8794","description":"در گوگل می توان نتایج جستجو را براساس ماه فیلتر کرد.","iscorrect":0},{"id":"8795","description":"در گوگل می توان نتایج جستجو را براساس ساعت فیلتر کرد.","iscorrect":0},{"id":"8796","description":"هیچکدام","iscorrect":1}]},{"id":"2317","description":"اگر یک ابزار ناشناس در انباری خانه خود پیدا کردید، سریع ترین راه برای فهمیدن کاربرد آن ابزار چیست؟","answers":[{"id":"8797","description":"بردن آن ابزار به مغازه ابزار آلات فروشی و سوال از صاحب مغازه","iscorrect":0},{"id":"8798","description":"عکس گرفتن از آن ابزار و استفاده از امکان جستجو براساس تصویر گوگل","iscorrect":1},{"id":"8799","description":"گشت و گذار در انباری برای پیدا کردن دفترچه راهنما","iscorrect":0},{"id":"8800","description":"همه موارد","iscorrect":0}]},{"id":"2318","description":"کدام گزینه نادرست است؟","answers":[{"id":"8801","description":"خرید رتبه صفحه بهتر از گوگل برای یک وب سایت یا وبلاگ امکان پذیر است.","iscorrect":0},{"id":"8802","description":"مشاهده لوگوی گوگل در یک وب سایت برابر با همکاری رسمی آن وب سایت با گوگل است.","iscorrect":0},{"id":"8803","description":"تبلیغات گوگل در یک صفحه، به معنی مورد تایید بودن آن صفحه از سوی گوگل است.","iscorrect":0},{"id":"8804","description":"همه موارد نادرست هستند.","iscorrect":1}]},{"id":"2319","description":"تفاوت مفهوم جستجوی این دو عبارت در گوگل چیست: «متوسط هوش مردم ایران» و «متوسط هوش مردم ایران ۱۰۰ است».","answers":[{"id":"8805","description":"در اولی به دنبال پاسخ یک سوال هستیم و در دومی در حال بررسی درستی یک ادعا.","iscorrect":1},{"id":"8806","description":"در اولی به دنبال بررسی درستی یک ادعا هستیم و در دومی به دنبال پاسخ یک سوال.","iscorrect":0},{"id":"8807","description":"هیچ تفاوتی با یکدیگر ندارند.","iscorrect":0},{"id":"8808","description":"نمی توان پاسخ دقیقی به این سوال داد.","iscorrect":0}]},{"id":"2320","description":"کدام گزینه را نمی توان در گوگل محاسبه کرد؟","answers":[{"id":"8809","description":"تبدیل کیلوگرم به گرم","iscorrect":0},{"id":"8810","description":"تبدیل مگابایت به بایت","iscorrect":0},{"id":"8811","description":"رسم نمودار sin2x","iscorrect":0},{"id":"8812","description":"همه موارد را می توان به کمک گوگل محاسبه کرد.","iscorrect":1}]}]},{"score":"50","questions":[{"id":"2321","description":"کدام جمله صحیح تر است؟","answers":[{"id":"8813","description":"گوگل برای نمایش نتایج جستجو کل اینترنت را می گردد.","iscorrect":0},{"id":"8814","description":"گوگل برای نمایش نتایج جستجو بخشی از اینترنت را می گردد.","iscorrect":0},{"id":"8815","description":"گوگل برای نمایش نتایج جستجو، بخشی از اینترنت را که ذخیره کرده است، می گردد.","iscorrect":1},{"id":"8816","description":"تمامی جملات نادرست هستند.","iscorrect":0}]},{"id":"2322","description":"کدام گزینه در نتایج جستجوی شما در گوگل بی تاثیر است؟","answers":[{"id":"8817","description":"افزودن یک کلمه به واژه کلیدی","iscorrect":0},{"id":"8818","description":"ترتیب کلمات","iscorrect":0},{"id":"8819","description":"استفاده از حروف بزرگ و کوچک","iscorrect":1},{"id":"8820","description":"استفاده از علامت + و @","iscorrect":0}]},{"id":"2323","description":"اهمیت استفاده از ویژگی جستجو در صفحه های وب به کمک مرورگرها در چیست؟","answers":[{"id":"8821","description":"کاهش ۱۲ درصدی زمان جستجو","iscorrect":0},{"id":"8822","description":"کاهش ۱۰ درصدی زمان جستجو","iscorrect":0},{"id":"8823","description":"عدم گشت و گذار در صفحه های بی ربط","iscorrect":0},{"id":"8824","description":"گزینه های اول و سوم","iscorrect":1}]},{"id":"2324","description":"برای جستجو در میان میلیون ها خبری که به صورت روزانه بر روی اینترنت منتشر می شوند، کدام گزینه نوار زیر جعبه جستجوی گوگل کاربرد دارد؟","answers":[{"id":"8825","description":"Images","iscorrect":0},{"id":"8826","description":"News","iscorrect":1},{"id":"8827","description":"Maps","iscorrect":0},{"id":"8828","description":"Places","iscorrect":0}]},{"id":"2325","description":"هر نتیجه جستجو در گوگل، دارای سه بخش است. این بخش های به ترتیب عبارتند از:","answers":[{"id":"8829","description":"عنوان، چکیده، آدرس اینترنتی","iscorrect":0},{"id":"8830","description":"آدرس اینترنتی، عنوان، چکیده","iscorrect":0},{"id":"8831","description":"چکیده، عنوان، آدرس اینترنتی","iscorrect":0},{"id":"8832","description":"عنوان، آدرس اینترنتی، چکیده","iscorrect":1}]},{"id":"2326","description":"حاصل sin(128) tan(12) کدام گزینه است؟","answers":[{"id":"8833","description":"۱.۵","iscorrect":0},{"id":"8834","description":"۰.۰۸۵","iscorrect":1},{"id":"8835","description":"۰.۵۸","iscorrect":0},{"id":"8836","description":"۰.۷۵","iscorrect":0}]},{"id":"2327","description":"برای جستجو در میان صفحه هایی به زبان چینی از چه امکانی باید استفاده کرد؟","answers":[{"id":"8837","description":"تصاویر","iscorrect":0},{"id":"8838","description":"فیلتر براساس تاریخ","iscorrect":0},{"id":"8839","description":"صفحات خارجی ترجمه شده","iscorrect":1},{"id":"8840","description":"چنین امکانی در گوگل وجود ندارد.","iscorrect":0}]},{"id":"2328","description":"آیا می توان به نتایج ظاهر شده در صفحه اول جستجو به صورت صد در صد اعتماد کرد؟","answers":[{"id":"8841","description":"بله","iscorrect":0},{"id":"8842","description":"خیر","iscorrect":0},{"id":"8843","description":"نمی توان به صورت ۱۰۰٪ به نتایج ظاهر شده در جستجوی گوگل اعتماد کرد.","iscorrect":1},{"id":"8844","description":"هیچکدام","iscorrect":0}]},{"id":"2329","description":"کدام گزینه در افزایش دقت یک جستجو در گوگل تاثیر دارد؟","answers":[{"id":"8845","description":"نگاه کردن به نتایج جستجو در صفحه اول","iscorrect":0},{"id":"8846","description":"تکرار چندین باره جستجو با شرایط مختلف","iscorrect":0},{"id":"8847","description":"افزایش تعداد کلمات کوئری وارد شده در جعبه جستجو","iscorrect":0},{"id":"8848","description":"موارد دوم و سوم","iscorrect":1}]},{"id":"2330","description":"کدام واحد را می توان به کمک گوگل تبدیل کرد؟","answers":[{"id":"8849","description":"سرعت (Speed)","iscorrect":0},{"id":"8850","description":"حجم (Volume)","iscorrect":0},{"id":"8851","description":"مساحت (Area)","iscorrect":0},{"id":"8852","description":"همه موارد","iscorrect":1}]}]}]}]}