{"courseId":"96","contents":[{"name":"مقدمه","id":"821","contentorder":"1","lesson_number":1,"type":0,"filename":"lesson821.html"},{"name":"درس اول- آماده‌سازی برای ایجاد قدرت و تسلط","id":"822","contentorder":"2","lesson_number":2,"type":0,"filename":"lesson822.html"},{"name":"درس دوم- ایجاد قدرت و تسلط در داخل شرکت","id":"823","contentorder":"3","lesson_number":3,"type":0,"filename":"lesson823.html"},{"name":"درس سوم- ایجاد قدرت و تسلط در جامعه- بخش اول","id":"824","contentorder":"4","lesson_number":4,"type":0,"filename":"lesson824.html"},{"name":"درس چهارم- ایجاد قدرت و تسلط در جامعه- بخش دوم","id":"825","contentorder":"5","lesson_number":5,"type":0,"filename":"lesson825.html"},{"name":"آزمون نهایی چگونه در حرفه خود کارشناس خبره شوید","id":"1446","contentorder":"6","type":1,"set":[{"score":"60","questions":[{"id":"6191","description":"چه چیزی این تصور را در ذهن افرادی که با شما در ارتباط هستند ایجاد میکنند که شما دارای سطح بالاتری از دانش، تجربه و تخصص نسبت به آنها هستید؛ در نتیجه سخنان شما برای آنها معتبر خواهد بود؟","answers":[{"id":"23681","description":"نوشتن وبلاگ","iscorrect":0},{"id":"23682","description":"داشتن مدرک تحصیلی","iscorrect":0},{"id":"23683","description":"داشتن گواهینامه مربوط به زمینه کاریتان","iscorrect":0},{"id":"23684","description":"مورد دوم و سوم","iscorrect":1}]},{"id":"6192","description":"حداقل چه میزان مقاله در هر ماه باید بنویسید تا بتوانید خودتان را به عنوان یک فرد متخصص به دیگران معرفی کنید؟","answers":[{"id":"23685","description":"یک","iscorrect":0},{"id":"23686","description":"دو","iscorrect":1},{"id":"23687","description":"سه","iscorrect":0},{"id":"23688","description":"چهار","iscorrect":0}]},{"id":"6193","description":"​سریع‌ترین راه برای تبدیل شدن به یک مرجع قدرت و تسلط در زمینه کاری چیست؟","answers":[{"id":"23689","description":"داشتن برنامه زمان‌بندی","iscorrect":0},{"id":"23690","description":"داشتن روابط با مدیران ارشد محل کار","iscorrect":0},{"id":"23691","description":"داشتن اعتماد به نفس","iscorrect":0},{"id":"23692","description":"داشتن یک مربی با تجربه","iscorrect":1}]},{"id":"6195","description":"​ساده‌ترین و سریع‌ترین راه برای آنکه به یک رهبر قدرتمند و مسلط در محل کارتان تبدیل شوید چیست؟","answers":[{"id":"23693","description":"نزدیک شدن به مدیران ارشد شرکت","iscorrect":0},{"id":"23694","description":"داشتن مدرک تحصیلی بالا","iscorrect":0},{"id":"23695","description":"متخصص شدن در زمینه کاری‌تان","iscorrect":1},{"id":"23696","description":"هیچ‌کدام","iscorrect":0}]},{"id":"6196","description":"یک متخصص کسی است که در یک شرکت:","answers":[{"id":"23697","description":"بهترین درک را از ساختار شرکت داشته باشد.","iscorrect":0},{"id":"23698","description":"بالاترین مدرک تحصیلی را داشته باشد.","iscorrect":0},{"id":"23699","description":"بالاترین دستمزد را در شرکت دریافت کند.","iscorrect":0},{"id":"23700","description":"بهترین درک را از فرآیند‌ها و مراحل تعیین شده در کسب و کار داشته باشد.","iscorrect":1}]}]},{"score":"60","questions":[{"id":"6197","description":"کدام روش برای ساختن کتابخانه در زمینه تخصصی‌تان کمک خواهد کرد؟","answers":[{"id":"23701","description":"نوشتن مقاله","iscorrect":0},{"id":"23702","description":"نوشتن کتاب","iscorrect":0},{"id":"23703","description":"ساخت ویدیو","iscorrect":0},{"id":"23704","description":"همه موارد","iscorrect":1}]},{"id":"6198","description":"کدام راه برای ساختن یک شبکه اجتماعی آنلاین در زمینه کاری‌تان مناسب نیست؟","answers":[{"id":"23705","description":"نوشتن مطلب به عنوان نویسنده مهمان در یک وبلاگ معروف","iscorrect":0},{"id":"23707","description":"شرکت در گفتگوهای آنلاین مانند پادکست","iscorrect":0},{"id":"23708","description":"ایجاد یک گروه تخصصی در یک شبکه اجتماعی","iscorrect":0},{"id":"23709","description":"همه موارد نام برده مفید هستند","iscorrect":1}]},{"id":"6199","description":"برای شروع آموزش و به اشتراک گذاشتن دانش خودتان با دیگران، چند ساعت در هفته کافی است؟<br />","answers":[{"id":"23710","description":"یک ساعت","iscorrect":1},{"id":"23711","description":"دو ساعت","iscorrect":0},{"id":"23712","description":"سه ساعت","iscorrect":0},{"id":"23713","description":"چهار ساعت","iscorrect":0}]},{"id":"6200","description":"فرآیند آموزش شفاهی در کدام شرکت‌ها کاربردی است؟<br />","answers":[{"id":"23715","description":"شرکت‌های کوچک","iscorrect":0},{"id":"23716","description":"شرکت‌های کوچک در حال رشد","iscorrect":0},{"id":"23717","description":"شرکت‌های بزرگ","iscorrect":0},{"id":"23718","description":"موارد اول و دوم","iscorrect":1}]},{"id":"6201","description":"ساده‌ترین و سریع‌ترین راه برای آن‌که به یک رهبر قدرتمند و مسلط در محل‌ کارتان تبدیل شوید چیست؟","answers":[{"id":"23719","description":"نزدیک شدن به مدیران بالای شرکت","iscorrect":0},{"id":"23720","description":"داشتن مدرک تحصیلی بالا","iscorrect":0},{"id":"23721","description":"متخصص شدن در زمینه کاری‌تان","iscorrect":1},{"id":"23722","description":"هیچ‌کدام","iscorrect":0}]}]}]}]}