{"courseId":"87","contents":[{"name":"درس اول- متلب چیست؟","id":"717","contentorder":"1","lesson_number":1,"type":0,"filename":"lesson717.html"},{"name":"درس دوم- میز کار","id":"718","contentorder":"2","lesson_number":2,"type":0,"filename":"lesson718.html"},{"name":"میز کار","id":"1229","contentorder":"3","type":1,"set":[{"score":"60","questions":[{"id":"5262","description":"کدام گزینه درباره میزکار متلب درست است؟","answers":[{"id":"20099","description":"در هر بار اجرای نرم افزار باید میز کار را دوباره بر اساس نیاز مرتب کرد.","iscorrect":0},{"id":"20100","description":"کاربر می‌تواند چند میزکار مختلف را براساس نیاز خود در متلب ذخیره کند.","iscorrect":1},{"id":"20101","description":"آرایش پیش فرض میزکار متلب در سیستم عامل‌های مختلف بطور کامل متفاوت است.","iscorrect":0},{"id":"20102","description":"محل پنجره‌ها بر روی میزکار ثابت است و فقط می‌توان اندازه آن را تغییر داد.","iscorrect":0}]},{"id":"5263","description":"با فرمان CLC می‌توانیم:","answers":[{"id":"20103","description":"همه اطلاعات ذخیره شده در هنگام کار با نرم افزار را پاک کنیم.","iscorrect":0},{"id":"20104","description":"پنجره تاریخچه دستور را پاک کنیم.","iscorrect":0},{"id":"20105","description":"فرمان‌های ناخواسته یا اشتباه را حذف کنیم.","iscorrect":0},{"id":"20106","description":"پنجره دستور را پاک کنیم در حالی که تاریخچه آنها باقی خواهند ماند.","iscorrect":1}]},{"id":"5264","description":"پاک کردن اطلاعات پنجره تاریخچه دستور:","answers":[{"id":"20107","description":"به هیچ وجه امکان پذیر نیست، حتی با خارج شدن از نرم افزار و اجرای مجدد آن.","iscorrect":0},{"id":"20108","description":"با فرمان‌های CLC و Clear all میسر است به شرطی که پشت سر هم اجرا شوند.","iscorrect":0},{"id":"20109","description":"به روش‌های مختلف ممکن است.","iscorrect":1},{"id":"20110","description":"فقط با خارج شدن از نرم افزار و اجرای مجدد آن مقدور است.","iscorrect":0}]},{"id":"5265","description":"در پنجره فضای کار چه اطلاعاتی قابل دسترسی است؟","answers":[{"id":"20111","description":"نتایج آخرین محاسبات، مقادیر و اطلاعات ذخیره شده در هر متغیر، و محتوای فایل‌های ورودی و خروجی که آنها را به روش‌های مختلف فراخوانده یا تولید کرده‌اید.","iscorrect":1},{"id":"20112","description":"اطلاعات مربوط به چگونگی ارائه بصری نمودارها مانند عنوان‌های محورهای نمودار.","iscorrect":0},{"id":"20113","description":"تاریخچه محاسبات.","iscorrect":0},{"id":"20114","description":"تاریخچه محاسبات و فرامین و نمودارها.","iscorrect":0}]},{"id":"5266","description":"برای نوشتن برنامه‌ها، یا توابع در متلب:","answers":[{"id":"20115","description":"آنها را با نرم افزاری مانند Word مایکروسافت نوشته و با فرمت مناسب متلب ذخیره و سپس اجرا می‌کنیم.","iscorrect":0},{"id":"20116","description":"فقط از ویرایشگر متلب استفاده می‌کنیم.","iscorrect":0},{"id":"20117","description":"از هر ویرایشگر متن ASCII ساده‌ای می‌توان استفاده کرد ولی ویرایشگر داخلی متلب امکانات بیشتری را در هنگام برنامه نویسی در اختیار می‌گذارد.","iscorrect":1},{"id":"20118","description":"هیچ اهمیتی ندارد که متن برنامه را چگونه و با چه نرم افزاری تولید می‌کنیم فقط باید محل ذخیره آن بر روی پوشه اصلی نرم افزار باشد.","iscorrect":0}]}]},{"score":"60","questions":[{"id":"5267","description":"هر پنجره جدید که در حین کار به میزکار متلب افزوده می‌شود:","answers":[{"id":"20119","description":"بر روی میز کار شناور باقی می‌ماند.","iscorrect":0},{"id":"20120","description":"بطور ثابت در جایگاه پیش فرض خود و چسبیده به میز کار ظاهر می‌شود.","iscorrect":0},{"id":"20121","description":"بسته به سلیقه و نیاز کاربر می‌تواند بخشی از میزکار باشد یا بر روی آن شناور باشد.","iscorrect":1},{"id":"20122","description":"در هر بار اجرای مجدد متلب دوباره بر روی میز کار ظاهر خواهد شد حتی اگر آن را به میز نچسبانده باشیم.","iscorrect":0}]},{"id":"5268","description":"کاربرد کلیدهای نشانگر بالا و پایین صفحه کلید در پنجره دستور چیست؟","answers":[{"id":"20123","description":"جستجو و احضار فرمان‌های پیشین برای اجرای مجدد یا اصلاح و اجرای دوباره.","iscorrect":1},{"id":"20124","description":"بالا و پایین رفتن در پنجره برای مرور فرامین یا نتایج پیشین.","iscorrect":0},{"id":"20125","description":"تغییر پنجره فعال و حرکت کردن در بین آنها.","iscorrect":0},{"id":"20126","description":"کاربرد خاصی ندارند و کاربر به سلیقه خود می‌تواند نقش و عملکرد آنها را در تنظیمات نرم افزار، مشخص کند.","iscorrect":0}]},{"id":"5269","description":"برای فراخوانی و اجرای مجدد چند فرمان از پنجره تاریخچه چه کار باید کرد؟","answers":[{"id":"20127","description":"به ترتیب بر روی هر فرمان کلیک دوگانه می‌کنیم.","iscorrect":0},{"id":"20128","description":"فرمان‌ها را با کمک دکمه‌های شیفت و کنترل صفحه کلیک و کلیک کردن انتخاب و آنها را کپی و سپس در پنجره دستور چسبانده و اجرا می‌کنیم.","iscorrect":0},{"id":"20129","description":"با کلیک کردن بر روی هر فرمان و زدن دکمه ورود صفحه کلید فرمان‌ها را به نوبت اجرا می‌کنیم.","iscorrect":0},{"id":"20130","description":"هر سه روش بسته به سلیقه یا نیاز کاربر عملی است.","iscorrect":1}]},{"id":"5270","description":"به کمک ابزارها و ابزارک‌های پنجره فضای کار، می‌توانیم:","answers":[{"id":"20131","description":"خطاهای احتمالی برنامه‌هایی که نوشته‌ایم را اصلاح کنیم.","iscorrect":0},{"id":"20132","description":"محتوای هر متغیر یا جدول وروردی اطلاعات یا نتایج حاصل از یک فرمان یا برنامه را مشاهده و در صورت نیاز تغییر دهیم.","iscorrect":1},{"id":"20133","description":"فرمت یا قالب فایل‌ها را به قالبی که برای متلب قابل فهم است تغییر دهیم.","iscorrect":0},{"id":"20134","description":"هیچکدام از موارد بالا.","iscorrect":0}]},{"id":"5271","description":"کدام عبارت درباره پوشه فعال درست نیست؟","answers":[{"id":"20135","description":"برای دسترسی به پوشه فعال در هر بار اجرای متلب باید آن را دوباره فراخواند.","iscorrect":1},{"id":"20136","description":"پوشه فعال جایی است که متلب اطلاعات ورودی اعم از برنامه‌ها یا توابع خودساخته یا مقادیر ورودی را از آنجا پیدا می‌کند و اطلاعات خروجی را در آن محل ذخیره می‌کند.","iscorrect":0},{"id":"20137","description":"با اینکه پوشه اصلی نرم افزار می‌تواند پوشه فعال نیز باشد ولی به دلایل مختلف نباید از این پوشه به عنوان پوشه فعال استفاده کرد.","iscorrect":0},{"id":"20138","description":"پوشه فعال می‌تواند در هر جایی ایجاد و فراخوانی شود، حتی بر روی حافظه‌های فلش یا فضای ذخیره سازی بر روی شبکه.","iscorrect":0}]}]}]},{"name":"درس سوم- داده‌ها","id":"719","contentorder":"4","lesson_number":3,"type":0,"filename":"lesson719.html"},{"name":"داده‌ها","id":"1231","contentorder":"5","type":1,"set":[{"score":"60","questions":[{"id":"5272","description":"حاصل کدام فرمان یک بردار با 5 عضو خواهد بود؟","answers":[{"id":"20139","description":"M=(0,2,8)","iscorrect":0},{"id":"20140","description":"M=(0:2:10)","iscorrect":0},{"id":"20141","description":"M=(2:5:10)","iscorrect":0},{"id":"20142","description":"M= 0:2:8","iscorrect":1}]},{"id":"5273","description":"حاصل فرمان زیر که در آن M از سوال پیشین مشخص شده است چیست؟\n\n\nL=[M M]","answers":[{"id":"20143","description":"پیغام خطا.","iscorrect":0},{"id":"20144","description":"برداری ستونی با ده عضو.","iscorrect":0},{"id":"20145","description":"برداری سطری با ده عضو.","iscorrect":1},{"id":"20146","description":"آرایه‌ای با دو سطر و در هر سطر پنج عضو.","iscorrect":0}]},{"id":"5274","description":"کدام یک از نام‌های زیر در متلب معتبرند؟","answers":[{"id":"20147","description":"qwerty_01","iscorrect":1},{"id":"20148","description":"qwerty.01","iscorrect":0},{"id":"20149","description":"qwerty-01","iscorrect":0},{"id":"20150","description":"هر سه.","iscorrect":0}]},{"id":"5275","description":"ساده‌ترین راه برای خلق یک ماتریس 10×10 که همه اعضای آن عدد 2 است؛ کدام فرمان است؟","answers":[{"id":"20151","description":"نوشتن 100 عدد دو در دسته‌های ده‌تایی که با یک ; از هم جدا شده‌اند در درون یک براکت.","iscorrect":0},{"id":"20152","description":"2* ones(10,10)","iscorrect":1},{"id":"20153","description":"2* eye(10,10)","iscorrect":0},{"id":"20154","description":"2* zeros(10,10)","iscorrect":0}]},{"id":"5276","description":"اگر A ماتریسی با ده ستون و بیست سطر باشد، حاصل عبارت زیر برابر چیست؟\n\n\nA (2:3 , 7:9)","answers":[{"id":"20155","description":"عضو ششم از سطر 63 ماتریس.","iscorrect":0},{"id":"20156","description":"برداری با دو عضو.","iscorrect":0},{"id":"20157","description":"ماتریسی با سه سطر و دو ستون.","iscorrect":0},{"id":"20158","description":"ماتریس با دو سطر و سه ستون.","iscorrect":1}]}]},{"score":"60","questions":[{"id":"5277","description":"عضو سوم کدام بردار برابر با 6 است؟","answers":[{"id":"20159","description":"n=(0:2:10)","iscorrect":0},{"id":"20160","description":"n=(10:-2:0)","iscorrect":1},{"id":"20161","description":"n=1:3:16","iscorrect":0},{"id":"20162","description":"n= 10;-2;0","iscorrect":0}]},{"id":"5278","description":"بزرگترین نامی که متلب می‌تواند بدون اشکال و اشتباه یک متغیر را شناسایی کند چند کاراکتر دارد؟","answers":[{"id":"20163","description":"۳۱ کاراکتر","iscorrect":1},{"id":"20164","description":"حدی ندارد.","iscorrect":0},{"id":"20165","description":"۱۶ کاراکتر","iscorrect":0},{"id":"20166","description":"۳۲ کاراکتر","iscorrect":0}]},{"id":"5279","description":"اگر x یک بردار سطری با سه عضو باشد، حاصل عبارت زیر چه خواهد بود؟\n\n\nw=[x;x‌’;x]","answers":[{"id":"20167","description":"ماتریسی با سه سطر و سه ستون.","iscorrect":0},{"id":"20168","description":"ماتریسی با سه سطر و سه ستون که ستون دوم آن معکوس دو ستون دیگر است.","iscorrect":0},{"id":"20169","description":"ماتریسی با سه سطر و سه ستون که سطر دوم آن معکوس دو ستون دیگر است.","iscorrect":0},{"id":"20170","description":"پیغام خطا.","iscorrect":1}]},{"id":"5280","description":"اگر S ماتریسی 66 باشد، حاصل عبارت زیر چیست؟\n\n\nr= rand(size(s))","answers":[{"id":"20171","description":"برداری با 36 عدد تصادفی.","iscorrect":0},{"id":"20172","description":"ماتریسی 6×6 که قطر اصلی آن شامل اعداد تصادفی است و بقیه اعضا صفر.","iscorrect":0},{"id":"20173","description":"ماتریسی 6×6 با 36 عدد تصادفی.","iscorrect":1},{"id":"20174","description":"هیچکدام از موارد بالا.","iscorrect":0}]},{"id":"5281","description":"کدام عبارت در باره متغیرها در متلب درست است؟","answers":[{"id":"20175","description":"در ابتدای هر برنامه یا تابعی که در متلب می‌نویسیم باید نوع متغیرها و طول آنها را مشخص کنیم.","iscorrect":0},{"id":"20176","description":"همه متغیرها بطور پیش فرض بصورت اعداد با دقت مضاعف شناسایی می‌شوند مگر اینکه کاربر به دلیلی نوع و طول یک یا دسته‌ای از متغیرها را تغییر دهد.","iscorrect":1},{"id":"20177","description":"انتخاب هر نامی برای متغیرهایی که در برنامه نویسی استفاده می‌کنید آزاد است.","iscorrect":0},{"id":"20178","description":"متلب نمی‌تواند تفاوتی بین حروف کوچک و بزرگ قائل شود، پس در هنگام تعریف هر متغیر باید دقت کرد که یک نام دو بار با حروف و کوچک و بزرگ تکرار نشود.","iscorrect":0}]}]}]},{"name":"درس چهارم- محاسبات","id":"720","contentorder":"6","lesson_number":4,"type":0,"filename":"lesson720.html"},{"name":"محاسبات","id":"1233","contentorder":"7","type":1,"set":[{"score":"60","questions":[{"id":"5282","description":"حاصل ضرب یک بردار سطری 10 عضوی (1 در 10) در یک بردار ستونی 10 عضوی (10 در 1) چیست؟","answers":[{"id":"20179","description":"یک بردار سطری 100 عضوی.","iscorrect":0},{"id":"20180","description":"یک بردار ستونی 100 عضوی.","iscorrect":0},{"id":"20181","description":"یک آرایه 2x10 عضوی.","iscorrect":0},{"id":"20182","description":"یک عدد یا یک ماتریس یک در یک","iscorrect":1}]},{"id":"5283","description":"آرایه A جدولی از زوایای اندازه گیری شده به درجه است. کدام گزینه بدون خطا مقدار خواسته شده را بر می‌گرداند؟","answers":[{"id":"20183","description":"Y = sin (A).^2","iscorrect":0},{"id":"20184","description":"Y = sind (A).^2","iscorrect":1},{"id":"20185","description":"Y = sind (A) ^2","iscorrect":0},{"id":"20186","description":"Y = sind (A^2)","iscorrect":0}]},{"id":"5284","description":"کدام گزینه در باره ans اشتباه است؟","answers":[{"id":"20187","description":"با حضور کاراکتر ; در پایان فرامین هیچ مقداری در آن ذخیره نمی‌شود.","iscorrect":1},{"id":"20188","description":"در غیاب متغیر تعریف شده برای خروجی، همیشه آخرین نتیجه محاسبات را در خود نگه می‌دارد.","iscorrect":0},{"id":"20189","description":"می‌توان محتوای آن را به یک متغیر دیگر منتقل کرد.","iscorrect":0},{"id":"20190","description":"ans آرایه‌ای است که مشخصات و محتویات آن بر اساس آخرین محاسبات تعیین می‌شود.","iscorrect":0}]},{"id":"5285","description":"اگر a یک بردار سطری سه عضوی و b ماتریسی دوستونه سه سطری باشد، کدام عبارت درست است؟","answers":[{"id":"20191","description":"a * b","iscorrect":0},{"id":"20192","description":"a’.*b","iscorrect":0},{"id":"20193","description":"b * a","iscorrect":1},{"id":"20194","description":"b’.*a","iscorrect":0}]},{"id":"5286","description":"فرمان زیر چه کاری را انجام می‌دهد؟\n\n\ninv(matrix name)","answers":[{"id":"20195","description":"معکوس ماتریس‌هایی با nxn عضو را بدست می‌آورد.","iscorrect":1},{"id":"20196","description":"معکوس ماتریس‌هایی با mxn عضو را بدست می‌آورد.","iscorrect":0},{"id":"20197","description":"ترانهاده مختلط مزدوج ماتریسی با nxn عضو را بدست می‌آورد.","iscorrect":0},{"id":"20198","description":"ترانهاده مختلط مزدوج ماتریسی با mxn عضو را بدست می‌آورد.","iscorrect":0}]}]},{"score":"60","questions":[{"id":"5287","description":"کدام عبارت پیغام خطا بر نمی‌گرداند؟ (a و b دو ماتریس هم ابعاد هستند و c عدد ثابت)","answers":[{"id":"20199","description":"2sin(a+b)/c","iscorrect":0},{"id":"20200","description":"2sin(a+b)./c","iscorrect":0},{"id":"20201","description":"2*sin(a.+b)/c","iscorrect":0},{"id":"20202","description":"2*sin(a+b)/c","iscorrect":1}]},{"id":"5288","description":"حاصل کدام عبارت یک عدد ثابت است؟ (a و b دو ماتریس هم ابعاد هستند و c عدد ثابت)","answers":[{"id":"20203","description":"det(a)*inv(b)/c","iscorrect":0},{"id":"20204","description":"(det(a)*inv(b))/c","iscorrect":0},{"id":"20205","description":"det(a*inv(b))/c","iscorrect":1},{"id":"20206","description":"det(a)*inv(b/c)","iscorrect":0}]},{"id":"5289","description":"متغیرهایی که پس از فرمان syms می‌آیند...","answers":[{"id":"20207","description":"متغیرهایی هستند که متلب آنها را فقط یک سمبل در نظر می‌گیرد و نه عدد، حتی اگر در ظاهر عدد باشند.","iscorrect":1},{"id":"20208","description":"بطور دقت مضاعف ذخیره می‌شوند و دارای 15 رقم معنی دار هستند.","iscorrect":0},{"id":"20209","description":"آرایه‌هایی هستند با ابعاد nxn که قطر اصلی‌‌شان یک است.","iscorrect":0},{"id":"20210","description":"آرایه‌هایی هستند با ابعاد nxn که هر عضو آنها بطور دقت مضاعف ذخیره شده‌اند.","iscorrect":0}]},{"id":"5290","description":"قطر و ارتفاع ده استوانه را اندازه گرفته‌ایم و در دو بردار ستونی به ترتیب با نام‌های D و H ثبت کرده‌ایم. کدام عبارت حجم هر استوانه را بطور صحیح محاسبه می‌کند.","answers":[{"id":"20211","description":"H*D^2*(pi/4)","iscorrect":0},{"id":"20212","description":"H*D.^2*(pi/4)","iscorrect":0},{"id":"20213","description":"H’*D.^2*(pi/4)","iscorrect":1},{"id":"20214","description":"هیچکدام از موارد بالا.","iscorrect":0}]},{"id":"5291","description":"فرمان Format Long چه کاربردی دارد؟","answers":[{"id":"20215","description":"افزایش دقت ذخیره سازی متغیرها.","iscorrect":0},{"id":"20216","description":"نمایش کامل مقادیر ثبت شده بر روی خروجی به جای فرم کوتاه شده آن.","iscorrect":1},{"id":"20217","description":"ایجاد بردارهایی با طول زیاد.","iscorrect":0},{"id":"20218","description":"هر سه مورد","iscorrect":0}]}]}]},{"name":"درس پنجم- گرافیک در متلب- بخش اول","id":"721","contentorder":"8","lesson_number":5,"type":0,"filename":"lesson721.html"},{"name":"گرافیک در متلب- بخش اول","id":"1235","contentorder":"9","type":1,"set":[{"score":"60","questions":[{"id":"5292","description":"فرمان زیر چه نوع نموداری تولید می‌کند؟\n\n\nezplot (fun2)","answers":[{"id":"20219","description":"نموداری دو بعدی با دو متغیر که هر دو متغیر در محدوده 2π- تا 2π تغییر می‌کنند.","iscorrect":1},{"id":"20220","description":"نموداری دو بعدی با دو متغیر که هر دو متغیر در محدوده صفر تا 2π تغییر می‌کنند.","iscorrect":0},{"id":"20221","description":"نموداری دو بعدی با یک متغیر که متغیرش در محدوده صفر تا 2π تغییر می‌کند.","iscorrect":0},{"id":"20222","description":"نموداری سه بعدی با دو متغیر.","iscorrect":0}]},{"id":"5293","description":"کدامیک از فرامین زیر نمودار زیر را و قتی که x بین صفر و 2‌π است، به درستی نشان خواهد داد؟\n\n\nsin(x)","answers":[{"id":"20223","description":"ezplot ( sin(x) , [0 , 2*pi] )","iscorrect":0},{"id":"20224","description":"ezplot ( sin(x) )","iscorrect":0},{"id":"20225","description":"ezplot (‌‘sin(x) ‌‘ , [0 2*pi] )","iscorrect":1},{"id":"20226","description":"ezplot (‌‘ sin(x) ‌‘)","iscorrect":0}]},{"id":"5294","description":"پارامتر Animate در کدام فرمان قابل اجراست...","answers":[{"id":"20227","description":"Polar (x)","iscorrect":0},{"id":"20228","description":"Plot3 (funx, funy, funz )","iscorrect":1},{"id":"20229","description":"Ezsurf (funx, funy, funz)","iscorrect":0},{"id":"20230","description":"Emesh (funx, funy, funz)","iscorrect":0}]},{"id":"5295","description":"اعدادی که در نمودار Pie به نمایش در می‌آیند:","answers":[{"id":"20231","description":"نسبت یک داده به حاصل جمع کل داده‌های ورودی به درصد است.","iscorrect":1},{"id":"20232","description":"همان اعداد ورودی ولی به شکل درصدی هستند.","iscorrect":0},{"id":"20233","description":"فقط می توانند مقادری بین 2π- تا 2π داشته باشند.","iscorrect":0},{"id":"20234","description":"هیچ عددی در این نمودار به نمایش در نمی آید.","iscorrect":0}]},{"id":"5296","description":"کدام عبارت غلط است؟","answers":[{"id":"20235","description":"گاه برای نمایش سه بعدی یک نمودار بیش از چند راه در متلب وجود دارد.","iscorrect":0},{"id":"20236","description":"در بیشتر توابع Easy-to-use دامنه تغیرات متغیرها از 2π- تا 2π است.","iscorrect":0},{"id":"20237","description":"فرمان syms نوشتن و دنبال کردن عبارات طولانی را ساده‌تر می‌کند.","iscorrect":0},{"id":"20238","description":"Explode در فرمان pie رشته‌ای از اعداد بزرگتر یا مساوی صفر است که تعداد اعضای آن می تواند با تعداد اعضای مجموعه ورودی یکی نباشد.","iscorrect":1}]}]},{"score":"60","questions":[{"id":"5297","description":"فرمان ezplot3 چه نوع نموداری تولید می‌کند؟","answers":[{"id":"20239","description":"نموداری سه بعدی از سطوح رنگی.","iscorrect":0},{"id":"20240","description":"نموداری سه بعدی از یک منحنی.","iscorrect":1},{"id":"20241","description":"نموداری دو بعدی و قطبی با دو متغیر.","iscorrect":0},{"id":"20242","description":"نموداری دو بعدی با دو متغیر.","iscorrect":0}]},{"id":"5298","description":"کاربرد پارامتر n در فرمان ezmesh چیست؟","answers":[{"id":"20243","description":"تعیین تعداد رنگ‌ها.","iscorrect":0},{"id":"20244","description":"محدوده تغییر متغیرها.","iscorrect":0},{"id":"20245","description":"تعداد گره‌های گرید در هر سطر و ستون.","iscorrect":1},{"id":"20246","description":"تعداد متغیرها.","iscorrect":0}]},{"id":"5299","description":"پارامتر explode در نمودار کیکی برای چه کاریست و چه مشخصه‌ای دارد؟","answers":[{"id":"20247","description":"رشته‌ای از اعداد بزرگتر یا مساوی صفر است که مقدار فاصله‌ای که هر قطعه از مرکز می‌گیرد را نشان می‌دهد و تعداد اعضای آن باید با تعداد اعضای مجموعه ورودی یکی باشد.","iscorrect":1},{"id":"20248","description":"رشته‌ای از اعداد بزرگتر یا مساوی صفر است که تعداد قطاع‌های نمودار را مشخص می‌کند.","iscorrect":0},{"id":"20249","description":"رشته‌ای از اعداد بزرگتر یا مساوی صفر است که مقدار واقعی هر قطاع را نشان می دهد و تعداد اعضای آن باید با تعداد اعضای مجموعه ورودی یکی باشد.","iscorrect":0},{"id":"20250","description":"هیچکدام.","iscorrect":0}]},{"id":"5300","description":"کدام یک از فرامین زیر شکل یک دایره را ترسیم خواهد کرد.","answers":[{"id":"20251","description":"Ezpolar (‌‘cos(t) ‌‘ , ‌‘sin(t) ‌‘ , [0 2*pi] ); axis square","iscorrect":0},{"id":"20252","description":"Ezpolar (cos(t) , sin(t) , [0 2*pi] ); axis square","iscorrect":0},{"id":"20253","description":"Ezplot (cos(t) , sin(t) , [0 2*pi] ); axis square","iscorrect":0},{"id":"20254","description":"Ezplot (‌‘cos(t) ‌‘ , ‌‘sin(t) ‌‘ , [0 2*pi] ); axis square","iscorrect":1}]},{"id":"5301","description":"فرمان contour چه کاربردی دارد؟","answers":[{"id":"20255","description":"برای رسم توابعی با حلقه‌های بسته یا باز استفاده می‌شود.","iscorrect":1},{"id":"20256","description":"درست کردن پس زمینه‌ای از منحنی‌های بسته یا باز در یک نمودار.","iscorrect":0},{"id":"20257","description":"تبدیل منحنی‌های باز دو بعدی به حلقه‌های بسته.","iscorrect":0},{"id":"20258","description":"رسم نمودارهای خطی در یک فضای سه بعدی.","iscorrect":0}]}]}]},{"name":"درس ششم- گرافیک در متلب- بخش دوم","id":"722","contentorder":"10","lesson_number":6,"type":0,"filename":"lesson722.html"},{"name":"گرافیک در متلب- بخش دوم","id":"1237","contentorder":"11","type":1,"set":[{"score":"60","questions":[{"id":"5302","description":"ساده‌ترین راه برای دیدن مشخصات کامل و چگونگی استفاده از یک فرمان در Help متلب چیست؟","answers":[{"id":"20259","description":"جستجو در اینترنت.","iscorrect":0},{"id":"20260","description":"تایپ دستور Help به همراه نام فرمان در خط فرمان.","iscorrect":0},{"id":"20261","description":"جستجو در منوی Help.","iscorrect":0},{"id":"20262","description":"تایپ دستور Doc به همراه نام فرمان در خط فرمان.","iscorrect":1}]},{"id":"5303","description":"با کدام دستور می‌توان مقیاس محورها را با هم یکسان کرد؟","answers":[{"id":"20263","description":"Axis Manual","iscorrect":0},{"id":"20264","description":"Axis Square","iscorrect":0},{"id":"20265","description":"Axis Normal","iscorrect":0},{"id":"20266","description":"Axis Equal","iscorrect":1}]},{"id":"5304","description":"فرمان Hold On تا وقتی که ......... معتبر است.","answers":[{"id":"20267","description":"متلب در حال اجراست.","iscorrect":0},{"id":"20268","description":"نمودار جدیدی رسم شود.","iscorrect":0},{"id":"20269","description":"یا فرمان Hold Off اجرا شود یا پنجره شکل بسته شود.","iscorrect":1},{"id":"20270","description":"فرمان clc اجرا شود.","iscorrect":0}]},{"id":"5305","description":"برای رسم یک نمودار که با ستاره‌های قرمز رسم شده‌است عبارت ……….... را به دستور Plot اضافه می‌کنیم.","answers":[{"id":"20271","description":"‌‘r *‌’","iscorrect":1},{"id":"20272","description":"‌‘g*‌’","iscorrect":0},{"id":"20273","description":"‌‘r‌ο‌’","iscorrect":0},{"id":"20274","description":"‌‘b‌ο‌’","iscorrect":0}]},{"id":"5306","description":"اگر بخواهیم در پنجره سمت راست پایین یک Subplot دو در دو نمودار جدیدی ایجاد کنیم، پیش از اجرای فرمان Plot باید دستور ……….. را اجرا کنیم؟","answers":[{"id":"20275","description":"Subplot (2,2,1)","iscorrect":0},{"id":"20276","description":"Subplot (2,2,4)","iscorrect":1},{"id":"20277","description":"Subplot (2,4,2)","iscorrect":0},{"id":"20278","description":"Subplot (4,2,4)","iscorrect":0}]}]},{"score":"60","questions":[{"id":"5307","description":"کدام عبارت درست نیست؟","answers":[{"id":"20279","description":"بعد از بوجود آوردن یک راهنما می‌توان آن را جابجا کرد.","iscorrect":0},{"id":"20280","description":"می‌توان نوع نمودار را در پنجره ویرایش شکل تغییر داد.","iscorrect":0},{"id":"20281","description":"نموداری که با قالب‌های متداول گرافیکی در متلب ذخیره شده، در همان محیط قابل ویرایش است.","iscorrect":1},{"id":"20282","description":"نمودارهای Subplot در پنجره ویرایش تصویر قابل اصلاح اند.","iscorrect":0}]},{"id":"5308","description":"به کمک کدام یک از فرامین زیر می‌توان یک نمودار جدید را به نمودار قبلی در پنجره سوم Subplot اضافه کرد؟","answers":[{"id":"20283","description":"Hold on; Subplot (2,2,3)","iscorrect":1},{"id":"20284","description":"Hold on; Subplot (2,3,2)","iscorrect":0},{"id":"20285","description":"Subplot (2,2,3)","iscorrect":0},{"id":"20286","description":"Subplot (2,3,2)","iscorrect":0}]},{"id":"5309","description":"وقتی دامنه تغییرات محورها را با دستور زیر مشخص کرده‌ایم:\n\n\naxis([0 10 -10 10])","answers":[{"id":"20287","description":"نمودار به ازای مقادیر x بیشتر از 10- غیر قابل نمایش است.","iscorrect":0},{"id":"20288","description":"نمودار به ازای مقادیر x کمتر از 10 غیر قابل نمایش است.","iscorrect":0},{"id":"20289","description":"نمودار به ازای مقادیر y کمتر از 10 غیر قابل نمایش است.","iscorrect":0},{"id":"20290","description":"نمودار به ازای مقادیر y کمتر از 10- غیر قابل نمایش است.","iscorrect":1}]},{"id":"5310","description":"کدام یک از فرامین زیر نموداری با خط چین سبز تولید می‌کند؟","answers":[{"id":"20291","description":"polar (cos(t) , sin(t) , [0 2*pi], ‌‘b‌—‌‘ )","iscorrect":0},{"id":"20292","description":"polar (cos(t) , sin(t) , [0 2*pi], ‌‘g‌—‌‘ )","iscorrect":1},{"id":"20293","description":"polar (cos(t) , sin(t) , [0 2*pi], ‌‘g:‌’ )","iscorrect":0},{"id":"20294","description":"polar (cos(t) , sin(t) , [0 2*pi], ‌‘b-‌‘ )","iscorrect":0}]},{"id":"5311","description":"کدام کار در پنجره ویرایش شکل ممکن نیست؟","answers":[{"id":"20295","description":"تغییر نوع محورها به لگاریتمی","iscorrect":0},{"id":"20296","description":"تغییر مقیاس محورها","iscorrect":0},{"id":"20297","description":"تبدیل یک نمودار خطی به قطبی","iscorrect":1},{"id":"20298","description":"تغییر جهت نمایش یک نمودار سه بعدی","iscorrect":0}]}]}]},{"name":"درس هفتم- برنامه‌نویسی در متلب- بخش اول","id":"723","contentorder":"12","lesson_number":7,"type":0,"filename":"lesson723.html"},{"name":"برنامه نویسی در متلب- بخش اول","id":"1239","contentorder":"13","type":1,"set":[{"score":"60","questions":[{"id":"5312","description":"یک سلول:","answers":[{"id":"20299","description":"یک تابع بی نام است.","iscorrect":0},{"id":"20300","description":"بخشی از برنامه اصلی است که وظیفه‌ای مشخص بر عهده دارد.","iscorrect":1},{"id":"20301","description":"یک تابع داخلی است.","iscorrect":0},{"id":"20302","description":"یک زیر تابع است.","iscorrect":0}]},{"id":"5313","description":"علامت @ در یک برنامه برای:","answers":[{"id":"20303","description":"اضافه کردن توضیحات است.","iscorrect":0},{"id":"20304","description":"ارسال ایمیل است.","iscorrect":0},{"id":"20305","description":"دریافت ورودی از صفحه کلید است.","iscorrect":0},{"id":"20306","description":"هیچکدام","iscorrect":1}]},{"id":"5314","description":"در حلقه زیر محاسبات چند بار و به ازای چه مقادیری تکرار خواهد شد:\n\n\nfor n= [6 1 3]","answers":[{"id":"20307","description":"سه بار و به ازای 3 و 1 و 6.","iscorrect":1},{"id":"20308","description":"چهار بار و به ازای 3 و 4 و 5 و 6.","iscorrect":0},{"id":"20309","description":"این دستور قابل اجرا نیست چون فاقد علامت : است.","iscorrect":0},{"id":"20310","description":"دوبار و به ازای 3 و 6.","iscorrect":0}]},{"id":"5315","description":"کدام عبارت در باره زیر تابع درست نیست:","answers":[{"id":"20311","description":"زیر تابع همانند تابع قابل فراخوانی در خط فرمان است.","iscorrect":0},{"id":"20312","description":"زیر تابع می‌تواند بخشی از یک تابع باشد یا بطور مستقل ایجاد شود.","iscorrect":0},{"id":"20313","description":"زیر تابع با فرمان clear all غیر قابل دسترس می‌شود.","iscorrect":1},{"id":"20314","description":"زیر تابع می‌تواند یکی از توابع داخلی نیز باشد.","iscorrect":0}]},{"id":"5316","description":"شکستن خطوط یک فرمان:","answers":[{"id":"20315","description":"بوسیله ابزار ... ممکن است به شرطی که در ابتدای فرمان از % استفاده شده باشد.","iscorrect":0},{"id":"20316","description":"بوسیله ابزار ... ممکن است و حدی برای تعداد خطوط وجود ندارد.","iscorrect":1},{"id":"20317","description":"بوسیله ابزار %% ممکن است به شرطی که در ابتدای فرمان از % استفاده شده باشد.","iscorrect":0},{"id":"20318","description":"بوسیله ابزار %% ممکن است و حدی برای تعداد خطوط وجود ندارد.","iscorrect":0}]}]},{"score":"60","questions":[{"id":"5317","description":"تابع بی‌نام اگر در خط فرمان اجرا شود:","answers":[{"id":"20319","description":"تا وقتی که متلب را نبسته‌ایم یا تا زمانی که دستور clear all را اجرا نکرده‌ایم معتبر است.","iscorrect":1},{"id":"20320","description":"اثری از خود در پنجره فضای کاری باقی نمی‌گذارد.","iscorrect":0},{"id":"20321","description":"باعث ایجاد پیغام خطا می‌شود.","iscorrect":0},{"id":"20322","description":"و در همان حال در برنامه‌ای که نوشته‌ایم هم حضور داشته باشد، دیگر قابل فراخوانی و اجرا در آن برنامه نیست.","iscorrect":0}]},{"id":"5318","description":"کاربرد سلول‌ها در یک برنامه چیست و چگونه بوجود می‌آیند؟","answers":[{"id":"20323","description":"برای خوانایی و دنبال کردن ساده‌تر برنامه در ویرایشگر متلب هستند و با اضافه کردن %% به ابتدای یک برنامه یا تابع تشکیل می‌شوند.","iscorrect":1},{"id":"20324","description":"فراخوانی یک تابع داخلی و با %% مشخص می‌شوند.","iscorrect":0},{"id":"20325","description":"تبدیل یک بخش از برنامه به یک زیر تابع و با %% مشخص می‌شوند.","iscorrect":0},{"id":"20326","description":"تبدیل یک تابع بی‌نام به یک زیر تابع و با علامت @ مشخص می‌شوند.","iscorrect":0}]},{"id":"5319","description":"یک حلقه باز:","answers":[{"id":"20327","description":"حلقه‌ای است که می‌توان تعداد نا متناهی از دستور العمل‌ها را در آن نوشت.","iscorrect":0},{"id":"20328","description":"حلقه‌ای است که اگر بدرستی تعریف شده باشد، تا زمانی که ما آنرا متوقف نکرده‌ایم به تکرار عملیات ادامه خواهد داد.","iscorrect":0},{"id":"20329","description":"حلقه‌ای است که تا به شرطی که به ازای آن طراحی شده نرسد، عملیات را تکرار خواهد کرد.","iscorrect":1},{"id":"20330","description":"حلقه‌ای است که نمی‌توان برای توقف آن محدودیتی قایل شد.","iscorrect":0}]},{"id":"5320","description":"کدام عبارت موجب ایجاد پیغام خطا خواهد شد؟","answers":[{"id":"20331","description":"for m = -100 : 3 : 1","iscorrect":0},{"id":"20332","description":"for m = 10 ; 5 ; 100","iscorrect":1},{"id":"20333","description":"n = 15; for m = 1 : n*2","iscorrect":0},{"id":"20334","description":"n = 5 ; for m = 1 : n/10 : n*5","iscorrect":0}]},{"id":"5321","description":"برای اجرای یک برنامه:","answers":[{"id":"20335","description":"باید آنرا در محیط ویرایشگر باز کرد و سپس با کلیک بر روی آیکون اجرا آنرا اجرا کرد.","iscorrect":0},{"id":"20336","description":"در خط فرمان نام آنرا تایپ و اجرا کرد.","iscorrect":0},{"id":"20337","description":"از منوی debug در صفحه ویرایشگر آنرا اجرا کرد.","iscorrect":0},{"id":"20338","description":"همه موارد بالا.","iscorrect":1}]}]}]},{"name":"درس هشتم- برنامه نویسی در متلب- بخش دوم","id":"724","contentorder":"14","lesson_number":8,"type":0,"filename":"lesson724.html"},{"name":"برنامه نویسی در متلب- بخش دوم","id":"1319","contentorder":"15","type":1,"set":[{"score":"60","questions":[{"id":"5670","description":"عبارات شرطی ...","answers":[{"id":"21744","description":"در خط فرمان غیر قابل اجرا هستند.","iscorrect":0},{"id":"21745","description":"را نمی‌توان در داخل یک حلقه باز بکار برد.","iscorrect":0},{"id":"21746","description":"را می‌توان در خط فرمان اجرا کرد.","iscorrect":1},{"id":"21747","description":"را نمی‌توان در یک حلقه بسته بکار برد.","iscorrect":0}]},{"id":"5674","description":"کدام فرمان را برای وارد کردن یک نام به متلب انتخاب می‌کنید؟","answers":[{"id":"21768","description":"input(‌'‌Name‌'‌)","iscorrect":0},{"id":"21766","description":"input(‌'‌Name‌'‌ , ‌'‌s‌'‌)","iscorrect":1},{"id":"21767","description":"input(‌'‌Name‌'‌ ,s)","iscorrect":0},{"id":"21769","description":"input(‌'‌s‌'‌)","iscorrect":0}]},{"id":"5672","description":"درباره دستور Switch کدام گزینه درست نیست؟","answers":[{"id":"21756","description":"محدودیتی در زمینه تعداد Caseها وجود ندارد.","iscorrect":0},{"id":"21757","description":"محدودیتی در زمینه مجموعه فرامین در یک Case وجود ندارد.","iscorrect":0},{"id":"21758","description":"این دستور یک روش برای شاخه‌ای کردن برنامه است.","iscorrect":0},{"id":"21759","description":"نمی‌توان تابع یا زیر تابعی با این دستور ایجاد کرد.","iscorrect":1}]},{"id":"5673","description":"دستور if x <= 60 && y > 10 چه معنایی دارد؟","answers":[{"id":"21760","description":"اگر y کوچکتر یا مساوی از 60 باشد یا x بزرگتر از 10 باشد.","iscorrect":0},{"id":"21761","description":"اگر x بزرگتر یا مساوی 60 باشد و y کوچکتر از 10 باشد.","iscorrect":0},{"id":"21762","description":"اگر x کوچکتر یا مساوی 60 باشد و y بزرگتر از 10 باشد.","iscorrect":1},{"id":"21763","description":"این فرمان پیغام خطا بر می‌گرداند.","iscorrect":0}]},{"id":"5675","description":"عبارت<br />\nxlsread (‌'‌books.xls‌'‌ , 2)<br />\nچه معنی می‌دهد؟","answers":[{"id":"21770","description":"خواندن یک فایل اکسل با دو صفحه.","iscorrect":0},{"id":"21771","description":"خواندن ستون دوم یک فایل اکسل.","iscorrect":0},{"id":"21772","description":"خواندن صفحه دوم یک فایل اکسل از پوشه جاری.","iscorrect":1},{"id":"21773","description":"خواندن صفحه دوم یک فایل متنی از پوشه جاری.","iscorrect":0}]}]},{"score":"60","questions":[{"id":"5676","description":"کدام عبارت درست است؟","answers":[{"id":"21774","description":"حلقه‌های باز پس از مدتی اگر به جواب نرسند بطور خودکار قطع می‌شوند.","iscorrect":0},{"id":"21775","description":"با عبارات شرطی نمی توان یک حلقه بسته درست کرد.","iscorrect":0},{"id":"21776","description":"نمی‌توان بطور همزمان از دو حلقه در داخل همدیگر استفاده کرد.","iscorrect":0},{"id":"21777","description":"می‌توان با یک حلقه بسته و یک عبارت شرطی یک حلقه باز درست کرد.","iscorrect":1}]},{"id":"5677","description":"کدام عبارت به معنی \" اگر x بزرگتر از y باشد یا x منفی باشد\" است؟","answers":[{"id":"21778","description":"if x <y && x < 0","iscorrect":0},{"id":"21779","description":"if x >y || x < 0","iscorrect":1},{"id":"21780","description":" if x >y && x < 0","iscorrect":0},{"id":"21781","description":" if x >y || x > 0","iscorrect":0}]},{"id":"5678","description":"یک حلقه باز ...","answers":[{"id":"21782","description":"حلقه‌ای است که تا به شرطی که به ازای آن طراحی شده نرسد، عملیات را تکرار خواهد کرد.","iscorrect":1},{"id":"21783","description":"حلقه‌ای است که می‌توان تعداد نا متناهی از دستور العمل‌ها را در آن نوشت.","iscorrect":0},{"id":"21784","description":"حلقه‌ای است که اگر بدرستی تعریف شده باشد، تا زمانی که ما آنرا متوقف نکرده‌ایم به تکرار عملیات ادامه خواهد داد.","iscorrect":0},{"id":"21785","description":"حلقه‌ای است که نمی‌توان برای توقف آن محدودیتی قایل شد.","iscorrect":0}]},{"id":"5679","description":"در مسئله‌ای فقط شش حالت ممکن برای پاسخ بر اساس شرایط ورودی وجود دارد. ما برای حل این مسئله از دستور Switch استفاده کرده ایم. در حالت عادی برنامه چند Case خواهد داشت؟","answers":[{"id":"21787","description":"چهار","iscorrect":0},{"id":"21788","description":"پنج","iscorrect":1},{"id":"21789","description":"شش","iscorrect":0},{"id":"21798","description":"هفت","iscorrect":0}]},{"id":"5680","description":"فرمان dlmread( ‌'‌C:data data.txt‌'‌, 1, 1 ) چه کار می‌کند؟","answers":[{"id":"21797","description":"فایل متنی data.txt را که در پوشه جاری قرار دارد از سطر دوم و ستون دوم می‌خواند.","iscorrect":0},{"id":"21796","description":"فایل متنی data.txt را که در پوشه C:/data قرار دارد از سطر دوم و ستون دوم می‌خواند.","iscorrect":1},{"id":"21794","description":"فایل متنی data.txt را از پوشه C:/data می‌خواند.","iscorrect":0},{"id":"21795","description":"فایل متنی data.txt را از پوشه جاری می‌خواند.","iscorrect":0}]}]}]},{"name":"دوره متلب- آزمون نهایی","id":"1241","contentorder":"16","type":1,"set":[{"score":"50","questions":[{"id":"5322","description":"کدام عبارت به معنی اگر x بزرگتر از 100 باشد یا منفی باشد است؟","answers":[{"id":"20387","description":"if x <100 || x < 0","iscorrect":0},{"id":"20388","description":"if x >100 && x < 0","iscorrect":0},{"id":"20389","description":"if x >100 || x < 0","iscorrect":1},{"id":"20390","description":"if x >y || x > 0","iscorrect":0}]},{"id":"5323","description":"فرمان Hold Off موجب می‌شود که:","answers":[{"id":"20347","description":"پنجره شکل‌ها خاموش شود.","iscorrect":0},{"id":"20348","description":"نمودار جدیدی بر روی نمودار قبلی رسم شود.","iscorrect":0},{"id":"20349","description":"هر تغییری در پنجره شکل‌ها باعث پاک شدن محتویات قبلی آن شود.","iscorrect":1},{"id":"20350","description":"قفل پنجره شکل‌ها باز شود.","iscorrect":0}]},{"id":"5324","description":"کدام یک از فرامین زیر نموداری با ستاره‌های آبی تولید می‌کند؟","answers":[{"id":"20385","description":"polar (cos(t) , sin(t) , [0 2*pi], ‌‘g*‌’ )","iscorrect":0},{"id":"20383","description":"plot (cos(t) , sin(t) , [0 2*pi], ‌‘b*‌’ )","iscorrect":1},{"id":"20384","description":"polar (cos(t) , sin(t) , [0 2*pi], ‌‘g‌—‌‘ )","iscorrect":0},{"id":"20386","description":"plot (cos(t) , sin(t) , [0 2*pi], ‌‘b-‌‘ )","iscorrect":0}]},{"id":"5325","description":"تابع بی‌نام را با چه کاراکتری معرفی می‌کنیم؟","answers":[{"id":"20351","description":"%","iscorrect":0},{"id":"20352","description":"%%","iscorrect":0},{"id":"20353","description":"fun","iscorrect":0},{"id":"20354","description":"@","iscorrect":1}]},{"id":"5326","description":"علامت ... در پایان یک خط فرمان، یعنی:","answers":[{"id":"20355","description":"ادامه فرمان در خط بعد","iscorrect":1},{"id":"20356","description":"برای زیبایی است و معنی ندارد.","iscorrect":0},{"id":"20357","description":"این خط یک تابع داخلی است.","iscorrect":0},{"id":"20358","description":"هر چه از این پس بیایید توضیح برنامه یا دستور است.","iscorrect":0}]},{"id":"5327","description":"نمودار Pie اعداد را به صورت ............ نمایش می‌دهد.","answers":[{"id":"20359","description":"کسری از رادیان.","iscorrect":0},{"id":"20360","description":"حروف","iscorrect":0},{"id":"20361","description":"نسبت یک داده به حاصل جمع کل داده‌های ورودی و به درصد.","iscorrect":1},{"id":"20362","description":"باینری","iscorrect":0}]},{"id":"5328","description":"حاصل اجرای فرمان det)a) چیست؟","answers":[{"id":"20363","description":"دترمینان ماتریس مربعی a.","iscorrect":1},{"id":"20364","description":"معکوس ماتریس مربعی a.","iscorrect":0},{"id":"20365","description":"ترانهاده مختلط مزدوج ماتریس a.","iscorrect":0},{"id":"20366","description":"ترانهاده ماتریس a.","iscorrect":0}]},{"id":"5329","description":"فرمان Format Short چه کاربردی دارد؟","answers":[{"id":"20367","description":"افزایش دقت ذخیره سازی متغیرها.","iscorrect":0},{"id":"20368","description":"نمایش کامل مقادیر ثبت شده بر روی خروجی.","iscorrect":0},{"id":"20369","description":"نمایش اعداد در خروجی با چهار رقم اعشار.","iscorrect":1},{"id":"20370","description":"هرسه مورد.","iscorrect":0}]},{"id":"5330","description":"کدام یک از نام‌های زیر در متلب معتبرند؟","answers":[{"id":"20371","description":"abs-sin","iscorrect":0},{"id":"20372","description":"abs.sin","iscorrect":0},{"id":"20373","description":"abs@sin","iscorrect":0},{"id":"20374","description":"هیچکدام","iscorrect":1}]},{"id":"5331","description":"ساده‌ترین راه برای خلق یک ماتریس 10×10 که همه اعضای قطر آن 10- است؛ کدام فرمان است؟","answers":[{"id":"20375","description":"نوشتن 10 عدد 10- در قطر یک ماتریس.","iscorrect":0},{"id":"20376","description":"-10* ones(10,10)","iscorrect":0},{"id":"20377","description":"-10* eye(10)","iscorrect":1},{"id":"20378","description":"-10* zeros(10,10)","iscorrect":0}]},{"id":"5332","description":"متلب بر روی کدام سیستم عامل اجرا می‌شود؟","answers":[{"id":"20379","description":"فقط ویندوز","iscorrect":0},{"id":"20380","description":"لینوکس و ویندوز","iscorrect":0},{"id":"20381","description":"مک، لینوکس، ویندوز","iscorrect":0},{"id":"20382","description":"ویندوز، مک، لینوکس، اندروید","iscorrect":1}]},{"id":"5669","description":"دستور زیر چه وظیفه‌ای دارد؟\n\n\ndlmwrite (‌'‌output.txt‌'‌, zeros(10,15))","answers":[{"id":"21743","description":"بارگذاشتن یک فایل خروجی با مقدار صفر","iscorrect":0},{"id":"21742","description":"خواندن فایل خروجی از مسیر جاری","iscorrect":0},{"id":"21741","description":"ایجاد یک فایل در مسیر جاری با مجموعه‌ای از صفر در آن","iscorrect":1},{"id":"21740","description":"ایجاد یک فایل خروجی به نام zeros","iscorrect":0}]}]},{"score":"60","questions":[{"id":"5334","description":"حاصل اجرای فرمان doc plot در خط فرمان چیست؟","answers":[{"id":"20399","description":"جستجو در اینترنت برای Plot","iscorrect":0},{"id":"20400","description":"یک نمونه ساده از فرمان Plot","iscorrect":0},{"id":"20401","description":"مستندات فرمان doc بر روی پنجره دستور.","iscorrect":0},{"id":"20402","description":"مستندات doc را در help سیستم نشان می‌دهد.","iscorrect":1}]},{"id":"5335","description":"اگر بخواهیم در پنجره سمت راست بالای یک subplot دو در سه نمودار جدیدی ایجاد کنیم، باید از دستور ... استفاده کنیم؟","answers":[{"id":"20403","description":"Subplot (2,3,1)","iscorrect":0},{"id":"20404","description":"Subplot (2,3,3)","iscorrect":0},{"id":"20405","description":"Subplot (2,3,2)","iscorrect":1},{"id":"20406","description":"Subplot (3,2,2)","iscorrect":0}]},{"id":"5336","description":"کدام حلقه غیر قابل اجراست؟","answers":[{"id":"20407","description":"for k = 0 : -1 : -100","iscorrect":0},{"id":"20408","description":"for n = 1 ; 2 : 100","iscorrect":1},{"id":"20409","description":"n = 10; for k = n/2 : n*2","iscorrect":0},{"id":"20410","description":"n = 4 ; for m = n : n/2 : n^n","iscorrect":0}]},{"id":"5337","description":"پارامتر animate در کدام فرمان قابل اجراست؟","answers":[{"id":"20411","description":"Polar (x)","iscorrect":0},{"id":"20412","description":"Plot3 (funx, funy, funz)","iscorrect":1},{"id":"20413","description":"Ezsurf (funx, funy, funz)","iscorrect":0},{"id":"20414","description":"Emesh (funx, funy, funz)","iscorrect":0}]},{"id":"5338","description":"فرمان close all:","answers":[{"id":"20415","description":"همه پنجره‌های غیر ضروری را می‌بندد.","iscorrect":0},{"id":"20416","description":"محتویات فضای کار را پاک می‌کند.","iscorrect":0},{"id":"20417","description":"برنامه‌های باز شده را می‌بندد.","iscorrect":0},{"id":"20418","description":"پنجره‌های شکل را می‌بندد.","iscorrect":1}]},{"id":"5339","description":"یک نمودار که با ezmesh و با n برابر 100 درست شده با همان نمودار ولی بدون ذکر مقدار برای n چه تفاوتی دارد؟","answers":[{"id":"20419","description":"تفاوت در رنگ.","iscorrect":0},{"id":"20420","description":"تعداد گره‌های گرید با n=100 بیشتر است.","iscorrect":1},{"id":"20421","description":"تفاوت در ابعاد محورها.","iscorrect":0},{"id":"20422","description":"تفاوت درشکل تابعی که رسم می‌کنند.","iscorrect":0}]},{"id":"5340","description":"متغیر [L=[M; M که در آن M یک بردار سطری پنج عضوی است یک ........ است.","answers":[{"id":"20423","description":"یک بردار ستونی پنج عضوی.","iscorrect":0},{"id":"20424","description":"یک بردار ستونی با ده عضو.","iscorrect":0},{"id":"20425","description":"برداری سطری با ده عضو.","iscorrect":0},{"id":"20426","description":"آرایه‌ای با دو سطر و در هر سطر پنج عضو.","iscorrect":1}]},{"id":"5341","description":"پنجره جدیدی که در حین کار به میزکار متلب افزوده می‌شود:","answers":[{"id":"20427","description":"بسته به سلیقه و نیاز کاربر می‌تواند بخشی از میزکار باشد یا بر روی آن شناور باشد.","iscorrect":1},{"id":"20428","description":"بر روی میز کار شناور باقی می‌ماند.","iscorrect":0},{"id":"20429","description":"بطور ثابت در جایگاه پیش فرض خود و چسبیده به میز کار ظاهر می‌شود.","iscorrect":0},{"id":"20430","description":"در هر بار اجرای مجدد مت لب دوباره بر روی میز کار ظاهر خواهد شد حتی اگر آن را به میز نچسبانده باشیم.","iscorrect":0}]},{"id":"5342","description":"متغیر ans متغیری است که:","answers":[{"id":"20431","description":"با حضور کاراکتر ; در پایان فرامین هیچ مقداری در آن ذخیره نمی‌شود.","iscorrect":0},{"id":"20432","description":"همیشه نتیجه همه آخرین محاسبات را در خود نگه می‌دارد.","iscorrect":0},{"id":"20433","description":"آرایه‌ای است که مشخصات و محتویات آن بر اساس آخرین محاسبات تعیین می‌شود.","iscorrect":1},{"id":"20434","description":"نمی‌توان محتوای آن را به یک متغیر دیگر منتقل کرد.","iscorrect":0}]},{"id":"5343","description":"در پنجره فضای کار چه اطلاعاتی قابل دسترسی است؟","answers":[{"id":"20435","description":"تاریخچه محاسبات.","iscorrect":0},{"id":"20436","description":"تاریخچه محاسبات و فرامین و نمودارها.","iscorrect":0},{"id":"20437","description":"اطلاعات مربوط به چگونگی ارائه بصری نمودارها مانند عنوان‌های محورهای نمودار.","iscorrect":0},{"id":"20438","description":"نتایج آخرین محاسبات، مقادیر و اطلاعات ذخیره شده در هر متغیر، و محتوای فایل‌های ورودی و خروجی که آنها را به روش‌های مختلف فراخوانده یا تولید کرده‌اید.","iscorrect":1}]},{"id":"5344","description":"عبارت زیر چه معنی می‌دهد؟\n\n\ndlmread (‌'‌books.xls‌'‌ , 2)","answers":[{"id":"20439","description":"خواندن ستون دوم یک فایل اکسل","iscorrect":0},{"id":"20440","description":"فرمت این فرمان اشتباه است.","iscorrect":1},{"id":"20441","description":"خواندن صفحه دوم یک فایل متنی","iscorrect":0},{"id":"20442","description":"خواندن یک فایل اکسل با دو صفحه","iscorrect":0}]},{"id":"5345","description":"نمودار Pie اعداد را به صورت ............ نمایش می‌دهد.","answers":[{"id":"20443","description":"کسری از رادیان","iscorrect":0},{"id":"20444","description":"حروف","iscorrect":0},{"id":"20445","description":"نسبت یک داده به حاصل جمع کل داده‌های ورودی و به درصد","iscorrect":1},{"id":"20446","description":"باینری","iscorrect":0}]}]}]}]}