{"courseId":"67","contents":[{"name":"درس اول- هیستوگرام ها- بخش اول","id":"541","contentorder":"1","lesson_number":1,"type":0,"filename":"lesson541.html"},{"name":"هیستوگرام ها- بخش اول","id":"925","contentorder":"2","type":1,"set":[{"score":"50","questions":[{"id":"3661","description":"ارتفاع هیستوگرام ها در تصویر نشانگر چیست؟","answers":[{"id":"13877","description":"تعداد پیکسل ها","iscorrect":1},{"id":"13878","description":"ارتفاع پیکسل ها در عکس","iscorrect":0},{"id":"13879","description":"تون رنگی هر پیکسل","iscorrect":0},{"id":"13880","description":"کیفیت تصویری عکس","iscorrect":0}]},{"id":"3662","description":"کدامیک از موارد زیر متعلق به انواع هیستوگرام های رایج تصویری در عکاسی نیستند؟","answers":[{"id":"13881","description":"هیستوگرام RGB","iscorrect":0},{"id":"13882","description":"هیستوگرام کانال رنگی (تک رنگ)","iscorrect":0},{"id":"13883","description":"هیستوگرام Brightness","iscorrect":0},{"id":"13884","description":"هیستوگرام وضوح","iscorrect":1}]},{"id":"3663","description":"در هیستوگرام های روشنایی سمت چپ، نماینده بخش های ......... است.","answers":[{"id":"13885","description":"تیره","iscorrect":1},{"id":"13886","description":"میانی","iscorrect":0},{"id":"13887","description":"روشن","iscorrect":0},{"id":"13888","description":"سمت چپ عکس","iscorrect":0}]},{"id":"3664","description":"در شرایط یکسان و نور سنجی مناسب، هر چه دامنه دینامیکی عکس بیشتر باشد، احتمال اتفاق افتادن پدیده برش:","answers":[{"id":"13889","description":"بیشتر است.","iscorrect":0},{"id":"13890","description":"برش ربطی به دامنه دینامیکی ندارد.","iscorrect":0},{"id":"13891","description":"کمتر است.","iscorrect":1},{"id":"13892","description":"ممکن است بیشتر یا کمتر شود.","iscorrect":0}]}]},{"score":"50","questions":[{"id":"3665","description":"محور افقی هیستوگرام ها نشانگر چیست؟","answers":[{"id":"13893","description":"تعداد پیکسل ها","iscorrect":0},{"id":"13894","description":"ارتفاع پیکسل ها در عکس","iscorrect":0},{"id":"13895","description":"تون رنگی پیکسل ها","iscorrect":1},{"id":"13896","description":"کیفیت تصویری عکس","iscorrect":0}]},{"id":"3666","description":"در هیستوگرام های Brightness، کدامیک از موارد زیر معیار سنجس تون ها قرار می گیرد؟","answers":[{"id":"13897","description":"میزان روشنایی تابیده شده از اجسام","iscorrect":0},{"id":"13898","description":"میزان روشنایی دریافتی توسط چشم","iscorrect":1},{"id":"13899","description":"رنگ دریافتی توسط چشم","iscorrect":0},{"id":"13900","description":"رنگ تابیده شده توسط اجسام","iscorrect":0}]},{"id":"3667","description":"عدد ۲۵۵ در محور افقی هیستوگرام های روشنایی نشانگر ....... است.","answers":[{"id":"13901","description":"سیاه مطلق","iscorrect":0},{"id":"13902","description":"خاکستری","iscorrect":0},{"id":"13903","description":"سفید مطلق","iscorrect":1},{"id":"13904","description":"تعداد پیکسل ها در یک تون خاص رنگی","iscorrect":0}]},{"id":"3668","description":"کدامیک از روش های زیر برای مقابله با پدیده برش مناسب نیستند؟","answers":[{"id":"13905","description":"استفاده از HDR","iscorrect":0},{"id":"13906","description":"نورسنجی مناسب و با دقت","iscorrect":0},{"id":"13907","description":"استفاده از ابزاری با دامنه دینامیکی بالا","iscorrect":0},{"id":"13908","description":"استفاده از ابزاری با رزولوشن و مگاپیکسل بالا","iscorrect":1}]}]}]},{"name":"درس دوم- هیستوگرام- بخش دوم","id":"542","contentorder":"3","lesson_number":2,"type":0,"filename":"lesson542.html"},{"name":"هیستوگرام- بخش دوم","id":"928","contentorder":"4","type":1,"set":[{"score":"60","questions":[{"id":"3674","description":"برش در سمت چپ در هیستوگرام سبز نشانگر چیست؟","answers":[{"id":"13929","description":"سیاهی مطلق","iscorrect":0},{"id":"13930","description":"سفیدی مطلق","iscorrect":0},{"id":"13931","description":"حداقل روشنایی در رنگ سبز","iscorrect":1},{"id":"13932","description":"حداکثر روشنایی در رنگ سبز","iscorrect":0}]},{"id":"3675","description":"گرایش هیستوگرام رنگ آبی به سمت راست نشانه چیست؟","answers":[{"id":"13933","description":"سیاهی مطلق","iscorrect":0},{"id":"13934","description":"سفیدی مطلق","iscorrect":0},{"id":"13935","description":"زیاد بودن رنگ های آبی با تیرگی بالا","iscorrect":0},{"id":"13936","description":"زیاد بودن رنگ های آبی با روشنی بالا","iscorrect":1}]},{"id":"3676","description":"هیستوگرام روشنایی به هیستوگرام کدام رنگ شباهت بیشتری دارد؟","answers":[{"id":"13937","description":"سبز","iscorrect":1},{"id":"13938","description":"قرمز","iscorrect":0},{"id":"13939","description":"آبی","iscorrect":0},{"id":"13940","description":"زرد","iscorrect":0}]},{"id":"3677","description":"در هیستوگرام RGB یک عکس، در سمت راست شاهد برش هستیم. کدام یک از موارد زیر قطعا در عکس صادق است؟","answers":[{"id":"13941","description":"قطعا در یک یا چند رنگ شاهد برش هستیم.","iscorrect":1},{"id":"13942","description":"قطعا برخی از قسمت های عکس سیاه است.","iscorrect":0},{"id":"13943","description":"قطعا برخی از قسمت های عکس سفید است.","iscorrect":0},{"id":"13944","description":"قطعا میزان رنگ های روشن در عکس بیش از رنگ های تیره است.","iscorrect":0}]},{"id":"3678","description":"تراکم کم و عدم پیوستگی در هیستوگرام نشانه چیست؟","answers":[{"id":"13945","description":"تیرگی عکس","iscorrect":0},{"id":"13946","description":"عدم ثبت برخی از جزئیات","iscorrect":1},{"id":"13947","description":"روشنایی عکس","iscorrect":0},{"id":"13948","description":"پایین بودن مگا پیکسل عکس","iscorrect":0}]}]},{"score":"60","questions":[{"id":"3679","description":"برش در سمت راست هیستوگرام رنگ قرمز نشانگر چیست؟","answers":[{"id":"13949","description":"سیاهی مطلق","iscorrect":0},{"id":"13950","description":"سفیدی مطلق","iscorrect":0},{"id":"13951","description":"حداقل روشنایی در رنگ قرمز","iscorrect":0},{"id":"13952","description":"حداکثر روشنایی در رنگ قرمز","iscorrect":1}]},{"id":"3680","description":"گرایش نمودار رنگ سبز به سمت چپ نشانه چیست؟","answers":[{"id":"13953","description":"سیاهی مطلق","iscorrect":0},{"id":"13954","description":"سفیدی مطلق","iscorrect":0},{"id":"13955","description":"زیاد بودن رنگ های سبز با تیرگی بالا","iscorrect":1},{"id":"13956","description":"زیاد بودن رنگ های سبز با روشنی بالا","iscorrect":0}]},{"id":"3681","description":"هیستوگرام Overlay نموداری است که:","answers":[{"id":"13957","description":"روشنایی تصویر را نشان می دهد.","iscorrect":0},{"id":"13958","description":"تیرگی تصویر را نشان می دهد.","iscorrect":0},{"id":"13959","description":"رنگ ها را با هم ترکیب کرده و برآیند رنگ ها را نشان می دهد.","iscorrect":0},{"id":"13960","description":"نمودار کانال های رنگی را در یک نمودار با رنگ های جدا نشان می دهد.","iscorrect":1}]},{"id":"3682","description":"در کدامیک از حالات زیر، قطعا هیستوگرام روشنایی تفاوت زیادی با هیستوگرام RGB دارد؟","answers":[{"id":"13961","description":"در تمام پیکسل ها کانال های رنگی ثبت شده باشند.","iscorrect":0},{"id":"13962","description":"میزان رنگ سبز در تصویر زیاد باشد.","iscorrect":0},{"id":"13963","description":"عکس تیره یا روشن باشد.","iscorrect":0},{"id":"13964","description":"تک رنگ ها یا رنگ های خالص در عکس زیاد باشد.","iscorrect":1}]},{"id":"3683","description":"کدامیک از موارد زیر نمایانگر یک عکس خوب و موفق است؟","answers":[{"id":"13965","description":"تراکم هیستوگرام در وسط بیشتر باشد.","iscorrect":0},{"id":"13966","description":"تراکم هیستوگرام در سمت چپ بیشتر باشد.","iscorrect":0},{"id":"13967","description":"تراکم هیستوگرام در سمت راست بیشتر باشد.","iscorrect":0},{"id":"13968","description":"تنها با دیدن هیستوگرام نمی توان قضاوت کرد.","iscorrect":1}]}]}]},{"name":"درس سوم- مدیریت و توصیف رنگ","id":"543","contentorder":"5","lesson_number":3,"type":0,"filename":"lesson543.html"},{"name":"مدیریت و توصیف رنگ","id":"927","contentorder":"6","type":1,"set":[{"score":"60","questions":[{"id":"3669","description":"کدامیک از موارد زیر از اهداف مدیریت رنگ نیست؟","answers":[{"id":"13909","description":"هماهنگی رنگ بین دوربین و مانیتور","iscorrect":0},{"id":"13910","description":"هماهنگی رنگ بین نمایشگر و چاپگر","iscorrect":0},{"id":"13911","description":"اختصاص مقادیر رنگی قابل درک با چشم به اعداد و ارقام دیجیتالی","iscorrect":0},{"id":"13912","description":"استفاده از رنگ ها به گونه ای که با هم تناسب رنگی داشته باشند.","iscorrect":1}]},{"id":"3670","description":"کالیبره کردن مانیتور باید براساس کدامیک از مولفه های زیر صورت پذیرد؟","answers":[{"id":"13913","description":"رنگ محیط","iscorrect":0},{"id":"13914","description":"میزان نور محیط","iscorrect":0},{"id":"13915","description":"تناسب و هماهنگی رنگ های تولید شده با عکس اصلی و چاپگر","iscorrect":0},{"id":"13916","description":"همه موارد","iscorrect":1}]},{"id":"3671","description":"کدامیک از اصطلاحات زیر از ویژگی های یک رنگ نیستند؟","answers":[{"id":"13917","description":"HUE","iscorrect":0},{"id":"13918","description":"Saturation","iscorrect":0},{"id":"13919","description":"Bit Depth","iscorrect":1},{"id":"13920","description":"Brightness","iscorrect":0}]},{"id":"3672","description":"درخشندگی یا تیرگی و روشنی یک رنگ با کدامیک از اصطلاحات زیر مشخص می شود؟","answers":[{"id":"13921","description":"HUE","iscorrect":0},{"id":"13922","description":"Saturation","iscorrect":0},{"id":"13923","description":"Bit Depth","iscorrect":0},{"id":"13924","description":"Brightness","iscorrect":1}]},{"id":"3673","description":"اگر اشباع یا Saturation یک رنگ به پایین ترین حد خود برسد، رنگ آن رنگ خاص به چه رنگی تبدیل می شود؟","answers":[{"id":"13925","description":"خاکستری","iscorrect":1},{"id":"13926","description":"سفید","iscorrect":0},{"id":"13927","description":"سیاه","iscorrect":0},{"id":"13928","description":"رنگ مکمل","iscorrect":0}]}]},{"score":"60","questions":[{"id":"3684","description":"کالیبره کردن مانیتور به چه معناست؟","answers":[{"id":"13969","description":"تنظیم آن به گونه ای که رزولوشن بالایی داشته باشد.","iscorrect":0},{"id":"13970","description":"تنظیم مانیتور به گونه ای که قادر به شناخت دستگاهی باشد که به آن متصل است.","iscorrect":0},{"id":"13971","description":"تنظیم مانیتور به گونه ای که رنگ هایی که تولید می کند منطبق با عکس اصلی باشد.","iscorrect":1},{"id":"13972","description":"تنظیم مانیتور به گونه ای که قادر به نمایش عکس و تصویر باشد.","iscorrect":0}]},{"id":"3685","description":"کدامیک از موارد زیر برای آماده سازی محیطی که ادیت عکس در آن صورت می گیرد مناسب است؟","answers":[{"id":"13973","description":"استفاده از رنگ خنثی برای دیوارها و پس زمینه","iscorrect":0},{"id":"13974","description":"استفاده از سایه بان مانیتور","iscorrect":0},{"id":"13975","description":"استفاده از نور متعادل سفید","iscorrect":0},{"id":"13976","description":"همه موارد","iscorrect":1}]},{"id":"3686","description":"کدامیک از موارد زیر بیانگر غلظت یا پررنگی و کمرنگی یک رنگ است؟","answers":[{"id":"13977","description":"HUE","iscorrect":0},{"id":"13978","description":"Saturation","iscorrect":1},{"id":"13979","description":"Bit Depth","iscorrect":0},{"id":"13980","description":"Brightness","iscorrect":0}]},{"id":"3687","description":"اگر Brightness یک عکس به پایین ترین حد خود برسد، آن رنگ خاص به چه رنگی نزدیک می شود؟","answers":[{"id":"13981","description":"خاکستری","iscorrect":0},{"id":"13982","description":"سیاه","iscorrect":1},{"id":"13983","description":"سفید","iscorrect":0},{"id":"13984","description":"رنگ مکمل","iscorrect":0}]},{"id":"3688","description":"رنگ ها با کدامیک از مولفه های زیر شناخته می شوند؟","answers":[{"id":"13985","description":"درخشندگی","iscorrect":0},{"id":"13986","description":"اشباع یا غلظت","iscorrect":0},{"id":"13987","description":"HUE","iscorrect":0},{"id":"13988","description":"همه موارد","iscorrect":1}]}]}]},{"name":"درس چهارم- دامنه رنگ","id":"544","contentorder":"7","lesson_number":4,"type":0,"filename":"lesson544.html"},{"name":"دامنه رنگ","id":"931","contentorder":"8","type":1,"set":[{"score":"50","questions":[{"id":"3689","description":"Gamut رنگی چیست؟","answers":[{"id":"13989","description":"بازه ای شامل رنگ های مختلف","iscorrect":1},{"id":"13990","description":"سیستم و مدلی که رنگ ها را تعریف می کند.","iscorrect":0},{"id":"13991","description":"مجموعه ای از رنگ های اصلی","iscorrect":0},{"id":"13992","description":"مجموعه ای از رنگ های مکمل","iscorrect":0}]},{"id":"3690","description":"کدامیک از موارد زیر، دامنه رنگی بزرگ تری دارند؟","answers":[{"id":"13993","description":"رنگ ها در سیستم RGB","iscorrect":0},{"id":"13994","description":"رنگ ها در سیستم CMYK","iscorrect":0},{"id":"13995","description":"رنگ های قابل دید با چشم","iscorrect":1},{"id":"13996","description":"رنگ ها در سیستم Pantone","iscorrect":0}]},{"id":"3691","description":"کدامیک از فضاهای رنگی زیر کلیه رنگ های ثبت شده با دوربین را شامل می شوند؟","answers":[{"id":"13997","description":"ProPhoto RGB","iscorrect":1},{"id":"13998","description":"Adobe RGB","iscorrect":0},{"id":"13999","description":"sRGB","iscorrect":0},{"id":"14000","description":"CMYK","iscorrect":0}]},{"id":"3692","description":"کدامیک از موارد زیر تعریفی صحیحی از Sharpness تصویر ارائه می دهند؟","answers":[{"id":"14001","description":"بیانگر پر رنگی و کمرنگی است.","iscorrect":0},{"id":"14002","description":"بیانگر تیرگی و روشنی است.","iscorrect":0},{"id":"14003","description":"بیانگر وضوح جزئیات و مشخص بودن مرز بین اجسام است.","iscorrect":1},{"id":"14004","description":"بیانگر بزرگی و کوچکی تصویر است.","iscorrect":0}]}]},{"score":"60","questions":[{"id":"3693","description":"کدامیک از موارد زیر Gamut رنگی بزرگ تری دارند؟","answers":[{"id":"14005","description":"ProPhoto RGB","iscorrect":1},{"id":"14006","description":"Adobe RGB","iscorrect":0},{"id":"14007","description":"sRGB","iscorrect":0},{"id":"14008","description":"CMYK","iscorrect":0}]},{"id":"3694","description":"کدامیک از موارد زیر از عوامل اصلی عدم انطباق رنگ ها در مانیتور و پرینتر است؟","answers":[{"id":"14009","description":"عدم تطابق دامنه های رنگی","iscorrect":1},{"id":"14010","description":"تفاوت در مدل مانیتور و پرینتر","iscorrect":0},{"id":"14011","description":"در صورت تنظیم پرینتر، رنگ ها کاملا منطبق هستند.","iscorrect":0},{"id":"14012","description":"خطای دید چشم انسان","iscorrect":0}]},{"id":"3695","description":"عکاسی RAW از کدامیک از فضاهای رنگی زیر استفاده می کند؟","answers":[{"id":"14013","description":"ProPhoto RGB","iscorrect":1},{"id":"14014","description":"Adobe RGB","iscorrect":0},{"id":"14015","description":"sRGB","iscorrect":0},{"id":"14016","description":"CMYK","iscorrect":0}]},{"id":"3696","description":"کدامیک از تعریف های زیر، بیانگر کنتراست تصویر است؟","answers":[{"id":"14017","description":"اختلاف تیرگی و روشنی در تصویر","iscorrect":0},{"id":"14018","description":"اختلاف پر رنگی و کمرنگی در تصویر","iscorrect":0},{"id":"14019","description":"تضادهای مفهومی و موضوعی در تصویر","iscorrect":0},{"id":"14020","description":"همه موارد فوق","iscorrect":1}]},{"id":"3697","description":"کدامیک از موارد زیر می توانند در عدم وضوح تصویر نقشی عمده داشته باشند؟","answers":[{"id":"14021","description":"تمیز نبودن اجزای اپتیکی","iscorrect":0},{"id":"14022","description":"عامل عمق میدان","iscorrect":0},{"id":"14023","description":"عامل واضح سازی دوربین (فوکوس کردن)","iscorrect":0},{"id":"14024","description":"همه موارد","iscorrect":1}]}]}]},{"name":"درس پنجم- فایل تصویری و فرمت های رایج","id":"545","contentorder":"9","lesson_number":5,"type":0,"filename":"lesson545.html"},{"name":"فایل تصویری و فرمت های رایج","id":"933","contentorder":"10","type":1,"set":[{"score":"60","questions":[{"id":"3698","description":"EXIF یک فایل عکس شامل کدامیک از اطلاعات زیر است؟","answers":[{"id":"14025","description":"نوع دوربین، مدل دوربین","iscorrect":0},{"id":"14026","description":"زمان و تاریخ","iscorrect":0},{"id":"14027","description":"اطلاعات نورسنجی و فاصله کانونی","iscorrect":0},{"id":"14028","description":"همه موارد","iscorrect":1}]},{"id":"3699","description":"کدامیک از فرمت های زیر برای استفاده در وب (Web) مناسب تر است؟","answers":[{"id":"14029","description":"JPEG","iscorrect":1},{"id":"14030","description":"TIF","iscorrect":0},{"id":"14031","description":"PSD","iscorrect":0},{"id":"14032","description":"RAW","iscorrect":0}]},{"id":"3700","description":"کدامیک از موارد زیر از عیب های فایل های TIF محسوب می شود؟","answers":[{"id":"14033","description":"عدم همخوانی با اغلب دستگاه ها","iscorrect":0},{"id":"14034","description":"یک قالب تخریبی است.","iscorrect":0},{"id":"14035","description":"حجمی نسبتا بالایی دارد.","iscorrect":1},{"id":"14036","description":"عمق رنگی پایین دارد.","iscorrect":0}]},{"id":"3701","description":"از معایب عمده فایل های GIF کدام است؟","answers":[{"id":"14037","description":"اندازه (حجم) کوچک این فایل ها","iscorrect":0},{"id":"14038","description":"می توانند چند عکس را در خود جای دهند.","iscorrect":0},{"id":"14039","description":"پایین بودن بسیار زیاد عمق رنگ در آنها","iscorrect":1},{"id":"14040","description":"موارد اول و سوم","iscorrect":0}]},{"id":"3702","description":"کدامیک از قالب های زیر، برای ذخیره سازی فابل اصلی و مرجع مناسبند؟","answers":[{"id":"14041","description":"TIF","iscorrect":1},{"id":"14042","description":"JPEG","iscorrect":0},{"id":"14043","description":"GIF","iscorrect":0},{"id":"14044","description":"هیچکدام","iscorrect":0}]}]},{"score":"60","questions":[{"id":"3703","description":"در کدامیک از قالب های رایج زیر EXIF ذخیره سازی نمی شود؟","answers":[{"id":"14045","description":"JPEG","iscorrect":0},{"id":"14046","description":"TIF","iscorrect":0},{"id":"14047","description":"PNG","iscorrect":1},{"id":"14048","description":"RAW","iscorrect":0}]},{"id":"3704","description":"از معایب عمده فایل های JPEG چیست؟","answers":[{"id":"14049","description":"از دست رفتن اطلاعات تصویری به علت فشرده سازی","iscorrect":1},{"id":"14050","description":"عمق رنگ ۸ بیتی (۲۵۶ رنگ)","iscorrect":0},{"id":"14051","description":"عدم همخوانی اکثر دستگاه ها با این فرمت","iscorrect":0},{"id":"14052","description":"بسیار بالا بودن حجم آنها","iscorrect":0}]},{"id":"3705","description":"کدامیک از موارد زیر را می توان به عنوان مزیت فایل های TIF در نظر گرفت؟","answers":[{"id":"14053","description":"یک قالب غیر مخرب است.","iscorrect":0},{"id":"14054","description":"با بسیاری از دستگاه ها همخوانی دارد.","iscorrect":0},{"id":"14055","description":"اغلب جلوه های ویرایشی اعم از لایه ها را در خود جای می دهد.","iscorrect":0},{"id":"14056","description":"همه موارد","iscorrect":1}]},{"id":"3706","description":"کدامیک از موارد زیر از محاسن فایل های GIF تلقی می شود؟","answers":[{"id":"14057","description":"حجم پایین","iscorrect":0},{"id":"14058","description":"توانایی ثبت چند عکس در یک فایل","iscorrect":0},{"id":"14059","description":"توانایی ذخیره پیکسل ها به صورت ترنسپرنت","iscorrect":0},{"id":"14060","description":"همه موارد","iscorrect":1}]},{"id":"3707","description":"کدامیک از موارد زیر برای استفاده در Web مناسب است؟","answers":[{"id":"14061","description":"TIF","iscorrect":0},{"id":"14062","description":"JPEG","iscorrect":0},{"id":"14063","description":"GIF","iscorrect":0},{"id":"14064","description":"موارد دوم و سوم","iscorrect":1}]}]}]},{"name":"درس ششم- عکاسی RAW- بخش اول","id":"546","contentorder":"11","lesson_number":6,"type":0,"filename":"lesson546.html"},{"name":"عکاسی RAW- بخش اول","id":"937","contentorder":"13","type":1,"set":[{"score":"60","questions":[{"id":"3718","description":"کدامیک از موارد زیر از ویژگی های فایل RAW محسوب نمی شود؟","answers":[{"id":"14105","description":"کم بودن حجم فایل ها","iscorrect":1},{"id":"14106","description":"حاوی اطلاعات پردازش نشده ارسالی از سنسور تصویری","iscorrect":0},{"id":"14107","description":"فایل هایی از نوع Read Only","iscorrect":0},{"id":"14108","description":"نیاز به برنامه مبدل برای بازگشایی","iscorrect":0}]},{"id":"3719","description":"عدم پردازش اطلاعات حاصل از سنسور یک فایل RAW چه مزیتی به همراه خواهد داشت؟","answers":[{"id":"14109","description":"عکاس خود کنترل پردازش ها را به عهده می گیرد.","iscorrect":0},{"id":"14110","description":"حجم فایل را کمتر می کند.","iscorrect":0},{"id":"14111","description":"فرآیندهای پردازشی با تخریب همراه است.","iscorrect":0},{"id":"14112","description":"موارد اول و سوم","iscorrect":1}]},{"id":"3720","description":"کدامیک از فرآیندهای زیر در عکاسی RAW اعمال می شوند؟","answers":[{"id":"14113","description":"فشرده سازی فایل","iscorrect":0},{"id":"14114","description":"تنظیم تراز سفیدی","iscorrect":0},{"id":"14115","description":"ISO","iscorrect":1},{"id":"14116","description":"هیچکدام","iscorrect":0}]},{"id":"3721","description":"کدامیک از موارد زیر در عکاسی RAW اعمال نمی شود؟","answers":[{"id":"14117","description":"تنظیم تراز سفیدی","iscorrect":0},{"id":"14118","description":"فشرده سازی","iscorrect":0},{"id":"14119","description":"تنظیم شارپنس","iscorrect":0},{"id":"14120","description":"همه موارد","iscorrect":1}]},{"id":"3722","description":"عدم اعمال فرآیند Sharpening به طور خودکار در مرحله ثبت عکس، چه مزایایی در اختیار عکاس قرار می دهد؟","answers":[{"id":"14121","description":"نویز را افزایش می دهد.","iscorrect":0},{"id":"14122","description":"باعث ایجاد تخریب برگشت ناپذیر می شود.","iscorrect":0},{"id":"14123","description":"میزان و نحوه Sharpening را در اختیار عکاس قرار می دهد.","iscorrect":1},{"id":"14124","description":"عملیات عکاسی را سرعت می بخشد.","iscorrect":0}]}]},{"score":"60","questions":[{"id":"3723","description":"کدامیک از موارد زیر در مورد فایل های RAW صدق می کند؟","answers":[{"id":"14125","description":"حجم بالایی دارند.","iscorrect":0},{"id":"14126","description":"فرمت های گوناگون دارند.","iscorrect":0},{"id":"14127","description":"امکان دخل و تصرف در آنها وجود ندارد.","iscorrect":0},{"id":"14128","description":"همه موارد","iscorrect":1}]},{"id":"3724","description":"علت نام گذاری فایل های RAW چیست؟","answers":[{"id":"14129","description":"این فایل ها برای باز شدن نیاز به مبدل دارند.","iscorrect":0},{"id":"14130","description":"این فایل ها، اطلاعات تصویری را کاملا در خود ثبت نکرده اند.","iscorrect":0},{"id":"14131","description":"این فایل ها، حاوی اطلاعات پردازش نشده هستند که مستقیما توسط سنسور ثبت شده اند.","iscorrect":1},{"id":"14132","description":"ابتدایی و قدیمی بودن این فرمت ها نسبت به فرمت های رایج در عکاسی","iscorrect":0}]},{"id":"3725","description":"کدامیک از موارد زیر در عکاسی RAW اعمال می شود؟","answers":[{"id":"14133","description":"ISO","iscorrect":1},{"id":"14134","description":"فشرده سازی","iscorrect":0},{"id":"14135","description":"تراز سفیدی","iscorrect":0},{"id":"14136","description":"تنظیم کنتراست و شارپنس","iscorrect":0}]},{"id":"3726","description":"کدامیک از فرآیندهای زیر در عکاسی RAW اعمال نمی شود؟","answers":[{"id":"14137","description":"Bayer Interpretation","iscorrect":0},{"id":"14138","description":"White Balance","iscorrect":0},{"id":"14139","description":"Sharpening","iscorrect":0},{"id":"14140","description":"همه موارد","iscorrect":1}]},{"id":"3727","description":"در فرآیند شارپ کردن، کدامیک از تخریب های زیر ممکن است اتفاق بیفتد؟","answers":[{"id":"14141","description":"تیره شدن تصویر","iscorrect":0},{"id":"14142","description":"روشن شدن تصویر","iscorrect":0},{"id":"14143","description":"افزایش نویز","iscorrect":1},{"id":"14144","description":"تیره شدن گوشه های کادر","iscorrect":0}]}]}]},{"name":"درس هفتم- عکاسی RAW- بخش دوم","id":"547","contentorder":"14","lesson_number":7,"type":0,"filename":"lesson547.html"},{"name":"عکاسی RAW- بخش دوم","id":"939","contentorder":"15","type":1,"set":[{"score":"60","questions":[{"id":"3728","description":"خصوصیاتی چون اشباع رنگ و کنتراست در کدامیک از مراحل پردازش در دوربین اتفاق می افتد؟","answers":[{"id":"14145","description":"Sharpening","iscorrect":0},{"id":"14146","description":"White Balance","iscorrect":0},{"id":"14147","description":"Noise Reduction","iscorrect":0},{"id":"14148","description":"Tone Mapping, Colorimetric Interpretation","iscorrect":1}]},{"id":"3729","description":"چرا در عکاسی دیجیتال بهتر است نورسنجی روی بخش های تیره تر صورت پذیرد تا بخش های روشن تر؟","answers":[{"id":"14149","description":"بالا بودن عمق رنگ","iscorrect":0},{"id":"14150","description":"پهنای بیشتر بخش های روشن در دامنه دینامیکی","iscorrect":1},{"id":"14151","description":"غیر خطی بودن واکنش به نور در عکس دیجیتال","iscorrect":0},{"id":"14152","description":"همه موارد","iscorrect":0}]},{"id":"3730","description":"از تخریب های عمده ای که در فرآیند Noise Reduction صورت می پذیرد چیست؟","answers":[{"id":"14153","description":"بالا رفتن نویز","iscorrect":0},{"id":"14154","description":"پایین آمدن نویز","iscorrect":0},{"id":"14155","description":"از دست رفتن وضوح در جزئیات","iscorrect":1},{"id":"14156","description":"تیره شدن تصویر","iscorrect":0}]},{"id":"3731","description":"از مزایای فرمت DNG نسبت به فرمت های دیگر RAW چیست؟","answers":[{"id":"14157","description":"عدم نیاز به مبدل جهت باز شدن","iscorrect":0},{"id":"14158","description":"همه ابزار و دوربین ها و دستگاه ها با آن هماهنگی دارند.","iscorrect":0},{"id":"14159","description":"فرمتی واحد است که خصوصیات فایل RAW را داراست و بسیاری از ابزار با آن همخوانی دارند.","iscorrect":1},{"id":"14160","description":"حجم بیشتری نسبت به فایل RAW دارد.","iscorrect":0}]},{"id":"3732","description":"رعایت کدامیک از موارد زیر در عکاسی دیجیتال توصیه می شود؟","answers":[{"id":"14161","description":"عدم نشانه روی دوربین به سمت سوژه های پر نور و پر حرارت","iscorrect":0},{"id":"14162","description":"عدم کار در مجاورت میدان های بسیار قوی الکترومغناطیس","iscorrect":0},{"id":"14163","description":"نگاه داشتن باطری ها در خارج از دوربین وقتی که دوربین برای مدت طولانی مورد استفاده قرار نمی گیرد.","iscorrect":0},{"id":"14164","description":"همه موارد","iscorrect":1}]}]},{"score":"60","questions":[{"id":"3733","description":"از عوامل عمده ای که باعث می شود عکاس کنترل زیادی روی رنگ های عکس RAW داشته باشد چیست؟","answers":[{"id":"14165","description":"بالا بودن عمق رنگ","iscorrect":1},{"id":"14166","description":"پایین بودن عمق رنگ","iscorrect":0},{"id":"14167","description":"بالا بودن نویز","iscorrect":0},{"id":"14168","description":"پایین بودن نویز","iscorrect":0}]},{"id":"3734","description":"از دلایلی که باعث می شود در عکاسی RAW امکان بازیابی جزئیات در بخش های روشن زیاد باشد چیست؟","answers":[{"id":"14169","description":"پایین بودن عمق رنگ","iscorrect":0},{"id":"14170","description":"گامای یک و پهنای زیاد بخش های روشن در رنج دینامیکی","iscorrect":1},{"id":"14171","description":"غیر خطی بودن واکنش عکس های دیجیتال به نور","iscorrect":0},{"id":"14172","description":"عدم اعمال White Balance","iscorrect":0}]},{"id":"3735","description":"کدامیک از موارد زیر از دشواری های عکاسی RAW محسوب می شوند؟","answers":[{"id":"14173","description":"حجم بالا و زمان بر بودن","iscorrect":1},{"id":"14174","description":"عمق رنگ بالا","iscorrect":0},{"id":"14175","description":"کنترل زیاد روی رنگ ها","iscorrect":0},{"id":"14176","description":"امکان کار در فضای رنگی ProPhoto RGB","iscorrect":0}]},{"id":"3736","description":"کدامیک از موارد زیر در مورد فرمت DNG صحت دارد؟","answers":[{"id":"14177","description":"تمام ویژگی های RAW را داراست.","iscorrect":0},{"id":"14178","description":"می تواند فایل RAW اصلی را نیز در خود جای دهد.","iscorrect":0},{"id":"14179","description":"با بسیاری از ابزار و نرم افزارهای حرفه ای مانند نرم افزارهای Adobe همخوانی دارد.","iscorrect":0},{"id":"14180","description":"همه موارد","iscorrect":1}]},{"id":"3737","description":"رعایت کدامیک از موارد زیر در عکاسی دیجیتال توصیه می شود؟","answers":[{"id":"14181","description":"نظافت و سرویس دوربین زمانی که در مکان هایی پر از شن و ماسه عکاسی می شود.","iscorrect":0},{"id":"14182","description":"استفاده از ابزار کالیبره شده","iscorrect":0},{"id":"14183","description":"استفاده از هارد درایو و دیسک های مخصوص جهت آرشیو و بایگانی","iscorrect":0},{"id":"14184","description":"همه موارد","iscorrect":1}]}]}]},{"name":"دوره عکاسی دیجیتال ۲- آزمون نهایی","id":"941","contentorder":"16","type":1,"set":[{"score":"50","questions":[{"id":"3738","description":"عدد ۲۵۵ در محور افقی هیستوگرام های روشنایی نشانگر ....... است.","answers":[{"id":"14185","description":"سیاه مطلق","iscorrect":0},{"id":"14186","description":"خاکستری","iscorrect":0},{"id":"14187","description":"سفید مطلق","iscorrect":1},{"id":"14188","description":"تعداد پیکسل ها در یک تون خاص رنگی","iscorrect":0}]},{"id":"3739","description":"در کدامیک از حالات زیر، قطعا هیستوگرام روشنایی تفاوت زیادی با هیستوگرام RGB دارد؟","answers":[{"id":"14189","description":"در تمام پیکسل ها کانال های رنگی ثبت شده باشند.","iscorrect":0},{"id":"14190","description":"میزان رنگ سبز در تصویر زیاد باشد.","iscorrect":0},{"id":"14191","description":"عکس تیره یا روشن باشد.","iscorrect":0},{"id":"14192","description":"تک رنگ ها یا رنگ های خالص در عکس زیاد باشد.","iscorrect":1}]},{"id":"3740","description":"کدامیک از موارد زیر بیانگر غلظت یا پررنگی و کمرنگی یک رنگ است؟","answers":[{"id":"14193","description":"HUE","iscorrect":0},{"id":"14194","description":"Saturation","iscorrect":1},{"id":"14195","description":"Bit Depth","iscorrect":0},{"id":"14196","description":"Brightness","iscorrect":0}]},{"id":"3741","description":"عکاسی RAW از کدامیک از فضاهای رنگی زیر استفاده می کند؟","answers":[{"id":"14197","description":"ProPhoto RGB","iscorrect":1},{"id":"14198","description":"Adobe RGB","iscorrect":0},{"id":"14199","description":"sRGB","iscorrect":0},{"id":"14200","description":"CMYK","iscorrect":0}]},{"id":"3742","description":"از معایب عمده فایل های JPEG چیست؟","answers":[{"id":"14201","description":"از دست رفتن اطلاعات تصویری به علت فشرده سازی","iscorrect":1},{"id":"14202","description":"عمق رنگ ۸ بیتی (۲۵۶ رنگ)","iscorrect":0},{"id":"14203","description":"عدم همخوانی اکثر دستگاه ها با این فرمت","iscorrect":0},{"id":"14204","description":"بسیار بالا بودن حجم آنها","iscorrect":0}]},{"id":"3743","description":"در فرآیند شارپ کردن، کدامیک از تخریب های زیر ممکن است اتفاق بیفتد؟","answers":[{"id":"14205","description":"تیره شدن تصویر","iscorrect":0},{"id":"14206","description":"روشن شدن تصویر","iscorrect":0},{"id":"14207","description":"افزایش نویز","iscorrect":1},{"id":"14208","description":"تیره شدن گوشه های کادر","iscorrect":0}]},{"id":"3744","description":"از دلایلی که باعث می شود در عکاسی RAW امکان بازیابی جزئیات در بخش های روشن زیاد باشد چیست؟","answers":[{"id":"14209","description":"پایین بودن عمق رنگ","iscorrect":0},{"id":"14210","description":"گامای یک و پهنای زیاد بخش های روشن در رنج دینامیکی","iscorrect":1},{"id":"14211","description":"غیر خطی بودن واکنش عکس های دیجیتال به نور","iscorrect":0},{"id":"14212","description":"عدم اعمال White Balance","iscorrect":0}]},{"id":"3745","description":"کدامیک از فرمت های زیر برای ذخیره سازی فایل های مرجع و بزرگ مناسب است؟","answers":[{"id":"14213","description":"PNG","iscorrect":0},{"id":"14214","description":"GIF","iscorrect":0},{"id":"14215","description":"PSD","iscorrect":1},{"id":"14216","description":"JPEG","iscorrect":0}]}]},{"score":"50","questions":[{"id":"3746","description":"ارتفاع هیستوگرام ها در تصویر نشانگر چیست؟","answers":[{"id":"14217","description":"تعداد پیکسل ها","iscorrect":1},{"id":"14218","description":"ارتفاع پیکسل ها در عکس","iscorrect":0},{"id":"14219","description":"تون رنگی هر پیکسل","iscorrect":0},{"id":"14220","description":"کیفیت تصویری عکس","iscorrect":0}]},{"id":"3747","description":"گرایش هیستوگرام رنگ آبی به سمت راست نشانه چیست؟","answers":[{"id":"14221","description":"سیاهی مطلق","iscorrect":0},{"id":"14222","description":"سفیدی مطلق","iscorrect":0},{"id":"14223","description":"زیاد بودن رنگ های آبی با تیرگی بالا","iscorrect":0},{"id":"14224","description":"زیاد بودن رنگ های آبی با روشنی بالا","iscorrect":1}]},{"id":"3748","description":"کالیبره کردن مانیتور باید براساس کدامیک از مولفه های زیر صورت پذیرد؟","answers":[{"id":"14225","description":"رنگ محیط","iscorrect":0},{"id":"14226","description":"میزان نور محیط","iscorrect":0},{"id":"14227","description":"تناسب و هماهنگی رنگ های تولید شده با عکس اصلی و چاپگر","iscorrect":0},{"id":"14228","description":"همه موارد","iscorrect":1}]},{"id":"3749","description":"کدامیک از موارد زیر، دامنه رنگی بزرگ تری دارند؟","answers":[{"id":"14229","description":"رنگ ها در سیستم RGB","iscorrect":0},{"id":"14230","description":"رنگ ها در سیستم CMYK","iscorrect":0},{"id":"14231","description":"رنگ های قابل دید با چشم","iscorrect":1},{"id":"14232","description":"رنگ ها در سیستم Pantone","iscorrect":0}]},{"id":"3750","description":"کدامیک از موارد زیر از عیب های فایل های TIF محسوب می شود؟","answers":[{"id":"14233","description":"عدم همخوانی با اغلب دستگاه ها","iscorrect":0},{"id":"14234","description":"یک قالب تخریبی است.","iscorrect":0},{"id":"14235","description":"حجمی نسبتا بالایی دارد.","iscorrect":1},{"id":"14236","description":"عمق رنگی پایین دارد.","iscorrect":0}]},{"id":"3751","description":"عدم پردازش اطلاعات حاصل از سنسور یک فایل RAW چه مزیتی به همراه خواهد داشت؟","answers":[{"id":"14237","description":"عکاس خود کنترل پردازش ها را به عهده می گیرد.","iscorrect":0},{"id":"14238","description":"حجم فایل را کمتر می کند.","iscorrect":0},{"id":"14239","description":"فرآیندهای پردازشی با تخریب همراه است.","iscorrect":0},{"id":"14240","description":"موارد اول و سوم","iscorrect":1}]},{"id":"3752","description":"تخریب های عمده ای که در فرآیند Noise Reduction صورت می پذیرد چیست؟","answers":[{"id":"14241","description":"بالا رفتن نویز","iscorrect":0},{"id":"14242","description":"پایین آمدن نویز","iscorrect":0},{"id":"14243","description":"از دست رفتن وضوح در جزئیات","iscorrect":1},{"id":"14244","description":"تیره شدن تصویر","iscorrect":0}]},{"id":"3753","description":"ویژگی Device Independent در کدامیک از قالب های زیر دیده می شود؟","answers":[{"id":"14245","description":"PSD","iscorrect":0},{"id":"14246","description":"GIF","iscorrect":0},{"id":"14247","description":"BMP","iscorrect":1},{"id":"14248","description":"PNG","iscorrect":0}]}]}]}]}