{"courseId":"81","contents":[{"name":"مقدمه","id":"605","contentorder":"1","lesson_number":1,"type":0,"filename":"lesson605.html"},{"name":"درس اول- جستجو و تماشای ویدیو","id":"606","contentorder":"2","lesson_number":2,"type":0,"filename":"lesson606.html"},{"name":"درس دوم- پیوستن به یوتیوب- بخش اول","id":"607","contentorder":"3","lesson_number":3,"type":0,"filename":"lesson607.html"},{"name":"پیوستن به یوتیوب- بخش اول","id":"988","contentorder":"4","type":1,"set":[{"score":"60","questions":[{"id":"3979","description":"یک لیست پخش می تواند …….. باشد.","answers":[{"id":"15118","description":"خصوصی","iscorrect":0},{"id":"15119","description":"عمومی","iscorrect":0},{"id":"15120","description":"خصوصی یا عمومی","iscorrect":1},{"id":"15121","description":"هیچکدام","iscorrect":0}]},{"id":"3980","description":"اهمیت مشترک شدن در یک کانال یوتیوب چیست؟","answers":[{"id":"15122","description":"افزایش اعتبار حساب کاربری فرد عضو شده","iscorrect":0},{"id":"15123","description":"از دست ندادن آخرین ویدیوهای آن کانال","iscorrect":1},{"id":"15124","description":"مشترک شدن در کانال های مختلف یوتیوب آنقدرها اهمیت ندارد.","iscorrect":0},{"id":"15125","description":"پاسخ دقیقی نمی توان به این سوال داد.","iscorrect":0}]},{"id":"3981","description":"ویژگی یک لیست پخش «فهرست نشده» در چیست؟","answers":[{"id":"15126","description":"تمامی کاربران یوتیوب می توانند این لیست را مشاهده و ویدیوها درون آن را تماشا کنند.","iscorrect":0},{"id":"15127","description":"تنها کاربرانی که لینک مربوط به لیست پخش را داشته باشند می توانند آن را مشاهده کنند و اگر کسی لینک آن لیست پخش را نداشته باشد، امکان دیدن آن لیست پخش و ویدیوهای داخل آن را نخواهد داشت.","iscorrect":1},{"id":"15128","description":"تنها صاحب حساب یوتیوب می تواند آن لیست پخش را مشاهده کند.","iscorrect":0},{"id":"15129","description":"هیچکدام","iscorrect":0}]},{"id":"3982","description":"کاربرد گزینه «حاشیه نویسی ها» در پخش کننده یوتیوب چیست؟","answers":[{"id":"15130","description":"افزایش کیفیت ویدیو","iscorrect":0},{"id":"15131","description":"کاهش سرعت ویدیو","iscorrect":0},{"id":"15132","description":"حذف یا فعال کردن حاشیه نویسی های ویدیو","iscorrect":1},{"id":"15133","description":"حذف یا اضافه کردن صحنه های حاشیه ای یک ویدیو","iscorrect":0}]},{"id":"3983","description":"یک ویدیو در یوتیوب را براساس کدام فیلتر نمی توان جستجو کرد؟","answers":[{"id":"15134","description":"تاریخ به روزرسانی","iscorrect":0},{"id":"15135","description":"مدت زمان","iscorrect":0},{"id":"15136","description":"ویژگی ها","iscorrect":0},{"id":"15137","description":"تعداد فریم های داخل ویدیو","iscorrect":1}]}]},{"score":"60","questions":[{"id":"3984","description":"اگر از یک ویدیو در یوتیوب خوشمان آمد، کدام بخش به کار ما می آید؟","answers":[{"id":"15138","description":"نظرات","iscorrect":0},{"id":"15139","description":"نظرات","iscorrect":0},{"id":"15140","description":"علامت شصت دست","iscorrect":1},{"id":"15141","description":"مشترک شدن","iscorrect":0}]},{"id":"3985","description":"چه تعداد لیست پخش می تواند در یوتیوب ایجاد کرد؟","answers":[{"id":"15142","description":"۵","iscorrect":0},{"id":"15143","description":"۱۰","iscorrect":0},{"id":"15144","description":"۱۵","iscorrect":0},{"id":"15145","description":"نامحدود","iscorrect":1}]},{"id":"3986","description":"کدام ویژگی باعث می شود که ویدیوهای موجود در یک لیست پخش را تنها صاحب حساب مشاهده کند؟","answers":[{"id":"15146","description":"فهرست نشده","iscorrect":0},{"id":"15147","description":"فهرست شده","iscorrect":0},{"id":"15148","description":"خصوصی","iscorrect":1},{"id":"15149","description":"عمومی","iscorrect":0}]},{"id":"3987","description":"اگر بخواهیم یک ویدیو طولانی را در زمان دیگری مشاهده کنیم، کدام گزینه این امکان را به ما می دهد؟","answers":[{"id":"15150","description":"تماشا در فرصتی دیگر","iscorrect":1},{"id":"15151","description":"اشتراک های من","iscorrect":0},{"id":"15152","description":"سابقه تماشا","iscorrect":0},{"id":"15153","description":"تماشایی","iscorrect":0}]},{"id":"3988","description":"اگر بخواهیم اندازه پخش کننده در یوتیوب را تغییر دهیم، چه تعداد سایز پخش کننده در اختیار داریم؟","answers":[{"id":"15154","description":"۱","iscorrect":0},{"id":"15155","description":"۲","iscorrect":0},{"id":"15156","description":"۳","iscorrect":1},{"id":"15157","description":"۴","iscorrect":0}]}]}]},{"name":"درس سوم- پیوستن به یوتیوب- بخش دوم","id":"608","contentorder":"5","lesson_number":4,"type":0,"filename":"lesson608.html"},{"name":"درس چهارم- تولید ویدیو برای یوتیوب","id":"609","contentorder":"6","lesson_number":5,"type":0,"filename":"lesson609.html"},{"name":"تولید ویدیو برای یوتیوب","id":"990","contentorder":"7","type":1,"set":[{"score":"60","questions":[{"id":"3989","description":"اولین قدم در تولید یک ویدیو برای یوتیوب چیست؟","answers":[{"id":"15158","description":"شناخت مخاطب","iscorrect":0},{"id":"15159","description":"علت ضبط ویدیو","iscorrect":0},{"id":"15160","description":"پیام ویدیو","iscorrect":0},{"id":"15161","description":"همه موارد","iscorrect":1}]},{"id":"3990","description":"با پاسخ دادن به کدام سوال می توانید موضوع ویدیوی خود را مشخص کنید؟","answers":[{"id":"15162","description":"چرا این کار را می خواهید انجام دهید؟","iscorrect":0},{"id":"15163","description":"چه پیامی را می خواهید برسانید؟","iscorrect":1},{"id":"15164","description":"ویدیوهای تولیدی مصرف شخصی دارند یا حرفه ای؟","iscorrect":0},{"id":"15165","description":"مخاطب شما کیست؟","iscorrect":0}]},{"id":"3991","description":"فرآیند تولید ویدیو در یوتیوب شامل چند مرحله است؟","answers":[{"id":"15166","description":"۲","iscorrect":0},{"id":"15167","description":"۳","iscorrect":0},{"id":"15168","description":"۴","iscorrect":0},{"id":"15169","description":"۵","iscorrect":1}]},{"id":"3992","description":"فاز برنامه ریزی برای تولید ویدیو در کدام بخش از فرآیند تولید ویدیو برای یوتیوب قرار می گیرد؟","answers":[{"id":"15170","description":"پیش از تولید","iscorrect":1},{"id":"15171","description":"تولید","iscorrect":0},{"id":"15172","description":"پس از تولید","iscorrect":0},{"id":"15173","description":"در هر سه بخش بالا","iscorrect":0}]},{"id":"3993","description":"به مرحله ای که در آن منوهای دی وی دی، دکمه های مختلف منو و... طراحی می شود، مرحله ………… گفته می شود.","answers":[{"id":"15174","description":"تولید","iscorrect":0},{"id":"15175","description":"فشرده سازی","iscorrect":0},{"id":"15176","description":"آماده کردن","iscorrect":0},{"id":"15177","description":"نهایی کردن","iscorrect":1}]}]},{"score":"60","questions":[{"id":"3994","description":"با پاسخ دادن به سوال «ویدیوهای تولیدی مصرف شخصی دارند یا حرفه ای؟» چه چیزی را در مورد ویدیوی خود خواهید دانست؟","answers":[{"id":"15178","description":"نوع مخاطب","iscorrect":0},{"id":"15179","description":"موضوع ویدیو","iscorrect":0},{"id":"15180","description":"هدف ضبط ویدیو","iscorrect":0},{"id":"15181","description":"سطح ویدیو","iscorrect":1}]},{"id":"3995","description":"نام دیگر کدام مرحله «ویرایش» است؟","answers":[{"id":"15182","description":"پیش از تولید","iscorrect":0},{"id":"15183","description":"پس از تولید","iscorrect":1},{"id":"15184","description":"تولید","iscorrect":0},{"id":"15185","description":"فشرده سازی","iscorrect":0}]},{"id":"3996","description":"نام دیگر مرحله «پس از تولید» چیست؟","answers":[{"id":"15186","description":"ویرایش","iscorrect":1},{"id":"15187","description":"هماهنگی","iscorrect":0},{"id":"15188","description":"فشرده سازی","iscorrect":0},{"id":"15189","description":"نام دیگری برای این مرحله وجود ندارد.","iscorrect":0}]},{"id":"3997","description":"برای ضبط ویدیو در یوتیوب بهتر است به چه صورتی فیلم برداری کرد؟","answers":[{"id":"15190","description":"کادر بسته","iscorrect":0},{"id":"15191","description":"کادر باز","iscorrect":0},{"id":"15192","description":"کادر بسته با زاویه باز","iscorrect":1},{"id":"15193","description":"کادر باز با زاویه بسته","iscorrect":0}]},{"id":"3998","description":"فرآیند تولید ویدیو در یوتیوب شامل چند مرحله است؟","answers":[{"id":"15194","description":"۲","iscorrect":0},{"id":"15195","description":"۳","iscorrect":0},{"id":"15196","description":"۴","iscorrect":0},{"id":"15197","description":"۵","iscorrect":1}]}]}]},{"name":"درس پنجم- ویرایش ویدیو برای یوتیوب","id":"610","contentorder":"8","lesson_number":6,"type":0,"filename":"lesson610.html"},{"name":"درس ششم- برندینگ کانال یوتیوب","id":"611","contentorder":"9","lesson_number":7,"type":0,"filename":"lesson611.html"},{"name":"برندینگ کانال یوتیوب","id":"992","contentorder":"10","type":1,"set":[{"score":"50","questions":[{"id":"3999","description":"کدام گزینه در مورد ویرایش ویدیو در یوتیوب درست است؟","answers":[{"id":"15198","description":"برش کمتر، حرکت کمتر","iscorrect":0},{"id":"15199","description":"برش بیشتر، حرکت بیشتر","iscorrect":0},{"id":"15200","description":"برش بیشتر، حرکت کمتر","iscorrect":1},{"id":"15201","description":"برش کمتر، حرکت بیشتر","iscorrect":0}]},{"id":"4000","description":"دو نکته مهمی که باید در زمان ویرایش ویدیو همواره به یاد داشته باشیم چیستند؟","answers":[{"id":"15202","description":"سادگی و وضوح","iscorrect":1},{"id":"15203","description":"پیچیدگی و وضوح","iscorrect":0},{"id":"15204","description":"نورپردازی و وضوح","iscorrect":0},{"id":"15205","description":"سادگی و و نورپردازی","iscorrect":0}]},{"id":"4001","description":"مهمترین دلیل فعالیت افراد در شبکه های اجتماعی ای مانند یوتیوب چیست؟","answers":[{"id":"15206","description":"کسب درآمد","iscorrect":0},{"id":"15207","description":"ارتباط با دیگران","iscorrect":1},{"id":"15208","description":"کسب شهرت","iscorrect":0},{"id":"15209","description":"همه موارد","iscorrect":0}]},{"id":"4002","description":"کدام گزینه در برندینگ کانال یوتیوب شما تاثیری ندارد؟","answers":[{"id":"15210","description":"در زمان ویدیو خودمان باشیم و از کار دیگران کپی نکنیم.","iscorrect":0},{"id":"15211","description":"کانال یوتیوب خود را به صورت مستمر به روز کنیم.","iscorrect":0},{"id":"15212","description":"با دیگر کاربران در ارتباط مستمر باشیم.","iscorrect":0},{"id":"15213","description":"هیچکدام","iscorrect":1}]}]},{"score":"50","questions":[{"id":"4003","description":"برش ویدیو در ویدیوهای تولیدی برای یوتیوب باید چگونه نباشد؟","answers":[{"id":"15214","description":"آهسته","iscorrect":0},{"id":"15215","description":"سریع","iscorrect":1},{"id":"15216","description":"نوع برش اهمیتی ندارد.","iscorrect":0}]},{"id":"4004","description":"کدامیک از گزینه های زیر دارای اهمیت بیشتری نسبت به دیگر موارد در زمان تولید ویدیو در یوتیوب دارد؟","answers":[{"id":"15217","description":"حجم ویدیو","iscorrect":0},{"id":"15218","description":"مدت زمان ویدیو","iscorrect":0},{"id":"15219","description":"محتوای ویدیو","iscorrect":1},{"id":"15220","description":"همه موارد","iscorrect":0}]},{"id":"4005","description":"مهمترین دلیل فعالیت افراد در شبکه های اجتماعی ای مانند یوتیوب چیست؟","answers":[{"id":"15221","description":"کسب درآمد","iscorrect":0},{"id":"15222","description":"ارتباط با دیگران","iscorrect":1},{"id":"15223","description":"کسب شهرت","iscorrect":0},{"id":"15224","description":"همه موارد","iscorrect":0}]},{"id":"4006","description":"کدام گزینه در برندینگ کانال یوتیوب شما تاثیر دارد؟","answers":[{"id":"15225","description":"سعی کنیم که از کار دیگران کپی کنیم و مانند آنها ویدیو تولید کنیم.","iscorrect":0},{"id":"15226","description":"کانال یوتیوب خود را به صورت مستمر به روز کنیم.","iscorrect":1},{"id":"15227","description":"بستن بخش نظرات ویدیو و عدم توجه به دیگران کاربران","iscorrect":0},{"id":"15228","description":"هیچکدام","iscorrect":0}]}]}]},{"name":"درس هفتم- درک روش بارگذاری در یوتیوب","id":"612","contentorder":"11","lesson_number":8,"type":0,"filename":"lesson612.html"},{"name":"درک روش بارگذاری در یوتیوب","id":"994","contentorder":"12","type":1,"set":[{"score":"60","questions":[{"id":"4007","description":"منظور از Bit Rate چیست؟","answers":[{"id":"15229","description":"میزان دیتایی است که یک ویدیو در دقیقه منتقل می کند.","iscorrect":0},{"id":"15230","description":"میزان حجم صدایی که یک ویدیو در دقیقه منتقل می کند.","iscorrect":0},{"id":"15231","description":"میزان دیتایی است که یک ویدیو در ثانیه منتقل می کند.","iscorrect":1},{"id":"15232","description":"میزان دیتایی است که یک ویدیو در دو دقیقه منتقل می کند.","iscorrect":0}]},{"id":"4008","description":"نمایش ویدیو در یوتیوب به چه صورت است؟","answers":[{"id":"15233","description":"عرضی","iscorrect":1},{"id":"15234","description":"طولی","iscorrect":0},{"id":"15235","description":"هر دو مورد","iscorrect":0}]},{"id":"4009","description":"ابعاد ویدیویی با کیفیت ۲۴۰ پیکسل (240p) چیست؟","answers":[{"id":"15236","description":"۱۹۲۰ در ۱۰۸۰","iscorrect":0},{"id":"15237","description":"۸۵۴ در ۴۸۰","iscorrect":0},{"id":"15238","description":"۴۲۶ در ۲۴۰","iscorrect":1},{"id":"15239","description":"۶۴۰ در ۳۶۰","iscorrect":0}]},{"id":"4010","description":"…………….. به فرآیند رندر شدن تصویر (تحویل نهایی تصویر) در تلویزیون های آنالوگ گفته می شود.","answers":[{"id":"15240","description":"Interlacing","iscorrect":1},{"id":"15241","description":"Deinterlacing","iscorrect":0},{"id":"15242","description":"Framing","iscorrect":0},{"id":"15243","description":"Resolution","iscorrect":0}]},{"id":"4011","description":"Progressive Video به چه ویدیوهایی گفته می شود؟","answers":[{"id":"15244","description":"ویدیوهایی که تمام پیکسل های یک فریم را در یک زمان ضبط و نهایی می کنند.","iscorrect":1},{"id":"15245","description":"ویدیوهایی که تمام پیکسل ها در دو فریم ضبط و نهایی می شوند.","iscorrect":0},{"id":"15246","description":"ویدیوهایی که تمام پیکسل ها در سه فریم ضبط و نهایی می شوند.","iscorrect":0},{"id":"15247","description":"ویدیوهایی که تمام پیکسل ها در چهار فریم ضبط و نهایی می شوند.","iscorrect":0}]}]},{"score":"60","questions":[{"id":"4012","description":"ویدیوها در یوتیوب چند بار فشرده سازی می شوند؟","answers":[{"id":"15248","description":"یک بار","iscorrect":0},{"id":"15249","description":"دو بار","iscorrect":1},{"id":"15250","description":"سه بار","iscorrect":0},{"id":"15251","description":"چهار بار","iscorrect":0}]},{"id":"4013","description":"فرمت پیشنهادی یوتیوب برای یک ویدیو چیست؟","answers":[{"id":"15252","description":"MOV","iscorrect":0},{"id":"15253","description":"MPEG4","iscorrect":1},{"id":"15254","description":"AVI","iscorrect":0},{"id":"15255","description":"WMV","iscorrect":0}]},{"id":"4014","description":"ابعاد ویدیویی با کیفیت ۷۲۰ پیکسل (720p) چیست؟","answers":[{"id":"15256","description":"۱۹۲۰ در ۱۰۸۰","iscorrect":0},{"id":"15257","description":"۱۲۸۰ در ۷۲۰","iscorrect":1},{"id":"15258","description":"۴۲۶ در ۲۴۰","iscorrect":0},{"id":"15259","description":"۶۴۰ در ۳۶۰","iscorrect":0}]},{"id":"4015","description":"ویدیوهای موجود در یوتیوب از چه نوعی هستند؟","answers":[{"id":"15260","description":"Interlacing","iscorrect":0},{"id":"15261","description":"Progressive","iscorrect":1},{"id":"15262","description":"هر دو مورد","iscorrect":0}]},{"id":"4016","description":"اگر در فرمت یک ویدیو حرف i وجود داشته باشد:","answers":[{"id":"15263","description":"آن ویدیو از نوع Progressive است.","iscorrect":0},{"id":"15264","description":"آن ویدیو از نوع Digital است.","iscorrect":0},{"id":"15265","description":"آن ویدیو از نوع Interlacing است.","iscorrect":1},{"id":"15266","description":"موارد اول و دوم","iscorrect":0}]}]}]},{"name":"درس هشتم- روش های بارگذاری ویدیو در یوتیوب","id":"621","contentorder":"13","lesson_number":9,"type":0,"filename":"lesson621.html"},{"name":"درس نهم- ویرایشگر ویدیو یوتیوب","id":"613","contentorder":"14","lesson_number":10,"type":0,"filename":"lesson613.html"},{"name":"درس دهم- کانال یوتیوب","id":"614","contentorder":"15","lesson_number":11,"type":0,"filename":"lesson614.html"},{"name":"کانال یوتیوب","id":"996","contentorder":"16","type":1,"set":[{"score":"60","questions":[{"id":"4017","description":"اگر بخواهیم ویدیویی را در یوتیوب برش بزنیم، کدام گزینه در بخش ویرایشگر ویدیو به کارمان می آید؟","answers":[{"id":"15267","description":"گزینه چرخش","iscorrect":0},{"id":"15268","description":"تصویر قیچی روی ویدیو","iscorrect":1},{"id":"15269","description":"حرکت آهسته","iscorrect":0},{"id":"15270","description":"چنین امکانی در یوتیوب وجود ندارد.","iscorrect":0}]},{"id":"4018","description":"برای محو کردن چهره افراد در یک ویدیو باید به کدام بخش مراجعه کرد؟","answers":[{"id":"15271","description":"آپلود","iscorrect":0},{"id":"15272","description":"ویرایشگر ویدیو","iscorrect":0},{"id":"15273","description":"جلوه های ویژه","iscorrect":1},{"id":"15274","description":"فیلترها","iscorrect":0}]},{"id":"4019","description":"امکان پیوند دادن از طریق گزینه حاشیه نویسی به کدام بخش وجود ندارد؟","answers":[{"id":"15275","description":"ویدیو","iscorrect":0},{"id":"15276","description":"لیست پخش","iscorrect":0},{"id":"15277","description":"صفحه گوگل پلاس","iscorrect":0},{"id":"15278","description":"وب سایت یا وبلاگ","iscorrect":1}]},{"id":"4020","description":"منظور از «فعال کردن حالت تقویت شده رازداری» چیست؟","answers":[{"id":"15279","description":"افزایش امنیت رمز عبور حساب یوتیوب","iscorrect":0},{"id":"15280","description":"امکان نمایش ویدیو از طریق اف تی پی","iscorrect":0},{"id":"15281","description":"امکان نمایش ویدیو در حالت SSL","iscorrect":1},{"id":"15282","description":"موارد دوم و سوم","iscorrect":0}]},{"id":"4021","description":"فعال کردن گزینه «اشتراک من خصوصی شود» به چه منظور است؟","answers":[{"id":"15283","description":"تمام ویدیوهای کانال یوتیوب مان خصوصی می شوند.","iscorrect":0},{"id":"15284","description":"لیست کانال هایی که مشترک آنها هستیم خصوصی می شوند.","iscorrect":1},{"id":"15285","description":"موارد اول و دوم","iscorrect":0}]}]},{"score":"60","questions":[{"id":"4022","description":"اگر بخواهیم از مجموعه ویدیوهایی که بارگذاری کرده ایم، یک ویدیو جدید تولید کنیم باید از طریق کدام گزینه اقدام کنیم؟","answers":[{"id":"15286","description":"آپلود","iscorrect":0},{"id":"15287","description":"ویرایشگر ویدیو","iscorrect":1},{"id":"15288","description":"جلوه های ویژه","iscorrect":0},{"id":"15289","description":"چنین امکانی در یوتیوب وجود ندارد.","iscorrect":0}]},{"id":"4023","description":"برای محو کردن چهره افراد در یک ویدیو باید به کدام بخش مراجعه کرد؟","answers":[{"id":"15290","description":"آپلود","iscorrect":0},{"id":"15291","description":"ویرایشگر ویدیو","iscorrect":0},{"id":"15292","description":"جلوه های ویژه","iscorrect":1},{"id":"15293","description":"فیلترها","iscorrect":0}]},{"id":"4024","description":"از طریق کدام بخش می توان به یک ویدیو زیرنویس اضافه کرد؟","answers":[{"id":"15294","description":"صوتی","iscorrect":0},{"id":"15295","description":"حاشیه نویسی","iscorrect":0},{"id":"15296","description":"شرح ها","iscorrect":1},{"id":"15297","description":"بهبودها","iscorrect":0}]},{"id":"4025","description":"به چند حالت می توان یک ویدیو در یوتیوب را به اشتراک گذاشت؟","answers":[{"id":"15298","description":"۱","iscorrect":0},{"id":"15299","description":"۲","iscorrect":1},{"id":"15300","description":"۳","iscorrect":0},{"id":"15301","description":"۴","iscorrect":0}]},{"id":"4026","description":"منظور از «فعال کردن حالت تقویت شده رازداری» چیست؟","answers":[{"id":"15302","description":"افزایش امنیت رمز عبور حساب یوتیوب","iscorrect":0},{"id":"15303","description":"امکان نمایش ویدیو از طریق اف تی پی","iscorrect":0},{"id":"15304","description":"امکان نمایش ویدیو در حالت SSL","iscorrect":1},{"id":"15305","description":"موارد دوم و سوم","iscorrect":0}]}]}]},{"name":"درس یازدهم- ترفندهای یوتیوب","id":"615","contentorder":"17","lesson_number":12,"type":0,"filename":"lesson615.html"},{"name":"دوره یوتیوب- آزمون نهایی","id":"1011","contentorder":"18","type":1,"set":[{"score":"50","questions":[{"id":"4150","description":"به چند حالت می توان یک ویدیو در یوتیوب را به اشتراک گذاشت؟","answers":[{"id":"15800","description":"۱","iscorrect":0},{"id":"15801","description":"۲","iscorrect":1},{"id":"15802","description":"۳","iscorrect":0},{"id":"15803","description":"۴","iscorrect":0}]},{"id":"4148","description":"ویدیوهای موجود در یوتیوب از چه نوعی هستند؟","answers":[{"id":"15793","description":"Interlacing","iscorrect":0},{"id":"15794","description":"Progressive","iscorrect":1},{"id":"15795","description":"هر دو مورد","iscorrect":0}]},{"id":"4149","description":"برای محو کردن چهره افراد در یک ویدیو باید به کدام بخش مراجعه کرد؟","answers":[{"id":"15796","description":"آپلود","iscorrect":0},{"id":"15797","description":"ویرایشگر ویدیو","iscorrect":0},{"id":"15798","description":"جلوه های ویژه","iscorrect":1},{"id":"15799","description":"فیلترها","iscorrect":0}]},{"id":"4147","description":"ویدیوها در یوتیوب چند بار فشرده سازی می شوند؟","answers":[{"id":"15789","description":"یک بار","iscorrect":0},{"id":"15790","description":"دو بار","iscorrect":1},{"id":"15791","description":"سه بار","iscorrect":0},{"id":"15792","description":"چهار بار","iscorrect":0}]},{"id":"4146","description":"مهمترین دلیل فعالیت افراد در شبکه های اجتماعی ای مانند یوتیوب چیست؟","answers":[{"id":"15785","description":"کسب درآمد","iscorrect":0},{"id":"15786","description":"ارتباط با دیگران","iscorrect":1},{"id":"15787","description":"کسب شهرت","iscorrect":0},{"id":"15788","description":"همه موارد","iscorrect":0}]},{"id":"4145","description":"برش ویدیو در ویدیوهای تولیدی برای یوتیوب باید چگونه نباشد؟","answers":[{"id":"15782","description":"آهسته","iscorrect":0},{"id":"15783","description":"سریع","iscorrect":1},{"id":"15784","description":"نوع برش اهمیتی ندارد.","iscorrect":0}]},{"id":"4142","description":"اگر بخواهیم یک ویدیو طولانی را در زمان دیگری مشاهده کنیم، کدام گزینه این امکان را به ما می دهد؟","answers":[{"id":"15770","description":"تماشا در فرصتی دیگر","iscorrect":1},{"id":"15771","description":"اشتراک های من","iscorrect":0},{"id":"15772","description":"سابقه تماشا","iscorrect":0},{"id":"15773","description":"تماشایی","iscorrect":0}]},{"id":"4143","description":"نام دیگر مرحله «پس از تولید» چیست؟","answers":[{"id":"15774","description":"ویرایش","iscorrect":1},{"id":"15775","description":"هماهنگی","iscorrect":0},{"id":"15776","description":"فشرده سازی","iscorrect":0},{"id":"15777","description":"نام دیگری برای این مرحله وجود ندارد.","iscorrect":0}]},{"id":"4144","description":"فرآیند تولید ویدیو در یوتیوب شامل چند مرحله است؟","answers":[{"id":"15778","description":"۲","iscorrect":0},{"id":"15779","description":"۳","iscorrect":0},{"id":"15780","description":"۴","iscorrect":0},{"id":"15781","description":"۵","iscorrect":1}]},{"id":"4141","description":"چه تعداد لیست پخش می تواند در یوتیوب ایجاد کرد؟","answers":[{"id":"15766","description":"۵","iscorrect":0},{"id":"15767","description":"۱۰","iscorrect":0},{"id":"15768","description":"۱۵","iscorrect":0},{"id":"15769","description":"نامحدود","iscorrect":1}]}]},{"score":"50","questions":[{"id":"4154","description":"فاز برنامه ریزی برای تولید ویدیو در کدام بخش از فرآیند تولید ویدیو برای یوتیوب قرار می گیرد؟","answers":[{"id":"15816","description":"پیش از تولید","iscorrect":1},{"id":"15817","description":"تولید","iscorrect":0},{"id":"15818","description":"پس از تولید","iscorrect":0},{"id":"15819","description":"در هر سه بخش بالا","iscorrect":0}]},{"id":"4153","description":"با پاسخ دادن به کدام سوال می توانید موضوع ویدیوی خود را مشخص کنید؟","answers":[{"id":"15812","description":"چرا این کار را می خواهید انجام دهید؟","iscorrect":0},{"id":"15813","description":"چه پیامی را می خواهید برسانید؟","iscorrect":1},{"id":"15814","description":"ویدیوهای تولیدی مصرف شخصی دارند یا حرفه ای؟","iscorrect":0},{"id":"15815","description":"مخاطب شما کیست؟","iscorrect":0}]},{"id":"4151","description":"یک لیست پخش می تواند …….. باشد.","answers":[{"id":"15804","description":"خصوصی","iscorrect":0},{"id":"15805","description":"عمومی","iscorrect":0},{"id":"15806","description":"خصوصی یا عمومی","iscorrect":1},{"id":"15807","description":"هیچکدام","iscorrect":0}]},{"id":"4152","description":"کاربرد گزینه «حاشیه نویسی ها» در پخش کننده یوتیوب چیست؟","answers":[{"id":"15808","description":"افزایش کیفیت ویدیو","iscorrect":0},{"id":"15809","description":"کاهش سرعت ویدیو","iscorrect":0},{"id":"15810","description":"حذف یا فعال کردن حاشیه نویسی های ویدیو","iscorrect":0},{"id":"15811","description":"حذف یا اضافه کردن صحنه های حاشیه ای یک ویدیو","iscorrect":1}]},{"id":"4160","description":"منظور از «فعال کردن حالت تقویت شده رازداری» چیست؟","answers":[{"id":"15840","description":"افزایش امنیت رمز عبور حساب یوتیوب","iscorrect":0},{"id":"15841","description":"امکان نمایش ویدیو از طریق اف تی پی","iscorrect":0},{"id":"15842","description":"امکان نمایش ویدیو در حالت SSL","iscorrect":1}]},{"id":"4159","description":"اگر بخواهیم ویدیویی را در یوتیوب برش بزنیم، کدام گزینه در بخش ویرایشگر ویدیو به کارمان می آید؟","answers":[{"id":"15836","description":"گزینه چرخش","iscorrect":0},{"id":"15837","description":"تصویر قیچی روی ویدیو","iscorrect":1},{"id":"15838","description":"حرکت آهسته","iscorrect":0},{"id":"15839","description":"چنین امکانی در یوتیوب وجود ندارد.","iscorrect":0}]},{"id":"4158","description":"ابعاد ویدیویی با کیفیت ۲۴۰ پیکسل (240p) چیست؟","answers":[{"id":"15832","description":"۱۹۲۰ در ۱۰۸۰","iscorrect":0},{"id":"15833","description":"۸۵۴ در ۴۸۰","iscorrect":0},{"id":"15834","description":"۴۲۶ در ۲۴۰","iscorrect":1},{"id":"15835","description":"۶۴۰ در ۳۶۰","iscorrect":0}]},{"id":"4157","description":"منظور از Bit Rate چیست؟","answers":[{"id":"15828","description":"میزان دیتایی است که یک ویدیو در دقیقه منتقل می کند.","iscorrect":0},{"id":"15829","description":"میزان حجم صدایی که یک ویدیو در دقیقه منتقل می کند.","iscorrect":0},{"id":"15830","description":"میزان دیتایی است که یک ویدیو در ثانیه منتقل می کند.","iscorrect":1},{"id":"15831","description":"میزان دیتایی است که یک ویدیو در دو دقیقه منتقل می کند.","iscorrect":0}]},{"id":"4156","description":"کدام گزینه در برندینگ کانال یوتیوب شما تاثیری ندارد؟","answers":[{"id":"15824","description":"در زمان ویدیو خودمان باشیم و از کار دیگران کپی نکنیم.","iscorrect":0},{"id":"15825","description":"کانال یوتیوب خود را به صورت مستمر به روز کنیم.","iscorrect":0},{"id":"15826","description":"با دیگر کاربران در ارتباط مستمر باشیم.","iscorrect":0},{"id":"15827","description":"هیچکدام","iscorrect":1}]},{"id":"4155","description":"دو نکته مهمی که باید در زمان ویرایش ویدیو همواره به یاد داشته باشیم چیستند؟","answers":[{"id":"15820","description":"سادگی و وضوح","iscorrect":1},{"id":"15821","description":"پیچیدگی و وضوح","iscorrect":0},{"id":"15822","description":"نورپردازی و وضوح","iscorrect":0},{"id":"15823","description":"سادگی و و نورپردازی","iscorrect":0}]}]}]}]}