{"courseId":"107","contents":[{"name":"درس اول: نصب ویندوز ۱۰ و برخی از ویژگی‌های آن","id":"889","contentorder":"1","lesson_number":1,"type":0,"filename":"lesson889.html"},{"name":"نصب ویندوز ۱۰","id":"1486","contentorder":"2","type":1,"set":[{"score":"60","questions":[{"id":"6376","description":"برای نصب ویندوز ۱۰، رایانه شما باید یک سری اجزاء سخت‌افزاری داشته باشد. در رابطه با این موضوع، کدام گزینه زیر غلط است؟ (به عبارت دیگر کدام گزینه جزء حداقلهای سخت‌افزاری به شمار نمی‌رود؟)","answers":[{"id":"24305","description":"پرادزشگر (CPU) نیم گیگا هرتزی","iscorrect":1},{"id":"24306","description":"رم (RAM) یک گیگ برای نسخه ۳۲ بیتی و رم ۲ گیگ برای نسخه ۶۴ بیتی","iscorrect":0},{"id":"24307","description":"حافظه داخلی (HDD) ذخیره سازی حداقل ۱۶ گیگابایت","iscorrect":0},{"id":"24308","description":"حافظه داخلی (HDD) ذخیره سازی حداقل ۱۶ گیگابایت","iscorrect":0},{"id":"24309","description":"کارت گرافیک با پشتبانی از DirectX (دایرکت ایکس) ۹ به بالا و درایور WDDM 1.0","iscorrect":0}]},{"id":"6377","description":"نسخه نهایی ویندوز با کدام‌یک از اسامی رمز زیر رونمایی شد؟","answers":[{"id":"24310","description":"پایان Finish","iscorrect":0},{"id":"24311","description":"پایان ویندوز Finish windows","iscorrect":0},{"id":"24312","description":"آستانه یا سرآغاز Threshold","iscorrect":1},{"id":"24313","description":"ویندوز حرفه‌ای Professional Windows","iscorrect":0}]},{"id":"6378","description":"برای نصب ویندوز ۱۰ از کدام‌یک از نرم‌افزارهای زیر باید استفاده کنیم؟","answers":[{"id":"24314","description":"Nero","iscorrect":0},{"id":"24315","description":"Clone CD","iscorrect":0},{"id":"24316","description":"Media Creation Tool","iscorrect":1},{"id":"24317","description":"Mac Keeper","iscorrect":0}]}]},{"score":"60","questions":[{"id":"6379","description":"برای نصب ویندوز ۱۰ باید حداقل یک حافظه داخلی (HDD) ‌...‌...‌...‌...‌... گیگا بایتی داشت.","answers":[{"id":"24318","description":"۸","iscorrect":0},{"id":"24319","description":"۱۶","iscorrect":1},{"id":"24320","description":"۳۲","iscorrect":0},{"id":"24321","description":"۶۴","iscorrect":0}]},{"id":"6380","description":"از نرم‌افزار ‌...‌...‌...‌...‌...‌... برای نصب ویندوز ۱۰ استفاده می‌شود.","answers":[{"id":"24322","description":"Nero","iscorrect":0},{"id":"24323","description":"Clone CD","iscorrect":0},{"id":"24324","description":"Media Creation Tool","iscorrect":1},{"id":"24325","description":"Mac Keeper","iscorrect":0}]},{"id":"6381","description":"نسخه نهایی ویندوز با کدام‌یک از اسامی رمز زیر رونمایی شد؟","answers":[{"id":"24326","description":"پایان Finish","iscorrect":0},{"id":"24327","description":"پایان ویندوز Finish windows","iscorrect":0},{"id":"24328","description":"آستانه یا سرآغاز Threshold","iscorrect":1},{"id":"24329","description":"ویندوز حرفه‌ای Professional Windows","iscorrect":0}]}]}]},{"name":"درس دوم- منوی شروع، نوار وظیفه و فروشگاه ویندوز","id":"890","contentorder":"3","lesson_number":2,"type":0,"filename":"lesson890.html"},{"name":"منوی شروع، نوار وظیفه و فروشگاه ویندوز","id":"1490","contentorder":"4","type":1,"set":[{"score":"60","questions":[{"id":"6385","description":"به کمک آیکون Task View که در نوار وظیفه قرار دارد می‌توان:","answers":[{"id":"24330","description":"نمایش رزولوشن را تغییر داد","iscorrect":0},{"id":"24331","description":"چندین دسکتاپ مختلف را به سیستم اضافه کرد","iscorrect":1},{"id":"24332","description":"ویندوز را ری‌استارت کرد","iscorrect":0},{"id":"24333","description":"کامپیوتر را خاموش کرد","iscorrect":0}]},{"id":"6386","description":"برنامه‌های کاربردی ... اپلیکیشن‌های مخصوص صفحات لمسی (تلبت‌ها و تلفن‌های هوشمند) هستند که برای رابط برنامه نویسی نسخه WinRT مایکروسافت نوشته می‌شوند.","answers":[{"id":"24334","description":"Nero","iscorrect":0},{"id":"24335","description":"Dreamweaver","iscorrect":0},{"id":"24336","description":"Metro","iscorrect":1},{"id":"24337","description":"HTML","iscorrect":0}]},{"id":"6387","description":"منظور از Top free apps در فروشگاه ویندوز چیست؟","answers":[{"id":"24338","description":"برترین برنامه‌های کاربردی رایگان","iscorrect":1},{"id":"24339","description":"برترین برنامه‌های کاربردی پولی","iscorrect":0},{"id":"24340","description":"برنامه‌های کاربردی با بالاترین امتیاز","iscorrect":0},{"id":"24341","description":"پرفروش‌ترین برنامه‌های کاربردی","iscorrect":0}]}]},{"score":"60","questions":[{"id":"6388","description":"کدام‌یک از پوشه‌های زیر در کاوشگر فایل وجود ندارد؟","answers":[{"id":"24342","description":"Videos (ویدئوها)","iscorrect":0},{"id":"24343","description":"Desktop (دسکتاپ)","iscorrect":0},{"id":"24344","description":"Desktop (دسکتاپ)","iscorrect":0},{"id":"24345","description":"Viruses (ویروس‌ها)","iscorrect":1}]},{"id":"6389","description":"منظور از Best rated apps در فروشگاه ویندوز چیست؟","answers":[{"id":"24346","description":"برترین برنامه‌های کاربردی رایگان","iscorrect":0},{"id":"24347","description":"برترین برنامه‌های کاربردی پولی","iscorrect":0},{"id":"24348","description":"برنامه‌های کاربردی با بالاترین امتیاز","iscorrect":1},{"id":"24349","description":"پرفروشترین برنامه‌های کاربردی","iscorrect":0}]},{"id":"6390","description":"به کمک آیکون Task View که در نوار وظیفه قرار دارد می‌توان:","answers":[{"id":"24350","description":"نمایش رزولوشن را تغییر داد","iscorrect":0},{"id":"24351","description":"چندین دسکتاپ مختلف را به سیستم اضافه کرد","iscorrect":1},{"id":"24352","description":"ویندوز را ری‌استارت کرد","iscorrect":0},{"id":"24353","description":"کامپیوتر را خاموش کرد","iscorrect":0}]}]}]},{"name":"درس سوم- نمایش وظایف، اعلان‌ها و تنظیمات حریم خصوصی","id":"891","contentorder":"5","lesson_number":3,"type":0,"filename":"lesson891.html"},{"name":"نمایش وظایف، اعلانها و تنظیمات حریم خصوصی","id":"1492","contentorder":"6","type":1,"set":[{"score":"60","questions":[{"id":"6391","description":"با استفاده از گزینه task view می‌توان ...","answers":[{"id":"24354","description":"نمایش رزولوشن را تغییر داد","iscorrect":0},{"id":"24355","description":"چندین دسکتاپ مختلف را به سیستم اضافه کرد","iscorrect":1},{"id":"24356","description":"ویندوز را ری‌استارت کرد","iscorrect":0},{"id":"24357","description":"کامپیوتر را خاموش کرد","iscorrect":0}]},{"id":"6392","description":"وظیفه زبانه‌ی Privacy در پنل Settings ...","answers":[{"id":"24358","description":"مدیریت بخش‌های محرمانه سیستم است","iscorrect":1},{"id":"24359","description":"پاک کردن درایوهای انتخابی است","iscorrect":0},{"id":"24360","description":"ری‌استارت کردن کامپیوتر است","iscorrect":0},{"id":"24361","description":"اسکن کردن و ویروس‌یابی سیستم است","iscorrect":0}]},{"id":"6393","description":"اگر می‌خواهید دستگاه‌هایی که با بلوتوث به سیستم‌تان وصل هستند و سایر لوازم جانبی مانند چاپگرها، میکروفون و صفحه کلیدهای متصل به آن را مدیریت کنید، بخش ... جایی است که می‌توانید تمام این اقدامات را انجام دهید. ","answers":[{"id":"24362","description":"Keeper","iscorrect":0},{"id":"24363","description":"Loser","iscorrect":0},{"id":"24364","description":"Manager","iscorrect":0},{"id":"24365","description":"Devices","iscorrect":1}]}]},{"score":"60","questions":[{"id":"6394","description":"کدام‌یک از گزینه‌های زیر برنامه‌های رابط کاربری مدرن به شمار می‌آیند؟","answers":[{"id":"24366","description":"SJRM","iscorrect":0},{"id":"24367","description":"Modern UI","iscorrect":1},{"id":"24368","description":"SJ_MODERN","iscorrect":0},{"id":"24369","description":"SJTTM","iscorrect":0}]},{"id":"6395","description":"منظور از Rotation Lock چیست؟","answers":[{"id":"24371","description":"قفل چرخش صفحه","iscorrect":1},{"id":"24372","description":"رمزگشایی از سیستم","iscorrect":0},{"id":"24373","description":"رمزنگاری سیستم","iscorrect":0},{"id":"24374","description":"عبور از فایروال","iscorrect":0}]},{"id":"6396","description":"وظیفه زبانه‌ی Privacy در پنل Settings ...","answers":[{"id":"24375","description":"مدیریت بخش‌های محرمانه سیستم است","iscorrect":1},{"id":"24376","description":"پاک کردن درایوهای انتخابی است","iscorrect":0},{"id":"24377","description":"پاک کردن درایوهای انتخابی است","iscorrect":0},{"id":"24378","description":"اسکن کردن و ویروس‌یابی سیستم است","iscorrect":0}]}]}]},{"name":"درس چهارم- حساب‌های کاربری","id":"892","contentorder":"7","lesson_number":4,"type":0,"filename":"lesson892.html"},{"name":"درس پنجم- مدیریت تنظیمات سیستم (۱)","id":"893","contentorder":"8","lesson_number":5,"type":0,"filename":"lesson893.html"},{"name":"درس ششم- مدیریت تنظیمات سیستم (۲)","id":"894","contentorder":"9","lesson_number":6,"type":0,"filename":"lesson894.html"},{"name":"مدیریت تنظیمات سیستم","id":"1494","contentorder":"10","type":1,"set":[{"score":"60","questions":[{"id":"6397","description":"منظور از Windows Accessories چیست؟","answers":[{"id":"24379","description":"امنیت ویندوز","iscorrect":0},{"id":"24380","description":"لوازم جانبی ویندوز","iscorrect":1},{"id":"24381","description":"دیواره آتشین","iscorrect":0},{"id":"24382","description":"اکسس (دسترسی) به ویندوز","iscorrect":0}]},{"id":"6398","description":"کدام‌یک از ابزارهای زیر، ابزار عکس‌برداری از صفحه نمایش است؟","answers":[{"id":"24383","description":"Camera tool","iscorrect":0},{"id":"24384","description":"Windows camera tool","iscorrect":0},{"id":"24385","description":"Snipping Tool","iscorrect":1},{"id":"24386","description":"Camera capturing tool","iscorrect":0}]},{"id":"6399","description":"منظور از Personalization چیست؟","answers":[{"id":"24387","description":"عمومی‌سازی","iscorrect":0},{"id":"24388","description":"شخصی‌سازی","iscorrect":1},{"id":"24389","description":"رمزنگاری","iscorrect":0},{"id":"24390","description":"رمزگشایی","iscorrect":0}]},{"id":"6400","description":"در صفحه‌ی Ease of Access در بخش Settings کدام‌یک از گزینه‌های زیر وجود ندارد؟","answers":[{"id":"24391","description":"Narrator (راوی)","iscorrect":0},{"id":"24392","description":"Magnifier (ذره‌بین)","iscorrect":0},{"id":"24393","description":"High contrast (تباین بالا)","iscorrect":0},{"id":"24394","description":"Desktop Connection (اتصال به دسکتاپ از راه دور)","iscorrect":1}]},{"id":"6401","description":"منظور از VPN چیست؟","answers":[{"id":"24395","description":"شبکه خصوصی مجازی","iscorrect":1},{"id":"24396","description":"رمزنگاری از ویندوز","iscorrect":0},{"id":"24397","description":"رمزگشایی از ویندوز","iscorrect":0},{"id":"24398","description":"فیلترشکن","iscorrect":0}]},{"id":"6402","description":"کدام‌یک از گزینه‌های زیر در بخش Network & Internet وجود ندارد؟","answers":[{"id":"24400","description":"وای فای (Wi-Fi)","iscorrect":0},{"id":"24401","description":"سلولار (Cellular)","iscorrect":0},{"id":"24402","description":"پینت (Paint)","iscorrect":1},{"id":"24403","description":"اترنت (Ethernet)","iscorrect":0}]}]},{"score":"60","questions":[{"id":"6403","description":"لوازم جانبی ویندوز کدام گزینه زیر است؟","answers":[{"id":"24404","description":"Windows Access","iscorrect":0},{"id":"24405","description":"Windows next to the device","iscorrect":0},{"id":"24406","description":"Windows devices","iscorrect":0},{"id":"24407","description":"Windows Accessories","iscorrect":1}]},{"id":"6404","description":"منظور از کاغذ یادداشت چسبان چیست؟","answers":[{"id":"24408","description":"Sticky Notes","iscorrect":1},{"id":"24409","description":"Voice recorders","iscorrect":0},{"id":"24410","description":"Video recorders","iscorrect":0},{"id":"24411","description":"Sound recorders","iscorrect":0}]},{"id":"6405","description":"منظور ازاتصال به دسکتاپ از راه دور در کدام گزینه زیر ذکر شده؟","answers":[{"id":"24412","description":"Snipping tool","iscorrect":0},{"id":"24413","description":"Desktop Connection","iscorrect":1},{"id":"24414","description":"so far connection","iscorrect":0},{"id":"24415","description":"Near to the desktop","iscorrect":0}]},{"id":"6406","description":"منظور از Narrator چیست؟","answers":[{"id":"24416","description":"متن و کنترل‌های روی صفحه نمایش را می‌خواند.","iscorrect":1},{"id":"24417","description":"بر روی بخش کوچکی از صفحه نمایشِ کامپیوتر زوم می‌کند و آن بخش را بسیار بزرگ‌تر نشان می‌دهد.","iscorrect":0},{"id":"24418","description":"برای کاربرانی است که به جای خواندن متون رنگی با متون سیاه و سفید راحت‌تر هستند.","iscorrect":0},{"id":"24419","description":"گزینه‌هایی برای تنظیمات صفحه کلیدی مجازی، کلیدهای چسبان (Sticky Key) و غیره در اختیار شما می‌گذارد.","iscorrect":0}]},{"id":"6407","description":"منظور از Magnifier چیست؟","answers":[{"id":"24420","description":"متن و کنترل‌های روی صفحه نمایش را می‌خواند.","iscorrect":0},{"id":"24421","description":"بر روی بخش کوچکی از صفحه نمایشِ کامپیوتر زوم می‌کند و آن بخش را بسیار بزرگ‌تر نشان می‌دهد.","iscorrect":1},{"id":"24422","description":"برای کاربرانی است که به جای خواندن متون رنگی با متون سیاه و سفید راحت‌تر هستند.","iscorrect":0},{"id":"24423","description":"گزینه‌هایی برای تنظیمات صفحه کلیدی مجازی، کلیدهای چسبان (Sticky Key) و غیره در اختیار شما می‌گذارد.","iscorrect":0}]},{"id":"6408","description":"منظور از High Contrast چیست؟","answers":[{"id":"24424","description":"متن و کنترل‌های روی صفحه نمایش را می‌خواند.","iscorrect":0},{"id":"24425","description":"بر روی بخش کوچکی از صفحه نمایشِ کامپیوترتان زوم می‌کند و آن بخش را بسیار بزرگتر نشان می‌دهد.","iscorrect":0},{"id":"24426","description":"این گزینه برای کاربرانی است که به جای خواندن متون رنگی با متون سیاه و سفید راحت‌تر هستند.","iscorrect":1},{"id":"24427","description":"گزینه‌هایی برای تنظیمات صفحه کلیدی مجازی، کلیدهای چسبان (Sticky Key) و غیره در اختیار شما می‌گذارد.","iscorrect":0}]}]}]},{"name":"درس هفتم- دستیار صوتی کورتانا","id":"895","contentorder":"11","lesson_number":7,"type":0,"filename":"lesson895.html"},{"name":"درس هشتم- تنظیمات نمایشی","id":"896","contentorder":"12","lesson_number":8,"type":0,"filename":"lesson896.html"},{"name":"تنظیمات نمایشی","id":"1496","contentorder":"13","type":1,"set":[{"score":"60","questions":[{"id":"6409","description":"کارکرد گزینه Adjust display settings چیست؟","answers":[{"id":"24428","description":"تغییر تنظیمات صفحه نمایش","iscorrect":1},{"id":"24429","description":"ایجاد یک رمز عبور","iscorrect":0},{"id":"24430","description":"اسکن کردن","iscorrect":0},{"id":"24431","description":"ری‌استارت کردن کامپیوتر","iscorrect":0}]},{"id":"6410","description":"کدام‌یک از گزینه‌های زیر وضوح تصویر را در بخش تنظیمات نمایشی ویندوز تنظیم می‌کند؟","answers":[{"id":"24432","description":"Mac cleaner","iscorrect":0},{"id":"24433","description":"Resolution","iscorrect":1},{"id":"24434","description":"Resolved","iscorrect":0},{"id":"24435","description":"Revolution","iscorrect":0}]},{"id":"6411","description":"اگر بر روی یک تصویر راست کلیک کرده و گزینه Set as background را انتخاب کنیم:","answers":[{"id":"24436","description":"تصویر به اندازه دلخواه کوچک می‌شود.","iscorrect":0},{"id":"24437","description":"تصویر به اندازه دلخواه بزرگ می‌شود.","iscorrect":0},{"id":"24438","description":"تصویر به عنوان تصویر پس زمینه (در دسکتاپ) انتخاب می‌شود.","iscorrect":1},{"id":"24439","description":"تصویر حذف می‌شود.","iscorrect":0}]}]},{"score":"60","questions":[{"id":"6412","description":"گزینه Picture position ...","answers":[{"id":"24440","description":"موقعیت تصویر را تنظیم می‌کند.","iscorrect":1},{"id":"24441","description":"تصویر را به اندازه دلخواه بزرگ می‌کند.","iscorrect":0},{"id":"24442","description":"تصویر را به اندازه دلخواه کوچک می‌کند.","iscorrect":0},{"id":"24443","description":"تصویر را حذف می‌کند.","iscorrect":0}]},{"id":"6413","description":"منظور از گزینه Go to high contrast color settings چیست؟","answers":[{"id":"24444","description":"رفتن به تنظیمات رنگ با تباین پایین","iscorrect":0},{"id":"24445","description":"رفتن به تنظیمات رنگ با تباین بالا","iscorrect":1},{"id":"24446","description":"رفتن به تنظیمات تصویر با تباین پایین","iscorrect":0},{"id":"24447","description":"رفتن به تنظیمات تصویر با تباین بالا","iscorrect":0}]},{"id":"6414","description":"کارکرد گزینه Adjust display settings چیست؟","answers":[{"id":"24448","description":"تغییر تنظیمات صفحه نمایش","iscorrect":1},{"id":"24449","description":"ایجاد یک رمز عبور","iscorrect":0},{"id":"24450","description":"اسکن کردن","iscorrect":0},{"id":"24451","description":"ری‌استارت کردن کامپیوتر","iscorrect":0}]}]}]},{"name":"درس نهم- تنظیمات امنیتی","id":"897","contentorder":"14","lesson_number":9,"type":0,"filename":"lesson897.html"},{"name":"تنظیمات امنیتی","id":"1498","contentorder":"15","type":1,"set":[{"score":"60","questions":[{"id":"6415","description":"از کدام‌یک از کلیدهای ترکیبی زیر برای تغییر رمز عبور (Password) استفاده می‌شود؟","answers":[{"id":"24452","description":"Ctrl+Alt+Delete","iscorrect":1},{"id":"24453","description":"Ctrl+Alt+R","iscorrect":0},{"id":"24454","description":"Ctrl+R+Delete","iscorrect":0},{"id":"24455","description":"R+Alt+Delete","iscorrect":0}]},{"id":"6416","description":"منظور از حالت Disk Write Protection چیست؟","answers":[{"id":"24456","description":"این حالت برای این است که پس‌زمینه دسکتاب به صورت خودکار تغییر کند.","iscorrect":0},{"id":"24457","description":"این حالت یکی از روش‌های محافظت از اطلاعات سیستم است. با فعال کردن این حالت دیسک به صورت فقط خواندن در می‌آید.","iscorrect":1},{"id":"24458","description":"این حالت برای ویروس‌یابی به کار می‌رود.","iscorrect":0},{"id":"24459","description":"این حالت برای دیفرگ کردن به کار می‌رود.","iscorrect":0}]},{"id":"6417","description":"برای قفل کردن کامپیوتر پس از فشار دادن کلیدهای ترکیبی Ctrl+Alt+Del کدام‌یک از گزینه‌های زیر را انتخاب می‌کنیم؟","answers":[{"id":"24462","description":"Sign in","iscorrect":0},{"id":"24461","description":"Sign up","iscorrect":0},{"id":"24463","description":"Lock","iscorrect":1},{"id":"24464","description":"Change Password","iscorrect":0}]}]},{"score":"60","questions":[{"id":"6447","description":"وظیفه گزینه Fingerprint چیست؟","answers":[{"id":"24545","description":"برای افزودن یا حذف اسکن اثرانگشت برای حساب کاربری به کار می‌رود.","iscorrect":1},{"id":"24546","description":"برای ری‌استارت کردن کامپیوتر به کار می‌رود.","iscorrect":0},{"id":"24547","description":"برای جابجا کردن دسکتاپ‌ها به کار می‌رود.","iscorrect":0},{"id":"24548","description":"برای تغییر کلیدهای صفحه کلید به کار می‌رود.","iscorrect":0}]},{"id":"6448","description":"به منظور حذف اثرانگشت، در قسمت Sign-in options بر روی دکمه ... در زیر Fingerprint باید کلیک کرد.","answers":[{"id":"24549","description":"Open","iscorrect":0},{"id":"24550","description":"Close","iscorrect":1},{"id":"24551","description":"Delete","iscorrect":0},{"id":"24552","description":"Delete fingerprint","iscorrect":0}]},{"id":"6449","description":"از کدام‌یک از کلیدهای ترکیبی زیر برای تغییر رمز عبور (Password) استفاده می‌شود؟","answers":[{"id":"24553","description":"Ctrl+Alt+Delete","iscorrect":1},{"id":"24554","description":"Ctrl+Alt+R","iscorrect":0},{"id":"24555","description":"Ctrl+R+Delete","iscorrect":0},{"id":"24556","description":"R+Alt+Delete","iscorrect":0}]}]}]},{"name":"درس دهم- پشتیبان‌گیری و بازیابی اطلاعات","id":"898","contentorder":"16","lesson_number":10,"type":0,"filename":"lesson898.html"},{"name":"درس یازدهم- بازگردانی سیستم (System Restore)","id":"899","contentorder":"17","lesson_number":11,"type":0,"filename":"lesson899.html"},{"name":"آزمون نهایی ویندوز ۱۰","id":"1499","contentorder":"18","type":1,"set":[{"score":"50","questions":[{"id":"6418","description":"برای نصب ویندوز ۱۰ باید حداقل یک حافظه داخلی (HDD) ‌...‌...‌...‌...‌... گیگا بایتی داشت.","answers":[{"id":"24465","description":"۸","iscorrect":0},{"id":"24466","description":"۱۶","iscorrect":1},{"id":"24467","description":"۳۲","iscorrect":0},{"id":"24468","description":"۶۴","iscorrect":0}]},{"id":"6419","description":"از نرم‌افزار ‌...‌...‌...‌...‌...‌... برای نصب ویندوز ۱۰ استفاده می‌شود.","answers":[{"id":"24469","description":"Nero","iscorrect":0},{"id":"24470","description":"Clone CD","iscorrect":0},{"id":"24471","description":"Media Creation Tool","iscorrect":1},{"id":"24472","description":"Mac Keeper","iscorrect":0}]},{"id":"6420","description":"به کمک آیکون Task View که در نوار وظیفه قرار دارد می‌توان:","answers":[{"id":"24473","description":"نمایش رزولوشن را تغییر داد.","iscorrect":0},{"id":"24474","description":"چندین دسکتاپ مختلف را به سیستم اضافه کرد.","iscorrect":1},{"id":"24475","description":"ویندوز را ری‌استارت کرد.","iscorrect":0},{"id":"24476","description":"کامپیوتر را خاموش کرد.","iscorrect":0}]},{"id":"6421","description":"منظور از Top Free Apps در فروشگاه ویندوز چیست؟","answers":[{"id":"24477","description":"برترین برنامه‌های کاربردی رایگان","iscorrect":1},{"id":"24478","description":"برترین برنامه‌های کاربردی پولی","iscorrect":0},{"id":"24479","description":"برنامه‌های کاربردی با بالاترین امتیاز","iscorrect":0},{"id":"24480","description":"پرفروش‌ترین برنامه‌های کاربردی","iscorrect":0}]},{"id":"6422","description":"برنامه‌های کاربردی ‌...‌...‌...‌...‌... اپلیکیشن‌های مخصوص صفحات لمسی (تلبت‌ها و تلفن‌های هوشمند) هستند که برای رابط برنامه‌نویسی نسخه WinRT مایکروسافت نوشته می‌شوند.","answers":[{"id":"24481","description":"Nero","iscorrect":0},{"id":"24482","description":"Dreamweaver","iscorrect":0},{"id":"24483","description":"Metro","iscorrect":1},{"id":"24484","description":"HTML","iscorrect":0}]},{"id":"6423","description":"وظیفه زبانه Privacy در پنل Settings:","answers":[{"id":"24485","description":"مدیریت بخش‌های محرمانه سیستم است.","iscorrect":1},{"id":"24486","description":"پاک کردن درایوهای انتخابی است.","iscorrect":0},{"id":"24487","description":"ری‌استارت کردن کامپیوتر است.","iscorrect":0},{"id":"24488","description":"اسکن کردن و ویروس‌یابی سیستم است.","iscorrect":0}]},{"id":"6424","description":"منظور از Windows Accessories چیست؟","answers":[{"id":"24489","description":"امنیت ویندوز","iscorrect":0},{"id":"24490","description":"لوازم جانبی ویندوز","iscorrect":1},{"id":"24491","description":"دیواره آتشین","iscorrect":0},{"id":"24492","description":"اکسس (دسترسی) به ویندوز","iscorrect":0}]},{"id":"6425","description":"منظور از Narrator چیست؟","answers":[{"id":"24493","description":"متن و کنترل‌های روی صفحه نمایش را برایتان می‌خواند.","iscorrect":1},{"id":"24494","description":"بر روی بخش کوچکی از صفحه نمایشِ کامپیوترتان زوم می‌کند و آن بخش را بسیار بزرگتر نشان می‌دهد.","iscorrect":0},{"id":"24495","description":"برای کاربرانی است که به جای خواندن متون رنگی با متون سیاه و سفید راحت‌تر هستند.","iscorrect":0},{"id":"24496","description":"گزینه‌هایی برای تنظیمات صفحه کلیدی مجازی، کلیدهای چسبان Sticky Key و غیره در اختیار شما می‌گذارد.","iscorrect":0}]},{"id":"6428","description":" کدامیک از گزینه‌های زیر وضوح تصویر را در بخش تنظیمات نمایشی ویندوز تنظیم می‌کند؟","answers":[{"id":"24497","description":"Mac Cleaner","iscorrect":0},{"id":"24498","description":"Resolution","iscorrect":1},{"id":"24499","description":"Resolved","iscorrect":0},{"id":"24500","description":"Revolution","iscorrect":0}]},{"id":"6429","description":"کارکرد گزینه Adjust display settings چیست؟","answers":[{"id":"24501","description":"تغییر تنظیمات صفحه نمایش","iscorrect":1},{"id":"24502","description":"ایجاد یک رمز عبور","iscorrect":0},{"id":"24503","description":"اسکن کردن","iscorrect":0},{"id":"24504","description":"ری‌استارت کردن کامپیوتر","iscorrect":0}]}]},{"score":"50","questions":[{"id":"6430","description":"اگر بر روی یک تصویر راست کلیک کرده و گزینه Set as background را انتخاب کنیم:","answers":[{"id":"24505","description":"تصویر به اندازه دلخواه کوچک می‌شود.","iscorrect":0},{"id":"24506","description":"تصویر به اندازه دلخواه بزرگ می‌شود.","iscorrect":0},{"id":"24507","description":"تصویر به عنوان تصویر پس زمینه (در دسکتاپ) انتخاب می‌شود.","iscorrect":1},{"id":"24508","description":"تصویر حذف می‌شود.","iscorrect":0}]},{"id":"6431","description":"گزینه Picture position:","answers":[{"id":"24509","description":"موقعیت تصویر را تنظیم می‌کند.","iscorrect":1},{"id":"24510","description":"تصویر را به اندازه دلخواه بزرگ می‌کند.","iscorrect":0},{"id":"24511","description":"تصویر را حذف می‌کند.","iscorrect":0},{"id":"24512","description":"تصویر را به اندازه دلخواه کوچک می‌کند.","iscorrect":0}]},{"id":"6432","description":"منظور از گزینه Go to high contrast color settings چیست؟","answers":[{"id":"24513","description":"رفتن به تنظیمات رنگ با تباین پایین","iscorrect":0},{"id":"24514","description":"رفتن به تنظیمات رنگ با تباین بالا","iscorrect":1},{"id":"24515","description":"رفتن به تنظیمات تصویر با تباین پایین","iscorrect":0},{"id":"24516","description":"رفتن به تنظیمات تصویر با تباین بالا","iscorrect":0}]},{"id":"6433","description":"نسخه نهایی ویندوز با کدامیک از اسامی رمز زیر رونمایی شد؟","answers":[{"id":"24517","description":"پایان Finish","iscorrect":0},{"id":"24518","description":"پایان ویندوز Finish Windows","iscorrect":0},{"id":"24519","description":"آستانه یا سرآغاز (Threshold)","iscorrect":1},{"id":"24520","description":"ویندوز حرفه‌ای Professional Windows","iscorrect":0}]},{"id":"6434","description":"کدامیک از پوشه‌های زیر در کاوشگر فایل وجود ندارد؟","answers":[{"id":"24521","description":"Videos (ویدئوها)","iscorrect":0},{"id":"24522","description":"Desktop (دسکتاپ)","iscorrect":0},{"id":"24523","description":"Downloads (دانلودها)","iscorrect":0},{"id":"24524","description":"Viruses (ویروس‌ها)","iscorrect":1}]},{"id":"6435","description":"از نرم‌افزار ‌...‌...‌...‌...‌...‌... برای نصب ویندوز ۱۰ استفاده می‌شود.","answers":[{"id":"24525","description":"Nero","iscorrect":0},{"id":"24526","description":"Clone CD","iscorrect":0},{"id":"24527","description":"Media Creation Tool","iscorrect":1},{"id":"24528","description":"Mac Keeper","iscorrect":0}]},{"id":"6436","description":"وظیفه زبانه Privacy در پنل Settings:","answers":[{"id":"24529","description":"مدیریت بخش‌های محرمانه سیستم است.","iscorrect":1},{"id":"24530","description":"پاک کردن درایوهای انتخابی است.","iscorrect":0},{"id":"24531","description":"ری‌استارت کردن کامپیوتر است.","iscorrect":0},{"id":"24532","description":"اسکن کردن و ویروس‌یابی سیستم است.","iscorrect":0}]},{"id":"6437","description":"برای نصب ویندوز ۱۰ باید حداقل یک حافظه داخلی (HDD) ‌...‌...‌...‌...‌... گیگا بایتی داشت.","answers":[{"id":"24533","description":"۸","iscorrect":0},{"id":"24534","description":"۱۶","iscorrect":1},{"id":"24535","description":"۳۲","iscorrect":0},{"id":"24536","description":"۶۴","iscorrect":0}]},{"id":"6438","description":"به کمک آیکون Task View که در نوار وظیفه قرار دارد می‌توان:","answers":[{"id":"24537","description":"نمایش رزولوشن را تغییر داد.","iscorrect":1},{"id":"24538","description":"چندین دسکتاپ مختلف را به سیستم اضافه کرد.","iscorrect":0},{"id":"24539","description":"ویندوز را ری‌استارت کرد.","iscorrect":0},{"id":"24540","description":"کامپیوتر را خاموش کرد.","iscorrect":0}]},{"id":"6439","description":"کدام‌یک از گزینه‌های زیر وضوح تصویر را در بخش تنظیمات نمایشی ویندوز تنظیم می‌کند؟","answers":[{"id":"24541","description":"Mac Cleaner","iscorrect":0},{"id":"24542","description":"Resolution","iscorrect":1},{"id":"24543","description":"Resolved","iscorrect":0},{"id":"24544","description":"Revolution","iscorrect":0}]}]}]}]}