{"courseId":"10","contents":[{"name":"درس اول- نوشتن برای وبلاگ","id":"26","contentorder":"1","lesson_number":1,"type":0,"filename":"lesson26.html"},{"name":"نوشتن برای وبلاگ","id":"35","contentorder":"2","type":1,"set":[{"score":"60","questions":[{"id":"59","description":"یک پست وبلاگی خوب این گونه است","answers":[{"id":"135","description":"به صورت خلاصه و کوتاه نوشته شده و سریع و سر راست اطلاعات لازم را در اختیار خواننده می گذارد","iscorrect":1},{"id":"136","description":"به طور مفصل، علمی و قابل اعتماد به موضوع می پردازد و تمامی زوایا را مورد بررسی قرار می دهد","iscorrect":0},{"id":"137","description":"به صورت تیتر وار مطلب را در اختیار خواننده می گذارد تا او در صورت علاقه با دنبال کردن سرنخها به نتیجه برسد","iscorrect":0},{"id":"138","description":"یک کپی ویرایش شده از مطالب وبلاگهای پربیننده","iscorrect":0}]},{"id":"60","description":"کدامیک راه مناسبی برای مشخص کردن موضوع وبلاگ نیست","answers":[{"id":"139","description":"انتخاب یک اسم با حال و هوای موضوع","iscorrect":0},{"id":"140","description":"استفاده از قالب خاص","iscorrect":0},{"id":"141","description":"استفاده از پنجره های پاپ آپ برای معرفی وبلاگ","iscorrect":1},{"id":"142","description":"توضیحات بخش درباره ما و عکس های پست ها","iscorrect":0}]},{"id":"61","description":"یکی از شیوه های مرسوم طبقه بندی مطالب در وبلاگ ها؟","answers":[{"id":"143","description":"طبقه بندی علمی","iscorrect":0},{"id":"144","description":"طبقه بندی الفبایی","iscorrect":0},{"id":"145","description":"طبقه بندی درختی","iscorrect":0},{"id":"146","description":"برچسب زنی","iscorrect":1}]}]},{"score":"60","questions":[{"id":"130","description":"یک پاراگراف فارسی مناسب در وبلاگ چه شرایطی باید داشته باشد","answers":[{"id":"393","description":"فونت درشت برای تاکید روی متن، وسط چین شده برای زیبایی وبلاگ، استفاده از شکلک ها و علامت های سوال و تعجب برای تاکید بیشتر بر اهمیت مطلب","iscorrect":0},{"id":"394","description":"فونت ریز برای کم شدن فضای مورد استفاده و حجم وبلاگ، استفاده از رنگ های متفاوت برای مشخص کردن بخش های مختلف و مهم متن","iscorrect":0},{"id":"395","description":"فونت معولی، راست چین، جملات کوتاه، استفاده از علائم نگارشی","iscorrect":1},{"id":"396","description":"قرار دادن همه بخش های مرتبط به هم در یک پاراگراف برای اینکه رشته کلام از دست خواننده در نرود. البته طول جملات و راست چین یا وسط چین بودن متن باید در خدمت انتقال پیام باشد و مورد استفاده قرار گیرد.","iscorrect":0}]},{"id":"131","description":"شیوه نگارش هرم وارونه چگونه است","answers":[{"id":"397","description":"مهمترین نکات در ابتدا آورده می شود و هر چه پایین تر می رویم، اهمیت مطالب کم می شود","iscorrect":1},{"id":"398","description":"مهمترین نکات در انتها آورده می شود و هر چه پایین تر می رویم اهمیت مطالب زیاد می شود","iscorrect":0},{"id":"399","description":"نکات مهم را به صورت معنی داری در همه مطلب توضیع می کنیم","iscorrect":0},{"id":"400","description":"نکات مهم را به صورت تصادفی در همه مطلب استفاده می کنیم","iscorrect":0}]},{"id":"132","description":"می خواهیم به صفحه مربوط به آی فون در سایت اپل لینک بدهیم، کدام یک لینک صحیح و مناسب تری است (بخش های درون گیومه نشان دهنده لینک هستند)","answers":[{"id":"401","description":"«اینجا» را کلیک کنید تا برای اطلاعات بیشتر به سایت اپل منتقل شوید","iscorrect":0},{"id":"402","description":"در «صفحه ویژه آی فون سایت اپل» می توانید اطلاعات کاملی را بیابید","iscorrect":1},{"id":"403","description":"برای اطلاعات بیشتر «اینجا را کلیک کنید»","iscorrect":0},{"id":"404","description":"«اطلاعات تکمیلی»","iscorrect":0}]}]}]},{"name":"درس دوم - امنیت در وبلاگ نویسی","id":"24","contentorder":"3","lesson_number":2,"type":0,"filename":"lesson24.html"},{"name":"امنیت در وبلاگ نویسی","id":"36","contentorder":"4","type":1,"set":[{"score":"60","questions":[{"id":"62","description":"رمز عبور مناسب","answers":[{"id":"147","description":"اسامی برخی از دوستان یا اعضای خانواده","iscorrect":0},{"id":"148","description":"عبارت طولانی و بی معنی که شامل نشانه ها، اعداد و حروف بزرگ و کوچک باشد","iscorrect":1},{"id":"149","description":"رشته ای از اعداد که ترتیب مشخصی دارند و یا اشاره به موارد مشخصی مانند سال تولد، فارغ التحصیلی و مانند آن داشته باشد","iscorrect":0},{"id":"150","description":"شماره پلاک وسیله نقلیه که از ترکیبی از حروف و اعداد تشکیل شده که به خاطر سپردش هم مشکل است","iscorrect":0},{"id":"151","description":"شماره کارت اعتباری بانکی که معمولا از ۱۶ رقم تصادفی تشکیل شده است","iscorrect":0}]},{"id":"63","description":"کدام یک نرم افزار مدیریت پسورد است؟","answers":[{"id":"152","description":"keepass","iscorrect":1},{"id":"153","description":"filezilla","iscorrect":0},{"id":"154","description":"comodo","iscorrect":0},{"id":"155","description":"spybot","iscorrect":0}]},{"id":"64","description":"هنگام آپدیت وبلاگ در مسافرت چه کاری نباید انجام گیرد؟","answers":[{"id":"156","description":"استفاده از آنتی ویروس و فایرفاکس پرتابل","iscorrect":0},{"id":"157","description":"استفاده از ایمیل برای انتشار مطلب در وبلاگ","iscorrect":0},{"id":"158","description":"استفاده از کامپیوتر و اینترنت مکان های عمومی","iscorrect":1},{"id":"159","description":"استفاده از اکانت وی پی ان و سی دی لایو لینوکس","iscorrect":0}]}]},{"score":"60","questions":[{"id":"133","description":"به نظر شما کدام یک از این مرورگرها ناامن تر هستند","answers":[{"id":"405","description":"firefox 3.6.4","iscorrect":0},{"id":"406","description":"chrome5.0.3","iscorrect":0},{"id":"407","description":"internet explorer 6.0.2","iscorrect":1},{"id":"408","description":"flock 2.5.6","iscorrect":0}]},{"id":"134","description":"برای حفظ امنیت در ساخت و استفاده از وبلاگ، رعایت کدام موارد ضروری است؟","answers":[{"id":"409","description":"عدم استفاده از سرویس های وبلاگ نویسی خارجی","iscorrect":0},{"id":"410","description":"عدم استفاده از ایمیلی که وبلاگ را با آن ثبت شده در کارهای عادی","iscorrect":1},{"id":"411","description":"مطالعه دقیق و بررسی کامل محتویات و لینک های تمامی ایمیل هایی که از جاهای مختلف برای ایمیل ثبت کننده وبلاگ ارسال می شوند، جهت امنیت بیشتر","iscorrect":0},{"id":"412","description":"استفاده از ایمیل ایرانی (مانند پارسی میل) برای تماس مطمئن با کاربران و سرویس دهندگان وبلاگ","iscorrect":0}]},{"id":"135","description":"کدامیک از کاربردهای TOR است","answers":[{"id":"413","description":"تغییر آدرس وب سایت برای دور زدن فیلترینگ","iscorrect":0},{"id":"414","description":"کنترل ترافیک خروجی کامپیوتر","iscorrect":0},{"id":"415","description":"تغییر ip و غیر قابل تعقیب ساختن ارتباط","iscorrect":1},{"id":"416","description":"کنترل فایل ها و برنامه ها و جلوگیری از نفوذ ویروس","iscorrect":0}]}]}]},{"name":"درس سوم- تصویر، صوت و ویدیو در وبلاگ","id":"28","contentorder":"5","lesson_number":3,"type":0,"filename":"lesson28.html"},{"name":"تصویر، صوت و ویدیو در وبلاگ","id":"37","contentorder":"6","type":1,"set":[{"score":"60","questions":[{"id":"65","description":"کدام لیبل عکس جستجوی پیشترفته گوگل را می توان برای کارهای تجاری ویرایش کرد و بخش های مورد نیاز را جدا کرد؟","answers":[{"id":"160","description":"Labeled for reuse","iscorrect":0},{"id":"161","description":"Label for Commercial reuse with modification","iscorrect":1},{"id":"162","description":"Labeled for reuse with modification","iscorrect":0},{"id":"163","description":"Lapeled for use with modification authorize","iscorrect":0}]},{"id":"66","description":"من به دنبال یک عکس مناسب برای پست امروز وبلاگ ام با موضوع ساختمان و معماری می گردم، کدام را پیشنهاد می‌کنید؟","answers":[{"id":"164","description":"یک عکس با کیفیت خوب و حجم ۱۱۴۰ کیلوبایت که در اردو از مزرعه روستایی کرفتم","iscorrect":0},{"id":"165","description":"عکسی با کیفیت خوب و حجم ۸۶ کیلو بایت که ۱۳۳۰ پیکسل عرض دارد. گوگل هم عجب عکس هایی دارد","iscorrect":0},{"id":"166","description":"عکسی قدیمی که دانه دانه است و تقریبا ۶۵۰ کیلوبایت حجم دارد، اما این عکس متعلق به سربازخانه زیبای دوران خدمت بابابزرگ ام است!","iscorrect":0},{"id":"167","description":"عکس یک خانه زیبا با حجم ۹۳ کیلوبایت که از عکس های کتاب معماری پسرعموی ام اسکن کردم","iscorrect":0},{"id":"168","description":"یک عکس ۶۲ کیلوبایتی با عرض ۲۰۰ پیکسل که عید سال گذشته از کلیسایی در محله جلفای اصفهان گرفته ام","iscorrect":1}]},{"id":"67","description":"مناسب ترین فرمت عکس برای استفاده در وبلاگ","answers":[{"id":"169","description":"BMP","iscorrect":0},{"id":"170","description":"PSD","iscorrect":0},{"id":"171","description":"JPEG","iscorrect":1},{"id":"172","description":"TIFF","iscorrect":0}]}]},{"score":"60","questions":[{"id":"136","description":"کدام سایت را برای آپلود عکس های وبلاگ پیشنهاد می کنید","answers":[{"id":"417","description":"Flickr","iscorrect":1},{"id":"418","description":"Yahoo","iscorrect":0},{"id":"419","description":"Youtube","iscorrect":0},{"id":"420","description":"Vidler","iscorrect":0}]},{"id":"137","description":"کدام یک از شیوه های ارائه محتوا، مناسب استفاده در وبلاگ نیست","answers":[{"id":"421","description":"تصویر","iscorrect":0},{"id":"422","description":"صدا","iscorrect":0},{"id":"423","description":"ویدیو","iscorrect":0},{"id":"424","description":"طرح های سه بعدی","iscorrect":1}]},{"id":"138","description":"مناسب ترین فرمت عکس برای استفاده در وبلاگ کدام یک است","answers":[{"id":"425","description":"BMP","iscorrect":0},{"id":"426","description":"PSD","iscorrect":0},{"id":"427","description":"Jpeg","iscorrect":1},{"id":"428","description":"tiff","iscorrect":0}]}]}]},{"name":"درس چهارم- قالب وبلاگ","id":"22","contentorder":"7","lesson_number":4,"type":0,"filename":"lesson22.html"},{"name":"قالب وبلاگ","id":"38","contentorder":"8","type":1,"set":[{"score":"60","questions":[{"id":"68","description":"کدام یک از کارکردهای قالب نیست","answers":[{"id":"173","description":"نمایش مناسب محتوای سایت","iscorrect":0},{"id":"174","description":"زیبا و چشم نواز ارائه کردن مطالب","iscorrect":0},{"id":"175","description":"رضایت شخصی دارنده وبلاگ","iscorrect":0},{"id":"176","description":"افزایش رتبه سایت در موتورهای جستجو","iscorrect":0},{"id":"177","description":"هیچکدام","iscorrect":1}]},{"id":"69","description":"قرار دادن کدام مورد در فوتر کار معمولی محسوب نمی شود","answers":[{"id":"178","description":"کلمات کلیدی و برچسب ها","iscorrect":1},{"id":"179","description":"کپی رایت وبلاگ","iscorrect":0},{"id":"180","description":"لینک های مهم","iscorrect":0},{"id":"181","description":"مطالب پربیننده یا منتخب","iscorrect":0}]},{"id":"70","description":"هنگام انتخاب رنگ ها توجه به چه موردی اهمیت دارد","answers":[{"id":"182","description":"استفاده از چند رنگ متفاوت برای متن","iscorrect":0},{"id":"183","description":"تفاوت مشخص رنگ های زمینه و متن","iscorrect":1},{"id":"184","description":"استفاده زیبایی شناسانه و مناسب از رنگ ها برای متن و زمینه جهت زیبایی سایت","iscorrect":0},{"id":"185","description":"استفاده از رنگ های مکمل برای متن و زمینه","iscorrect":0}]}]},{"score":"60","questions":[{"id":"139","description":"فکر می کنید بهترین شیوه ارتباطی خواننده با صاحب وبلاگ کدامیک است","answers":[{"id":"429","description":"درج تلفن و آدرس پستی در وبلاگ","iscorrect":0},{"id":"430","description":"استفاده از فرم تماس","iscorrect":1},{"id":"431","description":"بخش نظرات وبلاگ","iscorrect":0},{"id":"432","description":"درج ایمیل اصلی در وبلاگ","iscorrect":0}]},{"id":"140","description":"سایتی پیدا کرده‌اید که کدهایی در اختیار شما قرار می‌دهد که به تکمیل قالب وبلاگتان کمک می‌کند. به نظرتان این کار از نظر امنیتی درست است","answers":[{"id":"433","description":"این کار هیچ خطری ندارد","iscorrect":0},{"id":"434","description":"اگر کدها حاوی ویروس نباشند این کار بلا مانع است","iscorrect":0},{"id":"435","description":"هیچ گاه نباید به سایت‌های ناشناس اعتماد کرد","iscorrect":1}]},{"id":"141","description":"بهترین شیوه پخش صدا و آهنگ در وبلاگ چیست","answers":[{"id":"436","description":"انتخاب پخش شدن یا نشدن آهنگ با بیننده باشد تا اگر دوست داشت به آن گوش دهد.","iscorrect":1},{"id":"437","description":"دائما در حال پخش باشد تا زیرصدای مناسبی را برای بیننده هنگام مطالعه وبلاگ تان فراهم آورد.","iscorrect":0},{"id":"438","description":"دائما در حال پخش باشد، البته بیننده وبلاگ این امکان را داشته باشد که آن را متوقف کند.","iscorrect":0},{"id":"439","description":"استفاده از صدا و موسیقی معمولا در وبلاگ بی فایده است و تنها باعث مصرف پهنای باند بیننده می شود.","iscorrect":0}]}]}]},{"name":"درس پنجم- کپی رایت و ذکر منبع در وبلاگ نویسی","id":"27","contentorder":"9","lesson_number":5,"type":0,"filename":"lesson27.html"},{"name":"کپی رایت و ذکر منبع در وبلاگ نویسی","id":"41","contentorder":"10","type":1,"set":[{"score":"60","questions":[{"id":"77","description":"وبلاگی یک مطلب انگلیسی را به فارسی ترجمه کرده است و منبع انگلیسی مطلب را هم ذکر کرده است. حالا شما می خواهید از این مطلب در وبلاگ تان استفاده کنید. روش صحیح ذکر منبع چگونه است؟","answers":[{"id":"212","description":"نیاز به ذکر منبع نیست","iscorrect":0},{"id":"213","description":"منبع انگلیسی را ذکر می کنم","iscorrect":0},{"id":"214","description":"منبع فارسی را ذکر می کنم","iscorrect":0},{"id":"215","description":"هر دو منبع انگلیسی و فارسی را ذکر می کنم","iscorrect":1}]},{"id":"78","description":"بهترین روش برای نقل مطلب دیگران در وبلاگ چیست؟","answers":[{"id":"216","description":"لینک دادن به مطلب اصلی","iscorrect":1},{"id":"217","description":"درج متن کامل آن مطلب در یک پست","iscorrect":0},{"id":"218","description":"درج متن کامل آن مطلب در یک پست همراه با ذکر منبع","iscorrect":0},{"id":"219","description":"درج بخشی از آن مطلب در یک پست همراه با ذکر منبع","iscorrect":0}]},{"id":"79","description":"شیوه صحیح ذکر منبع هنگام استفاده از مطالب دیگران در وبلاگ خودمان چیست؟","answers":[{"id":"220","description":"نوشتن نام سایت منبع در پایان پست","iscorrect":0},{"id":"221","description":"نوشتن نام سایت و عنوان منبع در پایان پست","iscorrect":0},{"id":"222","description":"درج نام سایت و عنوان منبع و لینک آن به آدرس اینترنتی مطلب اصلی منبع","iscorrect":1},{"id":"223","description":"درج آدرس اینترنتی مطلب اصلی منبع در پایان پست","iscorrect":0}]}]},{"score":"60","questions":[{"id":"148","description":"من برای جلوگیری از سرقت مطالب وبلاگ ام تمامی عکس ها را واتر مارک زده ام. نظر شما در این باره چیست","answers":[{"id":"464","description":"شما فقط می توانید عکس هایی را که حقوق آنها متعلق به شما است و یا آزاد هستند واتر مارک بزنید.","iscorrect":1},{"id":"465","description":"کار جالبی است، حداقل اثری از خود در مطلبی که سرقت می شود، باقی می گذارید","iscorrect":0},{"id":"466","description":"واتر مارک زدن عکس ها اصلا کار درستی نیست","iscorrect":0}]},{"id":"149","description":"بهترین روش برای نقل مطلب دیگران در وبلاگ چیست","answers":[{"id":"467","description":"درج متن کامل آن مطلب در یک پست","iscorrect":0},{"id":"468","description":"درج متن کامل آن مطلب در یک پست همراه با ذکر منبع","iscorrect":0},{"id":"469","description":"لینک دادن به مطلب اصلی","iscorrect":1},{"id":"470","description":"درج بخشی از آن مطلب در یک پست همراه با ذکر منبع","iscorrect":0}]},{"id":"150","description":"برای درج مطلب از وبلاگی که گفته «نقل مطالب تنها با اجازه قبلی مجاز است» چه باید کرد","answers":[{"id":"471","description":"در بخش نظرات همان مطلب به نویسنده اعلام می کنیم که قصد استفاده از آن را داریم و مطلب را در وبلاگ مان می گذاریم.","iscorrect":0},{"id":"472","description":"با ایمیل از وی درخواست استفاده از مطلب را می کنیم. در صورتی که اجازه داد، مطلب را با ذکر منبع منتشر کرده و به این نکته هم اشاره می کنیم که از صاحب مطلب اجازه گرفته ایم","iscorrect":1},{"id":"473","description":"اگر مطلب یا خبر داغی بود، آن را در وبلاگ مان می گذاریم و بعدا از صاحب آن با ایمیل اجازه می گیریم.","iscorrect":0}]}]}]},{"name":"درس ششم- ابزارهای جانبی وبلاگ نویسی","id":"25","contentorder":"11","lesson_number":6,"type":0,"filename":"lesson25.html"},{"name":"ابزارهای جانبی وبلاگ نویسی","id":"39","contentorder":"12","type":1,"set":[{"score":"60","questions":[{"id":"71","description":"بهترین راه برای راه اندازی فید وبلاگ چیست؟","answers":[{"id":"186","description":"استفاده از فید پیش فرض سرویس دهنده","iscorrect":0},{"id":"187","description":"استفاده از فید برنر","iscorrect":1},{"id":"188","description":"استفاده از گوگل ریدر","iscorrect":0},{"id":"189","description":"استفاده از ار اس اس گرافیتی","iscorrect":0}]},{"id":"72","description":"از تویتر فید برای انتشار مطلب در کدام شبکه اجتماعی نمی‌توان استفاده کرد؟","answers":[{"id":"190","description":"facebook","iscorrect":0},{"id":"191","description":"Friendfeed","iscorrect":0},{"id":"192","description":"myspace","iscorrect":1},{"id":"193","description":"Twitter","iscorrect":0}]},{"id":"73","description":"وب مستر تولز وردپرس با کدام یک از سایت های زیر همخوانی ندارد؟","answers":[{"id":"194","description":"google.com","iscorrect":0},{"id":"195","description":"bing.com","iscorrect":0},{"id":"196","description":"yahoo.com","iscorrect":0},{"id":"197","description":"ask.com","iscorrect":1}]}]},{"score":"60","questions":[{"id":"142","description":"با کدام یک از این سرویس ها می توان وبلاگ را به روز کرد","answers":[{"id":"440","description":"جی میل","iscorrect":1},{"id":"441","description":"فیس بوک","iscorrect":0},{"id":"442","description":"فرند فید","iscorrect":0},{"id":"443","description":"یاهو مسنجر","iscorrect":0}]},{"id":"143","description":"کدام یک سایت مناسبی برای مدیریت بوک مارک ها و ساخت لینکدونی در وبلاگ ها است","answers":[{"id":"444","description":"delicous","iscorrect":1},{"id":"445","description":"feedburner","iscorrect":0},{"id":"446","description":"blogger","iscorrect":0},{"id":"447","description":"linkedin","iscorrect":0}]},{"id":"144","description":"کدامیک از کاربردهای ویجت نیست","answers":[{"id":"448","description":"نمایش عکس های اکانت هایی مانند فلیکر و پیکاسا","iscorrect":0},{"id":"449","description":"نمایش لینک های یوتیوب","iscorrect":0},{"id":"450","description":"اضافه نمودن دکمه اسکایپ","iscorrect":0},{"id":"451","description":"تغییر قیافه وبلاگ","iscorrect":1}]}]}]},{"name":"درس هفتم- بهینه سازی وبلاگ برای موتورهای جستجو","id":"23","contentorder":"13","lesson_number":7,"type":0,"filename":"lesson23.html"},{"name":"بهینه سازی وبلاگ برای موتورهای جستجو","id":"40","contentorder":"14","type":1,"set":[{"score":"60","questions":[{"id":"74","description":"میزان عددی و اهمیت google PageRank چگونه است؟","answers":[{"id":"198","description":"۰ تا ۵ به ترتیب اهمیت","iscorrect":0},{"id":"199","description":"۵ تا ۰ به ترتیب اهمیت","iscorrect":0},{"id":"200","description":"۰ تا ۱۰ به ترتیب اهمیت","iscorrect":1},{"id":"201","description":"۱۰ تا ۰ به ترتیب اهمیت","iscorrect":0},{"id":"202","description":"۰ تا ۱۲ به ترتیب اهمیت","iscorrect":0},{"id":"203","description":"۱۲ تا ۰ به ترتیب اهمیت","iscorrect":0}]},{"id":"75","description":"الگوریتم ویژه ای که توسط گوگل و دیگر موتورهای جستجو برای تشخیص ارتباط منطقی میان کلمات یک سایت مورد استفاده قرار می گیرد؟","answers":[{"id":"204","description":"LSI","iscorrect":1},{"id":"205","description":"Alt Tag","iscorrect":0},{"id":"206","description":"SEO","iscorrect":0},{"id":"207","description":"Bot","iscorrect":0}]},{"id":"76","description":"مهمترین فاکتور در تعیین جایگاه یک سایت در موتورهای جستجو چیست؟","answers":[{"id":"208","description":"لینک های خارجی","iscorrect":0},{"id":"209","description":"محتوا","iscorrect":1},{"id":"210","description":"حوزه فعالیت","iscorrect":0},{"id":"211","description":"کلمات کلیدی","iscorrect":0}]}]},{"score":"60","questions":[{"id":"145","description":"کدام یک از وبلاگ های زیر رتبه بالاتری در لیست نتایج جستچوی گوگل خواهد داشت","answers":[{"id":"452","description":"وبلاگ شماره یک: در مورد خاطرات روزانه، شغل و علاقه مندی های اش می نویسد، به همه سایت هایی که دوست دارد و مطالبی از وبلاگ خودش که دوست شان دارد در باکس خاصی لینک داده است و هر وقت حوصله داشته باشد می نویسد","iscorrect":0},{"id":"453","description":"وبلاگ شماره دو: همیشه تیتر های جذاب، کوتاه و معما گونه انتخاب می کند و سعی دارد در عبارات پایانی هر تیتر به موضوع هم اشاره کند، تعدادی زیادی از دوستان اش به او لینک داده اند و برای طراحی قالب و کلمات کلیدی اش هم از یک طراح وب کمک گرفته است","iscorrect":0},{"id":"454","description":"وبلاگ شماره سه: سعی می کند وجه غالب وبلاگ اش درباره موضوع مورد علاقه اش (گردشگری) باشد. بعضی وقت ها هم از اتفاقات جالب روزمره اش می نویسد. تیتر هایش چندان بلند نیستند و در آنها تا حد ممکن فقط به موضوع مطلب می پردازد. سعی می کند حداقل هفته ای یک بار وبلاگ اش را به روز کند.","iscorrect":1},{"id":"455","description":"وبلاگ شماره چهار: چند وقت یک بار به سراغ وبلاگ اش می آید و اینقدر مطلب در آن می گذارد که خواننده تا دفعه بعدی سرگرم باشد. همبشه نام وبلاگ اش در تیترها و کلمات کلیدی وبلاگ و تگ های پست ها دیده می شود، تا موتورهای جستجو با تکرار زیاد آن، جایگاه بهتری را برای اش در نظر بگیرند. آرشیو وبلاگ هم شامل لیست بلندبالایی از تمامی مطالب در ستون کناری است تا خواننده بهتر به مطلبی که می خواهد دست یابد.","iscorrect":0}]},{"id":"146","description":"کدام یک تاثیری در تعیین رتبه وبلاگ در موتورهای جستجو ندارد","answers":[{"id":"456","description":"لینک دادن به مطالب مرتبط در پست ها","iscorrect":0},{"id":"457","description":"به روز رسانی منظم","iscorrect":0},{"id":"458","description":"لینک گرفتن از سایت های پربیننده","iscorrect":0},{"id":"459","description":"استفاده از عکس های با حجم مناسب","iscorrect":1}]},{"id":"147","description":"تیتر مناسب چه خصوصیاتی باید داشته باشد","answers":[{"id":"460","description":"حاوی عبارات مشخص کننده موضوع مطلب و تا حد امکان کلمات کلیدی باشد","iscorrect":1},{"id":"461","description":"شامل موضوع، نام وبلاگ، نویسنده و تاریخ باشد","iscorrect":0},{"id":"462","description":"خلاصه و مفید نوشته شده و خواننده را برای درک معنی به فکر بیاندازد","iscorrect":0},{"id":"463","description":"حاوی کلمات کلیدی و نام وبلاگ باشد","iscorrect":0}]}]}]}]}