{"courseId":"38","contents":[{"name":"فیلم مستند، فیلم داستانی","id":"260","contentorder":"1","lesson_number":1,"type":0,"filename":"lesson260.html"},{"name":"فیلم مستند، فیلم داستانی","id":"432","contentorder":"2","type":1,"set":[{"score":"60","questions":[{"id":"1286","description":"ابداع گر سینما مستند چه کسی بود؟","answers":[{"id":"4942","description":"جان گریرسن","iscorrect":0},{"id":"4943","description":"ژرژ مه لیس","iscorrect":0},{"id":"4944","description":"برادران لومیر","iscorrect":1},{"id":"4945","description":"گریفیث","iscorrect":0}]},{"id":"1287","description":"چه کسی را باید پدر سینمای داستانی دانست؟","answers":[{"id":"4946","description":"جرج لوکاس","iscorrect":0},{"id":"4947","description":"جان فورد","iscorrect":0},{"id":"4948","description":"چارلی چاپلین","iscorrect":0},{"id":"4949","description":"ژرژ مه لیس","iscorrect":1}]},{"id":"1288","description":"مهم ترین ویژگی فیلم مستند چیست؟","answers":[{"id":"4950","description":"با واقعیت سر و کار دارد.","iscorrect":1},{"id":"4951","description":"در آن از سند و مدرک استفاده می شود.","iscorrect":0},{"id":"4952","description":"فیلمبرداری روی دست","iscorrect":0},{"id":"4953","description":"بازیگر حرفه ای دارد.","iscorrect":0}]}]},{"score":"60","questions":[{"id":"1289","description":"قدیمی ترین نوع فیلم مستند چیست؟","answers":[{"id":"4954","description":"مستند جنگی","iscorrect":0},{"id":"4955","description":"مستند خبری","iscorrect":1},{"id":"4956","description":"مستند شاعرانه","iscorrect":0},{"id":"4957","description":"مستند تبلیغاتی","iscorrect":0}]},{"id":"1290","description":"آغازگر سینمای جدی مستند در ایران چه کسی است؟","answers":[{"id":"4958","description":"اسماعیل کوشان","iscorrect":0},{"id":"4959","description":"ابراهیم گلستان","iscorrect":1},{"id":"4960","description":"جلال مقدم","iscorrect":0},{"id":"4961","description":"سیامک یاسمی","iscorrect":0}]},{"id":"1291","description":"مستند «خانه سیاه است» چه نوع مستندی است؟","answers":[{"id":"4962","description":"مستند صنعتی","iscorrect":0},{"id":"4963","description":"مستند علمی","iscorrect":0},{"id":"4964","description":"مستند تاریخی","iscorrect":0},{"id":"4965","description":"مستند شاعرانه","iscorrect":1}]}]}]},{"name":"داستان فیلم، فیلمنامه","id":"261","contentorder":"3","lesson_number":2,"type":0,"filename":"lesson261.html"},{"name":"داستان فیلم، فیلمنامه","id":"434","contentorder":"4","type":1,"set":[{"score":"60","questions":[{"id":"1292","description":"فرق فیلمنامه با رمان این است که:","answers":[{"id":"4966","description":"در فیلمنامه شخصیت اصلی نداریم.","iscorrect":0},{"id":"4967","description":"فیلمنامه ارزش مستقل ادبی دارد.","iscorrect":0},{"id":"4968","description":"رمان ارزش مستقل ادبی ندارد.","iscorrect":0},{"id":"4969","description":"فیلمنامه متنی است که منحصرا برای سینما نوشته می شود.","iscorrect":1}]},{"id":"1293","description":"معمولا نویسنده فیلمنامه در سینما کیست؟","answers":[{"id":"4970","description":"کارگردان","iscorrect":0},{"id":"4971","description":"تهیه کننده فیلم","iscorrect":0},{"id":"4972","description":"فیلمنامه نویس","iscorrect":1},{"id":"4973","description":"کارگردان و تهیه کننده با هم آن را می نویسند.","iscorrect":0}]},{"id":"1294","description":"مسئولیت به تصویر کشیدن فیلمنامه در سینما با چه کسی است؟","answers":[{"id":"4974","description":"تهیه کننده","iscorrect":0},{"id":"4975","description":"فیلمبردار","iscorrect":0},{"id":"4976","description":"فیلمنامه نویس","iscorrect":0},{"id":"4977","description":"کارگردان","iscorrect":1}]}]},{"score":"60","questions":[{"id":"1295","description":"فیلمنامه اورجینال چه نوع فیلمنامه ای است؟","answers":[{"id":"4978","description":"از روی یک نمایشنامه معروف نوشته شده باشد.","iscorrect":0},{"id":"4979","description":"زاییده ذهن فیلمنامه نویس باشد.","iscorrect":1},{"id":"4980","description":"از روی یک رمان مشهور اقتباس شده باشد.","iscorrect":0},{"id":"4981","description":"فیلمنامه ای که برای فیلم های تاریخی نوشته می شود.","iscorrect":0}]},{"id":"1296","description":"منظور از فیلمنامه دراماتیک چیست؟","answers":[{"id":"4982","description":"فیلمنامه ای که دارای صحنه های اکشن باشد.","iscorrect":0},{"id":"4983","description":"فیلمنامه ای که برای فیلم های عاشقانه نوشته می شود.","iscorrect":0},{"id":"4984","description":"فیلمنامه ای که بدون دیالوگ است.","iscorrect":0},{"id":"4985","description":"فیلمنامه ای که دارای قابلیت اجرایی است.","iscorrect":1}]},{"id":"1297","description":"کارگردان مولف در سینما چه کسی است؟","answers":[{"id":"4986","description":"فیلم های خودش را خودش تهیه می کند.","iscorrect":0},{"id":"4987","description":"فیلم هایش را به تنهایی کارگردانی می کند.","iscorrect":0},{"id":"4988","description":"از داستان های معروف اقتباس می کند.","iscorrect":0},{"id":"4989","description":"فیلمنامه فیلم هایش را خودش می نویسد.","iscorrect":1}]}]}]},{"name":"تولید فیلم","id":"262","contentorder":"5","lesson_number":3,"type":0,"filename":"lesson262.html"},{"name":"تولید فیلم","id":"436","contentorder":"6","type":1,"set":[{"score":"60","questions":[{"id":"1298","description":"در مرحله پیش تولید نقش چه کسانی از بقیه مهمتر است؟","answers":[{"id":"4990","description":"کارگردان، بازیگر، فیلمبردار","iscorrect":0},{"id":"4991","description":"تهیه کننده، کارگردان، فیلمنامه نویس","iscorrect":1},{"id":"4992","description":"بازیگران، تدوین گر، طراح صحنه","iscorrect":0},{"id":"4993","description":"کارگردان، صدابردار، فیلمبردار","iscorrect":0}]},{"id":"1299","description":"کار تهیه کننده فیلم چیست؟","answers":[{"id":"4994","description":"مسئول تهیه فیلمنامه برای فیلم است.","iscorrect":0},{"id":"4995","description":"مسئولیت مالی و تامین بودجه فیلم با اوست.","iscorrect":0},{"id":"4996","description":"کارگردان فیلم را انتخاب می کند.","iscorrect":0},{"id":"4997","description":"هر سه مورد","iscorrect":1}]},{"id":"1300","description":"نقش کارگردان در مرحله تولید چیست؟","answers":[{"id":"4998","description":"مذاکره با تهیه کننده و فیلمنامه نویس","iscorrect":0},{"id":"4999","description":"انتخاب بازیگران","iscorrect":0},{"id":"5000","description":"دکوپاژ فیلمنامه و نظارت کامل بر مراحل فیلمبرداری و هدایت بازیگران فیلم","iscorrect":1},{"id":"5001","description":"تدوین فیلم","iscorrect":0}]}]},{"score":"60","questions":[{"id":"1301","description":"انتخاب جای دوربین و زاویه آن در مرحله فیلمبرداری به عهده کیست؟","answers":[{"id":"5002","description":"فیلمبردار","iscorrect":0},{"id":"5003","description":"کارگردان","iscorrect":1},{"id":"5004","description":"طراح صحنه","iscorrect":0},{"id":"5005","description":"فیلمبردار و طراح صحنه","iscorrect":0}]},{"id":"1302","description":"کار پخش کننده فیلم در سینما چیست؟","answers":[{"id":"5006","description":"مسئول نمایش فیلم در سالن های سینماست.","iscorrect":0},{"id":"5007","description":"فروش و تبلیغات فیلم در سطح داخلی و خارجی","iscorrect":1},{"id":"5008","description":"تکثیر فیلم به صورت دی وی دی","iscorrect":0},{"id":"5009","description":"گرفتن مجوز برای پخش تلویزیونی فیلم","iscorrect":0}]},{"id":"1303","description":"مارتین اسکورسیزی کیست؟","answers":[{"id":"5010","description":"فیلمنامه نویس","iscorrect":0},{"id":"5011","description":"تهیه کننده","iscorrect":0},{"id":"5012","description":"کارگردان","iscorrect":0},{"id":"5013","description":"هر سه مورد","iscorrect":1}]}]}]},{"name":"زمان در سینما","id":"263","contentorder":"7","lesson_number":4,"type":0,"filename":"lesson263.html"},{"name":"زمان در سینما","id":"438","contentorder":"8","type":1,"set":[{"score":"60","questions":[{"id":"1304","description":"منظور از زمان واقعی چیست؟","answers":[{"id":"5014","description":"همان زمان سینمایی است و برابر با مدت زمان فیلم است.","iscorrect":0},{"id":"5015","description":"همان زمان فیزیکی و برابر با مدت زمان واقعی یک رویداد در جهان واقعی است.","iscorrect":1},{"id":"5016","description":"زمانی است که داستان فیلم در آن اتفاق می افتد.","iscorrect":0},{"id":"5017","description":"همان زمان نمایشی است.","iscorrect":0}]},{"id":"1305","description":"زمان دراماتیک در یک فیلم به معنی چیست؟","answers":[{"id":"5018","description":"فشرده تر از زمان فیزیکی است.","iscorrect":0},{"id":"5019","description":"همان زمان فیزیکی است.","iscorrect":0},{"id":"5020","description":"طولانی تر از زمان فیزیکی است.","iscorrect":0},{"id":"5021","description":"تمامی موارد","iscorrect":1}]},{"id":"1306","description":"زمان روانی در سینما چه نوع زمانی است؟","answers":[{"id":"5022","description":"مدت زمانی است که در یک فیلم روانکاوانه اتفاق می افتد.","iscorrect":0},{"id":"5023","description":"زمانی است که کلیه حوادث داستانی در آن اتفاق می افتد.","iscorrect":0},{"id":"5024","description":"تاثیر روانی تماشای یک صحنه یا یک رویداد سینمایی بر تماشاگر است.","iscorrect":1},{"id":"5025","description":"همان زمان تاریخی است.","iscorrect":0}]}]},{"score":"60","questions":[{"id":"1307","description":"در فیلم ماجرای نیمروز:","answers":[{"id":"5026","description":"زمان فیزیکی با زمان دراماتیک یکی می شود.","iscorrect":1},{"id":"5027","description":"زمان داستانی با زمان روانی یکی می شود.","iscorrect":0},{"id":"5028","description":"زمان دراماتیک وجود ندارد.","iscorrect":0},{"id":"5029","description":"زمان واقعی فیلم به گذشته مربوط است.","iscorrect":0}]},{"id":"1308","description":"فلاش بک در سینما چیست؟","answers":[{"id":"5030","description":"تغییر سکانس های فیلم است.","iscorrect":0},{"id":"5031","description":"صحنه ای است که در آن فیلم به اوج خود می رسد.","iscorrect":0},{"id":"5032","description":"تمهیدی داستانی برای بازگشت زمان داستان به گذشته است.","iscorrect":1},{"id":"5033","description":"ارجاع فیلم از نظر داستانی به زمان آینده است.","iscorrect":0}]},{"id":"1309","description":"چرا در فیلم های هالیوودی غالبا متوجه گذشت زمان نمی شویم؟","answers":[{"id":"5034","description":"چون این فیلم ها داستان های خوبی دارند.","iscorrect":0},{"id":"5035","description":"چون پر از جلوه ها و تروکاژهای سینمایی است.","iscorrect":0},{"id":"5036","description":"چون زمان در آن پس و پیش می شود.","iscorrect":0},{"id":"5037","description":"چون ریتم و ضرباهنگ فیلم ها غالبا تند است.","iscorrect":1}]}]}]},{"name":"مکان در سینما","id":"264","contentorder":"9","lesson_number":5,"type":0,"filename":"lesson264.html"},{"name":"مکان در سینما","id":"440","contentorder":"10","type":1,"set":[{"score":"60","questions":[{"id":"1310","description":"در فیلم های کدام فیلمساز آمریکایی، شهر نیویورک، صاحب یک هویت ویژه ای است؟","answers":[{"id":"5038","description":"فرانیسی فورد کاپولا","iscorrect":0},{"id":"5039","description":"استیون اسپیلبرگ","iscorrect":0},{"id":"5040","description":"وودی آلن","iscorrect":1},{"id":"5041","description":"جان فورد","iscorrect":0}]},{"id":"1311","description":"در فیلم های اکسپرسیونیستی آلمانی، مکان چه ویژگی مشخصی دارد؟","answers":[{"id":"5042","description":"مکان کیفیتی انتزاعی و خواب گونه دارد.","iscorrect":1},{"id":"5043","description":"مکان معمولا محیط های کوهستانی است.","iscorrect":0},{"id":"5044","description":"داستان معمولا در روستاهای آلمان می گذرد.","iscorrect":0},{"id":"5045","description":"مکان داستان، تخیلی است و در فضا می گذرد.","iscorrect":0}]},{"id":"1312","description":"دیدن صحنه ای از یک شهر قدیمی در تگزاس یادآور کدام ژانر سینمایی است؟","answers":[{"id":"5046","description":"ژانر کمدی","iscorrect":0},{"id":"5047","description":"ژانر علمی تخیلی","iscorrect":0},{"id":"5048","description":"ژانر ترسناک","iscorrect":0},{"id":"5049","description":"ژانر وسترن","iscorrect":1}]}]},{"score":"60","questions":[{"id":"1313","description":"علی حاتمی فیلم های تاریخی بعد از انقلاب اش را بیشتر در کجا فیلمبرداری کرد؟","answers":[{"id":"5050","description":"در شیراز","iscorrect":0},{"id":"5051","description":"در شهرک سینمایی اطراف تهران","iscorrect":1},{"id":"5052","description":"در اصفهان","iscorrect":0},{"id":"5053","description":"در تبریز","iscorrect":0}]},{"id":"1314","description":"ماجرای فیلم معروف کازابلانکا در کدام کشور می گذرد؟","answers":[{"id":"5054","description":"مصر","iscorrect":0},{"id":"5055","description":"تونس","iscorrect":0},{"id":"5056","description":"مراکش","iscorrect":1},{"id":"5057","description":"اندونزی","iscorrect":0}]},{"id":"1315","description":"در سینمای مدرن، مکان چه خصوصیتی دارد؟","answers":[{"id":"5058","description":"عنصری روایی است.","iscorrect":0},{"id":"5059","description":"در خدمت خلق و ایجاد یک فضای روانی است.","iscorrect":0},{"id":"5060","description":"صرفا محل وقوع رویدادهای فیلم است.","iscorrect":0},{"id":"5061","description":"موارد اول و دوم","iscorrect":1}]}]}]},{"name":"اجزای اصلی فیلم","id":"265","contentorder":"11","lesson_number":6,"type":0,"filename":"lesson265.html"},{"name":"اجزای اصلی فیلم","id":"442","contentorder":"12","type":1,"set":[{"score":"60","questions":[{"id":"1316","description":"مفهوم سکانس در سینما چیست؟","answers":[{"id":"5062","description":"بزرگ ترین واحد تشکیل دهنده فیلم است که دارای وحدت زمانی است.","iscorrect":0},{"id":"5063","description":"کوچک ترین واحد تشکیل دهنده فیلم است که دارای وحدت مکانی است.","iscorrect":0},{"id":"5064","description":"بزرگ ترین واحد تشکیل دهنده فیلم است که دارای وحدت موضوع است.","iscorrect":1},{"id":"5065","description":"کوچک ترین واحد تشکیل دهنده فیلم است که دارای وحدت زمانی و مکانی است.","iscorrect":0}]},{"id":"1317","description":"کوچک ترین جزء یک فیلم که دارای هویت مستقلی است چه نامیده می شود؟","answers":[{"id":"5066","description":"صحنه","iscorrect":1},{"id":"5067","description":"نما (پلان)","iscorrect":0},{"id":"5068","description":"سکانس","iscorrect":0},{"id":"5069","description":"فریم","iscorrect":0}]},{"id":"1318","description":"رابطه طول نما با ریتم فیلم چیست؟","answers":[{"id":"5070","description":"هر چه طول نما بلندتر باشد ریتم فیلم تندتر است.","iscorrect":0},{"id":"5071","description":"هر چه طول نما کوتاه تر باشد ریتم فیلم تندتر است.","iscorrect":0},{"id":"5072","description":"هر چه طول نما بلندتر باشد ریتم فیلم کندتر است.","iscorrect":0},{"id":"5073","description":"موارد دوم و سوم","iscorrect":1}]}]},{"score":"60","questions":[{"id":"1319","description":"فیلم طناب به چه خاطر در سینما مهم است؟","answers":[{"id":"5074","description":"چون کارگردان آن آلفرد هیچکاک است.","iscorrect":0},{"id":"5075","description":"چون بر اساس نمایشنامه پاتریک هامیلتون ساخته شده است.","iscorrect":0},{"id":"5076","description":"چون تمام فیلم در واقع یک پلان بلند است.","iscorrect":1},{"id":"5077","description":"هیچکدام","iscorrect":0}]},{"id":"1320","description":"کلوزآپ چیست؟","answers":[{"id":"5078","description":"نمای بسته از صورت بازیگر در سینماست.","iscorrect":1},{"id":"5079","description":"نمای از کمر به بالای یک بازیگر است.","iscorrect":0},{"id":"5080","description":"نمای تمام قد یک بازیگر است.","iscorrect":0},{"id":"5081","description":"نمای دور در سینماست.","iscorrect":0}]},{"id":"1321","description":"تفاوت بین نمای لانگ شات و مدیوم شات چیست؟","answers":[{"id":"5082","description":"لانگ شات نزدیک تر از مدیوم شات است.","iscorrect":0},{"id":"5083","description":"مدیوم شات نزدیک تر از لانگ شات است.","iscorrect":1},{"id":"5084","description":"لانگ شات فرق چندانی با مدیوم شات ندارد.","iscorrect":0},{"id":"5085","description":"موارد اول و دوم","iscorrect":0}]}]}]},{"name":"ساختار دراماتیک","id":"266","contentorder":"13","lesson_number":7,"type":0,"filename":"lesson266.html"},{"name":"ساختار دراماتیک","id":"444","contentorder":"14","type":1,"set":[{"score":"60","questions":[{"id":"1322","description":"مهمترین ویژگی یک فیلمنامه چیست؟","answers":[{"id":"5086","description":"دراماتیک باشد.","iscorrect":1},{"id":"5087","description":"شروع خوبی داشته باشد.","iscorrect":0},{"id":"5088","description":"پایان خوبی داشته باشد.","iscorrect":0},{"id":"5089","description":"دارای ماجراهای هیجان انگیز باشد.","iscorrect":0}]},{"id":"1323","description":"ساختار دراماتیک در یک فیلمنامه به چه معنی است؟","answers":[{"id":"5090","description":"همان گره گشایی در فیلمنامه است.","iscorrect":0},{"id":"5091","description":"عبارت است از روابط علت و معلولی بین رویدادهای مختلف یک فیلم.","iscorrect":1},{"id":"5092","description":"به معنی نقطه اوج یک فیلمنامه است.","iscorrect":0},{"id":"5093","description":"همان تم اصلی یک فیلم است.","iscorrect":0}]},{"id":"1324","description":"بخش های مختلف یک فیلمنامه بر مبنای الگوی کلاسیک فیلمنامه نویسی چیست؟","answers":[{"id":"5094","description":"کشمکش- اوج- بحران","iscorrect":0},{"id":"5095","description":"هماهنگی- بحران- فرود","iscorrect":0},{"id":"5096","description":"مقدمه، تنه و نتیجه","iscorrect":1},{"id":"5097","description":"طرح- دیالوگ- سیناپس","iscorrect":0}]}]},{"score":"60","questions":[{"id":"1325","description":"در کدام بخش از فیلمنامه سرنوشت شخصیت های اصلی مشخص می شود؟","answers":[{"id":"5098","description":"در نقطه اوج","iscorrect":0},{"id":"5099","description":"در نقطه بحران","iscorrect":0},{"id":"5100","description":"در مرحله گره افکنی","iscorrect":0},{"id":"5101","description":"در مرحله گره گشایی","iscorrect":1}]},{"id":"1326","description":"کشمکش در فیلمنامه چیست؟","answers":[{"id":"5102","description":"تضاد و درگیری بین انسان و انسان","iscorrect":0},{"id":"5103","description":"تضاد و درگیری بین انسان و جامعه","iscorrect":0},{"id":"5104","description":"تضاد و درگیری بین انسان و طبیعت","iscorrect":0},{"id":"5105","description":"هر سه مورد","iscorrect":1}]},{"id":"1327","description":"در فیلم «ماجرای نیمروز» چه نوع کشمکشی وجود دارد؟","answers":[{"id":"5106","description":"کشمکش انسان با جامعه","iscorrect":0},{"id":"5107","description":"کشمکش انسان با طبیعت","iscorrect":0},{"id":"5108","description":"کشمکش انسان با انسان","iscorrect":1},{"id":"5109","description":"کشمکشی وجود ندارد.","iscorrect":0}]}]}]},{"name":"شخصیت های محوری","id":"267","contentorder":"15","lesson_number":8,"type":0,"filename":"lesson267.html"},{"name":"شخصیت های محوری","id":"446","contentorder":"16","type":1,"set":[{"score":"60","questions":[{"id":"1328","description":"پروتاگونیست در یک فیلم کیست؟","answers":[{"id":"5110","description":"همان شخصیت محوری و قهرمان فیلم است.","iscorrect":1},{"id":"5111","description":"کسی است که برای قهرمان فیلم مانع ایجاد می کند.","iscorrect":0},{"id":"5112","description":"شخصیت فرعی فیلم است.","iscorrect":0},{"id":"5113","description":"شخصیت منفی فیلم است.","iscorrect":0}]},{"id":"1329","description":"شخصیت های تخت چه نوع شخصیت هایی اند؟","answers":[{"id":"5114","description":"شخصیت هایی که ساده و قابل پیش بینی اند.","iscorrect":1},{"id":"5115","description":"شخصیت هایی که غالبا منفی اند.","iscorrect":0},{"id":"5116","description":"شخصیت هایی که نقش مهمی در فیلم ندارند.","iscorrect":0},{"id":"5117","description":"شخصیت هایی که فاقد انگیزه های قوی اند.","iscorrect":0}]},{"id":"1330","description":"همذات پنداری چیست؟","answers":[{"id":"5118","description":"یعنی درگیری بین قهرمان و ضد قهرمان در فیلم","iscorrect":0},{"id":"5119","description":"یعنی همدلی و همسویی تماشاگر با شخصیت محوری فیلم","iscorrect":1},{"id":"5120","description":"یعنی ایجاد تعلیق در فیلم","iscorrect":0},{"id":"5121","description":"یعنی رسیدن فیلم به نقطه اوج","iscorrect":0}]}]},{"score":"60","questions":[{"id":"1331","description":"آنتاگونیست در یک فیلم کیست؟","answers":[{"id":"5122","description":"نیروی پیش برنده داستان فیلم است.","iscorrect":0},{"id":"5123","description":"شخصیت مخالف و ضد قهرمان فیلم است.","iscorrect":1},{"id":"5124","description":"شخصیت فرعی فیلم است.","iscorrect":0},{"id":"5125","description":"هیچکدام","iscorrect":0}]},{"id":"1332","description":"عمل دراماتیک چیست؟","answers":[{"id":"5126","description":"به معنی حل بحران فیلم است.","iscorrect":0},{"id":"5127","description":"همان تعلیق در فیلمنامه است.","iscorrect":0},{"id":"5128","description":"آنچه که از یک شخصیت در فیلم سر می زند و و منجر به ایجاد کشمکش می شود.","iscorrect":1},{"id":"5129","description":"عمل انتقام جویانه قهرمان فیلم است.","iscorrect":0}]},{"id":"1333","description":"شخصیت های پیچیده چه نوع شخصیت هایی اند؟","answers":[{"id":"5130","description":"شخصیت هایی که سرنوشت پیچیده ای دارند.","iscorrect":0},{"id":"5131","description":"شخصیت هایی که از دیالوگ های پیچیده استفاده می کنند.","iscorrect":0},{"id":"5132","description":"شخصیت هایی که کم عمق اند.","iscorrect":0},{"id":"5133","description":"شخصیت هایی که چندلایه و عمیق اند و نمی توان اعمالشان را پیش بینی کرد.","iscorrect":1}]}]}]},{"name":"حرکت در سینما","id":"268","contentorder":"17","lesson_number":9,"type":0,"filename":"lesson268.html"},{"name":"حرکت در سینما","id":"448","contentorder":"18","type":1,"set":[{"score":"60","questions":[{"id":"1334","description":"حرکت افقی دوربین روی سه پایه چه نامیده می شود؟","answers":[{"id":"5134","description":"حرکت زوم","iscorrect":0},{"id":"5135","description":"حرکت پن","iscorrect":1},{"id":"5136","description":"حرکت تیلت","iscorrect":0},{"id":"5137","description":"حرکت تراولینگ","iscorrect":0}]},{"id":"1335","description":"حرکت عمودی دوربین روی محور ثابت چه نام دارد؟","answers":[{"id":"5138","description":"حرکت تیلت","iscorrect":1},{"id":"5139","description":"حرکت دالی","iscorrect":0},{"id":"5140","description":"حرکت زوم","iscorrect":0},{"id":"5141","description":"حرکت کرین","iscorrect":0}]},{"id":"1336","description":"حرکت تراولینگ چه نوع حرکتی است؟","answers":[{"id":"5142","description":"حرکت چرخشی دوربین است.","iscorrect":0},{"id":"5143","description":"حرکت عمودی دوربین است.","iscorrect":0},{"id":"5144","description":"حرکت افقی دوربین روی ریل است.","iscorrect":1},{"id":"5145","description":"حرکت روی دست دوربین است.","iscorrect":0}]}]},{"score":"60","questions":[{"id":"1337","description":"برای دنبال کردن سوژه از پشت سر معمولا از کدام حرکت دوربین استفاده می شود؟","answers":[{"id":"5146","description":"حرکت دوربین روی دست","iscorrect":0},{"id":"5147","description":"حرکت دالی","iscorrect":0},{"id":"5148","description":"حرکت تیلت","iscorrect":0},{"id":"5149","description":"موارد اول و دوم","iscorrect":1}]},{"id":"1338","description":"در سکانس افتتاحیه فیلم «نشانی از شر»، چه حرکتی دیده می شود؟","answers":[{"id":"5150","description":"حرکت زوم","iscorrect":0},{"id":"5151","description":"حرکت تیلت","iscorrect":0},{"id":"5152","description":"حرکت دالی","iscorrect":0},{"id":"5153","description":"حرکت کرین","iscorrect":1}]},{"id":"1339","description":"تکرار حرکت زوم چه اشکالی دارد؟","answers":[{"id":"5154","description":"باعث فشرده شدن تصویر می شود.","iscorrect":0},{"id":"5155","description":"باعث آزار روانی و خستگی چشمان بیننده خواهد شد.","iscorrect":1},{"id":"5156","description":"باعث کج شدن تصویر می شود.","iscorrect":0},{"id":"5157","description":"باعث تیرگی تصویر می شود.","iscorrect":0}]}]}]},{"name":"صدا در سینما","id":"269","contentorder":"19","lesson_number":10,"type":0,"filename":"lesson269.html"},{"name":"صدا در سینما","id":"450","contentorder":"20","type":1,"set":[{"score":"60","questions":[{"id":"1340","description":"سینمای ناطق در چه سالی و با چه فیلمی به وجود آمد؟","answers":[{"id":"5158","description":"با فیلم تعصب و در سال ۱۹۳۲","iscorrect":0},{"id":"5159","description":"با فیلم خواننده جاز و در سال ۱۹۲۷","iscorrect":1},{"id":"5160","description":"با فیلم چراغ گاز و در سال ۱۹۲۱","iscorrect":0},{"id":"5161","description":"با فیلم مردی از آران و در سال ۱۹۳۰","iscorrect":0}]},{"id":"1341","description":"صدای آمبیانس چه نوع صدایی است؟","answers":[{"id":"5162","description":"همه صداهای محیطی که فیلم در آنجا فیلمبرداری می شود.","iscorrect":1},{"id":"5163","description":"موسیقی فیلم است.","iscorrect":0},{"id":"5164","description":"صدای دیالوگ هاست.","iscorrect":0},{"id":"5165","description":"هیچکدام","iscorrect":0}]},{"id":"1342","description":"در گذشته که امکان صدابرداری همزمان وجود نداشت، صدای فیلم چگونه کار می شد؟","answers":[{"id":"5166","description":"فیلم ها صداگذاری نمی شد.","iscorrect":0},{"id":"5167","description":"صدای فیلم جداگانه ضبط می شد و بعد روی فیلم قرار می گرفت.","iscorrect":1},{"id":"5168","description":"صحنه ها بدون صدا فیلمبرداری می شد و بعد صداها روی فیلم دوبله می شد.","iscorrect":0},{"id":"5169","description":"هیچکدام","iscorrect":0}]}]},{"score":"50","questions":[{"id":"1343","description":"صدایی که منبع آن در تصویر دیده می شود چه نام دارد؟","answers":[{"id":"5170","description":"صدای آمبیانس","iscorrect":0},{"id":"5171","description":"صدای سرصحنه","iscorrect":0},{"id":"5172","description":"صدای حقیقی","iscorrect":1},{"id":"5173","description":"صدای بیان گرا","iscorrect":0}]},{"id":"1344","description":"وظیفه ضبط صدای سر صحنه بر عهده چه کسی است؟","answers":[{"id":"5174","description":"صداگذار","iscorrect":0},{"id":"5175","description":"مهندس صدا","iscorrect":0},{"id":"5176","description":"طراح صدا","iscorrect":0},{"id":"5177","description":"صدابردار","iscorrect":1}]},{"id":"1345","description":"سکوت در یک فیلم نشانه چیست؟","answers":[{"id":"5178","description":"نشانه کر بودن شخصیت فیلم که در صحنه دیده می شود.","iscorrect":0},{"id":"5179","description":"نشانه فقدان یک عنصر مهم در زندگی شخصیت های فیلم","iscorrect":0},{"id":"5180","description":"برای تمایز صحنه های کابوس و رویا و واقعیت","iscorrect":0},{"id":"5181","description":"هر سه مورد","iscorrect":1}]},{"id":"1346","description":"موسیقی فیلم روانی هیچکاک چه حسی را منتقل می کند؟","answers":[{"id":"5182","description":"حس عاشقانه","iscorrect":0},{"id":"5183","description":"حس دلهره و ترس","iscorrect":1},{"id":"5184","description":"حس بیهودگی","iscorrect":0},{"id":"5185","description":"حس خنده و شادی","iscorrect":0}]}]}]}]}