{"courseId":"41","contents":[{"name":"مقدمه","id":"336","contentorder":"1","lesson_number":1,"type":0,"filename":"lesson336.html"},{"name":"درس اول- معایب و مزایای عکاسی دیجیتال","id":"337","contentorder":"2","lesson_number":2,"type":0,"filename":"lesson337.html"},{"name":"معایب و مزایای عکاسی دیجیتال","id":"532","contentorder":"3","type":1,"set":[{"score":"60","questions":[{"id":"1647","description":"کدامیک از موارد زیر در مورد عکاسی دیجیتال صحیح است؟","answers":[{"id":"6366","description":"کیفیت عکس آنالوگ همیشه بالاتر است.","iscorrect":0},{"id":"6367","description":"در عکاسی دیجیتال براساس شرایط سوژه، باید صفحه حساس را تعویض کرد.","iscorrect":0},{"id":"6368","description":"در عکاسی دیجیتال امکان سعی و خطا در محل عکاسی بیشتر است.","iscorrect":1},{"id":"6369","description":"کپی کردن و تکثیر عکس های آنالوگ سریع تر و ساده تر است.","iscorrect":0}]},{"id":"1648","description":"کدامیک از موارد زیر در عکاسی دیجیتال صادق نیست؟","answers":[{"id":"6370","description":"طبقه بندی و دسترسی به اطلاعات در آن ساده تر و سریع تر است.","iscorrect":0},{"id":"6371","description":"کپی و تکثیر کردن، بدون افت کیفیت در آنها ساده تر است.","iscorrect":0},{"id":"6372","description":"به طور کلی گران تر از عکاسی آنالوگ است.","iscorrect":1},{"id":"6373","description":"نسبت به عکاسی آنالوگ، در زمان فرآیندها، صرفه جویی بیشتری دارد.","iscorrect":0}]},{"id":"1649","description":"کدامیک از موارد زیر از معایب عکاسی دیجیتال محسوب می شوند؟","answers":[{"id":"6374","description":"در عکاسی دیجیتال تعمیر ابزار در محل ساده تر است.","iscorrect":0},{"id":"6375","description":"اغلب ابزار دیجیتال به ضربه، رطوبت و دما حساس ترند.","iscorrect":1},{"id":"6376","description":"امکان دیدن همزمان تصویر مهیاست.","iscorrect":0},{"id":"6377","description":"در مراحل عکاسی دیجیتال، نیاز به مواد شیمیایی کمتر است.","iscorrect":0}]},{"id":"1650","description":"تاخیر ناشی از فرآیندهایی که از زمان فشار دادن دکمه شاتر تا ثبت تصویر در حافظه موقت اتفاق می افتد چه نام دارد؟","answers":[{"id":"6378","description":"Processing Delay","iscorrect":0},{"id":"6379","description":"Shutter Lag","iscorrect":1},{"id":"6380","description":"Shutter Speed","iscorrect":0},{"id":"6381","description":"Startup Time","iscorrect":0}]},{"id":"1651","description":"کدامیک از موارد زیر از اجزای دوربین آنالوگ نیست؟","answers":[{"id":"6382","description":"بدنه","iscorrect":0},{"id":"6383","description":"باطری","iscorrect":0},{"id":"6384","description":"منظره یاب","iscorrect":0},{"id":"6385","description":"سنسورهای ثبت عکس","iscorrect":1}]}]},{"score":"60","questions":[{"id":"1652","description":"کدامیک از موارد زیر در عکاسی دیجیتال صادق نیست؟","answers":[{"id":"6386","description":"در هر زمان بدون تعویض صفحه حساس، می توان ISO را تغییر داد.","iscorrect":0},{"id":"6387","description":"تکثیر و انتقال عکس دیجیتال بدون افت کیفیت، غیر ممکن است.","iscorrect":1},{"id":"6388","description":"ارسال و به اشتراک گذاری ساده تر است.","iscorrect":0},{"id":"6389","description":"نسبت به عکس های آنالوگ، ممکن است کیفیت بالاتری داشته باشند.","iscorrect":0}]},{"id":"1653","description":"کدامیک از موارد زیر، از معایب عکاسی دیجیتال محسوب می شود؟","answers":[{"id":"6390","description":"می توان تصویر را پس از ثبت عکس دید.","iscorrect":0},{"id":"6391","description":"امکان ثبت فیلم و صدا در آنها وجود دارد.","iscorrect":0},{"id":"6392","description":"در آنها نمی توان صفحه حساس را با توجه به شرایط، تعویض کرد.","iscorrect":1},{"id":"6393","description":"ادیت و ویرایش در آنها ساده تر است.","iscorrect":0}]},{"id":"1654","description":"تاخیر ناشی از زمان روشن شدن دوربین تا آماده شدن برای ثبت عکس، چه نام دارد؟","answers":[{"id":"6394","description":"Processing Delay","iscorrect":0},{"id":"6395","description":"Shutter Lag","iscorrect":0},{"id":"6396","description":"Shutter Speed","iscorrect":0},{"id":"6397","description":"Startup Time","iscorrect":1}]},{"id":"1655","description":"کدامیک از موارد زیر در عکاسی دیجیتال صادق نیست؟","answers":[{"id":"6398","description":"امکانات گسترده در ویرایش و ادیت عکس","iscorrect":0},{"id":"6399","description":"عدم آسیب پذیری نسبت به ضربه، رطوبت و دما","iscorrect":1},{"id":"6400","description":"عکس های دیجیتال، فضای کمتری نسبت به آنالوگ اشغال می کنند.","iscorrect":0},{"id":"6401","description":"Shutter Lag","iscorrect":0}]},{"id":"1656","description":"کدامیک از بخش های زیر، مختص عکاسی دیجیتال است؟","answers":[{"id":"6402","description":"سنسور ثبت عکس","iscorrect":1},{"id":"6403","description":"لنز","iscorrect":0},{"id":"6404","description":"منظره یاب","iscorrect":0},{"id":"6405","description":"باطری","iscorrect":0}]}]}]},{"name":"درس دوم- اجزای دوربین دیجیتال ۱- سنسورها","id":"338","contentorder":"4","lesson_number":3,"type":0,"filename":"lesson338.html"},{"name":"اجزای دوربین دیجیتال ۱- سنسورها","id":"534","contentorder":"5","type":1,"set":[{"score":"60","questions":[{"id":"1657","description":"لنز ۷۰mm در دوربینی با ضریب انطباق (Crop Factor) برابر ۱.۴ ، از نظر فاصله کانونی، مانند چه لنزی در دوربین Full Frame عمل می کند؟","answers":[{"id":"6406","description":"۷۰mm","iscorrect":0},{"id":"6407","description":"۵۰mm","iscorrect":0},{"id":"6408","description":"۹۸mm","iscorrect":1},{"id":"6409","description":"ربطی به Crop Facto ندارد.","iscorrect":0}]},{"id":"1658","description":"کدامیک از انواع سنسور زیر در عکاسی مورد استفاده قرار می گیرد؟","answers":[{"id":"6410","description":"CCD","iscorrect":0},{"id":"6411","description":"CMOS","iscorrect":0},{"id":"6412","description":"هر دو","iscorrect":1},{"id":"6413","description":"هیچکدام","iscorrect":0}]},{"id":"1659","description":"اگر لنزی برای سنسور کراپ، تله فتو محسوب شود، برای دوربین Full Frame چه لنزی محسوب می شود؟","answers":[{"id":"6414","description":"لنز واید","iscorrect":0},{"id":"6415","description":"لنز تله فتو","iscorrect":0},{"id":"6416","description":"لنز نرمال","iscorrect":0},{"id":"6417","description":"نمی توان گفت!","iscorrect":1}]},{"id":"1660","description":"با تعداد پیکسل و شرایط یکسان، کدامیک از سنسورهای زیر کیفیت بهتری تولید می کنند؟","answers":[{"id":"6418","description":"قطع بزرگ","iscorrect":1},{"id":"6419","description":"قطع کوچک","iscorrect":0},{"id":"6420","description":"قطع متوسط","iscorrect":0},{"id":"6421","description":"به قطع سنسور ربطی ندارد.","iscorrect":0}]},{"id":"1661","description":"کوچک بودن سلول های نوری ممکن است کدامیک از معایب زیر را ایجاد کند؟","answers":[{"id":"6422","description":"کوچک بودن تصویر","iscorrect":0},{"id":"6423","description":"نویز","iscorrect":1},{"id":"6424","description":"عدم ثبت جزئیات","iscorrect":0},{"id":"6425","description":"گران بودن سنسورها با سلول های کوچک نسبت به بزرگ","iscorrect":0}]}]},{"score":"60","questions":[{"id":"1662","description":"هر چه سلول های نوری بزرگتر باشند، چه تاثیری در حساسیت به نور و ثبت نور دارند؟","answers":[{"id":"6426","description":"حساسیت به نور بیشتر، کیفیت نور و رنگ بهتر","iscorrect":1},{"id":"6427","description":"حساسیت به نور کمتر، کیفیت نور و رنگ بهتر","iscorrect":0},{"id":"6428","description":"حساسیت به نور بیشتر، کیفیت نور و رنگ کمتر","iscorrect":0},{"id":"6429","description":"حساسیت به نور کمتر، کیفیت نور و رنگ کمتر","iscorrect":0}]},{"id":"1663","description":"کدامیک از انواع سنسور زیر برای دوربین های دیجیتال مناسب ترند؟","answers":[{"id":"6430","description":"CCD","iscorrect":0},{"id":"6431","description":"CMOS","iscorrect":0},{"id":"6432","description":"هر دو ممکن است کاملا مطلوب باشند.","iscorrect":1},{"id":"6433","description":"هیچکدام","iscorrect":0}]},{"id":"1664","description":"دوربین Full Frame به چه دوربینی اطلاق می شود؟","answers":[{"id":"6434","description":"دوربینی که زاویه دیدی وسیعی دارد.","iscorrect":0},{"id":"6435","description":"دوربینی که کل تصویر ثبت شده را در منظره یاب نمایش می دهد.","iscorrect":0},{"id":"6436","description":"دوربینی که سنسوری برابر با حداکثر اندازه قطع کوچک (۲۴mm در ۳۶mm) دارد.","iscorrect":1},{"id":"6437","description":"دوربین قطع بزرگ","iscorrect":0}]},{"id":"1665","description":"اگر لنزی در دوربین Full Frame، تله فتو محسوب شود، در دوربینی با همان قطع و با سنسور کراپ، چه نوع لنزی محسوب می شود؟","answers":[{"id":"6438","description":"لنز واید","iscorrect":0},{"id":"6439","description":"لنز تله فتو","iscorrect":1},{"id":"6440","description":"لنز نرمال","iscorrect":0},{"id":"6441","description":"نمی توان گفت!","iscorrect":0}]},{"id":"1666","description":"لنز ۵۰mm در دوربینی با ضریب انطباق (Crop Factor) برابر ۱.۴ از نظر فاصله کانونی، مانند چه لنزی در دوربین Full Frame عمل می کند؟","answers":[{"id":"6442","description":"۷۰mm","iscorrect":1},{"id":"6443","description":"۵۰mm","iscorrect":0},{"id":"6444","description":"۳۵.۷mm","iscorrect":0},{"id":"6445","description":"ربطی به Crop Factor ندارد.","iscorrect":0}]}]}]},{"name":"درس سوم- اجزای دوربین دیجیتال ۲- کارکرد و نظافت سنسورها","id":"339","contentorder":"6","lesson_number":4,"type":0,"filename":"lesson339.html"},{"name":"اجزای دوربین دیجیتال ۲- کارکرد و نظافت سنسورها","id":"536","contentorder":"7","type":1,"set":[{"score":"60","questions":[{"id":"1667","description":"سلول های نوری در سطح سنسور، قادر به ثبت:","answers":[{"id":"6446","description":"برخی از رنگ ها هستند.","iscorrect":0},{"id":"6447","description":"همه رنگ ها هستند.","iscorrect":0},{"id":"6448","description":"میزان نور و نه رنگ ها هستند.","iscorrect":1},{"id":"6449","description":"رنگ ها و نه میزان نور هستند.","iscorrect":0}]},{"id":"1668","description":"کدامیک از روش های زیر برای ثبت رنگ در سنسور بکار گرفته می شود؟","answers":[{"id":"6450","description":"آرایش فیلترهای رنگی روی سطح سنسور","iscorrect":1},{"id":"6451","description":"استفاده از سلول های حساس به رنگ","iscorrect":0},{"id":"6452","description":"استفاده از لنزهای رنگی","iscorrect":0},{"id":"6453","description":"سلول های نوری، به خودی خود به رنگ حساسند.","iscorrect":0}]},{"id":"1669","description":"در کدامیک از روش های زیر برای تعیین رنگ نهایی هر پیکسل نیاز به قرائت رنگ پیکسل های مجاور نیست؟","answers":[{"id":"6454","description":"Foveon X3","iscorrect":1},{"id":"6455","description":"Bayer","iscorrect":0},{"id":"6456","description":"هر دو","iscorrect":0},{"id":"6457","description":"هیچکدام","iscorrect":0}]},{"id":"1670","description":"کدامیک از روش های زیر برای نظافت سنسور توصیه نمی شود؟","answers":[{"id":"6458","description":"استفاده از کیت تنظیف مخصوص","iscorrect":0},{"id":"6459","description":"استفاده از هوای فشرده","iscorrect":1},{"id":"6460","description":"تحویل دوربین به مراکز سرویس","iscorrect":0},{"id":"6461","description":"استفاده از روش های خودکار دوربین","iscorrect":0}]},{"id":"1671","description":"چرا در الگوی Bayer، به ازای هر فیلتر آبی و قرمز از دو فیلتر سبز استفاده می شود؟","answers":[{"id":"6462","description":"ضعیف بودن نور سبز","iscorrect":0},{"id":"6463","description":"حساسیت بیشتر چشم انسان به رنگ سبز","iscorrect":1},{"id":"6464","description":"پردازش رنگ سبز راحت تر و سریع تر از رنگ های دیگر است.","iscorrect":0},{"id":"6465","description":"ضعیف بودن نور آبی و قرمز","iscorrect":0}]}]},{"score":"60","questions":[{"id":"1677","description":"کدامیک از روش های زیر جهت ثبت رنگ در سنسور مورد استفاده قرار می گیرد؟","answers":[{"id":"6486","description":"آرایش فیلترهای رنگی","iscorrect":0},{"id":"6487","description":"استفاده از روش Foveon","iscorrect":0},{"id":"6488","description":"هر دو","iscorrect":1},{"id":"6489","description":"هیچکدام","iscorrect":0}]},{"id":"1678","description":"در کدامیک از روش های زیر، هر سلول نوری، می تواند تمام رنگ ها را ثبت کند؟","answers":[{"id":"6490","description":"Foveon X3","iscorrect":1},{"id":"6491","description":"Bayer","iscorrect":0},{"id":"6492","description":"هر دو","iscorrect":0},{"id":"6493","description":"هیچکدام","iscorrect":0}]},{"id":"1679","description":"برای نظافت سنسور کدامیک از موارد زیر صحیح است؟","answers":[{"id":"6494","description":"استفاده از روش های نظافت خودکار دوربین","iscorrect":1},{"id":"6495","description":"استفاده از هوای فشرده","iscorrect":0},{"id":"6496","description":"استفاده از دستمال های نرم و مرطوب","iscorrect":0},{"id":"6497","description":"باز کردن آینه و شاتر و تکاندن شدید دوربین به سمت پایین","iscorrect":0}]},{"id":"1680","description":"کدامیک از بخش های سنسور به نور حساس است و تولید ولتاژ می کند؟","answers":[{"id":"6498","description":"پردازشگر","iscorrect":0},{"id":"6499","description":"ماکرو لنز","iscorrect":0},{"id":"6500","description":"Photo Sites","iscorrect":1},{"id":"6501","description":"فیلترهای رنگی","iscorrect":0}]},{"id":"1681","description":"وظیفه متمرکز کردن نور بر روی سلول های حساس به نور با کدامیک از بخش های زیر است؟","answers":[{"id":"6502","description":"پردازشگر","iscorrect":0},{"id":"6503","description":"ماکرو لنز","iscorrect":1},{"id":"6504","description":"Photo Sites","iscorrect":0},{"id":"6505","description":"فیلترهای رنگی","iscorrect":0}]}]}]},{"name":"درس چهارم- اجزای دوربین دیجیتال ۳- لنز دیجیتال و منظره یاب","id":"340","contentorder":"8","lesson_number":5,"type":0,"filename":"lesson340.html"},{"name":"اجزای دوربین دیجیتال ۳- لنز دیجیتال و منظره یاب","id":"539","contentorder":"9","type":1,"set":[{"score":"60","questions":[{"id":"1682","description":"تاثیر خطای Light Falloff در تصویر چیست؟","answers":[{"id":"6506","description":"ایجاد حاشیه های رنگی در لبه ها","iscorrect":1},{"id":"6507","description":"تیره شدن لبه های کادر","iscorrect":0},{"id":"6508","description":"تغییر شکل در لبه های عکس","iscorrect":0},{"id":"6509","description":"ایجاد نویز بالا در عکس","iscorrect":0}]},{"id":"1683","description":"چرا امکان ایجاد انعکاس و Flare در دوربین دیجیتال بیشتر است؟","answers":[{"id":"6510","description":"استفاده از صفحه حساس کوچک تر","iscorrect":0},{"id":"6511","description":"استفاده از لنزهای دیجیتال","iscorrect":0},{"id":"6512","description":"سطح براق سنسور","iscorrect":1},{"id":"6513","description":"حساسیت سنسور به نور","iscorrect":0}]},{"id":"1684","description":"نیاز به بهبود لنزهای آنالوگ برای استفاده در دوربین دیجیتال، می تواند ناشی از کدامیک از عوامل زیر باشد؟","answers":[{"id":"6514","description":"نیاز به رزولوشن و کنتراست بالا در لنز جهت هماهنگی با سنسور","iscorrect":0},{"id":"6515","description":"انعکاس زیاد ناشی از سطح سنسور","iscorrect":0},{"id":"6516","description":"خطای Light Falloff","iscorrect":0},{"id":"6517","description":"همه موارد","iscorrect":1}]},{"id":"1685","description":"در دوربین های دیجیتال کامپکت (Digicam)، در زمانی که قادر به کادربندی و عکاسی از طریق مانیتور دوربین هستیم:","answers":[{"id":"6518","description":"شاتر دوربین باز و سنسور فعال است.","iscorrect":1},{"id":"6519","description":"شاتر دوربین بسته ولی سنسور فعال است.","iscorrect":0},{"id":"6520","description":"شاتر بسته و سنسور غیر فعال است.","iscorrect":0},{"id":"6521","description":"شاتر باز و سنسور غیر فعال است.","iscorrect":0}]},{"id":"1686","description":"کدامیک از موارد زیر، از انواع منظره یاب محسوب می شوند؟","answers":[{"id":"6522","description":"اپتیکی","iscorrect":0},{"id":"6523","description":"الکترونیکی","iscorrect":0},{"id":"6524","description":"TTL","iscorrect":0},{"id":"6525","description":"هر سه مورد","iscorrect":1}]}]},{"score":"60","questions":[{"id":"1687","description":"خطای Light Falloff ناشی از چیست؟","answers":[{"id":"6526","description":"استفاده از لنز تله فتو","iscorrect":0},{"id":"6527","description":"عدم حساسیت کافی سنسور به نور","iscorrect":0},{"id":"6528","description":"تنظیم بالای حساسیت در دوربین","iscorrect":0},{"id":"6529","description":"تابیدن نور به بدنه سلول به جای سر آنها","iscorrect":1}]},{"id":"1688","description":"معمولا عمق میدان در دوربین های دیجیتال کامپکت نسبت به دوربین های SLR:","answers":[{"id":"6530","description":"بیشتر است.","iscorrect":1},{"id":"6531","description":"کمتر است.","iscorrect":0},{"id":"6532","description":"برابر است.","iscorrect":0},{"id":"6533","description":"ربطی به کامپکت یا SLR بودن دوربین ندارد.","iscorrect":0}]},{"id":"1689","description":"فرآیند باز و بسته شدن و خاموش و روشن شدن سنسور در لحظه ثبت عکس در دوربین های کامپکت، کدامیک از عوامل زیر را تشدید می کند؟","answers":[{"id":"6534","description":"نویز تصویر","iscorrect":0},{"id":"6535","description":"افت کیفیت","iscorrect":0},{"id":"6536","description":"عدم دقت کافی","iscorrect":0},{"id":"6537","description":"Shutter Lag","iscorrect":1}]},{"id":"1690","description":"در زمان استفاده از منظره یاب در دوربین های غیر SLR، با کدامیک از مشکلات زیر مواجهیم؟","answers":[{"id":"6538","description":"نویز در تصویر","iscorrect":0},{"id":"6539","description":"تیرگی تصویر","iscorrect":0},{"id":"6540","description":"خطای پارالاکس","iscorrect":1},{"id":"6541","description":"داغ شدن سنسور","iscorrect":0}]},{"id":"1691","description":"پدیده Live View چیست؟","answers":[{"id":"6542","description":"پدیده ای که به عکاس اجازه می دهد در مانیتور دوربین SLR، تصویر را ببیند و کادر بندی کند.","iscorrect":1},{"id":"6543","description":"پدیده ای که به عکاس اجازه می دهد با فوکوس، دوربین را با حرکت سوژه منطبق کند.","iscorrect":0},{"id":"6544","description":"پدیده ای که تصویر LCD را به منظره یاب منتقل می کند.","iscorrect":0},{"id":"6545","description":"پدیده ای که امکان دیدن همزمان و کادر بندی تصویر در منظره یاب را ایجاد می کند.","iscorrect":0}]}]}]},{"name":"درس پنجم- کیفیت تصویر ۱- پیکسل و رزولوشن","id":"342","contentorder":"10","lesson_number":6,"type":0,"filename":"lesson342.html"},{"name":"کیفیت تصویر ۱- پیکسل و رزولوشن","id":"541","contentorder":"11","type":1,"set":[{"score":"60","questions":[{"id":"1692","description":"کدامیک از موارد زیر در مورد پیکسل اشتباه است؟","answers":[{"id":"6546","description":"پیکسل ممکن است اشکال گوناگونی داشته باشد.","iscorrect":0},{"id":"6547","description":"پیکسل می تواند در اندازه های مختلف موجود باشد.","iscorrect":0},{"id":"6548","description":"پیکسل می تواند همزمان چند رنگ را نشان بدهد.","iscorrect":1},{"id":"6549","description":"هر چه تعداد پیکسل ها در عکس بیشتر باشد، جزئیات عکس بیشتر خواهد بود.","iscorrect":0}]},{"id":"1693","description":"کدامیک از موارد زیر تعریف رزولوشن تصویر است؟","answers":[{"id":"6550","description":"تعداد پیکسل ها در کل عکس","iscorrect":0},{"id":"6551","description":"تعداد پیکسل ها در واحد طول","iscorrect":1},{"id":"6552","description":"ابعاد پیکسل ها","iscorrect":0},{"id":"6553","description":"کیفیت رنگی تصویر","iscorrect":0}]},{"id":"1694","description":"در دو سنسور هم اندازه، هر کدام تعداد پیکسل بیشتری داشته باشد:","answers":[{"id":"6554","description":"دارای رزولوشن بالاتر است.","iscorrect":1},{"id":"6555","description":"دارای رزولوشن پایین تر است.","iscorrect":0},{"id":"6556","description":"ارتباطی با رزولوشن ندارد.","iscorrect":0},{"id":"6557","description":"دارای پیکسل های بزرگ تر است.","iscorrect":0}]},{"id":"1695","description":"واحد رزولوشن در عکس دیجیتال چیست؟","answers":[{"id":"6558","description":"DPI","iscorrect":0},{"id":"6559","description":"PPI","iscorrect":1},{"id":"6560","description":"Mega Pixel","iscorrect":0},{"id":"6561","description":"Bit","iscorrect":0}]},{"id":"1696","description":"حداقل رزولوشن معمول و مناسب برای چاپ چیست؟","answers":[{"id":"6562","description":"۲۰۰DPI","iscorrect":0},{"id":"6563","description":"۱۳۳DPI","iscorrect":0},{"id":"6564","description":"۳۰۰DPI","iscorrect":1},{"id":"6565","description":"۱۲۰۰DPI","iscorrect":0}]}]},{"score":"60","questions":[{"id":"1697","description":"هر چه رزولوشن بالاتر باشد، اندازه پیکسل ها:","answers":[{"id":"6566","description":"بزرگ تر است.","iscorrect":0},{"id":"6567","description":"کوچک تر است.","iscorrect":1},{"id":"6568","description":"نمی توان تشخیص داد.","iscorrect":0},{"id":"6569","description":"نمی توان تشخیص داد.","iscorrect":0}]},{"id":"1698","description":"در دو تصویر با اندازه یکسان، هر چه رزولوشن بالاتر باشد:","answers":[{"id":"6570","description":"تصویر با جزئیات و وضوح بیشتر ثبت می شود.","iscorrect":1},{"id":"6571","description":"تصویر با جزئیات و وضوح کمتری ثبت می شود.","iscorrect":0},{"id":"6572","description":"اندازه پیکسل ها بزرگ تر است.","iscorrect":0},{"id":"6573","description":"هیچ کدام از موارد بالا","iscorrect":0}]},{"id":"1699","description":"واحد رایج رزولوشن در چاپ دیجیتال چیست؟","answers":[{"id":"6574","description":"DPI","iscorrect":1},{"id":"6575","description":"PPI","iscorrect":0},{"id":"6576","description":"Mega Pixel","iscorrect":0},{"id":"6577","description":"Bit","iscorrect":0}]},{"id":"1700","description":"کدامیک از رزولوشن های زیر برای چاپ مناسب هستند؟","answers":[{"id":"6578","description":"۱۳۳DPI","iscorrect":0},{"id":"6579","description":"۹۶DPI","iscorrect":0},{"id":"6580","description":"۷۲DPI","iscorrect":0},{"id":"6581","description":"۳۰۰DPI","iscorrect":1}]},{"id":"1701","description":"کدامیک از موارد زیر، در وهله اول برای تنظیم سایز عکس برای نمایشگر مناسب است؟","answers":[{"id":"6582","description":"استفاده از رزولوشن ۷۲PPI","iscorrect":0},{"id":"6583","description":"استفاده از رزولوشن ۹۶PPI","iscorrect":0},{"id":"6584","description":"استفاده از اندازه ابعاد براساس اینچ","iscorrect":0},{"id":"6585","description":"استفاده از اندازه ابعاد براساس پیکسل","iscorrect":1}]}]}]},{"name":"درس ششم- کیفیت تصویر ۲- عمق رنگ","id":"343","contentorder":"12","lesson_number":7,"type":0,"filename":"lesson343.html"},{"name":"کیفیت تصویر ۲- عمق رنگ","id":"543","contentorder":"13","type":1,"set":[{"score":"60","questions":[{"id":"1702","description":"عمق رنگ در عکس نشانگر چیست؟","answers":[{"id":"6586","description":"تعداد رنگ هایی که در عکس مورد استفاده قرار گرفته اند.","iscorrect":0},{"id":"6587","description":"تعداد رنگ هایی که برای ثبت یا ارائه عکس در اختیار است.","iscorrect":1},{"id":"6588","description":"نشانه تیرگی و روشنی رنگ است.","iscorrect":0},{"id":"6589","description":"نشانه غلظت رنگ است.","iscorrect":0}]},{"id":"1703","description":"در سیستم RGB، عمق رنگ در یک عکس ۲۴Bit نسبت به عکس ۸B/C:","answers":[{"id":"6590","description":"بیشتر است.","iscorrect":0},{"id":"6591","description":"برابر است.","iscorrect":1},{"id":"6592","description":"کمتر است.","iscorrect":0},{"id":"6593","description":"نمی توان تشخیص داد.","iscorrect":0}]},{"id":"1704","description":"ترکیب هم اندازه رنگ ها در مدل RGB و CMYK به ترتیب چه رنگ هایی را ایجاد می کند؟","answers":[{"id":"6594","description":"سفید و سیاه","iscorrect":0},{"id":"6595","description":"در هر دو مدل سیاه","iscorrect":0},{"id":"6596","description":"سفید و خاکستری متمایل به قهوه ای","iscorrect":1},{"id":"6597","description":"در هر دو مدل سفید","iscorrect":0}]},{"id":"1705","description":"معمولا دوربین های عکاسی و نمایشگرهای دیجیتال از کدامیک از مدل های زیر استفاده می کنند؟","answers":[{"id":"6598","description":"RGB","iscorrect":1},{"id":"6599","description":"CMYK","iscorrect":0},{"id":"6600","description":"Monochrome","iscorrect":0},{"id":"6601","description":"هیچکدام","iscorrect":0}]},{"id":"1706","description":"در عکسی، عمق رنگ برابر با ۸B/C است. تعداد رنگ هایی که در اختیار است چقدر است؟","answers":[{"id":"6602","description":"حدود ۱۶ میلیون رنگ","iscorrect":0},{"id":"6603","description":"حدود ۲۵۶ رنگ","iscorrect":0},{"id":"6604","description":"بستگی به تعداد کانال های رنگی عکس دارد.","iscorrect":1},{"id":"6605","description":"۸ رنگ","iscorrect":0}]}]},{"score":"60","questions":[{"id":"1707","description":"عمق رنگ در یک عکس منوکروم ۱۶Bit نسبت به یک عکس RGB با عمق رنگ ۸B/C:","answers":[{"id":"6606","description":"بیشتر است.","iscorrect":0},{"id":"6607","description":"برابر است.","iscorrect":0},{"id":"6608","description":"کمتر است.","iscorrect":1},{"id":"6609","description":"نمی توان تشخیص داد.","iscorrect":0}]},{"id":"1708","description":"کدامیک از موارد زیر از واحدهای عمق رنگ نیستند؟","answers":[{"id":"6610","description":"Bit","iscorrect":0},{"id":"6611","description":"B/C","iscorrect":0},{"id":"6612","description":"BPP","iscorrect":0},{"id":"6613","description":"Pixel","iscorrect":1}]},{"id":"1709","description":"معمولا کدامیک از مدل های رنگی زیر می توانند عمق رنگ بیشتری داشته باشند؟","answers":[{"id":"6614","description":"CMYK","iscorrect":0},{"id":"6615","description":"RGB","iscorrect":1},{"id":"6616","description":"در هر دو یکی است.","iscorrect":0},{"id":"6617","description":"Monochrome","iscorrect":0}]},{"id":"1710","description":"معمولا دستگاه های چاپ از کدامیک از مدل های زیر استفاده می کنند؟","answers":[{"id":"6618","description":"RGB","iscorrect":0},{"id":"6619","description":"CMYK","iscorrect":1},{"id":"6620","description":"Monochrome","iscorrect":0},{"id":"6621","description":"هیچکدام","iscorrect":0}]},{"id":"1711","description":"در کدامیک از موارد زیر دقت رنگ عکس می تواند بیشتر باشد؟","answers":[{"id":"6622","description":"عکس Monochrome با عمق رنگ ۱۶ بیت","iscorrect":0},{"id":"6623","description":"عکس RGB با عمق رنگ ۸B/C","iscorrect":1},{"id":"6624","description":"عکس CMYK با عمق رنگ ۱۶ بیت","iscorrect":0},{"id":"6625","description":"دقت رنگی به عمق رنگ بستگی ندارد.","iscorrect":0}]}]}]},{"name":"درس هفتم- کیفیت تصویر ۳- دامنه دینامیکی","id":"344","contentorder":"14","lesson_number":8,"type":0,"filename":"lesson344.html"},{"name":"کیفیت تصویر ۳- دامنه دینامیکی","id":"545","contentorder":"15","type":1,"set":[{"score":"60","questions":[{"id":"1712","description":"هر چه دامنه دینامیکی بزرگتر باشد:","answers":[{"id":"6626","description":"عکس می تواند جزئیات تصویری بیشتری داشته باشد.","iscorrect":1},{"id":"6627","description":"عکس جزئیات تصویری کمتری دارد.","iscorrect":0},{"id":"6628","description":"تعداد پیکسل های عکس بیشتر است.","iscorrect":0},{"id":"6629","description":"تعداد پیکسل های تصویر کمتر است.","iscorrect":0}]},{"id":"1713","description":"اگر در دامنه دینامیکی، دو F-Stop به سمت روشنایی ها پیش برویم، میزان نور در آن نقطه نسبت به نقطه اول:","answers":[{"id":"6630","description":"دو برابر بیشتر است.","iscorrect":0},{"id":"6631","description":"۴ برابر بیشتر است.","iscorrect":1},{"id":"6632","description":"۶ برابر بیشتر است.","iscorrect":0},{"id":"6633","description":"۸ برابر بیشتر است.","iscorrect":0}]},{"id":"1714","description":"HDR چیست؟","answers":[{"id":"6634","description":"مجموعه تکنیک هایی که رنگ های عکس را تغییر می دهند.","iscorrect":0},{"id":"6635","description":"مجموعه تکنیک هایی که به عکس جنبه خیالی می دهند.","iscorrect":0},{"id":"6636","description":"مجموعه تکنیک هایی هستند جهت افزایش دامنه دینامیک عکس","iscorrect":1},{"id":"6637","description":"ابزاری روی دوربین جهت افزایش تعداد پیکسل های یک عکس","iscorrect":0}]},{"id":"1715","description":"از کدامیک از روش های زیر می توان در تکنیک HDR استفاده کرد؟","answers":[{"id":"6638","description":"استفاده از چند عکس از یک سوژه و تلفیق آگاهانه آنها","iscorrect":0},{"id":"6639","description":"استفاده از یک عکس با تنظیمات متفاوت","iscorrect":0},{"id":"6640","description":"استفاده از نرم افزارهای HDR","iscorrect":0},{"id":"6641","description":"همه موارد","iscorrect":1}]},{"id":"1716","description":"دامنه دینامیک در کدامیک از موارد زیر می تواند به چشم انسان نزدیک تر باشد؟","answers":[{"id":"6642","description":"دوربین های دیجیتال","iscorrect":1},{"id":"6643","description":"نگاتیو","iscorrect":0},{"id":"6644","description":"اسلاید","iscorrect":0},{"id":"6645","description":"در هر سه مورد یکسان است.","iscorrect":0}]}]},{"score":"60","questions":[{"id":"1717","description":"از موارد زیر کدامیک می توانند دامنه دینامیکی بیشتری داشته باشند؟","answers":[{"id":"6646","description":"نگاتیو","iscorrect":0},{"id":"6647","description":"اسلاید","iscorrect":0},{"id":"6648","description":"چشم انسان","iscorrect":0},{"id":"6649","description":"عکس دیجیتال HDR","iscorrect":1}]},{"id":"1718","description":"اگر در دامنه F-Stop 3 به سمت تیرگی ها پیش برویم، میزان نور در آن نقطه نسبت به نقطه اول:","answers":[{"id":"6650","description":"۳ برابر بیشتر است.","iscorrect":0},{"id":"6651","description":"۳ برابر کمتر است.","iscorrect":0},{"id":"6652","description":"۶ برابر کمتر است.","iscorrect":0},{"id":"6653","description":"۸ برابر کمتر است.","iscorrect":1}]},{"id":"1719","description":"به طور کلی، کارکرد HDR چگونه است؟","answers":[{"id":"6654","description":"استفاده از پیکسل های بیشتر در سنسور","iscorrect":0},{"id":"6655","description":"بالا بردن حساسیت سنسور به نور","iscorrect":0},{"id":"6656","description":"استفاده از پیکسل های خوب در چند تصویر از یک سوژه و ایجاد یک عکس نهایی","iscorrect":1},{"id":"6657","description":"حذف پیکسل های معیوب در یک تصویر","iscorrect":0}]},{"id":"1720","description":"از معایبی که زیاده روی در استفاده از HDR ممکن است در عکس ایجاد کند چیست؟","answers":[{"id":"6658","description":"افزایش نویز","iscorrect":1},{"id":"6659","description":"تغییر شکل در گوشه های کادر","iscorrect":0},{"id":"6660","description":"تغییر شکل در وسط تصویر","iscorrect":0},{"id":"6661","description":"از دست دادن شدید وضوح","iscorrect":0}]},{"id":"1721","description":"هر چه دامنه دینامیک پایین تر باشد:","answers":[{"id":"6662","description":"توانایی در ثبت روشنی و تیرگی ها کمتر","iscorrect":1},{"id":"6663","description":"توانایی در ثبت روشنی و تیرگی ها بیشتر","iscorrect":0},{"id":"6664","description":"جزئیات ثبت شده در عکس بالاتر","iscorrect":0},{"id":"6665","description":"دقت رنگ بیشتر","iscorrect":0}]}]}]},{"name":"درس هشتم- کیفیت تصویر ۴- برخی از خطاها و کاستی های عمده در تصویر دیجیتال","id":"345","contentorder":"16","lesson_number":9,"type":0,"filename":"lesson345.html"},{"name":"کیفیت تصویر ۴- برخی از خطاها و کاستی های عمده در تصویر دیجیتال","id":"547","contentorder":"17","type":1,"set":[{"score":"60","questions":[{"id":"1722","description":"نویز در عکس دیجیتال می تواند ناشی از کدامیک از عوامل زیر باشد؟","answers":[{"id":"6666","description":"فشرده سازی فایل","iscorrect":0},{"id":"6667","description":"تاریکی محیط","iscorrect":0},{"id":"6668","description":"نوردهی طولانی","iscorrect":0},{"id":"6669","description":"همه موارد","iscorrect":1}]},{"id":"1723","description":"خطای ناشی از فشرده سازی در کدامیک از فایل های زیر می تواند بسیار زیاد باشد؟","answers":[{"id":"6670","description":"JPG","iscorrect":1},{"id":"6671","description":"TIF","iscorrect":0},{"id":"6672","description":"RAW","iscorrect":0},{"id":"6673","description":"همگی فاقد خطای فشرده سازی هستند.","iscorrect":0}]},{"id":"1724","description":"Halo Effect می تواند ناشی از کدامیک از فرآیندهای زیر باشد؟","answers":[{"id":"6674","description":"افزایش شارپنس","iscorrect":1},{"id":"6675","description":"افزایش نوردهی","iscorrect":0},{"id":"6676","description":"افزایش عمق رنگ","iscorrect":0},{"id":"6677","description":"افزایش دامنه دینامیک","iscorrect":0}]},{"id":"1725","description":"از عوامل خطای ناشی از انعکاس در تصویر دیجیتال چیست؟","answers":[{"id":"6678","description":"وجود اجسام شفاف در محیط","iscorrect":0},{"id":"6679","description":"انعکاس نور از سنسور","iscorrect":1},{"id":"6680","description":"استفاده از فلش","iscorrect":0},{"id":"6681","description":"افزایش شارپنس","iscorrect":0}]},{"id":"1726","description":"خطای Light Falloff چگونه خود را در تصویر نشان می دهد؟","answers":[{"id":"6682","description":"نویز Luminance","iscorrect":0},{"id":"6683","description":"نویز رنگی","iscorrect":0},{"id":"6684","description":"حاشیه تیره و روشن در لبه ها","iscorrect":0},{"id":"6685","description":"حاشیه رنگی در لبه ها","iscorrect":1}]}]},{"score":"60","questions":[{"id":"1727","description":"نویزی که به صورت نقاط تیره و روشن در تصویر خود را نشان می دهد، چه نام دارد؟","answers":[{"id":"6686","description":"Mosquito","iscorrect":0},{"id":"6687","description":"Color","iscorrect":0},{"id":"6688","description":"Luminance","iscorrect":1},{"id":"6689","description":"هیچکدام","iscorrect":0}]},{"id":"1728","description":"کدامیک از موارد زیر از خطاهای فشرده سازی فایل نیستند؟","answers":[{"id":"6690","description":"Mosquito Noise","iscorrect":0},{"id":"6691","description":"افت رنگ ها","iscorrect":0},{"id":"6692","description":"شطرنجی شدن","iscorrect":0},{"id":"6693","description":"خطای پرسپکتیو","iscorrect":1}]},{"id":"1729","description":"هاله حاصل از شارپنس، چه تاثیری بر عکس دارد؟","answers":[{"id":"6694","description":"ایجاد حاشیه های رنگی در لبه اجسام","iscorrect":0},{"id":"6695","description":"ایجاد حاشیه های تیره و روشن در لبه اجسام","iscorrect":1},{"id":"6696","description":"ایجاد حاشیه های رنگی در مرکز تصویر","iscorrect":0},{"id":"6697","description":"ایجاد حاشیه های تیره و روشن در مرکز تصویر","iscorrect":0}]},{"id":"1730","description":"Light Falloff از کدامیک از اجزای دوربین ناشی می شود؟","answers":[{"id":"6698","description":"لنز","iscorrect":0},{"id":"6699","description":"سنسور","iscorrect":1},{"id":"6700","description":"بدنه","iscorrect":0},{"id":"6701","description":"کارت حافظه","iscorrect":0}]},{"id":"1731","description":"کدامیک از موارد زیر می توانند از عوامل افزاینده نویز باشند؟","answers":[{"id":"6702","description":"افزایش حساسیت","iscorrect":0},{"id":"6703","description":"فشرده سازی","iscorrect":0},{"id":"6704","description":"داغ شدن سنسور","iscorrect":0},{"id":"6705","description":"همه موارد","iscorrect":1}]}]}]},{"name":"دوره عکاسی دیجیتال ۱- آزمون نهایی","id":"549","contentorder":"18","type":1,"set":[{"score":"50","questions":[{"id":"1732","description":"Shutter Lag چیست؟","answers":[{"id":"6706","description":"تاخیر ناشی از فرآیندهایی که از زمان فشار دادن دکمه شاتر تا ثبت تصویر در حافظه موقت اتفاق می افتد.","iscorrect":1},{"id":"6707","description":"تاخیر ناشی از فرآیندهای مربوط به ذخیره سازی در حافظه","iscorrect":0},{"id":"6708","description":"مدت زمانی که طول می کشد تا دوربین روشن شود.","iscorrect":0},{"id":"6709","description":"بالاترین سرعت شاتر","iscorrect":0}]},{"id":"1733","description":"در یک دوربین دیجیتال نیمه حرفه ای، ضریب انطباق برابر با ۱.۴ است. لنز ۵۰mm در این دوربین به صورت یک لنز .................... عمل می کند.","answers":[{"id":"6710","description":"لنز واید","iscorrect":0},{"id":"6711","description":"لنز تله فتو","iscorrect":1},{"id":"6712","description":"لنز نرمال","iscorrect":0},{"id":"6713","description":"ربطی به Crop Factor ندارد.","iscorrect":0}]},{"id":"1734","description":"در مورد پیکسل هایی با اندازه کوچک، کدامیک از موارد زیر صحیح است؟","answers":[{"id":"6714","description":"وضوح تصویر پایین تر است.","iscorrect":0},{"id":"6715","description":"ممکن است نویز بالاتر باشد.","iscorrect":1},{"id":"6716","description":"رزولوشن پایین تر است.","iscorrect":0},{"id":"6717","description":"همه موارد","iscorrect":0}]},{"id":"1735","description":"چرا در الگوی Bayer، به ازای هر فیلتر آبی و قرمز از دو فیلتر سبز استفاده می شود؟","answers":[{"id":"6718","description":"ضعیف بودن نور سبز","iscorrect":0},{"id":"6719","description":"حساسیت بیشتر چشم انسان به رنگ سبز","iscorrect":1},{"id":"6720","description":"پردازش رنگ سبز راحت تر و سریع تر از رنگ های دیگر است.","iscorrect":0},{"id":"6721","description":"ضعیف بودن نور آبی و قرمز","iscorrect":0}]},{"id":"1736","description":"انعکاس نسبتا زیاد نور از سطح سنسور، کدامیک از مشکلات زیر را موجب می شود؟","answers":[{"id":"6722","description":"خطای Light Falloff","iscorrect":0},{"id":"6723","description":"Flare","iscorrect":1},{"id":"6724","description":"Vignette","iscorrect":0},{"id":"6725","description":"اعوجاج تصویری","iscorrect":0}]},{"id":"1737","description":"در کدامیک از انواع زیر، عمق میدان بیشتر است؟","answers":[{"id":"6726","description":"دوربین های SLR","iscorrect":0},{"id":"6727","description":"ربطی به نوع دوربین ندارد.","iscorrect":0},{"id":"6728","description":"دوربین های دیجیتال کامپکت","iscorrect":1},{"id":"6729","description":"دوربین های دو لنزی","iscorrect":0}]},{"id":"1738","description":"کدامیک از اصطلاحات زیر بیانگر ابعاد پیکسل است؟","answers":[{"id":"6730","description":"شارپنس","iscorrect":0},{"id":"6731","description":"عمق رنگ","iscorrect":0},{"id":"6732","description":"کنتراست","iscorrect":0},{"id":"6733","description":"رزولوشن","iscorrect":1}]},{"id":"1739","description":"کدامیک از موارد زیر، رزولوشن مناسبی برای چاپ محسوب می شود؟","answers":[{"id":"6734","description":"۷۲DPI","iscorrect":0},{"id":"6735","description":"۱۰۰DPI","iscorrect":0},{"id":"6736","description":"۱۳۳DPI","iscorrect":0},{"id":"6737","description":"۳۰۰DPI","iscorrect":1}]},{"id":"1740","description":"عمق رنگ نشانگر چیست؟","answers":[{"id":"6738","description":"تعداد رنگ های ممکن در تصویر دیجیتال","iscorrect":1},{"id":"6739","description":"تعداد رنگ هایی که در هر تصویر دیجیتال مورد استفاده قرار گرقته است.","iscorrect":0},{"id":"6740","description":"تیرگی و روشنی عکس","iscorrect":0},{"id":"6741","description":"غلظت رنگ ها در عکس","iscorrect":0}]},{"id":"1741","description":"هر چه دامنه دینامیکی در عکسی بیشتر باشد:","answers":[{"id":"6742","description":"عکس غلظت رنگ بیشتری دارد.","iscorrect":0},{"id":"6743","description":"عکس رزولوشن بالاتری دارد.","iscorrect":0},{"id":"6744","description":"تعداد کل پیکسل ها در عکس بیشتر است.","iscorrect":0},{"id":"6745","description":"جزئیات تصویری بیشتری در عکس ثبت می شود.","iscorrect":1}]}]},{"score":"50","questions":[{"id":"1742","description":"کدامیک از موارد زیر ویژه عکاسی دیجیتال است؟","answers":[{"id":"6746","description":"بدنه","iscorrect":0},{"id":"6747","description":"باطری","iscorrect":0},{"id":"6748","description":"منظره یاب","iscorrect":0},{"id":"6749","description":"سنسورهای ثبت عکس","iscorrect":1}]},{"id":"1743","description":"لنزی در دوربین Full Frame به عنوان یک لنز تله فتو عمل می کند. این لنز در دوربینی با سنسور Crop چگونه عمل می کند؟","answers":[{"id":"6750","description":"لنز واید","iscorrect":0},{"id":"6751","description":"لنز تله فتو","iscorrect":1},{"id":"6752","description":"لنز نرمال","iscorrect":0},{"id":"6753","description":"نمی توان پاسخ دقیقی داد.","iscorrect":0}]},{"id":"1744","description":"با شرایط و رزولوشن یکسان، چرا کیفیت تصویر در سنسور قطع بزرگ بهتر است؟","answers":[{"id":"6754","description":"اندازه پیکسل ها کوچک تر است.","iscorrect":0},{"id":"6755","description":"حساسیت پیسکل ها به نور کمتر است.","iscorrect":0},{"id":"6756","description":"اندازه پیکسل بزرگ تر و حساسیت به نور بیشتر است.","iscorrect":1},{"id":"6757","description":"نویز تصویری بالاتر است.","iscorrect":0}]},{"id":"1745","description":"در کدامیک از شیوه های زیر، یک پیکسل قادر به ثبت هر سه کانال رنگی است؟","answers":[{"id":"6758","description":"Foveon X3","iscorrect":1},{"id":"6759","description":"Bayer","iscorrect":0},{"id":"6760","description":"هر دو","iscorrect":0},{"id":"6761","description":"هیچکدام","iscorrect":0}]},{"id":"1746","description":"از عمده ترین تفاوت های لنز دیجیتال با لنز آنالوگ چیست؟","answers":[{"id":"6762","description":"رزولوشن و کنتراست بالاتر","iscorrect":1},{"id":"6763","description":"ابعاد لنز","iscorrect":0},{"id":"6764","description":"وزن لنز","iscorrect":0},{"id":"6765","description":"فاصله کانونی","iscorrect":0}]},{"id":"1747","description":"در استفاده از Live View در دوربین های SLR ممکن است با کدامیک از مشکلات زیر مواجه شویم؟","answers":[{"id":"6766","description":"استفاده زیاد از باطری","iscorrect":0},{"id":"6767","description":"تیره بودن تصویر در منظره یاب","iscorrect":0},{"id":"6768","description":"طولانی تر شدن فرآیند واضح سازی","iscorrect":0},{"id":"6769","description":"همه موارد فوق","iscorrect":1}]},{"id":"1748","description":"در دو سنسور با اندازه یکسان، کدامیک از موارد زیر بهترین وضوح را ایجاد می کند؟","answers":[{"id":"6770","description":"آنکه رزولوشن پایین تری دارد.","iscorrect":0},{"id":"6771","description":"آنکه تعداد پیکسل پایین تری دارد.","iscorrect":0},{"id":"6772","description":"آنکه رزولوشن بالاتری دارد.","iscorrect":1},{"id":"6773","description":"موارد اول و دوم","iscorrect":0}]},{"id":"1749","description":"در تصاویر RGB با عمق رنگی به شرح زیر، تعداد رنگ در کدامیک بالاتر است؟","answers":[{"id":"6774","description":"۸B/C","iscorrect":0},{"id":"6775","description":"۲۴B","iscorrect":0},{"id":"6776","description":"۱۲B/C","iscorrect":1},{"id":"6777","description":"۳۲B","iscorrect":0}]},{"id":"1750","description":"اگر در دامنه دینامیک دو F-stop به سمت روشنی ها پیش برویم، میزان نور در آن نقطه نسبت به نقطه اول چند برابر روشن تر است؟","answers":[{"id":"6778","description":"۲ برابر","iscorrect":0},{"id":"6779","description":"۳ برابر","iscorrect":0},{"id":"6780","description":"۴ برابر","iscorrect":1},{"id":"6781","description":"۶ برابر","iscorrect":0}]},{"id":"1751","description":"نویزی که به صورت نقاط رنگی در عکس ظاهر می شود چه نام دارد؟","answers":[{"id":"6782","description":"Mosquito","iscorrect":0},{"id":"6783","description":"Color","iscorrect":1},{"id":"6784","description":"Luminance","iscorrect":0},{"id":"6785","description":"هیچکدام","iscorrect":0}]}]}]}]}