{"courseId":"109","contents":[{"name":"درس اول- دیسیپلین چیست؟","id":"902","contentorder":"1","lesson_number":1,"type":0,"filename":"lesson902.html"},{"name":"درس دوم- خودانگاره","id":"903","contentorder":"2","lesson_number":2,"type":0,"filename":"lesson903.html"},{"name":"درس سوم- تقویت خودانگاره کودک","id":"904","contentorder":"3","lesson_number":3,"type":0,"filename":"lesson904.html"},{"name":"درس چهارم- اصول پایه‌ای تنبیه","id":"905","contentorder":"4","lesson_number":4,"type":0,"filename":"lesson905.html"},{"name":"درس پنجم- اجتناب از برخی روش‌ها","id":"906","contentorder":"5","lesson_number":5,"type":0,"filename":"lesson906.html"},{"name":"درس ششم- اجتناب از برخی روش‌ها- ادامه","id":"907","contentorder":"6","lesson_number":6,"type":0,"filename":"lesson907.html"},{"name":"دیسیپلین","id":"1505","contentorder":"7","type":1,"set":[{"score":"60","questions":[{"id":"6462","description":"چگونه رفتاری در کودک تشویق یا تقویت می‌شود؟","answers":[{"id":"24597","description":"هر گونه رفتاری که توجه والدین را به خود جلب کند و باعث عکس‌العملی از طرف آنان شود.","iscorrect":1},{"id":"24598","description":"رفتاری که والدین دوست داشته باشند.","iscorrect":0},{"id":"24599","description":"رفتاری که همراه با گریه کودک باشد.","iscorrect":0},{"id":"24600","description":"رفتاری که همراه با شادی و خنده باشد.","iscorrect":0}]},{"id":"6463","description":"مهم‌ترین وجه تربیت کودکان چیست؟","answers":[{"id":"24601","description":"کم‌محلی","iscorrect":0},{"id":"24602","description":"تنبیه","iscorrect":0},{"id":"24603","description":"کتاب خواندن برای او","iscorrect":0},{"id":"24604","description":"تشویق مثبت","iscorrect":1}]},{"id":"6465","description":"چرا به هنگام آموزش کاری به کودک باید از تنبیه کردن اون اجتناب کرد؟","answers":[{"id":"24605","description":"زيرا تنها اثر واقعی آن، از بين بردن يك عكس‌العمل به صورت موقت است.","iscorrect":0},{"id":"24606","description":"زیرا آن رفتاری كه به خاطر آن كودك را تنبيه كرده‌ايم، به طور دائمی از بين نمی‌رود.","iscorrect":0},{"id":"24607","description":"زیرا هر بار كه او را تنبيه می‌كنيم به او می‌آموزيم كه از ما متنفر شود و بترسد.","iscorrect":0},{"id":"24608","description":"همه موارد بالا","iscorrect":1}]},{"id":"6466","description":"فایده خودانگارهای مثبت و قوی در کودک چیست؟","answers":[{"id":"24609","description":"دیگران او را دوست خواهند داشت.","iscorrect":0},{"id":"24610","description":"کودک با هوش‌تر می‌شود.","iscorrect":0},{"id":"24611","description":"در صورت داشتن خودانگاره‌ای قوی و مثبت کودک نه تنها در مدرسه بلكه در سرتاسر زندگی‌اش موفق خواهد شد.","iscorrect":1},{"id":"24612","description":"هیچ کدام.","iscorrect":0}]},{"id":"6467","description":"اگر بخواهیم کودک دیگر عملی را انجام ندهد چه کار کنیم؟","answers":[{"id":"24613","description":"باید او را نصیحت کنیم.","iscorrect":0},{"id":"24614","description":"باید از او بخواهیم که دیگر آن کار را تکرار نکند در غیر این صورت تنبیه می‌شود.","iscorrect":0},{"id":"24615","description":"باید او را تنبیه کنیم.","iscorrect":0},{"id":"24616","description":"اصلا به كارش توجهی نكنيم.","iscorrect":1}]}]},{"score":"60","questions":[{"id":"6468","description":"چه چیزی موجب رشد خودانگاره‌ایقویدر کودک می‌شود؟","answers":[{"id":"24617","description":"فراهم کردن امکان عبرت گرفتن کودک از نتايج طبيعی اعمالش.","iscorrect":0},{"id":"24618","description":"اجازه دادن به کودک که در هر مرحله از رشدش به تفحص در محيطش بپردازد و به محض آن كه امكانش وجود دارد خود را اداره كند.","iscorrect":0},{"id":"24619","description":"اعتماد كردن به قدرت بسيار نيرومند تقليد ناخودآگاه، عامل بسيار مهمی در شكل‌گيری خودانگاره مثبت در كودک است.","iscorrect":0},{"id":"24620","description":"همه موارد بالا","iscorrect":1}]},{"id":"6469","description":"در آموزش دیسیپلین به کودک از چه روش‌هایی برای تنبیه او می‌توان استفاده کرد؟","answers":[{"id":"24622","description":"می‌توان كودك را از چيزیكه به آن علاقه‌مند است محروم کرد.","iscorrect":0},{"id":"24623","description":"اگر هنگامیكه خرابكاریاو را كشف میكنيم خيلیعصباني هستيم، میتوانيم بلافاصله يکدرلنبری به او بزنيم.","iscorrect":0},{"id":"24624","description":"می‌توان كودك را از جمع كنار گذاشت و يا او را به اتاقش فرستاد.","iscorrect":0},{"id":"24625","description":"در آموزش دیسیپلین به کودک از چه روش‌هایی برای تنبیه او میتوان استفاده کرد؟","iscorrect":0},{"id":"24626","description":"همه موارد بالا","iscorrect":1}]},{"id":"6470","description":"نتایج مصنوعی‌ که برای تنبیه عملی بد ایجاد می‌کنیم باید چگونه باشد؟","answers":[{"id":"24627","description":"نتايج مصنوعی بايد به اندازه كافی معقول باشد.","iscorrect":0},{"id":"24628","description":"اگر كودک را از چيزی محروم می‌كنيم مدت اين محرومیت بايد منطقی باشد.","iscorrect":0},{"id":"24629","description":"هيچ‌گاه نباید کودک رابا محروم كردن از چيزی كه برايش خيلی مهم است تنبيه کرد.","iscorrect":0},{"id":"24630","description":"همه موارد بالا","iscorrect":1}]},{"id":"6471","description":"در هر آموزشی (و از جمله آموزش دیسیپلین) به کودک از چه چیزی باید اجتناب کرد؟","answers":[{"id":"24631","description":"تهدید کودک","iscorrect":0},{"id":"24632","description":"تحقیر کودک","iscorrect":0},{"id":"24633","description":"تطمیع کودک","iscorrect":0},{"id":"24634","description":"همه موارد بالا","iscorrect":1}]},{"id":"6472","description":"یک رفتار کودک چگونه تشویق و تقویت می‌شود؟","answers":[{"id":"24635","description":"هر گونه رفتاری که توچه والدین را به خود جلب کند و یا باعث ایجاد عکس‌العملی از طرف آنان شود.","iscorrect":1},{"id":"24636","description":"رفتاری که والدین دوست داشته باشند.","iscorrect":0},{"id":"24637","description":"رفتاری که با شادی همراه باشد.","iscorrect":0},{"id":"24638","description":"رفتاری که با گریه کودک همراه باشد.","iscorrect":0}]}]}]},{"name":"درس هفتم- فرزند شما و خشونت","id":"908","contentorder":"8","lesson_number":7,"type":0,"filename":"lesson908.html"},{"name":"درس هشتم- خشونت-ادامه","id":"909","contentorder":"9","lesson_number":8,"type":0,"filename":"lesson909.html"},{"name":"خشونت","id":"1507","contentorder":"10","type":1,"set":[{"score":"60","questions":[{"id":"6483","description":"گذشت زیاد و ناز پرورده بار آوردن کودک چه نتایجی دارد؟","answers":[{"id":"24645","description":"چنين رفتاری به کودک این گونه القا می‌کند كه تمام قوانين قابل انعطاف هستند و با كمی پافشاری می‌توان آن‌ها را زير پا گذاشت.","iscorrect":0},{"id":"24646","description":"چنین رفتاری در تماس با دنيای خارج از خانواده كودکرا دچار مسائل دردناكیخواهد كرد.","iscorrect":0},{"id":"24647","description":"چنین رفتاری با كودک معادل از بين بردن شانس او برای تبديل شدن به انسانی مستقل است كه قادر به اداره خود باشد.","iscorrect":0},{"id":"24648","description":"همه موارد بالا","iscorrect":1}]},{"id":"6484","description":"برای این‌که فرزندمان خشن نشوند چه کار باید بکنیم؟","answers":[{"id":"24649","description":"کاری در این زمینه از دست ما بر نمی‌آید. خشونت در ذات بعضی از آدم‌هاست.","iscorrect":0},{"id":"24650","description":"می‌توانیم به فرزندمان بیاموزیم اعمالش را کنترل کند و مانع از انجام دادن اعمال خشونت‌آمیز او شویم.","iscorrect":1},{"id":"24651","description":"هر وقت کار خشونت‌آمیزی کرد او را تنبیه کنیم.","iscorrect":0},{"id":"24652","description":"اجازه بروز خشم را ندهیم.","iscorrect":0}]},{"id":"6485","description":"سرزنش کردن کودک چه نتایجی می‌تواند داشته باشد؟","answers":[{"id":"24653","description":"سرزنش‌های شفاهی اثر بسيار کمی رویرفتار كودك دارد. تنها تاثیرش اين است كه تيشه به ريشه خودانگاره او می‌زند.","iscorrect":0},{"id":"24654","description":"می‌تواند موجب ایجاد احساس گناه در کودک شود.","iscorrect":0},{"id":"24655","description":"از آنجايی كه کودک كاملا نمی‌تواند صدا را قطع كند، آن را ضبط می‌كند و به اين ترتيب به خودانگاره‌اش لطمه زيادی وارد می‌شود.","iscorrect":0},{"id":"24656","description":"همه موارد بالا","iscorrect":1}]},{"id":"6486","description":"کودک خشونت را چگونه می‌آموزد؟","answers":[{"id":"24657","description":"برخی از انسان‌ها به طور مادرزادی خشن هستند.","iscorrect":0},{"id":"24658","description":"دیدن فیلم و کارتن‌های خشن.","iscorrect":0},{"id":"24659","description":"از طریق تقلید و همانندسازی خشونت را می‌آموزد. طفل آن کاری را می‌کند که می‌بیند.","iscorrect":1},{"id":"24660","description":"همه موارد بالا","iscorrect":0}]},{"id":"6487","description":"چگونه مانع بروز اعمال خشونت‌آميز فرزندانمان برای حل مسایلی شویم که در رابطه با دیگران برايشان پیش می‌آید؟","answers":[{"id":"24661","description":"عدم گذشت در مقابل اعمال خشونت‌آميزش و اعمال محدوديت‌های مشخص و محكم در مقابل اعمال خشونت‌بار او.","iscorrect":0},{"id":"24662","description":"منع كردن بعضی از اعمال مانند کتک زدن دیگران یا رفتار ستمگرانه با حيوانات","iscorrect":0},{"id":"24663","description":"نبايد گذاشت كه از كيف مادرشان پول بردارند و از فروشگاه‌ها چيزی كش بروند.","iscorrect":0},{"id":"24664","description":"همه موارد بالا","iscorrect":1}]}]},{"score":"60","questions":[{"id":"6488","description":"چه فرقی بین اعمال خشونت‌آمیز و احساسات خشونت‌آمیز وجود دارد؟","answers":[{"id":"24665","description":"هیچ فرقی با هم ندارند.","iscorrect":0},{"id":"24666","description":"انجام اعمال خشونت‌آمیز را می‌توان کنترل کرد ولی بروز احساسات خشونت‌آمیز را نمی‌توان کنترل کرد.","iscorrect":1},{"id":"24667","description":"احساسات خشونت‌آمیز را می‌توان کنترل کرد ولی اعمال خشونت آمیز را نمی‌توان کنترل کرد.","iscorrect":0},{"id":"24668","description":"هیچ‌کدام","iscorrect":0}]},{"id":"6489","description":"در چه صورتی کودکان خشن می‌شوند؟","answers":[{"id":"24669","description":"وقتی والدین نتوانند احتیاجات روحی و روانی آنان را برطرف کنند و خشم و خشونت را به آن‌ها القا کنند.","iscorrect":0},{"id":"24670","description":"وقتی که از والدین خشن خود تقلید کنند.","iscorrect":0},{"id":"24671","description":"وقتی که به آن‌ها اجازه تخلیه احساسات خشونت‌آمیزشان داده نشود.","iscorrect":0},{"id":"24672","description":"همه موارد بالا","iscorrect":1}]},{"id":"6490","description":"آیا داشتن اسلحه‌های خطرناک در خانه ربطی به آموزش خشونت به کودکان دارد؟","answers":[{"id":"24673","description":"بله، وجود چنین اسلحه‌هایی تحریکی دائمی برای خشونت است.","iscorrect":1},{"id":"24674","description":"کودکان خردسال اصلا متوجه چنین اسلحه‌هایی نمی‌شوند.","iscorrect":0},{"id":"24675","description":"خیر.","iscorrect":0},{"id":"24676","description":"هیچ‌کدام","iscorrect":0}]},{"id":"6491","description":"برای اینکه فرزندانمان تبدیل به افراد خشنی نشوند چه کار می‌توانیم بکنیم؟","answers":[{"id":"24677","description":"اجازه بروز خشمشان را ندهیم.","iscorrect":1},{"id":"24678","description":"هر وقت کار خشونت‌آمیزی کردند آن‌ها را تنبیه کنیم.","iscorrect":0},{"id":"24679","description":"به آن‌ها بیاموزیم اعمالشان را کنترل کنند و مانع از انجام دادن اعمال خشونت‌آمیز آن‌ها شویم.","iscorrect":0},{"id":"24680","description":"کاری در این زمینه از دست ما بر نمی‌آید، خشونت در ذات بعضی از آدم‌هاست.","iscorrect":0}]},{"id":"6492","description":"کودک خشونت را چگونه می‌آموزد؟","answers":[{"id":"24681","description":"برخی از آدم‌ها به طور مادرزاد خشن هستند.","iscorrect":0},{"id":"24682","description":"دیدن فیلم‌ها و کارتن‌های خشن.","iscorrect":0},{"id":"24683","description":"کودک از طریق تقلید و همانند سازی خشونت را می‌آموزد. طفل آن کاری را می‌کند که می‌بیند.","iscorrect":1},{"id":"24684","description":"همه موارد بالا","iscorrect":0}]}]}]},{"name":"درس نهم- قابلیت‌های اساسی برای یادگیری","id":"910","contentorder":"11","lesson_number":9,"type":0,"filename":"lesson910.html"},{"name":"درس دهم- فکر کردن دست راست","id":"911","contentorder":"12","lesson_number":10,"type":0,"filename":"lesson911.html"},{"name":"درس یازدهم- فکر کردن دست چپ","id":"916","contentorder":"13","lesson_number":11,"type":0,"filename":"lesson916.html"},{"name":"درس دوازدهم- چگونه رشد زبان را در كودک برانگيزيم؟","id":"917","contentorder":"14","lesson_number":12,"type":0,"filename":"lesson917.html"},{"name":"درس سیزدهم- اسباب‌بازی‌های خوب","id":"918","contentorder":"15","lesson_number":13,"type":0,"filename":"lesson918.html"},{"name":"درس چهاردهم- جمع‌بندی و مروری بر دوره","id":"920","contentorder":"16","lesson_number":14,"type":0,"filename":"lesson920.html"},{"name":"قابلیت‌های اساسی برای یادگیری","id":"1511","contentorder":"17","type":1,"set":[{"score":"60","questions":[{"id":"6513","description":"گذشت زیاد و ناز پرورده بار آوردن کودک چه نتایجی دارد؟","answers":[{"id":"24745","description":"چنين رفتاری به کودک این گونه الغا می‌کند كه تمام قوانين قابل انعطاف هستند و با كمی پافشاری می‌توان آنها را زير پا گذاشت.","iscorrect":0},{"id":"24746","description":"چنین رفتاری در تماس با دنيای خارج از خانواده كودک را دچار مسائل دردناكی خواهد كرد.","iscorrect":0},{"id":"24747","description":"چنین رفتاری با كودك معادل از بين بردن شانس او برای تبديل شدن به انسانی مستقل است كه قادر به اداره خود باشد.","iscorrect":0},{"id":"24748","description":"همه موارد بالا","iscorrect":1}]},{"id":"6514","description":"سرزنش کردن کودک چه نتایجی می‌تواند داشته باشد؟","answers":[{"id":"24749","description":"سرزنش‌های شفاهی اثر بسيار کمی روی رفتار كودك دارد. تنها تاثیرش اين است كه تيشه به ريشه خودانگاره او می‌زند.","iscorrect":0},{"id":"24750","description":"می‌تواند موجب ایجاد احساس گناه در کودک شود.","iscorrect":0},{"id":"24751","description":"از آنجایی كه کودک كاملا نمی‌تواند صدا را قطع كند، آن را ضبط می‌كند و به اين ترتيب به خودانگاره‌اش لطمه زيادی وارد می‌شود.","iscorrect":0},{"id":"24752","description":"همه موارد بالا","iscorrect":1}]},{"id":"6515","description":"چه کنیم که فرزندانمان اشخاص بالغ خشنی نشوند؟","answers":[{"id":"24753","description":"ما نمی‌توانیم در این مورد کاری بکنیم، خشونت در ذات بعضی از آدم‌هاست.","iscorrect":0},{"id":"24754","description":"می‌توانيم به فرزندانمان بياموزيم اعمالشان را كنترل كنند و مانع از انجام دادن اعمال خشونت‌آميز آنها شویم.","iscorrect":1},{"id":"24755","description":"هر وقت کار خشونت‌آمیزی کردند آنها را تنبیه کنیم.","iscorrect":0},{"id":"24756","description":"اجازه بروز خشم‌شان را ندهیم.","iscorrect":0}]},{"id":"6516","description":"کودک خشونت را چگونه می‌آموزد؟","answers":[{"id":"24757","description":"برخی از انسان‌ها به طور مادرزادی خشن هستند.","iscorrect":0},{"id":"24758","description":"دیدن فیلم‌ها و کارتون‌های خشن.","iscorrect":0},{"id":"24759","description":"كودک از طريق تقليد و همانندسازی خشونت را می‌آموزد. طفل آن كاری را می‌كند كه می‌بيند.","iscorrect":1},{"id":"24760","description":"همه موارد بالا","iscorrect":0}]},{"id":"6517","description":"چگونه مانع بروز اعمال خشونت‌آميز فرزندانمان برای حل مسائلی شویم که در رابطه با دیگران برايشان پیش می‌آید؟","answers":[{"id":"24761","description":"عدم گذشت در مقابل اعمال خشونت‌آميزش و اِعمال محدوديت‌های مشخص و محكم در مقابل اعمال خشونت‌بار او.","iscorrect":0},{"id":"24762","description":"منع كردن بعضی از اعمال مانند کتک زدن دیگران یا رفتار ستمگرانه با حيوانات .","iscorrect":0},{"id":"24763","description":"نبايد گذاشت كه از كيف مادرشان پول بردارند و از فروشگاهها چيزي كِش بروند.","iscorrect":0},{"id":"24764","description":"همه موارد بالا","iscorrect":1}]}]},{"score":"60","questions":[{"id":"6518","description":"چه فرقی بين احساسات خشونت‌آميز و اعمال خشونت‌آميز وجود دارد؟","answers":[{"id":"24765","description":"هیچ فرقی ندارد.","iscorrect":0},{"id":"24766","description":"انجام اعمال خشونت آمیز را می‌توان کنترل کرد ولی بروز احساسات خشونت آمیز را نمی‌توان.","iscorrect":1},{"id":"24767","description":"احساسات خشونت آمیز را می‌توان کنترل کرد ولی اعمال خشونت آمیز را نمی‌توان.","iscorrect":0},{"id":"24768","description":"هیچ‌کدام","iscorrect":0}]},{"id":"6519","description":"فرق کودک پرخاشگر و خشن چیست؟","answers":[{"id":"24769","description":"هیچ فرقی ندارند.","iscorrect":0},{"id":"24770","description":"این‌ها دو مفهوم متفاوت هستند. معنی مخالف خشن آرام است. معنی مخالف پرخاشگر منفعل است.","iscorrect":1},{"id":"24771","description":"پرخاشگر مقدمه خشونت است.","iscorrect":0},{"id":"24772","description":"کودکان پرخاشگر کودکان لوسی هستند ولی کودکان خشن نه.","iscorrect":0}]},{"id":"6520","description":"آیا کودکان خشونت را با دیدن صحنه‌های خشونت‌بار در تلویزیون یاد می‌گیرند؟","answers":[{"id":"24773","description":"بله","iscorrect":0},{"id":"24774","description":"خیر، خشونت مادرزادی است.","iscorrect":0},{"id":"24775","description":"گاهی","iscorrect":0},{"id":"24776","description":"خیر، کودکان با تقلید از کارهای خشونت‌بار والدینشان خشونت را می‌آموزند.","iscorrect":1}]},{"id":"6521","description":"در چه صورت کودکان خشن می‌شوند؟","answers":[{"id":"24777","description":"وقتی كه والدين نتوانند احتياجات روحی و روانی آنان را برطرف كنند و خشم و خشونت را به آن‌ها القا كنند.","iscorrect":0},{"id":"24778","description":"وقتی كه از والدين خشن خود تقليد كنند.","iscorrect":0},{"id":"24779","description":"وقتی كه به آنها اجازه تخليه احساسات خشونت‌آميزشان داده نشود.","iscorrect":0},{"id":"24780","description":"همه موارد بالا.","iscorrect":1}]},{"id":"6522","description":"آیا داشتن اسلحه‌های خطرناک در خانه ربطی به آموزش خشونت به کودکان دارد؟","answers":[{"id":"24781","description":"بله، وجود چنین اسلحه‌هایی تحریکی دائمی برای خشونت است.","iscorrect":1},{"id":"24782","description":"کودکان خردسال اصلا متوجه چنین اسلحه‌هایی نمی‌شوند.","iscorrect":0},{"id":"24783","description":"خیر","iscorrect":0},{"id":"24784","description":"هیچ‌کدام","iscorrect":0}]}]}]},{"name":"آزمون نهایی روانشناسی کودک ۲","id":"1513","contentorder":"18","type":1,"set":[{"score":"60","questions":[{"id":"6523","description":"سرزنش کودک چه نتایجی می‌تواند داشته باشد؟","answers":[{"id":"24785","description":"سرزنشهای شفاهی اثر بسيار کمی روی بهبود رفتار كودك دارد. تنها تاثیرش اين است كه تيشه به ريشه خودانگاره او می‌زند.","iscorrect":0},{"id":"24786","description":"می‌تواند موجب ایجاد احساس گناه در کودک شود.","iscorrect":0},{"id":"24787","description":"از آنجا كه کودک كاملا نمی‌تواند صدا را قطع كند، آن را ضبط می‌كند و به اين ترتيب به خودانگارهاش لطمه زيادی وارد می‌شود.","iscorrect":0},{"id":"24788","description":"همه موارد بالا","iscorrect":1}]},{"id":"6524","description":"چگونه یک رفتار تشویق یا تقویت می‌شود؟","answers":[{"id":"24789","description":"هرگونه رفتاری که توجه والدین را به خود جلب کند و یا باعث ایجاد عکس‌العملی از طرف آن‌ها شود.","iscorrect":1},{"id":"24790","description":"رفتاری که والدین دوست داشته باشند.","iscorrect":0},{"id":"24791","description":"رفتاری که همراه با شادی کودک باشد.","iscorrect":0},{"id":"24792","description":"رفتاری که همراه با گریه کودک باشد.","iscorrect":0}]},{"id":"6525","description":"گذشت زیاد و ناز پرورده بار آوردن کودک چه نتیجه‌ای دارد؟","answers":[{"id":"24793","description":"کودک لوس می‌شود.","iscorrect":0},{"id":"24794","description":"چنين رفتاری به کودک این گونه القا می‌کند كه تمام قوانين قابل انعطاف هستند و با كمی پافشاری می‌توان آنها را زير پا گذاشت.","iscorrect":0},{"id":"24795","description":"در تماس با دنيای خارج از خانواده كودك را دچار مسائل دردناكی خواهد كرد.","iscorrect":0},{"id":"24796","description":"همه موارد بالا.","iscorrect":1}]},{"id":"6526","description":"هدف از آموختن دیسیپلین به کودک چیست؟","answers":[{"id":"24797","description":"او کودک مودبی شود.","iscorrect":0},{"id":"24798","description":"تبدیل او به فردی که قادر به تسلط بر خود باشد.","iscorrect":1},{"id":"24799","description":"اطلاعت از والدین","iscorrect":0},{"id":"24800","description":"هیچ‌کدام","iscorrect":0}]},{"id":"6527","description":"نتیجه فراهم آوردن امکان عبرت گرفتن کودک از نتایج طبیعی اعمالش چیست؟","answers":[{"id":"24801","description":"دیگر هیچ کار بدی نمی‌کند.","iscorrect":0},{"id":"24802","description":"یاد می‌گیرد که چه کارهایی را بکند.","iscorrect":0},{"id":"24803","description":"کمک به او در کسب خود‌انگاره‌ای قوی","iscorrect":1},{"id":"24804","description":"هیچ‌کدام","iscorrect":0}]},{"id":"6528","description":"چگونه مانع بروز اعمال خشونت‌آميز فرزندانمان برای حل مسائلی شویم که در رابطه با دیگران برايشان پیش می‌آید؟","answers":[{"id":"24806","description":"عدم گذشت در مقابل اعمال خشونت‌آميزش و اعمال محدوديت‌های مشخص و محكم در مقابل اعمال خشونت‌بار او.","iscorrect":0},{"id":"24807","description":"منع انجام بعضي از اعمال مانند کتک زدن دیگران یا رفتار ستمگرانه با حيوانات .","iscorrect":0},{"id":"24808","description":"نبايد گذاشت از كيف مادرشان پول بردارند و یا از فروشگاه‌ها چيزی كِش بروند.","iscorrect":0},{"id":"24809","description":"همه موارد بالا.","iscorrect":1}]},{"id":"6529","description":"چرا گاهی مجبوريم نتايج مصنوعی نامطبوعی برای عمل بد کودک ايجاد كنيم تا آن را مجازات كنيم؟","answers":[{"id":"24810","description":"زیرا نتايج طبيعی اعمال بد كودك ممکن است مطبوع باشند و او را به تغییر روش عملش ترغیب نکنند.","iscorrect":1},{"id":"24811","description":"برای اینکه بفهمد باید رعایت حال دیگران را بکند.","iscorrect":0},{"id":"24812","description":"برای اینکه بفهمد باید منظم باشد.","iscorrect":0},{"id":"24813","description":"برای آماده کردن او برای همکاری با بچه‌های دیگر.","iscorrect":0}]},{"id":"6530","description":"چه چیزی موجب رشد خودانگاره‌ای قوی در کودک می‌شود؟","answers":[{"id":"24814","description":"فراهم کردن امکان عبرت گرفتن کودک از نتایج طبیعی اعمالش.","iscorrect":0},{"id":"24815","description":"اجازه دادن به کودک در هر مرحله از رشدش به تفحص در محیطش بپردازد و به محض آن که امکانش وجود دارد خود را اداره کند.","iscorrect":0},{"id":"24816","description":"اعتماد كردن به قدرت بسيار نيرومند تقليد ناخودآگاه، عامل بسيار مهمی در شكلگيری خودانگاره مثبت در كودک است.","iscorrect":0},{"id":"24817","description":"همه موارد","iscorrect":1}]},{"id":"6531","description":"برای اینکه فرزندمان به حداکثر رشد هوشی خود برسد چه کار میتوانیم بکنیم؟","answers":[{"id":"24818","description":"در پنج سال اول زندگیش او را در معرض انگیزش‌های ذهنی و عاطفی قرار دهیم.","iscorrect":0},{"id":"24819","description":"به او بیاموزیم که کتاب را دوست بدارد.","iscorrect":0},{"id":"24820","description":"با او بازی‌هایی بکنیم که ذهن منطقی و ریاضی را در او رشد دهد. ","iscorrect":0},{"id":"24821","description":"همه موارد بالا.","iscorrect":1}]},{"id":"6532","description":"برای آموزش فکر کردن منطقی و تحليلی - فكر كردن دست راست - به فرزندانمان چه کار می‌توانیم بکنیم؟","answers":[{"id":"24822","description":"می‌توانيم مواد اوليه و خام برای اين كار را، كه مهمترين‌شان مواد لازم برای انجام تجربيات مربوط به حواس است در اختيارش بگذاريم.","iscorrect":1},{"id":"24823","description":"فکر کردن را نمی‌توان به کسی آموخت.","iscorrect":0},{"id":"24824","description":"برایش کتاب بخوانیم.","iscorrect":0},{"id":"24825","description":"با او زیاد صحبت کنیم.","iscorrect":0}]}]},{"score":"60","questions":[{"id":"6533","description":"در آموزش دیسیپلین از چه روش‌هایی باید اجتناب کرد؟","answers":[{"id":"24826","description":"تحقیر و تهدید کردن.","iscorrect":0},{"id":"24827","description":"تطمیع و حمایت زیاده از حد کردن","iscorrect":0},{"id":"24828","description":"زیاد حرف زدن و توقع اطاعت كوركورانه و بلافاصله از كودک داشتن.","iscorrect":0},{"id":"24829","description":"همه موارد بالا.","iscorrect":1}]},{"id":"6534","description":"چرا تنبیه کودک بايد تا آنجا كه ممكن است در رابطه با رفتاری باشد كه موجب آن شده است؟","answers":[{"id":"24830","description":"تنبیه کودک در هر حالتی کاری اشتباه است.","iscorrect":0},{"id":"24831","description":"این موضوع درست نیست و ما همیشه می‌توانیم با کتک زدن، کودک را تنبیه کنیم.","iscorrect":0},{"id":"24832","description":"زیرا در این صورت او منطق و درستی تنبيه را درک خواهد كرد.","iscorrect":1},{"id":"24833","description":"هیچ کدام. ","iscorrect":0}]},{"id":"6535","description":"چگونه مانع بروز اعمال خشونت‌آميز فرزندانمان برای حل مسایلی شویم که در رابطه با دیگران برايشان پیش می‌آید؟","answers":[{"id":"24834","description":"عدم گذشت در مقابل اعمال خشونت‌آميزش و اعمال محدوديتهایمشخص و محكم در مقابل اعمال خشونت‌بار او","iscorrect":0},{"id":"24835","description":"منع كردن بعضی از اعمال مانند کتک زدن دیگران یا رفتار ستمگرانه با حيوانات","iscorrect":0},{"id":"24836","description":"نبايد گذاشت كه از كيف مادرشان پول بردارند و از فروشگاهها چيزی كِش بروند.","iscorrect":0},{"id":"24837","description":"همه موارد بالا.","iscorrect":1}]},{"id":"6536","description":"چه فرقی میان احساسات خشونت‌آميز و اعمال خشونت‌آميز وجود دارد؟","answers":[{"id":"24838","description":"هیچ فرقی ندارند.","iscorrect":0},{"id":"24839","description":"انجام اعمال خشونت آمیز را می‌توان کنترل کرد ولی بروز احساسات خشونت آمیز را نمیتوان.","iscorrect":1},{"id":"24840","description":"احساسات خشونت آمیز را می‌توان کنترل کرد ولی اعمال خشونت آمیز را نمی‌توان.","iscorrect":0},{"id":"24841","description":"هیچ کدام.","iscorrect":0}]},{"id":"6537","description":"در چه صورت کودکان خشن می‌شوند؟","answers":[{"id":"24842","description":"وقتی كه والدين نتوانند احتياجات روحی روانی آنان را برطرف كنند و خشم و خشونت را به آنها القا كنند.","iscorrect":0},{"id":"24843","description":"وقتی كه از والدين خشن خود تقليد كنند.","iscorrect":0},{"id":"24844","description":"وقتی كه به آنها اجازه تخليه احساسات خشونت‌آميزشان داده نشود.","iscorrect":0},{"id":"24845","description":"همه موارد بالا.","iscorrect":1}]},{"id":"6538","description":"چه چیزی موجب رشد خودانگاره‌ای قوی در کودک می‌شود؟","answers":[{"id":"24846","description":"فراهم کردن امکان عبرت گرفتن کودک از نتايج طبيعی اعمالش.","iscorrect":0},{"id":"24847","description":"اجازه دادن به کودک که در هر مرحله از رشدش به تفحص در محيطش بپردازد و به محض آن كه امكانش وجود دارد خود را اداره كند.","iscorrect":0},{"id":"24848","description":"اعتماد كردن به قدرت بسيار نيرومند تقليد ناخودآگاه، عامل بسيار مهمی در شكلگيری خودانگاره مثبت در كودک است.","iscorrect":0},{"id":"24849","description":"همه موارد بالا.","iscorrect":1}]},{"id":"6539","description":"به نظر برخی از روانشناسان، کودک ۵۰٪ از هوش خود را تا چه سنی کسب می‌کند؟","answers":[{"id":"24850","description":"پيش از سن چهار سالگی.","iscorrect":1},{"id":"24851","description":"تا دوازده سالگی.","iscorrect":0},{"id":"24852","description":"تا هجده سالگی.","iscorrect":0},{"id":"24853","description":"هیچ کدام.","iscorrect":0}]},{"id":"6540","description":"چگونه یک رفتاری تشویق یا تقویت می‌شود؟","answers":[{"id":"24854","description":"هر گونه رفتاری كه توجه والدين را به خود جلب كند و يا باعث ايجاد عكس‌العملی‌ از طرف آنان شود.","iscorrect":1},{"id":"24855","description":"رفتاری که والدین دوست داشته باشند.","iscorrect":0},{"id":"24856","description":"رفتاری که همراه با شادی باشد.","iscorrect":0},{"id":"24857","description":"رفتاری که همراه با گریه کودک باشد.","iscorrect":0}]},{"id":"6541","description":"اساس اسباب‌بازيهایی كه بازی كردن با آن‌ها می‌تواند فكر مجرد را نزد فرزندتان رشد دهد چیست؟","answers":[{"id":"24858","description":"اسباب‌بازيهایی كودک را آزاد می‌گذارد خود كشف كند اسباب‌بازی‌ چيست.","iscorrect":1},{"id":"24859","description":"کودک تنها با کمک والدینش می‌تواند از این اسباب بازی‌ها استفاده کند.","iscorrect":0},{"id":"24860","description":"کودک در هر سنی قادر به بازی کردن با این گونه اسباب بازی‌هاست.","iscorrect":0},{"id":"24861","description":"هیچ کدام.","iscorrect":0}]},{"id":"6542","description":"برای آموزش فکر کردن منطقی و تحليلی - فكر كردن دست راست - به فرزندانمان چه کار می‌توانیم بکنیم؟","answers":[{"id":"24862","description":"می‌توانيم مواد اوليه و خام برای اين كار را، كه مهم‌ترينشان مواد لازم برای انجام تجربيات مربوط به حواس است در اختيارش بگذاريم.","iscorrect":1},{"id":"24863","description":"فکر کردن را نمی‌توان به کسی آموخت.","iscorrect":0},{"id":"24864","description":"یرایش کتاب بخوانیم.","iscorrect":0},{"id":"24865","description":"با او زیاد صحبت کنیم.","iscorrect":0}]}]}]}]}