{"courseId":"78","contents":[{"name":"مقدمه","id":"548","contentorder":"1","lesson_number":1,"type":0,"filename":"lesson548.html"},{"name":"درس اول- آشنایی کلی با فایندر، منو بار و داک","id":"549","contentorder":"2","lesson_number":2,"type":0,"filename":"lesson549.html"},{"name":"آشنایی کلی با فایندر، منو بار و داک","id":"906","contentorder":"4","type":1,"set":[{"score":"60","questions":[{"id":"3568","description":"آخرین نسخه از سیستم عامل های دسکتاپ اپل که در گروه Mac OS X عرضه شده کدام است؟","answers":[{"id":"13503","description":"Leopard","iscorrect":0},{"id":"13504","description":"Snow Leopard","iscorrect":0},{"id":"13505","description":"Lion","iscorrect":1},{"id":"13506","description":"Mountain Lion","iscorrect":0}]},{"id":"3567","description":"صحیح ترین پاسخ در رابطه با «منوبار» در مک چیست؟","answers":[{"id":"13502","description":"منوی اپل در آن قرار دارد.","iscorrect":0},{"id":"13501","description":"محلی برای نمایش منوی برنامه ها و معادل Tray Icons در ویندوز است.","iscorrect":1},{"id":"13500","description":"محلی برای نمایش آیکون های فعال است.","iscorrect":0},{"id":"13499","description":"بخش نمایش منوهای اپلیکیشن سافاری را گویند.","iscorrect":0}]},{"id":"3565","description":"هکینتاش چیست؟","answers":[{"id":"13494","description":"مجموعه روش هایی برای نصب سیستم عامل مک بر روی PC به حساب می آید.","iscorrect":1},{"id":"13493","description":"از نرم افزارهای هک در مک است.","iscorrect":0},{"id":"13492","description":"روشی برای نصب مک است.","iscorrect":0},{"id":"13491","description":"از نسخه های اولیه سیستم عامل مک که در روزهای اولیه تاسیس شرکت اپل ساخته و عرضه شد.","iscorrect":0}]},{"id":"3566","description":"کاربرد داک چیست و معادل کدام بخش در ویندوز است؟","answers":[{"id":"13498","description":"جنبه زیبایی دارد و معادل Sidebar در ویندوز است.","iscorrect":0},{"id":"13497","description":"وظیفه اش نمایش آیکون نرم افزارهای فعال است و ساعت را هم نمایش می دهد.","iscorrect":0},{"id":"13496","description":"اتاقچه ای برای آیکون نرم افزارها در مک است و معادل Taskbar در ویندوز است.","iscorrect":1},{"id":"13495","description":"کاربرد خاصی ندارد و معادل آیکون ها در ویندوز است.","iscorrect":0}]},{"id":"3564","description":"کدام بخش معادل Control Panel در ویندوز است؟","answers":[{"id":"13489","description":"System Preferences","iscorrect":1},{"id":"13490","description":"Finder","iscorrect":0},{"id":"13487","description":"Preferences","iscorrect":0},{"id":"13488","description":"Mission Control","iscorrect":0}]}]},{"score":"60","questions":[{"id":"3571","description":"آیا سیستم عامل مک در مقایسه با ویندوز صد در صد امن تر است؟","answers":[{"id":"13518","description":"بله؛ چون ویروس ندارد، اما ویندوز ممکن است ویروسی شود.","iscorrect":0},{"id":"13519","description":"خیر؛ اما هسته قدرتمندی دارد و در مقایسه با ویندوز امن تر است.","iscorrect":1},{"id":"13517","description":"خیر؛ هیچ سیستم عاملی صد در صد امن نیست.","iscorrect":0},{"id":"13516","description":"بله؛ چون هسته قدرتمندی دارد و به همین خاطر تعداد کاربرانش بیشتر از ویندوز است.","iscorrect":0}]},{"id":"3572","description":"چه پوشه هایی به صورت پیش فرض در داک مک وجود دارند؟","answers":[{"id":"13524","description":"موارد دوم و چهارم","iscorrect":1},{"id":"13523","description":"Downloads","iscorrect":0},{"id":"13520","description":"Desktop","iscorrect":0},{"id":"13521","description":"Applications","iscorrect":0},{"id":"13522","description":"My Document","iscorrect":0}]},{"id":"3573","description":"هسته اولیه سیستم عامل کامپیوترهای اپل چیست؟","answers":[{"id":"13528","description":"Lion","iscorrect":0},{"id":"13525","description":"Cheetah","iscorrect":0},{"id":"13526","description":"Unix","iscorrect":1},{"id":"13527","description":"Linux","iscorrect":0}]},{"id":"3570","description":"طبق متن درس، کدام گزینه مک معادل Task Manager در ویندوز است؟","answers":[{"id":"13515","description":"Quick Look","iscorrect":0},{"id":"13511","description":"Force Quit","iscorrect":1},{"id":"13512","description":"QuickTime","iscorrect":0},{"id":"13513","description":"QuickSilver","iscorrect":0},{"id":"13514","description":"Activity Monitor","iscorrect":0}]},{"id":"3569","description":"مزیت کامپیوترهای اپل نسبت به سایر کامپیوترهای موجود در بازار چیست؟","answers":[{"id":"13509","description":"کیفیت سخت افزاری بالا و زیبایی","iscorrect":0},{"id":"13510","description":"گزینه دوم و سوم","iscorrect":0},{"id":"13508","description":"مزیت خاصی ندارد.","iscorrect":0},{"id":"13507","description":"بستگی به کاربری هر فرد دارد. اما شاید مک الزاما برای همه گزینه مناسبی نباشد.","iscorrect":1}]}]}]},{"name":"درس دوم- کار با فایل ها، پوشه ها","id":"551","contentorder":"5","lesson_number":3,"type":0,"filename":"lesson551.html"},{"name":"درس سوم- جستجو در مک و کار با پوشه های هوشمند","id":"552","contentorder":"6","lesson_number":4,"type":0,"filename":"lesson552.html"},{"name":"جستجو در مک و کار با پوشه های هوشمند","id":"908","contentorder":"7","type":1,"set":[{"score":"60","questions":[{"id":"3578","description":"آیا نمایش پسوند فایل ها در مک امکان پذیر است؟ این کار چه اهمیتی دارد؟","answers":[{"id":"13548","description":"خیر؛ اما از لحاظ امنیتی می تواند مهم باشد.","iscorrect":0},{"id":"13547","description":"خیر؛ مهم نیست.","iscorrect":0},{"id":"13546","description":"بله؛ از لحاظ امنیتی می تواند مهم باشد.","iscorrect":1},{"id":"13545","description":"بله؛ مهم نیست.","iscorrect":0}]},{"id":"3577","description":"اپلیکیشن پیش فرض برای اجرای هر فایل را می توان از طریق مراجعه به .......... در مک تغییر داد.","answers":[{"id":"13544","description":"Preferences","iscorrect":0},{"id":"13543","description":"System Preferences","iscorrect":0},{"id":"13542","description":"Get Info","iscorrect":1},{"id":"13541","description":"Properties","iscorrect":0}]},{"id":"3576","description":"برای تغییر نام یک پوشه چه باید کرد؟","answers":[{"id":"13540","description":"هیچکدام","iscorrect":0},{"id":"13539","description":"انتخاب فایل یا پوشه و فشردن کلید Enter","iscorrect":1},{"id":"13538","description":"دو بار کلیک بر روی نام آن","iscorrect":0},{"id":"13537","description":"این کار فقط با استفاده از Terminal ممکن است.","iscorrect":0}]},{"id":"3575","description":"کدام پوشه حاوی درایورها در مک است؟","answers":[{"id":"13536","description":"Documents","iscorrect":0},{"id":"13535","description":"Drivers","iscorrect":0},{"id":"13534","description":"System","iscorrect":1},{"id":"13533","description":"Google Drive","iscorrect":0}]},{"id":"3574","description":"کدامیک راه سریع تری برای باز کردن یک پوشه در مک است؟","answers":[{"id":"13531","description":"انتخاب پوشه و فشردن کلید Command+O از صفحه کلید","iscorrect":0},{"id":"13532","description":"گزینه دوم و سوم","iscorrect":1},{"id":"13530","description":"دو بار کلیک بر روی پوشه","iscorrect":0},{"id":"13529","description":"انتخاب آن و فشردن کلید Enter","iscorrect":0}]}]},{"score":"60","questions":[{"id":"3583","description":"برای تغییر نام یک پوشه چه باید کرد؟","answers":[{"id":"13567","description":"انتخاب فایل یا پوشه و فشردن کلید Enter","iscorrect":1},{"id":"13568","description":"هیچکدام","iscorrect":0},{"id":"13565","description":"این کار فقط با استفاده از Terminal ممکن است.","iscorrect":0},{"id":"13566","description":"دو بار کلیک بر روی نام آن","iscorrect":0}]},{"id":"3582","description":"پاکسازی امن Trash .............. و البته زمان ........... هم طول می کشد.","answers":[{"id":"13564","description":"از لحاظ امنیتی تفاوتی ندارد؛ کمتری","iscorrect":0},{"id":"13563","description":"امن تر است؛ کمتری","iscorrect":0},{"id":"13561","description":"امن تر است؛ بیشتری","iscorrect":1},{"id":"13562","description":"از لحاظ امنیتی تفاوتی ندارد؛ بیشتری","iscorrect":0}]},{"id":"3581","description":"برای پاک کردن یک فایل چه باید کرد؟","answers":[{"id":"13560","description":"همه موارد","iscorrect":0},{"id":"13559","description":"راست کلیک بر آن و انتخاب Delete","iscorrect":0},{"id":"13558","description":"انتخاب و فشردن کلید Delete","iscorrect":0},{"id":"13557","description":"کشیدن و رها کردن آن بر روی آیکون Trash","iscorrect":1}]},{"id":"3580","description":"کدامیک معادل ایجاد Shortcut Icon در مک است؟","answers":[{"id":"13555","description":"در مک چنین گزینه ای نداریم.","iscorrect":0},{"id":"13556","description":"در مک هم Shortcut است و با کشیدن و رها کردن آیکون ها می تواند ایجاد شود.","iscorrect":0},{"id":"13554","description":"در مک Make Alias است و کلید میانبر ندارد.","iscorrect":0},{"id":"13553","description":"با استفاده از Command‪+‬L از هر فایل یا پوشه یک Alias ساخته می شود که معادل Shortcut Icon در ویندوز است.","iscorrect":1}]},{"id":"3579","description":"معادل Properties ویندوز، در مک و کلید میانبر آن کدام است؟","answers":[{"id":"13549","description":"Get Info و Command‪+‬G","iscorrect":0},{"id":"13550","description":"Options و Option‪+‬P","iscorrect":0},{"id":"13551","description":"Get Info و Command‪+‬I","iscorrect":1},{"id":"13552","description":"Preferences و Option‪+‬P","iscorrect":0}]}]}]},{"name":"درس چهارم- آشنایی با مرکز کنترل تنظیمات در مک","id":"553","contentorder":"8","lesson_number":5,"type":0,"filename":"lesson553.html"},{"name":"درس پنجم- تنظیمات مرتبط با زبان فارسی در مک","id":"554","contentorder":"9","lesson_number":6,"type":0,"filename":"lesson554.html"},{"name":"تنظیمات مرتبط با زبان فارسی در مک","id":"910","contentorder":"10","type":1,"set":[{"score":"60","questions":[{"id":"3587","description":"تغییر تنظیمات ارتباطی در کدام بخش System Preferences قرار گرفته است؟","answers":[{"id":"13584","description":"Sharing","iscorrect":0},{"id":"13583","description":"Internet ‪&‬ Wireless","iscorrect":1},{"id":"13581","description":"Network","iscorrect":0},{"id":"13582","description":"Mail‪,‬ Contacts and Calendars","iscorrect":0}]},{"id":"3588","description":"کدام مورد به تنظیمات نوشتار راست به چپ در مک مرتبط است؟","answers":[{"id":"13588","description":"Input Source","iscorrect":0},{"id":"13586","description":"Language ‪&‬ Text","iscorrect":0},{"id":"13587","description":"Bidirectional Text","iscorrect":1},{"id":"13585","description":"Persian Keyboard","iscorrect":0}]},{"id":"3585","description":"تصویر پس زمینه دسکتاپ از چه طریقی قابل تغییر است؟","answers":[{"id":"13575","description":"راست کلیک بر دسکتاپ و انتخاب گزینه Change Desktop Background‪...‬","iscorrect":0},{"id":"13576","description":"موارد دوم و سوم","iscorrect":1},{"id":"13574","description":"مراجعه به System Preferences و بخش Desktop ‪&‬ Screen Saver","iscorrect":0},{"id":"13573","description":"راست کلیک بر دسکتاپ و انتخاب گزینه Get Info","iscorrect":0}]},{"id":"3586","description":"با مراجعه به ............. در بخش Keyboard پنجره System Preferences امکان تغییر کلید میانبر برای تغییر سریع زبان وجود دارد.","answers":[{"id":"13579","description":"Language ‪&‬ Text","iscorrect":0},{"id":"13580","description":"هر سه مورد","iscorrect":0},{"id":"13578","description":"Keyboard Shortcuts","iscorrect":1},{"id":"13577","description":"Keyboard ‪&‬ Text Input","iscorrect":0}]},{"id":"3584","description":"مرکز تنظیمات در مک کدام است؟","answers":[{"id":"13572","description":"System Preferences","iscorrect":1},{"id":"13570","description":"Control Panel","iscorrect":0},{"id":"13571","description":"Preferences","iscorrect":0},{"id":"13569","description":"Mission Control","iscorrect":0}]}]},{"score":"60","questions":[{"id":"3593","description":"تصویر پس زمینه دسکتاپ از چه طریقی قابل تغییر است؟","answers":[{"id":"13608","description":"موارد دوم و سوم","iscorrect":1},{"id":"13607","description":"راست کلیک بر دسکتاپ و انتخاب گزینه Change Desktop Background‪...‬","iscorrect":0},{"id":"13606","description":"مراجعه به System Preferences و بخش Desktop ‪&‬ Screen Saver","iscorrect":0},{"id":"13605","description":"راست کلیک بر دسکتاپ و انتخاب گزینه Get Info","iscorrect":0}]},{"id":"3592","description":"آیا امکان نصب اپلیکیشن در System Preferences وجود دارد؟","answers":[{"id":"13604","description":"خیر؛ اما می توان این قابلیت را به سیستم اضافه کرد.","iscorrect":0},{"id":"13603","description":"بله؛ System Preferences آنها را به صورت پنهان در خود نگه می دارد.","iscorrect":0},{"id":"13602","description":"خیر","iscorrect":0},{"id":"13601","description":"بله","iscorrect":1}]},{"id":"3591","description":"آخرین نسخه صفحه کلید استاندارد فارسی کدام گزینه است؟","answers":[{"id":"13599","description":"Persian ISIR 2013","iscorrect":0},{"id":"13600","description":"Persian QWERTY","iscorrect":0},{"id":"13597","description":"Persian ISIRI","iscorrect":0},{"id":"13598","description":"Persian ISIRI 9147","iscorrect":1}]},{"id":"3589","description":"کلید میانبر Command‪ ‬Space مخصوص کدامیک است؟","answers":[{"id":"13589","description":"Spotlight","iscorrect":1},{"id":"13590","description":"Change Keyboard","iscorrect":0},{"id":"13591","description":"Show Desktop","iscorrect":0},{"id":"13592","description":"هر سه مورد، اما امکان تغییر آنها وجود دارد.","iscorrect":0}]},{"id":"3590","description":"کدام گزینه مربوط به بخش Personal در مرکز تنظیمات مک نیست؟","answers":[{"id":"13594","description":"Mission Control","iscorrect":0},{"id":"13595","description":"Accessibility","iscorrect":1},{"id":"13596","description":"Dock","iscorrect":0},{"id":"13593","description":"Spotlight","iscorrect":0}]}]}]},{"name":"درس ششم- نرم افزارهای پیش فرض مک","id":"555","contentorder":"11","lesson_number":7,"type":0,"filename":"lesson555.html"},{"name":"نرم افزارهای پیش فرض مک","id":"912","contentorder":"12","type":1,"set":[{"score":"50","questions":[{"id":"3597","description":"آیا اپلیکیشن iCal امکان نمایش چندین تقویم را به صورت همزمان در خود دارد؟","answers":[{"id":"13624","description":"خیر؛ اما این نرم افزار کارایی های بهتری دارد.","iscorrect":0},{"id":"13623","description":"خیر؛ iCal در واقع ماشین حساب مک است.","iscorrect":0},{"id":"13622","description":"بله؛ اما به اپلیکیشن های جانبی تقویم نیاز است.","iscorrect":0},{"id":"13621","description":"بله؛ می توان چندین تقویم را به صورت همزمان به iCal اضافه و در آن نمایش داد.","iscorrect":1}]},{"id":"3596","description":"نقش Mail در مک چیست؟","answers":[{"id":"13620","description":"هر سه مورد","iscorrect":0},{"id":"13619","description":"نرم افزاری برای ایجاد ارتباط تصویری با دیگران است.","iscorrect":0},{"id":"13618","description":"اپلیکیشن اختصاصی جهت مطالعه فیدها در مک است.","iscorrect":0},{"id":"13617","description":"کلاینت ایمیل پیش فرض سیستم عامل مک و آیفون است.","iscorrect":1}]},{"id":"3594","description":"مرورگر پیش فرض مک کدام است؟","answers":[{"id":"13612","description":"Chrome","iscorrect":0},{"id":"13610","description":"Safari","iscorrect":1},{"id":"13611","description":"Firefox","iscorrect":0},{"id":"13609","description":"Opera","iscorrect":0}]},{"id":"3595","description":"مهمترین کاربرد فعلی iCloud در نرم افزار Safari چیست؟","answers":[{"id":"13616","description":"هر سه مورد","iscorrect":0},{"id":"13615","description":"دسترسی به وب سایت های مرور شده از طریق مک، بر روی آی دیوایس های دیگر","iscorrect":1},{"id":"13613","description":"دسترسی به فایل ها از طریق مرورگر","iscorrect":0},{"id":"13614","description":"به اشتراک گذاری تصاویر","iscorrect":0}]}]},{"score":"50","questions":[{"id":"3598","description":"نرم افزار چت در OS X 10‪.‬7 چیست؟","answers":[{"id":"13628","description":"FaceTime","iscorrect":0},{"id":"13627","description":"Messages","iscorrect":1},{"id":"13626","description":"iChat","iscorrect":0},{"id":"13625","description":"Mail","iscorrect":0}]},{"id":"3599","description":"اپلیکیشن ............... برای نمایش فایل های تصویری، بهترین گزینه در مک است.","answers":[{"id":"13632","description":"هیچکدام","iscorrect":0},{"id":"13631","description":"iTunes","iscorrect":0},{"id":"13630","description":"Preview","iscorrect":1},{"id":"13629","description":"Image Capture","iscorrect":0}]},{"id":"3600","description":"برای انتقال عکس ها از آیفون و آیپاد به مک از کدام اپلیکیشن استفاده می شود؟","answers":[{"id":"13636","description":"موارد اول و سوم","iscorrect":1},{"id":"13633","description":"Image Capture","iscorrect":0},{"id":"13634","description":"Preview","iscorrect":0},{"id":"13635","description":"iTunes","iscorrect":0}]},{"id":"3601","description":"عکسبرداری و فیلمبرداری با وب کم مک به کدام نرم افزار پیش فرض در مک نیاز دارد؟","answers":[{"id":"13640","description":"Preview","iscorrect":0},{"id":"13639","description":"FaceTime","iscorrect":0},{"id":"13638","description":"Messages","iscorrect":0},{"id":"13637","description":"Photo Booth","iscorrect":1}]}]}]},{"name":"درس هفتم- راهنمای کامل ایجاد اپل آیدی جهت استفاده از مک اپ استور","id":"556","contentorder":"13","lesson_number":8,"type":0,"filename":"lesson556.html"},{"name":"راهنمای کامل ایجاد اپل آیدی جهت استفاده از مک اپ استور","id":"914","contentorder":"14","type":1,"set":[{"score":"60","questions":[{"id":"3602","description":"مک اپ استور اولین بار در چه تاریخی و برای کاربران کدام نسخه از سیستم عامل مک عرضه شد؟","answers":[{"id":"13644","description":"ژانویه ۲۰۱۰- OS X 10‪.‬6","iscorrect":0},{"id":"13643","description":"۶ ژانویه ۲۰۱۱- OS X 10‪.‬6","iscorrect":1},{"id":"13642","description":"۶ ژانویه ۲۰۱۱- OS X 10‪.‬8","iscorrect":0},{"id":"13641","description":"۱۶ ژانویه ۲۰۱۱- OS X 10‪.‬8","iscorrect":0}]},{"id":"3603","description":"Mac App Store چیست؟","answers":[{"id":"13648","description":"فروشگاهی یکپارچه برای کاربران ابزارهای جانبی اپل","iscorrect":0},{"id":"13647","description":"فروشگاه اپلیکیشن های iOS","iscorrect":0},{"id":"13646","description":"فروشگاهی یکپارچه از اپلیکیشن های مک برای دانلود، خرید و به روز رسانی","iscorrect":1},{"id":"13645","description":"فروشگاه ویجت های اپل","iscorrect":0}]},{"id":"3604","description":"پیش نیاز دسترسی به فروشگاه های اپ استور و مک اپ استور چیست؟","answers":[{"id":"13649","description":"آی دیوایس","iscorrect":0},{"id":"13650","description":"اپل آیدی","iscorrect":0},{"id":"13651","description":"موارد اول و دوم","iscorrect":1},{"id":"13652","description":"هیچکدام","iscorrect":0}]},{"id":"3605","description":"مهمترین نکته برای ایجاد اپل آیدی، بدون کارت اعتباری ............... است.","answers":[{"id":"13653","description":"استفاده از نرم افزار آیتونز در یک رایانه اپل","iscorrect":0},{"id":"13654","description":"انتخاب گزینه None در مرحله کارت اعتباری","iscorrect":0},{"id":"13655","description":"ورود به اپ استور یا مک اپ استور برای ایجاد اپل آی دی","iscorrect":0},{"id":"13656","description":"انتخاب یک نرم افزار رایگان در اپ استور یا مک اپ استور","iscorrect":1}]},{"id":"3606","description":"از یک اپل آی دی می توان در چند آی دیوایس استفاده کرد؟","answers":[{"id":"13657","description":"شش","iscorrect":0},{"id":"13658","description":"پنج","iscorrect":1},{"id":"13659","description":"چهار","iscorrect":0},{"id":"13660","description":"سه","iscorrect":0}]}]},{"score":"60","questions":[{"id":"3607","description":"آدرس انتخابی در مراحل ایجاد اپل آی دی:","answers":[{"id":"13661","description":"می تواند هر آدرسی باشد.","iscorrect":0},{"id":"13662","description":"باید آدرس معتبری برای فروشگاه اپلیکیشن های اپل باشد و توسط پست یا به صورت تلفنی تایید شود.","iscorrect":0},{"id":"13663","description":"نمی تواند هر آدرسی باشد.","iscorrect":0},{"id":"13664","description":"باید آدرس معتبری برای فروشگاه اپلیکیشن های اپل باشد و نیازی به تایید پستی یا تلفنی ندارد.","iscorrect":1}]},{"id":"3608","description":"رمز عبور انتخابی برای ایجاد حساب کاربری اپل باید دارای چه شرایطی باشد؟","answers":[{"id":"13665","description":"حداقل ۸ کاراکتر و شامل اعداد و حروف","iscorrect":0},{"id":"13666","description":"حداقل ۸ کاراکتر و شامل حروف کوچک، بزرگ، اعداد یا نشانه","iscorrect":1},{"id":"13667","description":"حداقل ۱۰ کاراکتر و شامل اعداد و حروف","iscorrect":0},{"id":"13668","description":"حداقل ۱۰ کاراکتر و شامل حروف کوچک، بزرگ و اعداد","iscorrect":0}]},{"id":"3609","description":"اهمیت تایید حساب پس از ایجاد اپل آی دی چیست و چگونه انجام می شود؟","answers":[{"id":"13669","description":"اهمیت در تایید آدرس ایمیل است و تایید با کلیک بر لینک Verify در ایمیل انجام می شود.","iscorrect":1},{"id":"13670","description":"اهمیت در تایید شماره تماس است و تایید با ارسال پیامکی حاوی یک کد صورت می گیرد.","iscorrect":0},{"id":"13671","description":"اهمیت در تایید آدرس پرداختی است که وارد کرده اید و با ارسال یک نامه حاوی یک کد صورت می گیرد.","iscorrect":0},{"id":"13672","description":"اهمیتی ندارد.","iscorrect":0}]},{"id":"3610","description":"مهمترین نکته در امنیت اپل آی دی چیست؟","answers":[{"id":"13673","description":"تغییر مکرر رمز عبور","iscorrect":0},{"id":"13674","description":"انتخاب سوالات و پاسخ های صحیح در هنگام ایجاد حساب","iscorrect":0},{"id":"13675","description":"تغییر مکرر رمز عبور ایمیل و رعایت نکات امنیتی در حفاظت از آدرس ایمیل","iscorrect":0},{"id":"13676","description":"هر سه مورد","iscorrect":1}]},{"id":"3611","description":"پیش نیاز دسترسی به فروشگاه های اپ استور و مک اپ استور چیست؟","answers":[{"id":"13677","description":"آی دیوایس","iscorrect":0},{"id":"13678","description":"اپل آیدی","iscorrect":0},{"id":"13679","description":"موارد اول و دوم","iscorrect":1},{"id":"13680","description":"هیچکدام","iscorrect":0}]}]}]},{"name":"درس هشتم- نصب، پاکسازی و به روزرسانی نرم افزارها در مک","id":"557","contentorder":"15","lesson_number":9,"type":0,"filename":"lesson557.html"},{"name":"نصب، پاکسازی و به روزرسانی نرم افزارها در مک","id":"916","contentorder":"16","type":1,"set":[{"score":"60","questions":[{"id":"3612","description":"به نظر شما صحت این جمله با توجه به محتوای درس چگونه است: «همه کاربران در همه حوزه ها می توانند نرم افزار مورد نیازشان در محیط مک را یافته یا ابزارهایی را برای پیشبرد کارشان در محیط مک جایگزین ابزارهای پیشین نمایند.»","answers":[{"id":"13681","description":"درست است.","iscorrect":0},{"id":"13682","description":"در اغلب اوقات درست است.","iscorrect":1},{"id":"13683","description":"درست نیست.","iscorrect":0},{"id":"13684","description":"در درس اشاره ای به آن نشده بود.","iscorrect":0}]},{"id":"3613","description":"بهترین منبع اپلیکیشن های مک از لحاظ امنیت اپلیکیشن ها کجاست؟","answers":[{"id":"13685","description":"مک اپ استور","iscorrect":1},{"id":"13686","description":"مک آپدیت","iscorrect":0},{"id":"13687","description":"هر دو","iscorrect":0},{"id":"13688","description":"هیچکدام","iscorrect":0}]},{"id":"3614","description":"GateKeeper چیست؟","answers":[{"id":"13689","description":"یک دروازه امنیتی در هنگام اتصال به اینترنت","iscorrect":0},{"id":"13690","description":"یک لایه امنیتی برای حفاظت از مک در برابر بدافزارها","iscorrect":0},{"id":"13691","description":"یک دروازه امنیتی برای تنظیم وضعیت نصب و اجرای نرم افزارها در مک","iscorrect":1},{"id":"13692","description":"یک لایه امنیتی برای حفاظت از مک در برابر حملات فیشینگ","iscorrect":0}]},{"id":"3615","description":"dmg چیست؟","answers":[{"id":"13693","description":"یک پکیج فشرده مخصوص رایانه ها مک است.","iscorrect":0},{"id":"13694","description":"پکیجی با قابلیت سوار (Mount) شدن روی سیستم مک","iscorrect":1},{"id":"13695","description":"پسوند فایل های اجرایی در مک است.","iscorrect":0},{"id":"13696","description":"یکی از انواع پرطرفدار فایل های فشرده در لینوکس است.","iscorrect":0}]},{"id":"3616","description":"معمولا پسوند نرم افزارها در مک چگونه است؟","answers":[{"id":"13697","description":"app","iscorrect":0},{"id":"13698","description":"dmg","iscorrect":0},{"id":"13699","description":"exe","iscorrect":0},{"id":"13700","description":"pkg","iscorrect":0},{"id":"13701","description":"گزینه اول و چهارم","iscorrect":1}]}]},{"score":"60","questions":[{"id":"3617","description":"فایل های .......... را می توان به صورت مستقیم برای نصب در پوشه Applications کپی یا به صورت مستقیم اجرا کرد.","answers":[{"id":"13702","description":"app","iscorrect":1},{"id":"13703","description":"dmg","iscorrect":0},{"id":"13704","description":"pkg","iscorrect":0},{"id":"13705","description":"exe","iscorrect":0}]},{"id":"3618","description":"به روز رسانی نرم افزارهای نصب شده از طریق مک اپ استور:","answers":[{"id":"13706","description":"تنها از طریق مک اپ استور ممکن است.","iscorrect":1},{"id":"13707","description":"از داخل هر برنامه انجام می شود.","iscorrect":0},{"id":"13708","description":"به کمک نرم افزارهای آپدیت دسته جمعی مانند AppFresh یا Informer انجام شدنی است.","iscorrect":0},{"id":"13709","description":"ممکن نیست.","iscorrect":0}]},{"id":"3619","description":"آپدیت نرم افزارهایی که از منابعی غیر از مک اپ استور دانلود شده اند:","answers":[{"id":"13710","description":"تنها از طریق مک اپ استور ممکن است.","iscorrect":0},{"id":"13711","description":"از داخل هر برنامه انجام می شود.","iscorrect":0},{"id":"13712","description":"به کمک نرم افزارهای آپدیت دسته جمعی مانند AppFresh یا Informer انجام شدنی است.","iscorrect":0},{"id":"13713","description":"موارد دوم و سوم","iscorrect":1}]},{"id":"3620","description":"پاکسازی اغلب نرم افزارها در مک چگونه ممکن است؟","answers":[{"id":"13714","description":"با کشیدن و رها کردن آنها بر روی آیکون Trash در داک","iscorrect":0},{"id":"13715","description":"با استفاده از AppCleaner","iscorrect":0},{"id":"13716","description":"با استفاده از Launchpad","iscorrect":0},{"id":"13717","description":"هر سه مورد","iscorrect":1}]},{"id":"3621","description":"بهترین منبع اپلیکیشن های مک از لحاظ امنیت اپلیکیشن ها کجاست؟","answers":[{"id":"13718","description":"مک اپ استور","iscorrect":1},{"id":"13719","description":"مک آپدیت","iscorrect":0},{"id":"13720","description":"موارد اول و دوم","iscorrect":0},{"id":"13721","description":"هیچکدام","iscorrect":0}]}]}]},{"name":"درس نهم- نرم افزارهایی کاربردی برای مهاجرین تازه کار","id":"558","contentorder":"17","lesson_number":10,"type":0,"filename":"lesson558.html"},{"name":"نرم افزارهایی کاربردی برای مهاجرین تازه کار","id":"918","contentorder":"18","type":1,"set":[{"score":"60","questions":[{"id":"3622","description":"نرم افزارهای پیش فرض مک:","answers":[{"id":"13722","description":"کارا هستند اما ابزارهای دیگری نیز مورد نیاز اغلب کاربران است.","iscorrect":0},{"id":"13723","description":"کافی نیستند و ابزارهای دیگری نیز مورد نیاز اغلب کاربران است.","iscorrect":1},{"id":"13724","description":"کارا هستند و ابزار دیگری لازم نیست.","iscorrect":0},{"id":"13725","description":"کافی نیستند اما ابزار دیگری هم موجود نیست.","iscorrect":0}]},{"id":"3623","description":"مرورگر کروم در مقایسه با سافاری:","answers":[{"id":"13726","description":"مدرن تر است.","iscorrect":0},{"id":"13727","description":"رم کمتری مصرف می کند.","iscorrect":0},{"id":"13728","description":"قابلیت همگام سازی با حساب گوگل را دارد.","iscorrect":1},{"id":"13729","description":"سرعتش کمتر است.","iscorrect":0}]},{"id":"3624","description":"قابلیت OTR خصوصیتی برای:","answers":[{"id":"13730","description":"رمزنگاری متن چت است که در نرم افزار Adium مورد استفاده قرار می گیرد.","iscorrect":1},{"id":"13731","description":"رمزنگاری فایل ها است که در Dropbox مورد استفاده قرار می گیرد.","iscorrect":0},{"id":"13732","description":"رمزنگاری متون است که در نرم افزار Bean مورد استفاده قرار می گیرد.","iscorrect":0},{"id":"13733","description":"رمزنگاری ایمیل ها است که در Sparrow مورد استفاده قرار می گیرد.","iscorrect":0}]},{"id":"3625","description":"Alfred:","answers":[{"id":"13734","description":"نرم افزاری برای طراحی است.","iscorrect":0},{"id":"13735","description":"ابزاری برای افزایش امنیت مک است.","iscorrect":0},{"id":"13736","description":"یک لانچر است.","iscorrect":1},{"id":"13737","description":"برای افزایش سرعت است.","iscorrect":0}]},{"id":"3626","description":"برای پخش فایل های ویدیویی ........... گزینه خوبی است.","answers":[{"id":"13738","description":"QuickTime Player","iscorrect":0},{"id":"13739","description":"QuickTime Player به همراه کدک MPlayerX","iscorrect":0},{"id":"13740","description":"MPlayerX","iscorrect":1}]}]},{"score":"60","questions":[{"id":"3627","description":"در حال حاضر یکی از بهترین ابزارهای نگارش فارسی در مک ............. است.","answers":[{"id":"13741","description":"Bean","iscorrect":1},{"id":"13742","description":"Microsoft Word","iscorrect":0},{"id":"13743","description":"Evernote","iscorrect":0},{"id":"13744","description":"هیچکدام","iscorrect":0}]},{"id":"3628","description":"Dropbox ابزاری برای .......... است.","answers":[{"id":"13745","description":"انتقال اطلاعات به تلفن هوشمند","iscorrect":0},{"id":"13746","description":"بک آپ گیری از داده ها","iscorrect":0},{"id":"13747","description":"به اشتراک گذاری داده ها","iscorrect":0},{"id":"13748","description":"هر سه مورد","iscorrect":1}]},{"id":"3629","description":"کدام یک از کارکردهای Winamp در مک است؟","answers":[{"id":"13749","description":"پخش موسیقی","iscorrect":0},{"id":"13750","description":"مدیریت کتابخانه موسیقی ها و تنظیم پلی لیست ها","iscorrect":0},{"id":"13751","description":"انتقال موسیقی به تلفن های هوشمند","iscorrect":0},{"id":"13752","description":"همه موارد","iscorrect":1}]},{"id":"3630","description":"کدام نرم افزار بهترین و ارزان ترین گزینه برای ویرایش تصاویر در مک است؟","answers":[{"id":"13753","description":"iPhoto","iscorrect":0},{"id":"13754","description":"PixelMator","iscorrect":1},{"id":"13755","description":"Photoshop Element","iscorrect":0},{"id":"13756","description":"هیچکدام","iscorrect":0}]},{"id":"3631","description":"قابلیت OTR خصوصیتی برای:","answers":[{"id":"13757","description":"رمزنگاری متن چت است که در نرم افزار Adium مورد استفاده قرار می گیرد.","iscorrect":1},{"id":"13758","description":"رمزنگاری فایل ها است که در Dropbox مورد استفاده قرار می گیرد.","iscorrect":0},{"id":"13759","description":"رمزنگاری متون است که در نرم افزار Bean مورد استفاده قرار می گیرد.","iscorrect":0},{"id":"13760","description":"رمزنگاری ایمیل ها است که در Sparrow مورد استفاده قرار می گیرد.","iscorrect":0}]}]}]},{"name":"درس دهم- نصب و اجرای ویندوز یا اپلیکشن های ویندوزی در رایانه های مک","id":"559","contentorder":"19","lesson_number":11,"type":0,"filename":"lesson559.html"},{"name":"نصب و اجرای ویندوز یا اپلیکشن های ویندوزی در رایانه های مک","id":"921","contentorder":"21","type":1,"set":[{"score":"50","questions":[{"id":"3637","description":"کدام گزینه برای استفاده از نرم افزارهای ویندوزی در رایانه های مک کارایی دارد؟","answers":[{"id":"13781","description":"BootCamp","iscorrect":0},{"id":"13782","description":"Virtualization","iscorrect":0},{"id":"13783","description":"WineBottler","iscorrect":0},{"id":"13784","description":"هر سه مورد","iscorrect":1}]},{"id":"3638","description":"بوت کمپ:","answers":[{"id":"13785","description":"نرم افزاری برای اجرای ویندوز در تمامی ابزارهای اپلی است.","iscorrect":0},{"id":"13786","description":"برنامه ای برای نصب ویندوز روی کامپیوترهای مجهز به OS X است.","iscorrect":1},{"id":"13787","description":"اپلیکیشنی ویژه بوت چند نسخه مختلف سیستم عامل OS X روی یک کامپیوتر اپلی است.","iscorrect":0},{"id":"13788","description":"هیچکدام","iscorrect":0}]},{"id":"3639","description":"ویرچوال باکس:","answers":[{"id":"13789","description":"ابزاری برای نصب نرم افزارهای ویندوزی به صورت شبیه سازی در محیط مک است.","iscorrect":0},{"id":"13790","description":"ابزاری برای نصب مک به صورت شبیه سازی در رایانه های ویندوزی است.","iscorrect":0},{"id":"13791","description":"ابزاری برای نصب ویندوز به صورت شبیه سازی در رایانه ها مک است.","iscorrect":1},{"id":"13792","description":"هر سه مورد","iscorrect":0}]},{"id":"3640","description":"حداقل فضای خالی کافی برای نصب بوت کمپ چند گیگابایت است؟","answers":[{"id":"13793","description":"۵","iscorrect":0},{"id":"13794","description":"۱۰","iscorrect":1},{"id":"13795","description":"۱۵","iscorrect":0},{"id":"13796","description":"۲۰","iscorrect":0}]}]},{"score":"50","questions":[{"id":"3641","description":"نصب ویندوز از طریق بوت کمپ بر روی مک:","answers":[{"id":"13797","description":"برای آنها که می خواهند با ویندوز کار کنند مناسب تر است.","iscorrect":0},{"id":"13798","description":"برای گیمرها ضروری است.","iscorrect":0},{"id":"13799","description":"برای کسانی که قصد استفاده از تمام سخت افزار مک را درون ویندوز دارند، کاربردی تر است.","iscorrect":0},{"id":"13800","description":"هر سه مورد","iscorrect":1}]},{"id":"3642","description":"کدامیک از ابزارهای مفید و رایگان Virtualization (شبیه سازی) روی مک است؟","answers":[{"id":"13801","description":"VMWare Fusion","iscorrect":0},{"id":"13802","description":"VortualBox","iscorrect":1},{"id":"13803","description":"Parallels Desktop","iscorrect":0},{"id":"13804","description":"هر سه مورد","iscorrect":0}]},{"id":"3643","description":"از عیوب نصب ویندوز با کمک نرم افزارهای شبیه سازی:","answers":[{"id":"13805","description":"عدم امکان استفاده از تمامی توان سخت افزاری در محیط ویندوز است.","iscorrect":1},{"id":"13806","description":"امکان سوئیچ بین سیستم عامل هاست.","iscorrect":0},{"id":"13807","description":"امکانات بیش از حد و گیج کننده در هنگام استفاده از کاربری در این روش است.","iscorrect":0}]},{"id":"3644","description":"بوت کمپ ابزاری برای نصب ویندوز در مک است که:","answers":[{"id":"13808","description":"به کمک نرم افزاری به نام Boot Camp Assistant آماده می شود.","iscorrect":0},{"id":"13809","description":"پارتیشنی مجزا برای نصب ویندوز ایجاد می کند.","iscorrect":0},{"id":"13810","description":"درایورهای سخت افزاری مک را به ویندوز می شناساند.","iscorrect":0},{"id":"13811","description":"هر سه مورد","iscorrect":1}]}]}]},{"name":"مهاجرت از ویندوز به مک- آزمون نهایی","id":"923","contentorder":"22","type":1,"set":[{"score":"50","questions":[{"id":"3645","description":"هسته اولیه سیستم عامل کامپیوترهای اپل چیست؟","answers":[{"id":"13812","description":"Lion","iscorrect":0},{"id":"13813","description":"Cheetah","iscorrect":0},{"id":"13814","description":"Unix","iscorrect":1},{"id":"13815","description":"Linux","iscorrect":0}]},{"id":"3646","description":"معادل Properties ویندوز، در مک و کلید میانبر آن کدام است؟","answers":[{"id":"13816","description":"Get Info و Command‪+‬G","iscorrect":0},{"id":"13817","description":"Options و Option‪+‬P","iscorrect":0},{"id":"13818","description":"Get Info و Command‪+‬I","iscorrect":1},{"id":"13819","description":"Preferences و Option‪+‬P","iscorrect":0}]},{"id":"3647","description":"تصویر پس زمینه دسکتاپ از چه طریقی قابل تغییر است؟","answers":[{"id":"13820","description":"راست کلیک بر دسکتاپ و انتخاب گزینه Get Info","iscorrect":0},{"id":"13821","description":"مراجعه به System Preferences و بخش Desktop ‪&‬ Screen Saver","iscorrect":0},{"id":"13822","description":"راست کلیک بر دسکتاپ و انتخاب گزینه Change Desktop Background‪...‬","iscorrect":0},{"id":"13823","description":"موارد دوم و سوم","iscorrect":1}]},{"id":"3648","description":"برای انتقال عکس ها از آیفون و آیپاد به مک از کدام اپلیکیشن استفاده می شود؟","answers":[{"id":"13824","description":"iTunes","iscorrect":0},{"id":"13825","description":"Preview","iscorrect":0},{"id":"13826","description":"Image Capture","iscorrect":0},{"id":"13827","description":"موارد اول و سوم","iscorrect":1}]},{"id":"3649","description":"رمز عبور انتخابی برای ایجاد حساب کاربری اپل باید دارای چه شرایطی باشد؟","answers":[{"id":"13828","description":"حداقل ۸ کاراکتر و شامل اعداد و حروف","iscorrect":0},{"id":"13829","description":"حداقل ۸ کاراکتر و شامل حروف کوچک، بزرگ، اعداد یا نشانه","iscorrect":1},{"id":"13830","description":"حداقل ۱۰ کاراکتر و شامل اعداد و حروف","iscorrect":0},{"id":"13831","description":"حداقل ۱۰ کاراکتر و شامل حروف کوچک، بزرگ و اعداد","iscorrect":0}]},{"id":"3650","description":"به روز رسانی نرم افزارهای نصب شده از طریق مک اپ استور:","answers":[{"id":"13832","description":"تنها از طریق مک اپ استور ممکن است.","iscorrect":1},{"id":"13833","description":"از داخل هر برنامه انجام می شود.","iscorrect":0},{"id":"13834","description":"به کمک نرم افزارهای آپدیت دسته جمعی مانند AppFresh یا Informer انجام شدنی است.","iscorrect":0},{"id":"13835","description":"ممکن نیست.","iscorrect":0}]},{"id":"3651","description":"قابلیت OTR خصوصیتی برای:","answers":[{"id":"13836","description":"رمزنگاری متن چت است که در نرم افزار Adium مورد استفاده قرار می گیرد.","iscorrect":1},{"id":"13837","description":"رمزنگاری فایل ها است که در Dropbox مورد استفاده قرار می گیرد.","iscorrect":0},{"id":"13838","description":"رمزنگاری متون است که در نرم افزار Bean مورد استفاده قرار می گیرد.","iscorrect":0},{"id":"13839","description":"رمزنگاری ایمیل ها است که در Sparrow مورد استفاده قرار می گیرد.","iscorrect":0}]},{"id":"3652","description":"بوت کمپ ابزاری برای نصب ویندوز در مک است که:","answers":[{"id":"13840","description":"به کمک نرم افزاری به نام Boot Camp Assistant آماده می شود.","iscorrect":0},{"id":"13841","description":"پارتیشنی مجزا برای نصب ویندوز ایجاد می کند.","iscorrect":0},{"id":"13842","description":"درایورهای سخت افزاری مک را به ویندوز می شناساند.","iscorrect":0},{"id":"13843","description":"هر سه مورد","iscorrect":1}]}]},{"score":"50","questions":[{"id":"3653","description":"آخرین نسخه از سیستم عامل های دسکتاپ اپل که در گروه Mac OS X عرضه شده کدام است؟","answers":[{"id":"13844","description":"Leopard","iscorrect":0},{"id":"13845","description":"Snow Leopard","iscorrect":0},{"id":"13846","description":"Lion","iscorrect":1},{"id":"13847","description":"Mountain Lion","iscorrect":0}]},{"id":"3654","description":"آیا نمایش پسوند فایل ها در مک امکان پذیر است؟ این کار چه اهمیتی دارد؟","answers":[{"id":"13848","description":"خیر؛ اما از لحاظ امنیتی می تواند مهم باشد.","iscorrect":0},{"id":"13849","description":"خیر؛ مهم نیست.","iscorrect":0},{"id":"13850","description":"بله؛ از لحاظ امنیتی می تواند مهم باشد.","iscorrect":1},{"id":"13851","description":"بله؛ مهم نیست.","iscorrect":0}]},{"id":"3655","description":"کدام مورد به تنظیمات نوشتار راست به چپ در مک مرتبط است؟","answers":[{"id":"13852","description":"Input Source","iscorrect":0},{"id":"13853","description":"Language ‪&‬ Text","iscorrect":0},{"id":"13854","description":"Bidirectional Text","iscorrect":1},{"id":"13855","description":"Persian Keyboard","iscorrect":0}]},{"id":"3656","description":"مهمترین کاربرد فعلی iCloud در نرم افزار Safari چیست؟","answers":[{"id":"13856","description":"به اشتراک گذاری تصاویر","iscorrect":0},{"id":"13857","description":"دسترسی به فایل ها از طریق مرورگر","iscorrect":0},{"id":"13858","description":"دسترسی به وب سایت های مرور شده از طریق مک، بر روی آی دیوایس های دیگر","iscorrect":1},{"id":"13859","description":"هر سه مورد","iscorrect":0}]},{"id":"3657","description":"پیش نیاز دسترسی به فروشگاه های اپ استور و مک اپ استور چیست؟","answers":[{"id":"13860","description":"آی دیوایس","iscorrect":0},{"id":"13861","description":"اپل آیدی","iscorrect":0},{"id":"13862","description":"موارد اول و دوم","iscorrect":1},{"id":"13863","description":"هیچکدام","iscorrect":0}]},{"id":"3658","description":"بهترین منبع اپلیکیشن های مک از لحاظ امنیت اپلیکیشن ها کجاست؟","answers":[{"id":"13864","description":"مک اپ استور","iscorrect":1},{"id":"13865","description":"مک آپدیت","iscorrect":0},{"id":"13866","description":"هر دو","iscorrect":0},{"id":"13867","description":"هیچکدام","iscorrect":0}]},{"id":"3659","description":"Alfred:","answers":[{"id":"13868","description":"نرم افزاری برای طراحی است.","iscorrect":0},{"id":"13869","description":"ابزاری برای افزایش امنیت مک است.","iscorrect":0},{"id":"13870","description":"یک لانچر است.","iscorrect":1},{"id":"13871","description":"برای افزایش سرعت است.","iscorrect":0}]},{"id":"3660","description":"بوت کمپ:","answers":[{"id":"13872","description":"نرم افزاری برای اجرای ویندوز در تمامی ابزارهای اپلی است.","iscorrect":0},{"id":"13873","description":"برنامه ای برای نصب ویندوز روی کامپیوترهای مجهز به OS X است.","iscorrect":1},{"id":"13874","description":"اپلیکیشنی ویژه بوت چند نسخه مختلف سیستم عامل OS X روی یک کامپیوتر اپلی است.","iscorrect":0},{"id":"13875","description":"هیچکدام","iscorrect":0}]}]}]}]}