{"courseId":"26","contents":[{"name":"مقدماتی درباره صدا","id":"153","contentorder":"1","lesson_number":1,"type":0,"filename":"lesson153.html"},{"name":"مقدماتی درباره ی صدا","id":"288","contentorder":"2","type":1,"set":[{"score":"60","questions":[{"id":"798","description":"عمر صدا به چه می گويند؟","answers":[{"id":"3000","description":"فاصله ی زمانی میان توليد صدا و گوش شنونده.","iscorrect":0},{"id":"3001","description":"فاصله ی زمانی ميان رفتن صدا از نقطه ی توليد تا بازگشت آن به همان نقطه.","iscorrect":0},{"id":"3002","description":"فاصله ی زمانی که امواج صوتی تقريباً به صفر می رسند.","iscorrect":1},{"id":"3003","description":"فاصله ی زمانی از لحظه ی توليد صدا تا برخورد به اولين مانع.","iscorrect":0}]},{"id":"799","description":"صدای غيرمستقيم چيست؟","answers":[{"id":"3004","description":"صدائی که از طريق دستگاه های صوتی شنيده شود.","iscorrect":0},{"id":"3005","description":"صدائی که از اتاق های مجاور می آيد.","iscorrect":0},{"id":"3006","description":"صدائی که قبلاً ضبط شده باشد.","iscorrect":0},{"id":"3007","description":"انعکاس صدای اصلی که پس از برخورد با مانع و بازتابيدن شنيده می شود.","iscorrect":1}]},{"id":"800","description":"در کدام يک از فضاهای زير عمر صدا طولانی تر است؟","answers":[{"id":"3008","description":"صحن کليسا","iscorrect":1},{"id":"3009","description":"سالن کنسرت","iscorrect":0},{"id":"3010","description":"استوديوی صدابرداری","iscorrect":0},{"id":"3011","description":"اتاق معمولی","iscorrect":0}]}]},{"score":"60","questions":[{"id":"801","description":"چرا گوش انسان بهتر از ميکروفون قادر به تفکيک صداهاست؟","answers":[{"id":"3012","description":"چون حساسيت گوش بيشتر است.","iscorrect":0},{"id":"3013","description":"چون ميکروفون احتياج به انرژی خارجی دارد.","iscorrect":0},{"id":"3014","description":"چون مغز قادر به تفکيک و گزينش دريافت های‌ گوش است.","iscorrect":1},{"id":"3015","description":"چون گوش بدون واسطه می شنود.","iscorrect":0}]},{"id":"802","description":"معمولاً هر چه دهان گوينده به ميکروفون نزديک تر باشد:","answers":[{"id":"3016","description":"صدا شفاف تر است.","iscorrect":0},{"id":"3017","description":"صدا بم تر است.","iscorrect":1},{"id":"3018","description":"صدا زيرتر است.","iscorrect":0},{"id":"3019","description":"انعکاس صدا بيشتر است.","iscorrect":0}]},{"id":"803","description":"برای عايق بندی در برابر صدا بايد از چه روشی استفاده کرد؟","answers":[{"id":"3020","description":"از ديوارهائی مثل شيشه و کاشی استفاده کرد که قدرت انعکاس زيادی داشته باشند.","iscorrect":0},{"id":"3021","description":"از ديوارهائی مثل پشم و پارچه ی ضخيم استفاده کرد که صدا را جذب کنند.","iscorrect":1},{"id":"3022","description":"در فضای کاملاً باز و بدون مانع صدا برداری کرد که انعکاسی به وجود نيايد.","iscorrect":0},{"id":"3023","description":"از فضاهای خيلی کوچک استفاده کرد که انعکاس صدا زود از ميان برود.","iscorrect":0}]}]}]},{"name":"بعضی تعریف‌ها و خواص","id":"154","contentorder":"3","lesson_number":2,"type":0,"filename":"lesson154.html","attachments":[{"name":"Attachement 1","filename":"Sample3(2).mp3","file_type":"audio/mpeg"},{"name":"Attachement 2","filename":"Sample2(2).mp3","file_type":"audio/mpeg"},{"name":"Attachement 3","filename":"Sample1.mp3","file_type":"audio/mpeg"}]},{"name":"بعضی تعریف‌ها و خواص","id":"290","contentorder":"4","type":1,"set":[{"score":"60","questions":[{"id":"804","description":"در يک ساعت حرف تقريبا چند کلمه وجود دارد؟","answers":[{"id":"3024","description":"۵۰۰ کلمه","iscorrect":0},{"id":"3025","description":"۱۰۰۰ کلمه","iscorrect":0},{"id":"3026","description":"۳۰۰۰ کلمه","iscorrect":0},{"id":"3027","description":"۶۰۰۰ کلمه","iscorrect":1}]},{"id":"805","description":"صدای پس‌زمينه چه نقشی دارد؟","answers":[{"id":"3028","description":"جلوی صدای اصلی را می‌گيرد.","iscorrect":0},{"id":"3029","description":"به جای موسيقی به کار گرفته می‌شود.","iscorrect":0},{"id":"3030","description":"اطلاعات جانبی به شنونده می‌دهد.","iscorrect":1},{"id":"3031","description":"اسباب ازدحام صوتی می‌شود.","iscorrect":0}]},{"id":"806","description":"مغز انسان صدا را به چه صورتی دريافت می‌کند؟","answers":[{"id":"3032","description":"به صورت جريان‌های برقی.","iscorrect":1},{"id":"3033","description":"به صورت امواج هوا.","iscorrect":0},{"id":"3034","description":"به صورت لرزه‌های پرده‌ی گوش.","iscorrect":0},{"id":"3035","description":"به صورت مجموعه‌ای از صفر و يک‌ها.","iscorrect":0}]}]},{"score":"60","questions":[{"id":"807","description":"سکوت چند دسيبل است؟","answers":[{"id":"3036","description":"يک دسيبل","iscorrect":0},{"id":"3037","description":"صفر دسيبل","iscorrect":1},{"id":"3038","description":"ده دسيبل","iscorrect":0},{"id":"3039","description":"منهای ده دسيبل","iscorrect":0}]},{"id":"808","description":"سمپل ريت ۲۲۰۵۰ هرتز يعنی چه؟","answers":[{"id":"3040","description":"يعنی از هر دقيقه‌ی آن ۲۲۰۵۰ نمونه برداشته شده است.","iscorrect":0},{"id":"3041","description":"يعنی صدا با سرعت ۲۲۰۵۰ در ثانيه توليد شده است.","iscorrect":0},{"id":"3042","description":"يعنی از هر ثانيه‌ی آن ۲۲۰۵۰ نمونه ضبط شده است.","iscorrect":1},{"id":"3043","description":"يعنی با سرعت ۲۲۰۵۰ هرتز در ثانيه پخش می‌شود.","iscorrect":0}]},{"id":"809","description":"کدام يک از کيفيت‌های زير صدای شفاف‌تری دارد؟","answers":[{"id":"3044","description":"۱ بیت","iscorrect":0},{"id":"3045","description":"۸ بیت","iscorrect":0},{"id":"3046","description":"۳۲ بیت","iscorrect":0},{"id":"3047","description":"۱۶۴ بیت","iscorrect":1}]}]}]},{"name":"دستگاه های ضبط صدا و کيفيت های متفاوت ضبط","id":"168","contentorder":"5","lesson_number":3,"type":0,"filename":"lesson168.html"},{"name":"دستگاه های ضبط صدا و کيفيت های متفاوت ضبط","id":"305","contentorder":"6","type":1,"set":[{"score":"60","questions":[{"id":"851","description":"متداول ترين فرمت صدا در دستگاه های ديجيتال کدام است؟","answers":[{"id":"3208","description":"WAV","iscorrect":0},{"id":"3209","description":"AIFF","iscorrect":0},{"id":"3210","description":"MP3","iscorrect":1},{"id":"3211","description":"WMA","iscorrect":0}]},{"id":"852","description":"ميکروفون های بی سيم برای چه کاری مناسب اند؟","answers":[{"id":"3212","description":"ضبط موسيقی","iscorrect":0},{"id":"3213","description":"ضبط صدای پس زمينه","iscorrect":0},{"id":"3214","description":"ضبط صدای کسی که دور يا در حرکت است.","iscorrect":1},{"id":"3215","description":"برای مصاحبه های چند نفره","iscorrect":0}]},{"id":"853","description":"بهترين روش ضبط صدای کسی که در خيابان شلوغی ايستاده کدام است؟","answers":[{"id":"3216","description":"در جای دنج و کم صدائی با او گفتگو کنيم و صدای خيابان را جداگانه ضبط و بعدا اين دو را مخلوط کنيم.","iscorrect":1},{"id":"3217","description":"او را به استوديوی صدا دعوت کنيم.","iscorrect":0},{"id":"3218","description":"از ميکروفون‌ چند جهته استفاده کنيم.","iscorrect":0},{"id":"3219","description":"جلوی مسير صدا مانعی قرار بدهيم.","iscorrect":0}]}]},{"score":"60","questions":[{"id":"854","description":"اگر در صحنه مهمی حاضريد و دستگاه ضبط صوت همراه نداريد چه می کنيد؟","answers":[{"id":"3220","description":"از گزارشگر ديگری می خواهيد که کپی صدايش را به شما بدهد.","iscorrect":0},{"id":"3221","description":"فورا برای خريد يک دستگاه ضبط اقدام می کنيد.","iscorrect":0},{"id":"3222","description":"از دستگاه تلفن دستی يا دوربين فيلمبرداری که همراه داريد استفاده می کنيد.","iscorrect":1},{"id":"3223","description":"از دادن گزارش صرف نظر می کنيد.","iscorrect":0}]},{"id":"855","description":"داشتن گوشی در چه موقعی لازم است؟","answers":[{"id":"3224","description":"موقع ضبط صدا","iscorrect":0},{"id":"3225","description":"موقع آماده کردن دستگاه ها","iscorrect":0},{"id":"3226","description":"موقع تدوين صدا","iscorrect":0},{"id":"3227","description":"همه موارد بالا","iscorrect":1}]},{"id":"856","description":"چرا بهتر است دستگاه ضبط شما ورودی ميکروفون داشته باشد؟","answers":[{"id":"3228","description":"چون می توانيد در موقع لزوم گوشی خودتان را به آن وصل کنيد.","iscorrect":0},{"id":"3229","description":"چون می توانيد جلوی ضبط صداهای ناخواسته را بگيريد.","iscorrect":0},{"id":"3230","description":"چون همزمان با ضبط صدا می توانيد روی آن حرف بزنيد.","iscorrect":0},{"id":"3231","description":"چون به شما امکان استفاده از ميکروفون های‌ دقيق تر را می دهد.","iscorrect":1}]}]}]},{"name":"تدوين صدا و ابزارش- بخش اول","id":"169","contentorder":"7","lesson_number":4,"type":0,"filename":"lesson169.html"},{"name":"تدوین صدا و ابزارش- بخش اول","id":"308","contentorder":"8","type":1,"set":[{"score":"60","questions":[{"id":"858","description":"در پنجره اديتور شما می توانيد:","answers":[{"id":"3236","description":"يک فايل صوتی را اصلاح کنيد.","iscorrect":1},{"id":"3237","description":"چند فايل صوتی را اصلاح کنيد.","iscorrect":0},{"id":"3238","description":"باندهای مختلف صدا را با هم مخلوط کنيد.","iscorrect":0},{"id":"3239","description":"صداهای ترکيب شده را از هم جدا کنيد.","iscorrect":0}]},{"id":"859","description":"در گزينه History در گزینه Window شما می توانيد:","answers":[{"id":"3240","description":"تاريخ و زمان ضبط صدا را وارد کنيد.","iscorrect":0},{"id":"3241","description":"تاريخچه نرم افزار آديشن را بخوانيد.","iscorrect":0},{"id":"3242","description":"کارها‌ی انجام شده روی فايل صوتی را ببينيد.","iscorrect":1},{"id":"3243","description":"برای انجام کارهای بعدی برنامه ريزی کنيد.","iscorrect":0}]},{"id":"860","description":"علامت گذاشتن روی باند صدا چطور انجام می شود؟","answers":[{"id":"3244","description":"با زدن Space بر روی صفحه کلید","iscorrect":0},{"id":"3245","description":"با زدن حرف M","iscorrect":1},{"id":"3246","description":"با نگه داشتن ماوس بر روی محل مورد نظر","iscorrect":0},{"id":"3247","description":"با زدن حرف R","iscorrect":0}]}]},{"score":"60","questions":[{"id":"861","description":"با زدن دکمه قرمز رنگ ضبط، کار ضبط صدا از کجا شروع می شود؟","answers":[{"id":"3248","description":"از ابتدای فایل","iscorrect":0},{"id":"3249","description":"از انتهای فایل","iscorrect":0},{"id":"3250","description":"از ده ثانیه بعد از زدن دکمه","iscorrect":0},{"id":"3251","description":"از نقطه ای که خط نشانگر عمودی توقف کرده است.","iscorrect":1}]},{"id":"862","description":"در نمودار تصويری صدا، در پائين پنجره اديتور، رنگ قرمز علامت چیست؟","answers":[{"id":"3252","description":"پايان ظرفيت حافظه کامپيوتر","iscorrect":0},{"id":"3253","description":"نقص فنی‌ ميکروفون","iscorrect":0},{"id":"3254","description":"توقف ضبط","iscorrect":0},{"id":"3255","description":"بلندی صدا و اختلال در کيفيت ضبط","iscorrect":1}]},{"id":"863","description":"در پنجره ميکسر چندباندی شما می توانيد:","answers":[{"id":"3256","description":"بسته های مختلف صوتی درباره موضوع های مختلف بسازيد.","iscorrect":0},{"id":"3257","description":"از باندهای صدای متنوعی برای ساخت يک بسته صوتی استفاده کنيد.","iscorrect":1},{"id":"3258","description":"فايل های صوتی را به طور مجزا ويرايش و ذخيره کنيد.","iscorrect":0},{"id":"3259","description":"صداهای مختلف در يک فايل صوتی را از هم جدا کنيد.","iscorrect":0}]}]}]},{"name":"تدوين صدا و ابزارش- بخش دوم","id":"170","contentorder":"9","lesson_number":5,"type":0,"filename":"lesson170.html"},{"name":"تدوين صدا و ابزارش- بخش دوم","id":"310","contentorder":"10","type":1,"set":[{"score":"60","questions":[{"id":"864","description":"مشخصات فنی يک فايل صوتی را چطور می فهميم؟","answers":[{"id":"3260","description":"با نگاه کردن به پنجره اديتور","iscorrect":0},{"id":"3261","description":"از پنجره Properties","iscorrect":1},{"id":"3262","description":"از پنجره Preferences","iscorrect":0},{"id":"3263","description":"از تصوير موجی صدا","iscorrect":0}]},{"id":"865","description":"گزينه های دلخواه کاربر در استفاده از آديشن را چطور انتخاب می کنيم؟","answers":[{"id":"3264","description":"با رفتن به Preferences و تنظيم گزينه های موجود در پنجره های مختلف آن","iscorrect":1},{"id":"3265","description":"در موقع باز کردن نرم افزار به سوال های مربوطه جواب می دهيم.","iscorrect":0},{"id":"3266","description":"گزينه ها به صورت پيش فرض در برنامه ضبط شده اند و قابل تغيير نيستند.","iscorrect":0},{"id":"3267","description":"با انتخاب فرمت صدا بقيه مشخصات فايل خود به خود تنظيم می شود.","iscorrect":0}]},{"id":"866","description":"علامت hms در بالای پنجره اديت نشانه چيست؟","answers":[{"id":"3268","description":"سرعت حرکت نشانگر","iscorrect":0},{"id":"3269","description":"نحوه فشرده کردن فايل","iscorrect":0},{"id":"3270","description":"نشانه زمان هر مقطع از باند صدا","iscorrect":1},{"id":"3271","description":"ابزار مختلف ويرايش صدا","iscorrect":0}]}]},{"score":"60","questions":[{"id":"867","description":"برای اين که صدا را با سرعت به جلو ببريد بايد چه کنيد؟","answers":[{"id":"3272","description":"بايد روی دکمه ای که با دو فلش به جلو مشخص شده کلیک کرد.","iscorrect":0},{"id":"3273","description":"بايد دکمه ای را که با دو فلش به جلو مشخص شده به طور پيوسته پائین نگه داشت.","iscorrect":1},{"id":"3274","description":"بايد اين کار را روی دستگاه ضبط صدا انجام داد.","iscorrect":0},{"id":"3275","description":"بايد در گزينه سرعت در Preferences عدد دلخواه را وارد کرد.","iscorrect":0}]},{"id":"868","description":"چرا نبايد در پنجره اديت، تمام يک باند چند دقيقه ای صدا را نشان داد؟","answers":[{"id":"3276","description":"چون صفحه نمايش گنجايش همه آن اطلاعات را ندارد.","iscorrect":0},{"id":"3277","description":"چون ممکن است بخش هایی از صدا از بين برود.","iscorrect":0},{"id":"3278","description":"چون جزئيات بهتر ديده می شود و اديت آسان تر می شود.","iscorrect":1},{"id":"3279","description":"چون متداول نيست.","iscorrect":0}]},{"id":"869","description":"گزينه Diagnostics در ويرايش صدا چه کمکی‌ می کند؟","answers":[{"id":"3280","description":"به صداپرداز می گويد که صدای موجود چه معايبی‌ دارد.","iscorrect":0},{"id":"3281","description":"بعضی مشکلات متداول صدا برداری را اصلاح می کند.","iscorrect":1},{"id":"3282","description":"تکه های خراب شده صدا را حذف می کند.","iscorrect":0},{"id":"3283","description":"فيلترهای مختلف را روی تکه جدا کرده آزمايش می کند.","iscorrect":0}]}]}]},{"name":"تدوين صدای ضبط شده","id":"171","contentorder":"11","lesson_number":6,"type":0,"filename":"lesson171.html"},{"name":"تدوين صدای ضبط شده","id":"312","contentorder":"12","type":1,"set":[{"score":"60","questions":[{"id":"870","description":"چرا بهتر است ويرايش صدا را روی يک کپی از فايل اصلی انجام دهيد؟","answers":[{"id":"3284","description":"چون داشتن دو فايل بهتر از يکی است.","iscorrect":0},{"id":"3285","description":"چون تغييرات عينا در فايلی که باز است ضبط می شود و بعد از ذخيره شدن قابل برگشت نيست.","iscorrect":1},{"id":"3286","description":"چون بعدا می توانيد دو نسخه را با هم مقايسه کنيد.","iscorrect":0},{"id":"3287","description":"چون کار روی کپی سريع تر انجام می شود.","iscorrect":0}]},{"id":"871","description":"برای بريدن يک تکه صدا چه بايد کرد؟","answers":[{"id":"3288","description":"تکه مورد نظر را برجسته (Highlight) می کنيم و بعد CTRL+X را فشار می دهيم.","iscorrect":0},{"id":"3289","description":"تکه مورد نظر را برجسته (Highlight) می کنيم و بعد CTRL+C را فشار می دهيم.","iscorrect":1},{"id":"3290","description":"تکه مورد نظر را برجسته (Highlight) می کنيم و بعد CTRL+S را فشار می دهيم.","iscorrect":0},{"id":"3291","description":"تکه مورد نظر را برجسته (Highlight) می کنيم و بعد CTRL+V را فشار می دهيم.","iscorrect":0}]},{"id":"872","description":"EQ يا برابر کننده چه نقشی دارد؟","answers":[{"id":"3292","description":"فرکانس های مختلف صدا را تنظيم می کند.","iscorrect":1},{"id":"3293","description":"بلندی و کوتاهی صدا را تنظيم می کند.","iscorrect":0},{"id":"3294","description":"سرعت پخش صدا را تنظيم می کند.","iscorrect":0},{"id":"3295","description":"صداهای بم را تنظيم می کند.","iscorrect":0}]}]},{"score":"60","questions":[{"id":"873","description":"گزينه نرمالايز چه می کند؟","answers":[{"id":"3296","description":"فرکانس های مختلف صدا را تنظيم می کند.","iscorrect":0},{"id":"3297","description":"بلندی و کوتاهی صدا را تنظيم می کند.","iscorrect":1},{"id":"3298","description":"سرعت پخش صدا را تنظيم می کند.","iscorrect":0},{"id":"3299","description":"صداهای زير را تنظيم می کند.","iscorrect":0}]},{"id":"874","description":"برای اين که يک فايل را با اسم تازه ذخيره کنيد از چه کليدهایی کمک می گيريد؟","answers":[{"id":"3300","description":"Shift+S","iscorrect":0},{"id":"3301","description":"Shift+CTRL+S","iscorrect":0},{"id":"3302","description":"‌CTRL+C","iscorrect":0},{"id":"3303","description":"Shift+CTRL+C","iscorrect":1}]},{"id":"875","description":"برای برگشت از تغييری که نپسنديده ايد می توانيد:","answers":[{"id":"3304","description":"از کلیدهای CTRL+Z استفاده کنيد.","iscorrect":0},{"id":"3305","description":"از منوی اديت گزينه Undo را انتخاب کنيد.","iscorrect":0},{"id":"3306","description":"در پنجره History آخرين عملی را که انجام داده ايد در سطل زباله بيندازيد.","iscorrect":0},{"id":"3307","description":"همه راه‌های بالا","iscorrect":1}]}]}]},{"name":"ميکسر چند باندی","id":"174","contentorder":"13","lesson_number":7,"type":0,"filename":"lesson174.html"},{"name":"ميکسر چند باندی","id":"314","contentorder":"14","type":1,"set":[{"score":"60","questions":[{"id":"876","description":"برای اين که بتوانيم فقط صدای يکی از باندها را بشنويم و بقيه ساکت باشند بايد کدام دکمه را بزنيم؟","answers":[{"id":"3308","description":"M","iscorrect":0},{"id":"3309","description":"S","iscorrect":1},{"id":"3310","description":"R","iscorrect":0},{"id":"3311","description":"I","iscorrect":0}]},{"id":"877","description":"اگر بخواهيم روی يکی از باندها صدای تازه ای ضبط کنيم کدام دکمه بايد فعال باشد؟","answers":[{"id":"3312","description":"M","iscorrect":0},{"id":"3313","description":"S","iscorrect":0},{"id":"3314","description":"R","iscorrect":1},{"id":"3315","description":"I","iscorrect":0}]},{"id":"878","description":"خط Pan در وسط باند صدا نشان دهنده چه چيزی است؟","answers":[{"id":"3316","description":"بلندی صدا","iscorrect":0},{"id":"3317","description":"کوتاهی صدا","iscorrect":0},{"id":"3318","description":"تعادل صدا در بلندگوهای راست و چپ","iscorrect":1},{"id":"3319","description":"تنظيم صدای پس زمينه","iscorrect":0}]}]},{"score":"60","questions":[{"id":"879","description":"برای اين که بخواهيم فايل اصلی يک باند را به طور مجزا ويرايش کنيم آسان ترين راه برای رفتن از صفحه ميکسر به صفحه اديتور آن باند چيست؟","answers":[{"id":"3320","description":"دو بار کلیک کردن بر روی آن باند","iscorrect":1},{"id":"3321","description":"با کپی و چسباندن آن در يک صفحه اديتور","iscorrect":0},{"id":"3322","description":"با رفتن به مخزن اصلی و دوباره باز کردن فايل مربوطه","iscorrect":0},{"id":"3323","description":"ضبط دوباره صدا از همان باند","iscorrect":0}]},{"id":"880","description":"Toggle Snapping چه فايده ای دارد؟","answers":[{"id":"3324","description":"جاگذاری صداها در کنار هم را آسان تر می کند.","iscorrect":1},{"id":"3325","description":"جلوی تکرار صداها‌ را می گيرد.","iscorrect":0},{"id":"3326","description":"اجازه پريدن از يک باند صدا به باند ديگر را می دهد.","iscorrect":0},{"id":"3327","description":"تنظيم های صداها را با هم متناسب می کند.","iscorrect":0}]},{"id":"881","description":"از کدام کليد ميانبر برای بريدن صدا استفاده می کنيم؟","answers":[{"id":"3328","description":"R","iscorrect":0},{"id":"3329","description":"B","iscorrect":1},{"id":"3330","description":"D","iscorrect":0},{"id":"3331","description":"V","iscorrect":0}]}]}]}]}