{"courseId":"74","contents":[{"name":"مقدمه","id":"576","contentorder":"1","lesson_number":1,"type":0,"filename":"lesson576.html"},{"name":"درس اول- در مورد تفکر خلاق بیشتر بدانیم","id":"575","contentorder":"2","lesson_number":2,"type":0,"filename":"lesson575.html"},{"name":"در مورد تفکر خلاق بیشتر بدانیم","id":"945","contentorder":"3","type":1,"set":[{"score":"60","questions":[{"id":"3764","description":"بیشتر دانستن و خواندن در مورد تفکر خلاق به ما چه کمکی می تواند بکند:","answers":[{"id":"14289","description":"در شناخت خصوصیاتی که در ما مانع تفکر خلاق هستند کمک می کند.","iscorrect":0},{"id":"14290","description":"به ما فرصت می دهد تا به روش های اندیشیدن خودمان فکر کنیم.","iscorrect":0},{"id":"14291","description":"در شناخت نیاز به فراگیری چنین مهارتی کمک می کند.","iscorrect":1},{"id":"14292","description":"همه موارد صحیح هستند.","iscorrect":0}]},{"id":"3765","description":"کدامیک از عبارات زیر صحیح نیستند؟","answers":[{"id":"14293","description":"تغییر اجتناب ناپذیر است.","iscorrect":0},{"id":"14294","description":"تفکر خلاق به ما می آموزد چگونه از تغییر نهراسیم.","iscorrect":0},{"id":"14295","description":"اینکه ما کجای چرخه تغییر هستیم به اختیار ما نیست.","iscorrect":0},{"id":"14296","description":"همه موارد صحیح هستند.","iscorrect":1}]},{"id":"3766","description":"به نظر شما چرا ایجاد تغییر می تواند برای ما مثبت و مفید باشد؟","answers":[{"id":"14297","description":"چون تغییر بالاخره بوجود خواهد آمد.","iscorrect":0},{"id":"14298","description":"برای خلاقانه اندیشیدن، نوع نگاه مان به تغییر را باید تغییر دهیم.","iscorrect":0},{"id":"14299","description":"چون بوجود آورنده تغییر کسی است که ابتکار عمل را به دست خواهد گرفت.","iscorrect":1},{"id":"14300","description":"همه موارد","iscorrect":0}]},{"id":"3767","description":"عبارت: «فرد خلاق هیچ وقت فکر نمی کند مشکلی که حل شد فراموش می شود» از ویژگی کدامیک از شیوه های کلاسیک دستیابی به خلاقیت است؟","answers":[{"id":"14301","description":"تدریجی","iscorrect":1},{"id":"14302","description":"ترکیب ایده ها","iscorrect":0},{"id":"14303","description":"ایده های انقلابی","iscorrect":0},{"id":"14304","description":"هیچکدام","iscorrect":0}]},{"id":"3768","description":"عبارت: «از پیش فرض ها و تصورات خودمان استفاده کنیم و آنها را دوباره بکار بگیریم»:","answers":[{"id":"14305","description":"صحیح است.","iscorrect":0},{"id":"14306","description":"غلط است.","iscorrect":1}]}]},{"score":"60","questions":[{"id":"3769","description":"عبارت «بیشتر دانستن و خواندن در مورد تفکر خلاق در شناخت نیاز به فراگیری چنین مهارتی کمک می کند»:","answers":[{"id":"14307","description":"غلط است.","iscorrect":0},{"id":"14308","description":"صحیح است.","iscorrect":1}]},{"id":"3770","description":"کدامیک از عبارات زیر در مورد تغییر صحیح است؟","answers":[{"id":"14309","description":"تغییر اجتناب ناپذیر است.","iscorrect":0},{"id":"14310","description":"تغییر باعث بدست گرفتن ابتکار عمل در دستان ما می شود.","iscorrect":0},{"id":"14311","description":"برای خلاق بودن نوع نگاه مان به تغییر را باید تغییر دهیم.","iscorrect":0},{"id":"14312","description":"موارد اول و سوم","iscorrect":1}]},{"id":"3771","description":"یکی از راه های حرکت در مسیر تفکر خلاق چیست؟","answers":[{"id":"14313","description":"از تغییر نهراسیم.","iscorrect":0},{"id":"14314","description":"نوع نگاه و طرز فکرمان به تغییر را عوض کنیم.","iscorrect":0},{"id":"14315","description":"تغییر بهترین راه برای رسیدن به بهترین هاست.","iscorrect":0},{"id":"14316","description":"موارد اول و دوم","iscorrect":1}]},{"id":"3772","description":"اینکه ایده های جدید به ایده های دیگر شاخ و برگ می دهند، ویژگی کدام شیوه تفکر خلاق است؟","answers":[{"id":"14317","description":"روش ایده های ترکیبی","iscorrect":0},{"id":"14318","description":"روش تدریجی","iscorrect":1},{"id":"14319","description":"روش ایده های انقلابی","iscorrect":0},{"id":"14320","description":"همه موارد صحیح هستند.","iscorrect":0}]},{"id":"3773","description":"باور به «هدف حل مشکل است و نه پیاده کردن یک راه حل خاص» چگونه به تفکر خلاق کمک می کند؟","answers":[{"id":"14321","description":"ما را وا می دارد مشکل را ارزیابی کنیم.","iscorrect":0},{"id":"14322","description":"نشان می دهد نباید به یک راه حل خاص، خودمان را محدود کنیم.","iscorrect":0},{"id":"14323","description":"وقتی یک راه حل کار نمی کند به سراغ دیگری برویم.","iscorrect":0},{"id":"14324","description":"همه موارد","iscorrect":1}]}]}]},{"name":"درس دوم- تکنیک های پرورش تفکر خلاق","id":"577","contentorder":"4","lesson_number":3,"type":0,"filename":"lesson577.html"},{"name":"تکنیک های پرورش تفکر خلاق","id":"947","contentorder":"5","type":1,"set":[{"score":"60","questions":[{"id":"3774","description":"کدامیک از عبارات زیر صحیح است؟","answers":[{"id":"14325","description":"خلاقیت و نوآوری مربوط به فعالیت های بخش راست مغر ما هستند.","iscorrect":1},{"id":"14326","description":"در باور سنتی چندان نیازی به فعالیت های بخش چپ مغز وجود نداشت.","iscorrect":0},{"id":"14327","description":"انسان امروز با نیروی استدلال و منطق، زندگی می کند.","iscorrect":0},{"id":"14328","description":"هیچکدام","iscorrect":0}]},{"id":"3775","description":"کدامیک از گزینه های زیر در مورد عادات روزمره زندگی ما صحیح است؟","answers":[{"id":"14329","description":"عادات و روتین خیلی وقت ها به کشته شدن خلاقیت می انجامند.","iscorrect":0},{"id":"14330","description":"تغییر در عادات روزمره چالش برانگیز هستند.","iscorrect":0},{"id":"14331","description":"رها شدن از قید عادت ها، راه را برای تفکر خلاق باز می کند.","iscorrect":1},{"id":"14332","description":"همه موارد","iscorrect":0}]},{"id":"3776","description":"عبارت «گاهی ترک عادت ها و روتین زندگی روزمره، ما را می ترساند»:","answers":[{"id":"14333","description":"صحیح است.","iscorrect":1},{"id":"14334","description":"غلط است.","iscorrect":0}]},{"id":"3777","description":"کدامیک از موارد زیر از روش های پرورش تفکر خلاق نیست؟","answers":[{"id":"14335","description":"ترک عادت ها","iscorrect":1},{"id":"14336","description":"ثبت و ضبط ایده ها","iscorrect":0},{"id":"14337","description":"تهیه لیست صدتایی","iscorrect":0},{"id":"14338","description":"موارد دوم و سوم","iscorrect":0}]},{"id":"3778","description":"کدام گزینه در مورد لیست صدتایی صحیح است؟","answers":[{"id":"14339","description":"این شیوه در روند حل مشکلات و همفکری های گروهی به کمک ما می آید.","iscorrect":0},{"id":"14340","description":"باعث می شود ما ناخودآگاه در روند حل مشکل درگیر شویم.","iscorrect":0},{"id":"14341","description":"موجب همکاری بخش ناخودآگاه و خودآگاه مغز ما با هم می شود.","iscorrect":0},{"id":"14342","description":"همه موارد","iscorrect":1}]}]},{"score":"60","questions":[{"id":"3779","description":"عبارت «ما وارد عصری شده ایم که توانایی های بخش راست مغزمان از جمله همدلی، احساسات هنری، خلاقیت و نوآوری به اندازه توانایی های بخش چپ مغزمان مثل منطق، توانایی در محاسبات و اعداد اهمیت پیدا کرده اند» در ارتباط صحیح با کدام گزینه است؟","answers":[{"id":"14343","description":"با افزایش ارزش و اهمیت خلاقیت، فرصتی برای همه پیش می آید تا به توانایی های بیشتر دست پیدا کنند.","iscorrect":0},{"id":"14344","description":"خلاقیت جزو دسته فعالیت های بخش راست مغز ماست.","iscorrect":0},{"id":"14345","description":"در گذشته، به طور سنتی باور بر این بود که فعالیت های بخش چپ مغز مهمتر هستند.","iscorrect":0},{"id":"14346","description":"همه موارد","iscorrect":1}]},{"id":"3780","description":"عبارت «عادات و روتین ممکن است به از بین رفتن و کشته شدن خلاقیت بینجامد.» مربوط به کدامیک از تکنیک های رسیدن به تفکر خلاق نیست؟","answers":[{"id":"14347","description":"کشف آنجه نمی دانیم","iscorrect":0},{"id":"14348","description":"نوشتن یادداشت روزانه","iscorrect":0},{"id":"14349","description":"ثبت و ضبط ایده ها","iscorrect":0},{"id":"14350","description":"موارد دوم و سوم","iscorrect":1}]},{"id":"3781","description":"«نوشتن یادداشت روزانه روش خاصی برای انجام ندارد»، این عبارت:","answers":[{"id":"14351","description":"غلط است.","iscorrect":0},{"id":"14352","description":"صحیح است.","iscorrect":1}]},{"id":"3782","description":"کدامیک از موارد زیر می تواند به پرورش تفکر خلاق کمک کند؟","answers":[{"id":"14353","description":"تهیه لیستی از صد محلی که می خواهیم ببینیم.","iscorrect":0},{"id":"14354","description":"یادداشت کردن ایده های جدیدی که به ذهن مان می رسد.","iscorrect":0},{"id":"14355","description":"گوش کردن به موسیقی که تا به حال گوش نکرده ایم.","iscorrect":0},{"id":"14356","description":"همه موارد","iscorrect":1}]},{"id":"3783","description":"استفاده از نقشه و مدل بصری چگونه به پرورش خلاقیت کمک می کند؟","answers":[{"id":"14357","description":"کمکی نمی کند.","iscorrect":0},{"id":"14358","description":"می توان از این شیوه برای پروژه ای موردی هم استفاده کرد.","iscorrect":0},{"id":"14359","description":"از طریق نظم دادن و مرتب کردن اطلاعات","iscorrect":1},{"id":"14360","description":"هیچکدام","iscorrect":0}]}]}]},{"name":"درس سوم- دو شیوه متفاوت فکر کردن","id":"578","contentorder":"6","lesson_number":4,"type":0,"filename":"lesson578.html"},{"name":"دو شیوه متفاوت فکر کردن","id":"949","contentorder":"7","type":1,"set":[{"score":"60","questions":[{"id":"3784","description":"«اکثر این پیش فرض ها مستقیما از آنچه قبلا در آن حوزه اتفاق افتاده یا انجام شده، می آیند.» این عبارت:","answers":[{"id":"14361","description":"صحیح است.","iscorrect":1},{"id":"14362","description":"غلط است.","iscorrect":0}]},{"id":"3785","description":"روش «تفکر بین کهکشانی» دقیقا چه کمکی به ما می کند؟","answers":[{"id":"14363","description":"به ما کمک می کنند از بند محدودیت های دست و پاگیر این پیش فرض ها خلاص شویم.","iscorrect":0},{"id":"14364","description":"به ما کمک می کند بیرون از چهارچوب فکر کنیم.","iscorrect":0},{"id":"14365","description":"به ما یاد می دهد در مواجهه با حل مشکلی خود را محدود نکنیم.","iscorrect":0},{"id":"14366","description":"همه موارد","iscorrect":1}]},{"id":"3786","description":"این جمله مربوط به کدام شیوه تفکر است: «به عنوان شیوه تفکری نو و مخالف شیوه های قابل پیش بینی منطقی رایج بکار گرفته شود، ارزشمند است.»","answers":[{"id":"14367","description":"شیوه تفکر متفاوت","iscorrect":0},{"id":"14368","description":"۱۸۰ درجه برعکس فکر کردن","iscorrect":1},{"id":"14369","description":"فکر بین کهکشانی","iscorrect":0},{"id":"14370","description":"همه موارد","iscorrect":0}]},{"id":"3787","description":"کدامیک از گزینه ها در ارتباط با شیوه ۱۸۰ درجه برعکس صحیح نیست؟","answers":[{"id":"14371","description":"بعضی وقت ها نوشتن مشخصات و صفاتی از آنچه طرز تفکر معمول به آن می پردازد، کمک می کند تا راحت تر مسیر آن را بیابید.","iscorrect":0},{"id":"14372","description":"اگر به دنبال ایده های جدید هستید، باید نوع دیگری فکر کنید.","iscorrect":0},{"id":"14373","description":"اگر در این شیوه به پاسخ نرسید، حداقل یک نقطه شروع برای آغاز روند تفکر خلاق دارید.","iscorrect":0},{"id":"14374","description":"هیچکدام","iscorrect":1}]},{"id":"3788","description":"کدام گزینه در مورد شیوه تفکر بین کهکشانی صحیح نیست؟","answers":[{"id":"14375","description":"با این روش از غالب چهارچوب ها رها می شوید و به ایده های تازه و نو در هر حوزه و حیطه ای می رسید.","iscorrect":0},{"id":"14376","description":"نباید منتظر منبع الهام بنشینید، شما خودتان می توانید ایده ها را خلق کنید.","iscorrect":0},{"id":"14377","description":"دنبال اطلاعات مرتبط به مشکل نباشید.","iscorrect":1},{"id":"14378","description":"این روش ذهن منطقی شما را که قابل پیش بینی است و دنبال همان اطلاعات و شیوه هایی است که بارها و بارها تکرار شده، از گرده خارج می کند.","iscorrect":0}]}]},{"score":"60","questions":[{"id":"3789","description":"کدامیک از عبارات زیر صحیح نیست؟","answers":[{"id":"14379","description":"ما ناخودآگاه، اسیر پیش فرض هایمان هستیم.","iscorrect":0},{"id":"14380","description":"راهی برای رهایی از پیش فرض های ذهنی وجود ندارد.","iscorrect":1},{"id":"14381","description":"ما تحت تاثیر محدودیت های فکری مان هستیم.","iscorrect":0},{"id":"14382","description":"هیچکدام","iscorrect":0}]},{"id":"3790","description":"«شیوه های فکری هستند که به ما کمک می کنند از بند محدودیت های دست و پاگیر این پیش فرض ها خلاص شویم.» این عبارت:","answers":[{"id":"14383","description":"صحیح است.","iscorrect":1},{"id":"14384","description":"غلط است.","iscorrect":0}]},{"id":"3791","description":"اینکه در مواجهه با حل مشکلی خود را محدود نکنیم، مربوط به کدام شیوه تفکر است؟","answers":[{"id":"14385","description":"شیوه تفکر متفاوت","iscorrect":0},{"id":"14386","description":"۱۸۰ درجه بر عکس فکر کردن","iscorrect":0},{"id":"14387","description":"تفکر بین کهکشانی","iscorrect":0},{"id":"14388","description":"همه موارد","iscorrect":1}]},{"id":"3792","description":"کدام گزینه در مورد شیوه تفکر بین کهکشانی صحیح است؟","answers":[{"id":"14389","description":"با این روش از غالب چهارچوب ها رها کنید، به ایده های تازه و نو در هر حوزه و حیطه ای می رسید.","iscorrect":0},{"id":"14390","description":"نباید منتظر منبع الهام بنشینید، شما خودتان می توانید ایده ها را خلق کنید.","iscorrect":0},{"id":"14391","description":"این روش ذهن منطقی شما را که قابل پیش بینی است و دنبال همان اطلاعات و شیوه هایی است که بارها و بارها تکرار شده، از گرده خارج می کند.","iscorrect":0},{"id":"14392","description":"همه موارد صحیح هستند.","iscorrect":1}]},{"id":"3793","description":"عبارت «روی آن بخش از اطلاعات که نامرتبط هستند تمرکز کنید تا راهی برای مرتبط به حل مشکل تان بیابید.»:","answers":[{"id":"14393","description":"غلط است.","iscorrect":0},{"id":"14394","description":"صحیح است.","iscorrect":1}]}]}]},{"name":"درس چهارم- محرک های تفکر خلاق","id":"579","contentorder":"8","lesson_number":5,"type":0,"filename":"lesson579.html"},{"name":"محرک های تفکر خلاق","id":"951","contentorder":"9","type":1,"set":[{"score":"60","questions":[{"id":"3794","description":"عبارت «برای خلاق بودن الزاما باید مشارکت فعال در یک روند خلاق داشت»:","answers":[{"id":"14395","description":"صحیح است.","iscorrect":0},{"id":"14396","description":"غلط است.","iscorrect":1}]},{"id":"3795","description":"عبارت «نکته برداری می تواند کمک بسیار خوبی برای ایجاد شرایط آفرینش و بروز ایده های نو و بدیع باشد» مربوط به کدامیک از محرک های خلاقیت است:","answers":[{"id":"14397","description":"مشاهده","iscorrect":0},{"id":"14398","description":"مکتوب کردن ایده ها","iscorrect":0},{"id":"14399","description":"گوش کردن","iscorrect":1},{"id":"14400","description":"همه موارد صحیح هستند.","iscorrect":0}]},{"id":"3796","description":"این ضرب المثل چینی «حتی کمرنگ ترین جوهرها از بهترین حافظه ها بهتر کار می کند.» در ارتباط با کدام یک از گزینه ها می تواند صحیح باشد؟","answers":[{"id":"14401","description":"مکتوب کردن ایده ها","iscorrect":0},{"id":"14402","description":"اهمیت یکی از روش های تحریک خلاقیت را نشان می دهد.","iscorrect":0},{"id":"14403","description":"اگر همه چیز یادت می ماند باید تا حالا هزاران ایده در خاطرمان باشد.","iscorrect":0},{"id":"14404","description":"همه موارد","iscorrect":1}]},{"id":"3797","description":"عبارت «ایده های تصادفی می توانند بهترین موتورهای محرک افکار و ایده های بزرگ و راه حل های نو و بدیع باشند» به کدامیک از شیوه های تفکر خلاق نزدیک است؟","answers":[{"id":"14405","description":"مربوط به روش های تحریک خلاقیت است.","iscorrect":0},{"id":"14406","description":"روش تفکر بین کهکشانی","iscorrect":1},{"id":"14407","description":"روش ۱۸۰ درجه عکس فکر کردن","iscorrect":0},{"id":"14408","description":"هیچکدام","iscorrect":0}]},{"id":"3798","description":"«نوشتن و یادداشت کردن در زمان گوش کردن به تحریک قوه خلاقه کمک می کند» این عبارت:","answers":[{"id":"14409","description":"صحیح است.","iscorrect":0},{"id":"14410","description":"غلط است.","iscorrect":1}]}]},{"score":"60","questions":[{"id":"3799","description":"کدامیک از موارد زیر در تحریک خلاقیت می تواند موثر باشد؟","answers":[{"id":"14411","description":"مشاهده و مکاشفه","iscorrect":0},{"id":"14412","description":"گوش کردن","iscorrect":0},{"id":"14413","description":"مکتوب کردن ایده ها","iscorrect":0},{"id":"14414","description":"همه موارد","iscorrect":1}]},{"id":"3800","description":"عبارت «نکته برداری می تواند کمک بسیار خوبی برای ایجاد شرایط آفرینش و بروز ایده های نو و بدیع باشد»:","answers":[{"id":"14415","description":"صحیح است.","iscorrect":1},{"id":"14416","description":"غلط است.","iscorrect":0}]},{"id":"3801","description":"«نکته برداری در زمان گوش کردن به تحریک قوه خلاقه کمک می کند». این عبارت:","answers":[{"id":"14417","description":"صحیح است.","iscorrect":1},{"id":"14418","description":"غلط است.","iscorrect":0}]},{"id":"3802","description":"کدامیک از گزینه های زیر صحیح نیست؟","answers":[{"id":"14419","description":"مشاهده، وقتی محرک خلاقیت است که وقتی با مشکلی رو به رو می شویم با میل به دانستن، مشاهده و بررسی می کنیم تا راه های بهتر شدن و تغییر به سوی بهتر شدن را کشف کنیم.","iscorrect":0},{"id":"14420","description":"بیشتر ما تصور می کنیم در تمام روز در حال گوش کردن هستیم.","iscorrect":0},{"id":"14421","description":"همیشه احتیاجی به نوشتن نیست، می توان به حافظه اطمینان کرد.","iscorrect":1},{"id":"14422","description":"همه موارد","iscorrect":0}]},{"id":"3803","description":"به نظر شما چرا فقط ثبت نکته های کلیدی ایده تان به اختصار کافی است؟","answers":[{"id":"14423","description":"چون ممکن است از گوش کردن باز بمانیم.","iscorrect":0},{"id":"14424","description":"تا ایده های لحظه ای مان را فراموش نکنیم.","iscorrect":0},{"id":"14425","description":"موارد اول و دوم","iscorrect":1},{"id":"14426","description":"هیچکدام","iscorrect":0}]}]}]},{"name":"درس پنجم- نحوه اجرای تکنیک های تفکر خلاق","id":"580","contentorder":"10","lesson_number":6,"type":0,"filename":"lesson580.html"},{"name":"نحوه اجرای تکنیک های تفکر خلاق","id":"953","contentorder":"11","type":1,"set":[{"score":"60","questions":[{"id":"3804","description":"کدامیک از موارد زیر در رابطه با استفاده از تکنیک های تفکر خلاق صحیح است؟","answers":[{"id":"14427","description":"بهتر است تکنیک ها را در اولین فرصت اجرا کنیم.","iscorrect":0},{"id":"14428","description":"تکنیک ها را تا جای ممکن تکرار کنیم.","iscorrect":0},{"id":"14429","description":"با تکرار و تمرین، روش ها را در خودمان نهادینه کنیم.","iscorrect":0},{"id":"14430","description":"همه موارد","iscorrect":1}]},{"id":"3805","description":"در پاسخ به این سوال که چرا از تکنیک هایی که آموخته ایم در عمل استفاده نمی کنیم، کدام گزینه صحیح است؟","answers":[{"id":"14431","description":"چون هنوز نیاز به زمان و تمرین بیشتر داریم.","iscorrect":0},{"id":"14432","description":"آموخته ها در ما نهادینه نشده اند.","iscorrect":0},{"id":"14433","description":"رها شدن از الگوه های فکری و عادت هایمان آسان نیست.","iscorrect":0},{"id":"14434","description":"همه موارد","iscorrect":1}]},{"id":"3806","description":"«هر چه بیشتر از تکنیک های تفکر خلاق استفاده کنید، آنها بهتر و کارآمدتر خواهند شد.» این عبارت:","answers":[{"id":"14435","description":"صحیح است.","iscorrect":1},{"id":"14436","description":"غلط است.","iscorrect":0}]},{"id":"3807","description":"عبارت «هر چه بیشتر از تکنیک های تفکر خلاق استفاده کنید، آنها بهتر و کارآمدتر خواهند شد.» با کدامیک از گزینه ها مرتبط است:","answers":[{"id":"14437","description":"تکرار و تمرین این تکنیک ها باعث می شود این روش ها در ما نهادینه شوند.","iscorrect":0},{"id":"14438","description":"نیاز به سال ها تمرین و تکرار دارد تا ناخودآگاه طبق شیوه های خلاقانه فکر کنیم.","iscorrect":0},{"id":"14439","description":"زمان می برد تا شما ناخودآگاه به احتمال راه حل های متعدد فکر کنید؛ برای حل یک مشکل و یا برای یافتن راه حل خود را به هیچ قیدی مقید نکنید.","iscorrect":0},{"id":"14440","description":"همه موارد","iscorrect":1}]},{"id":"3808","description":"کدامیک از عبارت های زیر در رابطه با بکارگیری شیوه های تفکر خلاق صحیح نیست؟","answers":[{"id":"14441","description":"هر چه بیشتر تکنیک ها و شیوه های تفکر خلاق را استفاده و تکرار کنید، کاربردی تر می شوند و مهارت شما هم در بکارگیری هر چه بیشتر و بهتر آنها بیشتر می شود.","iscorrect":0},{"id":"14442","description":"این روش ها و تکنیک ها به کار نمی آیند و امکان ندارد بتوان این کار را بهتر از این انجام داد.","iscorrect":1},{"id":"14443","description":"آدم های بسیاری هستند که چنان به عقاید و شیوه های قدیمی خود عادت دارند و به آنها وابسته اند که واقعا اهرم های بسیار قوی لازم است تا بتوان آنها را از این تعلق جدا کرد.","iscorrect":0},{"id":"14444","description":"همه موارد","iscorrect":0}]}]},{"score":"60","questions":[{"id":"3809","description":"کدامیک از موارد زیر در رابطه با استفاده از تکنیک های تفکر خلاق نیست؟","answers":[{"id":"14445","description":"تکرار و تمرین تکنیک ها را در ما نهادینه می کند.","iscorrect":0},{"id":"14446","description":"اگر شیوه ای در مورد ما کار نکرد، باید آن را آنقدر انجام دهیم تا نتیجه بگیریم.","iscorrect":1},{"id":"14447","description":"در اولین فرصت تکنیک ها را عملی کنیم.","iscorrect":0},{"id":"14448","description":"هیچکدام","iscorrect":0}]},{"id":"3810","description":"عبارت «هر چه بیشتر از تکنیک های تفکر خلاق استفاده کنید، آنها بهتر و کارآمدتر خواهند شد.» با کدامیک از گزینه ها در تضاد است؟","answers":[{"id":"14449","description":"تکرار و تمرین این تکنیک ها باعث می شود این روش ها در ما نهادینه شوند.","iscorrect":0},{"id":"14450","description":"نیاز به سال ها تمرین و تکرار دارد تا ناخودآگاه طبق شیوه های خلاقانه فکر کنیم.","iscorrect":0},{"id":"14451","description":"زمان میبرد تا شما ناخودآگاه به احتمال راهحلهای متعدد فکر کنید برای حل یک مشکل و یا برای یافتن راه حل خود را به هیچ قیدی مقید نکنید.","iscorrect":0},{"id":"14452","description":"هیچکدام","iscorrect":1}]},{"id":"3811","description":"چه عواملی ما را به آنجا می رساند که جز به شیوه خلاقانه، جور دیگری فکر نکنیم؟","answers":[{"id":"14453","description":"تکرار و تمرین","iscorrect":0},{"id":"14454","description":"تبدیل شدن این شیوه تفکر به ناخودآگاه","iscorrect":0},{"id":"14455","description":"موارد اول و دوم","iscorrect":1},{"id":"14456","description":"هیچکدام","iscorrect":0}]},{"id":"3812","description":"عبارت «اگر یک تکنیک و شیوه به نظرتان برای شما مناسب نبود، نگران نشوید، شیوه بعدی را امتحان کنید.»:","answers":[{"id":"14457","description":"صحیح است.","iscorrect":1},{"id":"14458","description":"غلط است.","iscorrect":0}]},{"id":"3813","description":"کدامیک از جمله های زیر صحیح نیست؟","answers":[{"id":"14459","description":"اگر به موقع و هر چه سریع تر تکنیک ها و روش هایی را که آموخته ایم به کار نبندیم، فراموش شان می کنیم.","iscorrect":0},{"id":"14460","description":"اگر هیچ یک از این تکنیک ها و شیوه ها را استفاده نکنید، این دوره مفید نخواهد بود.","iscorrect":0},{"id":"14461","description":"زمان می برد تا شما ناخودآگاه به احتمال راه حل های متعدد فکر کنید.","iscorrect":0},{"id":"14462","description":"همه موارد صحیح هستند.","iscorrect":1}]}]}]},{"name":"درس ششم- موانع تفکر خلاق","id":"581","contentorder":"12","lesson_number":7,"type":0,"filename":"lesson581.html"},{"name":"موانع تفکر خلاق","id":"955","contentorder":"13","type":1,"set":[{"score":"60","questions":[{"id":"3814","description":"عبارت «نحوه برخورد و نگرش ما نسبت به مشکلات و چالش هایی که در زندگی با آنها برخورد می کنیم، می تواند خود مانعی برای خلاق فکر کردن باشد.»:","answers":[{"id":"14463","description":"صحیح است.","iscorrect":1},{"id":"14464","description":"غلط است.","iscorrect":0}]},{"id":"3815","description":"اینکه برادران رایت تعمیرکار دوچرخه بودند نشان دهنده چیست؟","answers":[{"id":"14465","description":"برای حل یک مشکل حتما لازم نیست متخصص، یک نخبه و... بود.","iscorrect":1},{"id":"14466","description":"مشکل لاینحل وجود ندارد.","iscorrect":0},{"id":"14467","description":"باید از قید قضاوت ها، خود را رها کنیم.","iscorrect":0},{"id":"14468","description":"هیچکدام","iscorrect":0}]},{"id":"3816","description":"کدامیک از گزینه های زیر در مورد موانع تفکر خلاق صحیح است؟","answers":[{"id":"14469","description":"بعضی وقت ها باورهای جمعی و سنتی و پیش فرض های غالب مانع متفاوت اندیشیدن و فکر کردن به راه حل های بدیع و خلاقانه هستند و اساسا راه بروز خلاقیت را سد می کنند.","iscorrect":0},{"id":"14470","description":"عموما، هر چه سن ما بالاتر می رود، اعتمادمان به آنچه از قبل می دانیم بیشتر می شود.","iscorrect":0},{"id":"14471","description":"هرگونه پیش داوری، موضع گیری، تعمیم دادن و عمومی کردن و یا قضاوت از روی تجربه های شخصی در مورد افراد ما را از دیدن و درک توانایی های اطرافیان مان باز می دارد.","iscorrect":0},{"id":"14472","description":"همه موارد صحیح هستند.","iscorrect":1}]},{"id":"3817","description":"اینکه پوشیدن جوراب شلواری زنانه برای مردان در جامعه ای «بد» باشد، در کدام دسته از مانع خلاقیت قرار می گیرد؟","answers":[{"id":"14473","description":"وابستگی به دیگران","iscorrect":0},{"id":"14474","description":"چسبیدن به تعاریف غالب و نقش های جنسیتی","iscorrect":0},{"id":"14475","description":"موانع روانشناختی","iscorrect":1},{"id":"14476","description":"ترس از شکست","iscorrect":0}]},{"id":"3818","description":"کدامیک از گزینه ها در مورد مانع «ترس از شکست» صحیح نیست؟","answers":[{"id":"14477","description":"عدم موفقیت هیچ اشکالی که ندارد، در عوض باعث حرکت، مبارزه و تلاش می شود که بسیار بسیار از منفعل بودن بهتر است.","iscorrect":0},{"id":"14478","description":"راه حل مبارزه با ترس از شکست و عدم موفقیت که از موانع بروز خلاقیت هستند، تغییر نوع نگاه و طرز تفکرمان است.","iscorrect":0},{"id":"14479","description":"خلاقیت ما ممکن است تحت تاثیر شیوه های تفکر سنتی، عادت ها و الگوهای ما برای فکر کردن، آموزه های آموزش سنتی سرکوب شده باشد.","iscorrect":1},{"id":"14480","description":"هیچکدام","iscorrect":0}]}]},{"score":"60","questions":[{"id":"3819","description":"عبارت «عکس العمل به مشکلات معمولا بزرگتر از خود مشکل هستند.»:","answers":[{"id":"14481","description":"صحیح است.","iscorrect":1},{"id":"14482","description":"غلط است.","iscorrect":0}]},{"id":"3820","description":"کدامیک از موارد زیر می تواند تعریف مشکل از دید کسی باشد که دنبال روش ها و راه حل های نو و خلاقانه است؟","answers":[{"id":"14483","description":"دیدن تفاوت بین آنچه در حال حاضر دارد و آنچه می خواهد.","iscorrect":0},{"id":"14484","description":"پذیرش و باور اینکه شرایطی بهتر از شرایط موجود وجود دارد.","iscorrect":0},{"id":"14485","description":"فرصتی برای عکس العملی مثبت","iscorrect":0},{"id":"14486","description":"همه موارد","iscorrect":1}]},{"id":"3821","description":"کدامیک از گزینه های زیر در ارتباط با عبارت «بعضی از آدم ها فکر می کنند، برای حل یک مشکل حتما باید یک متخصص، یک نخبه و... باشند.» صحیح نیست؟","answers":[{"id":"14487","description":"این طرز تلقی از موانع خلاقیت است.","iscorrect":0},{"id":"14488","description":"تاریخ اختراعات بشری درستی این فرض را تایید می کند.","iscorrect":1},{"id":"14489","description":"مگر برادران رایت، مهندس طراحی و ساخت هواپیما بودند؟","iscorrect":0},{"id":"14490","description":"مخترع خودکار، نسخه خوان بود.","iscorrect":0}]},{"id":"3822","description":"کدامیک از گزینه ها در مورد مانع «من خلاق نیستم» نمی تواند صحیح باشد؟","answers":[{"id":"14491","description":"تمام ما با تمرین و تکرار شیوه های تفکر خلاق و با تغییر نوع نگاه مان نسبت به مشکلات و چالش های اطراف مان قادر خواهیم بود «طرحی نو دراندازیم».","iscorrect":0},{"id":"14492","description":"خلاقیت ما ممکن است تحت تاثیر شیوه های تفکر سنتی، عادت ها و الگوهای ما برای فکر کردن، آموزه های آموزش سنتی، سرکوب شده باشد؛ بنابراین در این صورت کاری از ما بر نمی آید.","iscorrect":0},{"id":"14493","description":"اگر بشر از ابتدای تاریخ این طور به مسائل نگاه می کرد، هیچ درمانی برای هیچ بیماری لاعلاجی پیدا نمی شد و همه بیماری ها لاعلاج باقی می ماندند، انسان هیچ وقت پرواز نمی کرد.","iscorrect":0},{"id":"14494","description":"گزینه های دوم و سوم","iscorrect":1}]},{"id":"3823","description":"عبارت «این نوع نگاه که برای مشکل، قدرت بی حدی (که حقیقت هم ندارد) قائل شویم که دیگر هیچ راه حلی بر آن کارگر نیست، جایی برای فکر کردن به شیوه ها و روش های نو و جدید نمی گذارد.» در ارتباط با کدامیک از موانع تفکر خلاق، مطرح می شود؟","answers":[{"id":"14495","description":"عدم باور به توانایی بالقوه خلاقیت فردی","iscorrect":0},{"id":"14496","description":"ترس از شکست","iscorrect":0},{"id":"14497","description":"چسبیدن به تعاریف قالب","iscorrect":0},{"id":"14498","description":"هیچکدام","iscorrect":1}]}]}]},{"name":"درس هفتم- آدم های خلاق","id":"582","contentorder":"14","lesson_number":8,"type":0,"filename":"lesson582.html"},{"name":"آدم های خلاق","id":"957","contentorder":"15","type":1,"set":[{"score":"60","questions":[{"id":"3824","description":"«بسیاری از ایده های نو و تازه، دقیقا به دلیل نو بودن و ناآشنا بودن به نظر عجیب و غریب می آیند.» این عبارت با کدامیک از خصوصیات افراد خلاق در اتباط است؟","answers":[{"id":"14499","description":"کنجکاوی","iscorrect":0},{"id":"14500","description":"خلاقیت","iscorrect":0},{"id":"14501","description":"قدرت مهار قضاوت","iscorrect":1},{"id":"14502","description":"میل به چالش","iscorrect":0}]},{"id":"3825","description":"عبارت «برای افرادی که به دنبال ایده های جدید و خلاقانه هستند، هر مشکل چالش جذابی است که ارزش مواجهه دارد.» مربوط به کدام خصوصیت آدم های خلاق است؟","answers":[{"id":"14503","description":"میل به چالش","iscorrect":0},{"id":"14504","description":"کنجکاوی","iscorrect":0},{"id":"14505","description":"انعطاف در تخیل","iscorrect":0},{"id":"14506","description":"هیچکدام","iscorrect":1}]},{"id":"3826","description":"عبارت «برای بروز خلاقیت باید در مقابل تخیل انعطاف داشت.»:","answers":[{"id":"14507","description":"صحیح است.","iscorrect":1},{"id":"14508","description":"غلط است.","iscorrect":0}]},{"id":"3827","description":"کدامیک از موارد زیر در رابطه با ویژگی «انعطاف در تخیل» صحیح است؟","answers":[{"id":"14509","description":"برای بروز خلاقیت باید در مقابل تخیل انعطاف داشت.","iscorrect":0},{"id":"14510","description":"آدم های خلاق با تخیل و پروراندن ایده هایی که به نظر دیگران عجیب، غریب و بی حاصل می آید مشکلی ندارند.","iscorrect":0},{"id":"14511","description":"بسیاری از آدم ها، ترجیح می دهند مشکلات را نادیده بگیرند و انکار کنند.","iscorrect":0},{"id":"14512","description":"گزینه اول و دوم","iscorrect":1}]},{"id":"3828","description":"کدامیک از عبارات زیر در مورد آدم های خلاق صحیح نیست؟","answers":[{"id":"14513","description":"آدم های خلاق دوست دارند در مورد همه چیز بیشتر بدانند.","iscorrect":0},{"id":"14514","description":"هراس و ابایی از پرسیدن ندارند.","iscorrect":0},{"id":"14515","description":"ترجیح می دهند مشکلات را نادیده بگیرند و انکار کنند.","iscorrect":1},{"id":"14516","description":"آدم های کنجکاو دوست دارند بدانند پیش فرض های پشت مسائل، دلایل، ایده ها، مشکلات و باورها چیست. آنها را بشناسند و به چالش بکشند.","iscorrect":0}]}]},{"score":"60","questions":[{"id":"3829","description":"«دانش، لذت بخش است و عموما در مواقعی دور از انتظار به کمک ما می آید.» این عبارت با کدامیک از خصوصیات افراد خلاق در ارتباط است؟","answers":[{"id":"14517","description":"کنجکاوی","iscorrect":1},{"id":"14518","description":"خلاقیت","iscorrect":0},{"id":"14519","description":"قدرت مهار قضاوت","iscorrect":0},{"id":"14520","description":"میل به چالش","iscorrect":0}]},{"id":"3830","description":"کدامیک از عبارات زیر در مورد آدم های خلاق صحیح است؟","answers":[{"id":"14521","description":"آدم های خلاق دوست دارند در مورد همه چیز بیشتر بدانند.","iscorrect":0},{"id":"14522","description":"هراس و ابایی از پرسیدن ندارند.","iscorrect":0},{"id":"14523","description":"آدم های کنجکاو دوست دارند بدانند پیش فرض های پشت مسائل، دلایل، ایده ها، مشکلات و باورها چیست. آنها را بشناسند و به چالش بکشند.","iscorrect":0},{"id":"14524","description":"همه موارد","iscorrect":1}]},{"id":"3831","description":"عبارت «ترجیح می دهند مشکلات را نادیده بگیرند و انکار کنند» در مورد آدم های خلاق:","answers":[{"id":"14525","description":"صحیح است.","iscorrect":0},{"id":"14526","description":"غلط است.","iscorrect":1}]},{"id":"3832","description":"کدامیک از گزینه های زیر در رابطه با عبارت «مشکل به عنوان امری پذیرفته و جذاب» صحیح است؟","answers":[{"id":"14527","description":"این یکی از ویژگی های آدم های خلاق است.","iscorrect":1},{"id":"14528","description":"برای افرادی که به دنبال ایده های جدید و خلاقانه هستند، هر مشکل که چالش جذابی است، ارزش مواجهه ندارد.","iscorrect":0},{"id":"14529","description":"افرادی با این نوع نگاه، به دنبال مشکلات هستند برای ارتقا.","iscorrect":0},{"id":"14530","description":"همه موارد","iscorrect":0}]},{"id":"3833","description":"عبارت «در مواجهه با مشکلات غیرمترقبه، نوع برخورد و نگاه به مشکلات در یافتن راه حل های نو و خلاقانه قطعا موثر است.»:","answers":[{"id":"14531","description":"مربوط به ویژگی های آدم های خلاق است.","iscorrect":0},{"id":"14532","description":"مربوط به کسانی است که مشکل را راهی برای پیشرفت، می بینند.","iscorrect":0},{"id":"14533","description":"موارد اول و دوم","iscorrect":1},{"id":"14534","description":"هیچکدام","iscorrect":0}]}]}]},{"name":"دوره تفکر خلاق- آزمون نهایی","id":"959","contentorder":"16","type":1,"set":[{"score":"50","questions":[{"id":"3834","description":"اینکه ایده های جدید به ایده های دیگر شاخ و برگ می دهند، ویژگی کدام شیوه تفکر خلاق است؟","answers":[{"id":"14535","description":"روش ایده های ترکیبی","iscorrect":0},{"id":"14536","description":"روش تدریجی","iscorrect":1},{"id":"14537","description":"روش ایده های انقلابی","iscorrect":0},{"id":"14538","description":"همه موارد صحیح هستند.","iscorrect":0}]},{"id":"3835","description":"عبارت «عادات و روتین ممکن است به از بین رفتن و کشته شدن خلاقیت بینجامد.» مربوط به کدامیک از تکنیک های رسیدن به تفکر خلاق نیست؟","answers":[{"id":"14539","description":"کشف آنچه نمی دانیم.","iscorrect":0},{"id":"14540","description":"نوشتن یادداشت روزانه","iscorrect":0},{"id":"14541","description":"ثبت و ضبط ایده ها","iscorrect":0},{"id":"14542","description":"موارد دوم و سوم","iscorrect":1}]},{"id":"3836","description":"استفاده از نقشه و مدل بصری چگونه به پرورش خلاقیت کمک می کند؟","answers":[{"id":"14543","description":"کمکی نمی کند.","iscorrect":0},{"id":"14544","description":"می توان از این شیوه برای پروژه ای موردی هم استفاده کرد.","iscorrect":0},{"id":"14545","description":"از طریق نظم دادن و مرتب کردن اطلاعات","iscorrect":1},{"id":"14546","description":"هیچکدام","iscorrect":0}]},{"id":"3837","description":"اینکه در مواجهه با حل مشکلی خود را محدود نکنیم، مربوط به کدام شیوه تفکر است؟","answers":[{"id":"14547","description":"شیوه تفکر متفاوت","iscorrect":0},{"id":"14548","description":"۱۸۰ درجه بر عکس فکر کردن","iscorrect":0},{"id":"14549","description":"تفکر بین کهکشانی","iscorrect":0},{"id":"14550","description":"همه موارد","iscorrect":1}]},{"id":"3838","description":"عبارت «نکته برداری می تواند کمک بسیار خوبی برای ایجاد شرایط آفرینش و بروز ایده های نو و بدیع باشد»:","answers":[{"id":"14551","description":"صحیح است.","iscorrect":1},{"id":"14552","description":"غلط است.","iscorrect":0}]},{"id":"3839","description":"کدامیک از گزینه های زیر صحیح نیست؟","answers":[{"id":"14553","description":"مشاهده، وقتی محرک خلاقیت است که وقتی با مشکلی رو به رو می شویم با میل به دانستن، مشاهده و بررسی می کنیم تا راه های بهتر شدن و تغییر به سوی بهتر شدن را کشف کنیم.","iscorrect":0},{"id":"14554","description":"بیشتر ما تصور می کنیم در تمام روز در حال گوش کردن هستیم.","iscorrect":0},{"id":"14555","description":"همیشه احتیاجی به نوشتن نیست، می توان به حافظه اطمینان کرد.","iscorrect":1},{"id":"14556","description":"همه موارد صحیح هستند.","iscorrect":0}]},{"id":"3840","description":"عبارت «هر چه بیشتر از تکنیک های تفکر خلاق استفاده کنید، آنها بهتر و کارآمدتر خواهند شد.» با کدامیک از گزینه ها در تضاد است؟","answers":[{"id":"14557","description":"تکرار و تمرین این تکنیک ها باعث می شود این روش ها در ما نهادینه شوند.","iscorrect":0},{"id":"14558","description":"نیاز به سال ها تمرین و تکرار دارد تا ناخودآگاه طبق شیوه های خلاقانه فکر کنیم.","iscorrect":0},{"id":"14559","description":"زمان میبرد تا شما ناخودآگاه به احتمال راهحلهای متعدد فکر کنید برای حل یک مشکل و یا برای یافتن راه حل خود را به هیچ قیدی مقید نکنید.","iscorrect":0},{"id":"14560","description":"هیچکدام","iscorrect":1}]},{"id":"3841","description":"کدامیک از گزینه های زیر در مورد عادات روزمره زندگی ما صحیح است؟","answers":[{"id":"14561","description":"عادات روتین خیلی وقت ها به کشته شدن خلاقیت می انجامند.","iscorrect":0},{"id":"14562","description":"تغییر در عادات روزمره چالش برانگیز هستند.","iscorrect":0},{"id":"15308","description":"رها شدن از قید عادت ها، راه را برای تفکر خلاق باز می کند.","iscorrect":1},{"id":"15309","description":"همه موارد","iscorrect":0}]},{"id":"3842","description":"عبارت «ترجیح می دهند مشکلات را نادیده بگیرند و انکار کنند» در مورد آدم های خلاق:","answers":[{"id":"14563","description":"صحیح است.","iscorrect":0},{"id":"14564","description":"غلط است.","iscorrect":1}]},{"id":"3843","description":"کدامیک از گزینه های زیر در رابطه با عبارت «مشکل به عنوان امری پذیرفته و جذاب» صحیح است؟","answers":[{"id":"14565","description":"این یکی از ویژگی های آدم های خلاق است.","iscorrect":1},{"id":"14566","description":"برای افرادی که به دنبال ایده های جدید و خلاقانه هستند، هر مشکل که چالش جذابی است، ارزش مواجهه ندارد.","iscorrect":0},{"id":"14567","description":"افرادی با این نوع نگاه، به دنبال مشکلات هستند برای ارتقا.","iscorrect":0},{"id":"14568","description":"همه موارد","iscorrect":0}]}]},{"score":"50","questions":[{"id":"3844","description":"کدامیک از عبارات زیر صحیح نیستند؟","answers":[{"id":"14569","description":"تغییر اجتناب ناپذیر است.","iscorrect":0},{"id":"14570","description":"تفکر خلاق به ما می آموزد چگونه از تغییر نهراسیم.","iscorrect":0},{"id":"14571","description":"اینکه ما کجای چرخه تغییر هستیم به اختیار ما نیست.","iscorrect":0},{"id":"14572","description":"همه موارد صحیح هستند.","iscorrect":1}]},{"id":"3845","description":"کدامیک از گزینه های زیر در مورد عادات روزمره زندگی ما صحیح است؟","answers":[{"id":"14573","description":"عادات و روتین خیلی وقت ها به کشته شدن خلاقیت می انجامند.","iscorrect":0},{"id":"14574","description":"تغییر در عادات روزمره چالش برانگیز هستند.","iscorrect":0},{"id":"14575","description":"رها شدن از قید عادت ها، راه را برای تفکر خلاق باز می کند.","iscorrect":1},{"id":"14576","description":"همه موارد","iscorrect":0}]},{"id":"3846","description":"کدام گزینه در مورد لیست صدتایی صحیح است؟","answers":[{"id":"14577","description":"این شیوه در روند حل مشکلات و همفکری های گروهی به کمک ما می آید.","iscorrect":0},{"id":"14578","description":"باعث می شود ما ناخودآگاه در روند حل مشکل درگیر شویم.","iscorrect":0},{"id":"14579","description":"موجب همکاری بخش ناخودآگاه و خودآگاه مغز ما با هم می شود.","iscorrect":0},{"id":"14580","description":"همه موارد","iscorrect":1}]},{"id":"3847","description":"روش «تفکر بین کهکشانی» دقیقا چه کمکی به ما می کند؟","answers":[{"id":"14581","description":"به ما کمک می کنند از بند محدودیت های دست و پاگیر این پیش فرض ها خلاص شویم.","iscorrect":0},{"id":"14582","description":"به ما کمک می کند بیرون از چهارچوب فکر کنیم.","iscorrect":0},{"id":"14583","description":"به ما یاد می دهد در مواجهه با حل مشکلی خود را محدود نکنیم.","iscorrect":0},{"id":"14584","description":"همه موارد","iscorrect":1}]},{"id":"3848","description":"این ضرب المثل چینی «حتی کمرنگ ترین جوهرها از بهترین حافظه ها بهتر کار می کند.» در ارتباط با کدام یک از گزینه ها می تواند صحیح باشد؟","answers":[{"id":"14585","description":"مکتوب کردن ایده ها","iscorrect":0},{"id":"14586","description":"اهمیت یکی از روش های تحریک خلاقیت را نشان می دهد.","iscorrect":0},{"id":"14587","description":"اگر همه چیز یادت می ماند باید تا حالا هزاران ایده در خاطرمان باشد.","iscorrect":0},{"id":"14588","description":"همه موارد","iscorrect":1}]},{"id":"3849","description":"عبارت «ایده های تصادفی می توانند بهترین موتورهای محرک افکار و ایده های بزرگ و راه حل های نو و بدیع باشند» به کدامیک از شیوه های تفکر خلاق نزدیک است؟","answers":[{"id":"14589","description":"مربوط به روش های تحریک خلاقیت است.","iscorrect":0},{"id":"14590","description":"روش تفکر بین کهکشانی","iscorrect":1},{"id":"14591","description":"روش ۱۸۰ درجه عکس فکر کردن","iscorrect":0},{"id":"14592","description":"هیچکدام","iscorrect":0}]},{"id":"3850","description":"در پاسخ به این سوال که چرا از تکنیک هایی که آموخته ایم در عمل استفاده نمی کنیم، کدام گزینه صحیح است؟","answers":[{"id":"14593","description":"چون هنوز نیاز به زمان و تمرین بیشتر داریم.","iscorrect":0},{"id":"14594","description":"آموخته ها در ما نهادینه نشده اند.","iscorrect":0},{"id":"14595","description":"رها شدن از الگوه های فکری و عادت هایمان آسان نیست.","iscorrect":0},{"id":"14596","description":"همه موارد","iscorrect":1}]},{"id":"3851","description":"اینکه برادران رایت تعمیرکار دوچرخه بودند نشان دهنده چیست؟","answers":[{"id":"14597","description":"برای حل یک مشکل حتما لازم نیست متخصص، یک نخبه و... بود.","iscorrect":1},{"id":"14598","description":"مشکل لاینحل وجود ندارد.","iscorrect":0},{"id":"14599","description":"باید از قید قضاوت ها، خود را رها کنیم.","iscorrect":0},{"id":"14600","description":"هیچکدام","iscorrect":0}]},{"id":"3852","description":"کدامیک از گزینه های زیر در ارتباط با عبارت «بعضی از آدم ها فکر می کنند، برای حل یک مشکل حتما باید یک متخصص، یک نخبه و... باشند.» صحیح نیست؟","answers":[{"id":"14601","description":"این طرز تلقی از موانع خلاقیت است.","iscorrect":0},{"id":"14602","description":"تاریخ اختراعات بشری درستی این فرض را تایید می کند.","iscorrect":1},{"id":"14603","description":"مگر برادران رایت، مهندس طراحی و ساخت هواپیما بودند؟","iscorrect":0},{"id":"14604","description":"مخترع خودکار، نسخه خوان بود.","iscorrect":0}]},{"id":"3853","description":"عبارت «برای افرادی که به دنبال ایده های جدید و خلاقانه هستند، هر مشکل چالش جذابی است که ارزش مواجهه دارد.» مربوط به کدام خصوصیت آدم های خلاق است؟","answers":[{"id":"14605","description":"میل به چالش","iscorrect":0},{"id":"14606","description":"کنجکاوی","iscorrect":0},{"id":"14607","description":"انعطاف در تخیل","iscorrect":0},{"id":"14608","description":"هیچکدام","iscorrect":1}]}]}]}]}