{"courseId":"111","contents":[{"name":"درس اول- نتیکت چیست؟","id":"912","contentorder":"1","lesson_number":1,"type":0,"filename":"lesson912.html"},{"name":"درس دوم- نتیکت در وبسایت‌ها","id":"913","contentorder":"2","lesson_number":2,"type":0,"filename":"lesson913.html"},{"name":"درس سوم- نتیکت در ایمیل","id":"914","contentorder":"3","lesson_number":3,"type":0,"filename":"lesson914.html"},{"name":"درس چهارم- تکست - اس‌ام‌اس - پیامک","id":"915","contentorder":"4","lesson_number":4,"type":0,"filename":"lesson915.html"},{"name":"آزمون نهایی مینی‌دوره آداب الکترونیک","id":"1509","contentorder":"5","type":1,"set":[{"score":"60","questions":[{"id":"6493","description":"اگر بخواهیم فرد خاصی ایمیل ما را به فرد دیگری ببیند اما گیرنده اصلی متوجه نشود، آدرس فرد خاص را کجا می‌آوریم؟","answers":[{"id":"24685","description":"در قسمت cc","iscorrect":0},{"id":"24686","description":"در قسمت bcc","iscorrect":1},{"id":"24687","description":"در قسمت to","iscorrect":0}]},{"id":"6494","description":"کدام نوع عنوان برای ایمیل کاری مناسب نیست؟","answers":[{"id":"24688","description":"عنوان یک کلمه مرتبط به موضوع ایمیل باشد","iscorrect":0},{"id":"24689","description":"ایمیل یک جمله مرتبط به موضوع ایمیل باشد","iscorrect":0},{"id":"24690","description":"عنوان ایمیل salam باشد","iscorrect":1}]},{"id":"6495","description":"کدام گزینه اخلاقی است؟","answers":[{"id":"24691","description":"سرمیز شام موبایل را سایلنت (بی‌صدا) کنیم.","iscorrect":0},{"id":"24692","description":"در اتوبوس با گوشی بلند حرف نزنیم","iscorrect":0},{"id":"24693","description":"هر دو مورد","iscorrect":1}]},{"id":"6496","description":"ادب حکم می‌کند که:","answers":[{"id":"24694","description":"به ساعتی که پیامک را ارسال می‌کنیم دقت کنیم","iscorrect":1},{"id":"24695","description":"به آدم‌ها پیامک نزنیم","iscorrect":0},{"id":"24696","description":"در پیامک استیکر نفرستیم","iscorrect":0}]},{"id":"6497","description":"اگر در مورد وبسایتی سوالی داریم بهتر است چه کنیم؟","answers":[{"id":"24697","description":"روی توییتر از بقیه بپرسیم","iscorrect":0},{"id":"24698","description":"بخش درباره ما و پرسش‌های متداول سایت را بخوانیم","iscorrect":1},{"id":"24699","description":"زیر یکی از پست‌های سایت سوال کنیم","iscorrect":0}]},{"id":"6498","description":"اگر کسی به ما در محیط مجازی توهین کرد چه کنیم؟","answers":[{"id":"24700","description":"با بدترین زبان جوابش را بدهیم","iscorrect":0},{"id":"24701","description":"سعی کنیم مودبانه از او بخواهیم که بدون توهین بحث کند","iscorrect":1},{"id":"24702","description":"بلاکش کنیم","iscorrect":0}]},{"id":"6499","description":"وقتی نمی‌توانیم به موقع جواب ایمیل را بدهیم چه کنیم؟","answers":[{"id":"24703","description":"ایمیل را آرشیو کنیم","iscorrect":0},{"id":"24704","description":"می‌گذاریم هر موقع فرصت بود جواب می‌دهیم","iscorrect":0},{"id":"24705","description":"پاسخ کوتاهی به فرستنده می‌فرستیم که ایمیل را دریافت کردیم و یک بازه زمانی می‌دهیم که چه زمان پاسخ می‌دهیم.","iscorrect":1}]},{"id":"6500","description":"مناسب‌ترین آی‌دی یا همان شناسه کدام است؟","answers":[{"id":"24706","description":"اسم مستعاری که بامزه باشد","iscorrect":0},{"id":"24707","description":"اسم یا فامیل واقعی","iscorrect":1},{"id":"24708","description":"یک سری عدد و حروف بی‌ربط","iscorrect":0}]},{"id":"6501","description":"اگر کسی درخواست دوستی ما را رد کرد چه کنیم؟","answers":[{"id":"24709","description":"به تصمیم او احترام بگذرایم","iscorrect":1},{"id":"24710","description":"تا زمانی که قبول کند درخواست مجدد می‌فرستیم","iscorrect":0},{"id":"24711","description":"برایش پیام تهدیدآمیز می‌فرستیم","iscorrect":0}]},{"id":"6502","description":"بهترین نظر کدام است؟","answers":[{"id":"24712","description":"نظر هر چه طولانی‌تر باشد بهتر است","iscorrect":0},{"id":"24713","description":"نظر هر چه لایک بیشتر خورده باشد بهتر است","iscorrect":0},{"id":"24714","description":"نظر هر چه مرتبط‌تر و خلاصه‌تر باشد بهتر است","iscorrect":1}]}]},{"score":"60","questions":[{"id":"6503","description":"تگ کردن افراد روی چه عکسی بدون رضایت مجاز است؟","answers":[{"id":"24715","description":"عکسی که فرد خودش در آن حضور دارد","iscorrect":0},{"id":"24716","description":"هر عکسی که جالب باشد","iscorrect":0},{"id":"24717","description":"بدون رضایت فرد، تگ کردن مجاز نیست","iscorrect":1}]},{"id":"6504","description":"نوشتن پینگلیش یا فینگلیش در چه زمانی مجاز است؟","answers":[{"id":"24718","description":"هیچ‌کجا و هیچ زمانی مجاز نیست","iscorrect":1},{"id":"24719","description":"استتوس فیسبوک","iscorrect":0},{"id":"24720","description":"اس‌ام‌اس","iscorrect":0}]},{"id":"6505","description":"از کجا بفهمیم در یک سایت چه فعالیت یا نظرهایی ممنوع است؟","answers":[{"id":"24721","description":"از روی موضوع سایت حدس می‌زنیم","iscorrect":0},{"id":"24722","description":"روی وب همه کار مجاز است","iscorrect":0},{"id":"24723","description":"به صفحه شرایط و مقررات وبسایت مراجعه می‌کنیم","iscorrect":1}]},{"id":"6506","description":"کدام بخش از ایمیل اهمیت کمتری دارد؟","answers":[{"id":"24724","description":"ساعت فرستادن ایمیل","iscorrect":1},{"id":"24725","description":"آدرس و نام و نام خانوادگی ایمیل","iscorrect":0},{"id":"24726","description":"عنوان ایمیل","iscorrect":0}]},{"id":"6507","description":"در زمان سفر با ایمیل‌ها چه کنیم؟","answers":[{"id":"24727","description":"کلا آدرس ایمیل‌مان را غیرفعال کنیم","iscorrect":0},{"id":"24728","description":"وقتی از سفر برگشتیم ایمیل‌های نخوانده تا آن روز را پاک می‌کنیم","iscorrect":0},{"id":"24729","description":"وقتی سفر هستیم پیام خودکار ایمیل را راه می‌اندازیم که به افراد اطلاع بدهد دسترسی به ایمیل نداریم و پس از بازگشت پاسخ آن‌ها را می‌دهیم.","iscorrect":1}]},{"id":"6508","description":"برای حفظ سابقه مکاتبات مرتبط به یک ایمیل باید از چه امکانی استفاده کرد؟","answers":[{"id":"24730","description":"همه ایمیل‌ها را در یک فایل ورد ذخیره کنیم","iscorrect":0},{"id":"24731","description":"جواب مکاتبات مرتبط با یک ایمیل را به همان ایمیل ریپلای بزنیم و از فرستادن ایمیل جدید بپرهیزیم","iscorrect":1},{"id":"24732","description":"از همه ایمیل‌ها پرینت بگیریم و در پوشه نگه داریم","iscorrect":0}]},{"id":"6509","description":"اگر فایل حجیمی با ایمیل می‌فرستید چه باید بکنید؟","answers":[{"id":"24733","description":"به گیرنده اطلاع بدهید که فایل بزرگ است","iscorrect":1},{"id":"24734","description":"نیازی نیست کاری بکنیم، فقط آپلود و دانلودش وقت‌گیر خواهد بود","iscorrect":0},{"id":"24735","description":"فایل‌ها را شب ارسال کنیم","iscorrect":0}]},{"id":"6510","description":"کدام مودبانه‌تر است؟","answers":[{"id":"24736","description":"ایمیل را بدون سلام و علیک شروع کنیم و برویم سر اصل مطلب","iscorrect":1},{"id":"24737","description":"هیچ‌وقت در ایمیل فردی را مخاطب قرار ندهیم و فقط سلام کنیم","iscorrect":0},{"id":"24738","description":"سلام کنیم و اگر اسم گیرنده را می‌دانیم اسم او را اول ایمیل ذکر کنیم","iscorrect":0}]},{"id":"6511","description":"رعایت کدام موارد مهم است؟","answers":[{"id":"24739","description":"رعایت ادب در ایمیل و نظرات روی وبسایت","iscorrect":0},{"id":"24740","description":"نوشتن با فونت فارسی و پرهیز از استفاده از پینگلیش(فینگلیش)","iscorrect":0},{"id":"24741","description":"هر دو مورد","iscorrect":1}]},{"id":"6512","description":"اگر بخواهیم فرد خاصی ایمیل ما را به فرد دیگری ببیند اما گیرنده‌ی اصلی متوجه نشود، آدرس فرد خاص را کجا می‌آوریم؟","answers":[{"id":"24742","description":"در قسمت cc","iscorrect":0},{"id":"24743","description":"در قسمت bcc","iscorrect":1},{"id":"24744","description":"در قسمت to","iscorrect":0}]}]}]}]}