{"courseId":"89","contents":[{"name":"درس اول- مفاهیم اولیه تجارت و بازاریابی","id":"744","contentorder":"1","lesson_number":1,"type":0,"filename":"lesson744.html"},{"name":"مفاهیم اولیه تجارت و بازاریابی","id":"1283","contentorder":"2","type":1,"set":[{"score":"60","questions":[{"id":"5487","description":"ترفیع یا به عبارت دیگر ............... شامل فعالیت‌های است که یک شرکت انجام می‌دهد تا اطلاعات درباره محصولات به درستی و به موقع در اختیار خریدار و مصرف‌کننده قرار بگیرد.","answers":[{"id":"21012","description":"Price","iscorrect":0},{"id":"21013","description":"Place","iscorrect":0},{"id":"21014","description":"Promotion","iscorrect":1},{"id":"21015","description":"Process","iscorrect":0}]},{"id":"5488","description":"کدام ‌یک از تعاریف زیر، تعریف بازاریابی به شمار نمی‌رود؟","answers":[{"id":"21016","description":"بازاریابی یک پروسه اجتماعی و مدیریتی است که در آن افراد با توجه به احتیاجات و خواسته‌های خود اقدام به جابجا کردن و تبادل کالا یا خدمات می‌کنند.","iscorrect":0},{"id":"21017","description":"بازاریابی هنر ایجاد مشتری و راضی نگه‌داشتن آن و ابدست آوردن سود برای خود است.","iscorrect":0},{"id":"21018","description":"بازاریابی یعنی رساندن خدمات یا کالای مناسب به افراد درست در مکان مناسب در زمان مناسب و با قیمت مناسب است.","iscorrect":0},{"id":"21019","description":"به شیوه‌ی قیمت‌گذاری بر روی محصولات یک شرکت،‌ بازاریابی گفته می‌شود.","iscorrect":1}]},{"id":"5489","description":"........................ خواسته‌ای است که با قدرت خرید همراه است. به طور مثال اگر فرد غذای ایتالیایی دوست دارد، باید بتواند هزینه خرید آن را بپردازد تا آن خواسته به تقاضا تبدیل شود.","answers":[{"id":"21020","description":"نیاز یا Need","iscorrect":0},{"id":"21021","description":"خواسته یا Want","iscorrect":0},{"id":"21022","description":"تقاضا یا Demand","iscorrect":1},{"id":"21023","description":"انگیزه یا Motivation","iscorrect":0}]},{"id":"5490","description":"کدام ‌یک از گزینه‌های زیر تعریف Physical Environment از عناصر هشت‌گانه‌ی بازاریابی است؟","answers":[{"id":"21024","description":"تمامی کارکنان یک موسسه مخصوصا آنهایی که به طور مستقیم با مشتری در ارتباط هستند نقش بسیار حیاتی در شکل دادن به تجربه مشتری از آن موسسه ایفا می‌کنند.","iscorrect":0},{"id":"21025","description":"ظاهر و امکانات فیزیکی موسسه یکی از عوامل موثر در جذب و راضی نگه داشتن مشتری محسوب می‌شود. مشتریان با توجه به امکانات فیزیکی و بصری، ابزارهای ارتباطی، تجهیزات به کار رفته و غیره در مورد موسسه اظهار نظر کرده و این امکانات میتوانند در نگرش مشتری موثر باشند.","iscorrect":1},{"id":"21026","description":"مکان یا کانال توزیع یکی از عوامل مهم در بازاریابی است. با توجه به افرایش رقابت در بازار مکان مناسب یکی از عوامل اصلی در جذب و نگهداری مشتری است. مشتری باید به راحتی به مکان دسترسی داشته باشد و خدمات باید به سرعت در اختیار مشتری قرار بگیرد.","iscorrect":0},{"id":"21027","description":"قیمت مبلغی است که مشتری یک کالا یا خدمات در ازای به دست آوردن آن حاضر است بپردازد. قیمت باید به اندازه‌ای باشد که از نظر خریدار دارای ارزش برابر با کالا باشد در غیر این صورت در یک بازار رقابتی مشتری به راحتی از خرید آن کالا یا خدمات سر باز میزند","iscorrect":0}]},{"id":"5491","description":"منظور از Productivity and Quality چیست؟","answers":[{"id":"21028","description":"قیمت‌گذاری روی محصولات","iscorrect":0},{"id":"21029","description":"بهره وری و کیفیت","iscorrect":1},{"id":"21030","description":"مکان مناسب","iscorrect":0},{"id":"21031","description":"کارکنان سازمان","iscorrect":0}]}]},{"score":"60","questions":[{"id":"5492","description":"یک بازاریاب موفق باید بتواند .................. و .................. و ................... بازار هدف را بررسی کرده و بر اساس نتایج آن تصمیم گیری کند.","answers":[{"id":"21032","description":"نیازها، خواست‌ها و تقاضاها","iscorrect":1},{"id":"21033","description":"نرخ محصولات، انگیزه‌ی خود از فروش و کارکنان سازمان","iscorrect":0},{"id":"21034","description":"نیازها، خواست‌ها و انگیزه‌ی خود از فروش","iscorrect":0},{"id":"21035","description":"تقاضاها، خواست‌ها و انگیزه‌ی خود از فروش","iscorrect":0}]},{"id":"5493","description":"کدام‌ یک از گزینه‌های زیر تعریف Place از عناصر هشت‌گانه‌ی بازاریابی است؟","answers":[{"id":"21036","description":"تمامی کارکنان یک موسسه مخصوصا آنهایی که به طور مستقیم با مشتری در ارتباط هستند نقش بسیار حیاتی در شکل دادن به تجربه مشتری از آن موسسه ایفا می‌کنند.","iscorrect":0},{"id":"21037","description":"ظاهر و امکانات فیزیکی موسسه یکی از عوامل موثر در جذب و راضی نگه داشتن مشتری محسوب می‌شود. مشتریان با توجه به امکانات فیزیکی و بصری، ابزارهای ارتباطی، تجهیزات به کار رفته و غیره در مورد موسسه اظهار نظر کرده و این امکانات میتوانند در نگرش مشتری موثر باشند.","iscorrect":0},{"id":"21038","description":"مکان یا کانال توزیع یکی از عوامل مهم در بازاریابی است. با توجه به افرایش رقابت در بازار مکان مناسب یکی از عوامل اصلی در جذب و نگهداری مشتری است. مشتری باید به راحتی به مکان دسترسی داشته باشد و خدمات باید به سرعت در اختیار مشتری قرار بگیرد.","iscorrect":1},{"id":"21039","description":"قیمت مبلغی است که مشتری یک کالا یا خدمات در ازای به دست آوردن آن حاضر است بپردازد. قیمت باید به اندازه ای باشد که از نظر خریدار دارای ارزش برابر با کالا باشد در غیر این صورت در یک بازار رقابتی مشتری به راحتی از خرید آن کالا یا خدمات سر باز میزند.","iscorrect":0}]},{"id":"5494","description":"................. باید به اندازه‌ای باشد که از نظر خریدار دارای ارزش برابر با کالا باشد در غیر این صورت در یک بازار رقابتی مشتری به راحتی از خرید آن کالا یا خدمات سر باز میزند.","answers":[{"id":"21040","description":"Price","iscorrect":1},{"id":"21041","description":"Place","iscorrect":0},{"id":"21042","description":"Promotion","iscorrect":0},{"id":"21043","description":"Process","iscorrect":0}]},{"id":"5495","description":"در دهه شصت چهار عنصر آمیخته بازاریابی توسط مک‌کارتی معرفی شد. در سالهای بعد با گسترش و پیشرفت علم بازاریابی چهار عنصر دیگر هم برای شرکت‌های خدماتی اضافه شده و به هشت عنصر افزایش پیدا کرد به این عناصر ................ هم می‌گویند.","answers":[{"id":"21044","description":"8Q","iscorrect":0},{"id":"21045","description":"8P","iscorrect":1},{"id":"21046","description":"8U","iscorrect":0},{"id":"21047","description":"8H","iscorrect":0}]},{"id":"5496","description":"منظور از Productivity and Quality چیست؟","answers":[{"id":"21048","description":"قیمت‌گذاری روی محصولات","iscorrect":0},{"id":"21049","description":"بهره وری و کیفیت","iscorrect":1},{"id":"21050","description":"مکان مناسب","iscorrect":0},{"id":"21051","description":"کارکنان سازمان","iscorrect":0}]}]}]},{"name":"درس دوم- انواع بازاریابی اینترنتی","id":"745","contentorder":"3","lesson_number":2,"type":0,"filename":"lesson745.html"},{"name":"انواع بازاریابی اینترنتی","id":"1285","contentorder":"4","type":1,"set":[{"score":"66","questions":[{"id":"5497","description":"................ شکلی از بازاریابی مستقیم که پیام‌های تجاری را با استفاده از ابزارهای الکترونیکی به مخاطبان می‌رساند. این نوع بازاریابی روشی بسیار مقرون به صرفه، هدفمند، قابل استفاده در مقیاس انبوه و به طور کامل قابل اندازه گیری است که تمام این موارد نشان می‌دهند که این نوع بازاریابی یکی از قدرتمندترین تاکتیک‌های بازاریابی دیجیتال است.","answers":[{"id":"21052","description":"بازاریابی از طریق پست الکترونیک (بازاریابی ایمیلی)","iscorrect":1},{"id":"21053","description":"بازاریابی از طریق تبلیغات نمایشی","iscorrect":0},{"id":"21054","description":"بازاریابی از طریق موتورهای جستجو","iscorrect":0},{"id":"21055","description":"بازاریابی از طریق تبلیغات پرداخت به ازای هر کلیک یا PPC","iscorrect":0}]},{"id":"5498","description":".................. برنامه‌هایی بر پایه وب هستند که وب را نمایه‌سازی/ایندکس کرده و به مردم اجازه می‌دهند تا آنچه به دنبالش هستند را پیدا کنند.","answers":[{"id":"21056","description":"شبکه‌های اجتماعی","iscorrect":0},{"id":"21057","description":"PPC‌ها","iscorrect":0},{"id":"21058","description":"موتورهای جستجو","iscorrect":1},{"id":"21059","description":"ویروس‌ها","iscorrect":0}]},{"id":"5499","description":"کلید اصلی موفقیت بازاریابی در موبایل، ....................... است.","answers":[{"id":"21060","description":"تمرکز بر روی محصولات اپل","iscorrect":0},{"id":"21061","description":"تمرکز بر روی محصولات سامسونگ","iscorrect":0},{"id":"21062","description":"شناسایی مخاطبان","iscorrect":1},{"id":"21063","description":"شناسایی نوع گوشی‌های مخاطبان","iscorrect":0}]}]},{"score":"66","questions":[{"id":"5500","description":"کدام ‌یک از گزینه‌های زیر یک بازاریابی دیجیتال به شمار نمی‌رود؟","answers":[{"id":"21064","description":"بازاریابی از طریق پست الکترونیک (بازاریابی ایمیلی)","iscorrect":0},{"id":"21065","description":"بازاریابی از طریق موتورهای جستجو","iscorrect":0},{"id":"21066","description":"بازاریابی از طریق تبلیغات پرداخت به ازای هر کلیک یا PPC","iscorrect":0},{"id":"21067","description":"انداختن تراکت‌های چاپ شده بر خانه‌های مردم","iscorrect":1}]},{"id":"5501","description":"کدام گزینه‌ برای پر کردن هر سه جای خالی زیر مناسب است؟<br />\nیکی از مهم‌ترین خصوصیت‌های شبکه‌های اجتماعی ............... است. اگر کاربران محتوا را دوست داشته باشند آن را .................... می‌کنند و این ...................... می‌تواند باعث شود کاربران زیادی از عکس یا ویدئو تبلیغی شما بازدید کنند.","answers":[{"id":"21068","description":"اشتراک گذاری","iscorrect":1},{"id":"21069","description":"حذف","iscorrect":0},{"id":"21070","description":"دانلود","iscorrect":0},{"id":"21071","description":"آپلود","iscorrect":0}]},{"id":"5502","description":"کلید اصلی موفقیت بازاریابی در موبایل، ....................... است.","answers":[{"id":"21072","description":"تمرکز بر روی محصولات اپل","iscorrect":0},{"id":"21073","description":"تمرکز بر روی محصولات سامسونگ","iscorrect":0},{"id":"21074","description":"شناسایی مخاطبان","iscorrect":1},{"id":"21075","description":"شناسایی نوع گوشی‌های مخاطبان","iscorrect":0}]}]}]},{"name":"درس سوم- بازاریابی از طریق پست الکترونیکی- بخش اول","id":"746","contentorder":"5","lesson_number":3,"type":0,"filename":"lesson746.html"},{"name":"بازاریابی از طریق پست الکترونیکی- بخش اول","id":"1287","contentorder":"6","type":1,"set":[{"score":"60","questions":[{"id":"5503","description":"کدام یک از گزینه‌های زیر درباره‌ی بازاریابی ایمیلی صحیح نیست؟","answers":[{"id":"21076","description":"به دلیل هزینه کم برای هر مخاطب، فوق العاده مقرون به صرفه است.","iscorrect":0},{"id":"21077","description":"این بازاریابی نسبت به انواع بازاریابی‌های دیجتیالی بسیار هدفمندتر است.","iscorrect":0},{"id":"21078","description":"قابلیت برنامه ریزی در مقیاس انبوه را دارد.","iscorrect":0},{"id":"21079","description":"به هیچ وجه قابلیت اندازه گیری ندارد.","iscorrect":1}]},{"id":"5504","description":"گزینه صحیح مرتبط با این تعریف را انتخاب کنید: زمانی که هر کسب و کاری محصولات یا خدماتش را به کسب و کارهای دیگر، و نه به مصرف کنندگان، می‌فروشد. به طور مثال شرکتی، محصولاتش را به جای فروش مستقیم به مشتری، به شرکت دیگری می‌فروشد.","answers":[{"id":"21080","description":"B2B","iscorrect":1},{"id":"21081","description":"B2C","iscorrect":0},{"id":"21082","description":"CTA","iscorrect":0},{"id":"21083","description":"CRM","iscorrect":0}]},{"id":"5505","description":"منظور از فراخوانی به اقدام (CTA) چیست؟","answers":[{"id":"21084","description":"هنگامی که کسب و کاری محصولات یا خدماتش را به طور مستقیم به مصرف کنندگان می‌فروشد.","iscorrect":0},{"id":"21085","description":"زمانی که هر کسب و کاری محصولات یا خدماتش را به کسب و کارهای دیگر، و نه به مصرف کنندگان، می‌فروشد. به طور مثال شرکتی، محصولاتش را به جای فروش مستقیم به مشتری، به شرکت دیگری می‌فروشد.","iscorrect":0},{"id":"21086","description":"منظور از فراخوانی به اقدام، عملی‌ست که در مخاطب این انگیزه را ایجاد می‌کند که اقدام به عملی کند که ما از آن درخواست کرده‌ایم (مانند ثبت نام برای خبرنامه، رزرو تاکسی در اینترنت و …)","iscorrect":1},{"id":"21087","description":"راهکاری برای مدیریت تعاملات یک شرکت با مشتریان و مشتریان بالقوه است. این استراتژی برای فروش، بازاریابی، خدمات مشتریان و فرآیندهای فنی خودکار در یک سازمان، از تکنولوژی استفاده می‌کند.","iscorrect":0}]},{"id":"5506","description":"در بازاریابی از طریق پست الکترونیک، ................ شامل مشتریان احتمالی می‌شود که ایمیلی برایشان ارسال می‌گردد.","answers":[{"id":"21088","description":"پایگاه داده","iscorrect":1},{"id":"21089","description":"ثبت نام دوگانه","iscorrect":0},{"id":"21090","description":"ISP","iscorrect":0},{"id":"21091","description":"CRM","iscorrect":0}]},{"id":"5507","description":"شرکتی که دسترسی به اینترنت را برای شما فراهم نموده است .............. نامیده می‌شود.","answers":[{"id":"21092","description":"CTRM","iscorrect":0},{"id":"21093","description":"SJRM","iscorrect":0},{"id":"21094","description":"ISP","iscorrect":1},{"id":"21095","description":"CRM","iscorrect":0}]}]},{"score":"60","questions":[{"id":"5508","description":"منظور از مدیریت ارتباط با مشتری (CRM) چیست؟","answers":[{"id":"21096","description":"هنگامی که کسب و کاری محصولات یا خدماتش را به طور مستقیم به مصرف کنندگان می‌فروشد.","iscorrect":0},{"id":"21097","description":"زمانی که هر کسب و کاری محصولات یا خدماتش را به کسب و کارهای دیگر، و نه به مصرف کنندگان، می‌فروشد. به طور مثال شرکتی، محصولاتش را به جای فروش مستقیم به مشتری، به شرکت دیگری می‌فروشد.","iscorrect":0},{"id":"21098","description":"عملی‌ست که در مخاطب این انگیزه را ایجاد می‌کند که اقدام به عملی کند که ما از آن درخواست کرده‌ایم (مانند ثبت نام برای خبرنامه، رزرو تاکسی در اینترنت و …)","iscorrect":0},{"id":"21099","description":"راهکاری برای مدیریت تعاملات یک شرکت با مشتریان و مشتریان بالقوه است. این استراتژی برای فروش، بازاریابی، خدمات مشتریان و فرآیندهای فنی خودکار در یک سازمان، از تکنولوژی استفاده می‌کند.","iscorrect":1}]},{"id":"5509","description":"در روش بازاریابی از طریق پست الکترونیک، معمولا برای اطمینان از اینکه فرد مشترک شونده یک ربات اینترنتی (که این روزها به منظور ارسال هرزنامه‌ها در اینترنت فعالیت می‌کنند) نباشد و برای اطمینان از اینکه مشتری انگیزه‌ی واقعی برای ارتباط با سازمان شما را دارد، عمل ....................... را به عنوان راهکار ثبت نام‌ها اینترنتی درنظر می‌گیرند.","answers":[{"id":"21100","description":"پایگاه داده","iscorrect":0},{"id":"21101","description":"ثبت نام دوگانه","iscorrect":1},{"id":"21102","description":"ISP","iscorrect":0},{"id":"21103","description":"CRM","iscorrect":0}]},{"id":"5510","description":"عمل حذف خود از یک یا چندین لیست به منظور لغو دریافت اطلاعاتی مشخص از طریق ایمیل را لغو اشتراک یا...................... می‌گویند.","answers":[{"id":"21104","description":"SMTP","iscorrect":0},{"id":"21105","description":"Unsubscribe","iscorrect":1},{"id":"21106","description":"ISP","iscorrect":0},{"id":"21107","description":"SJRM","iscorrect":0}]},{"id":"5511","description":"................... یک پروتکل برای ارسال پیام‌هایی از یک سرور به سرور دیگر است.","answers":[{"id":"21108","description":"SMTP","iscorrect":1},{"id":"21109","description":"Unsubscribe","iscorrect":0},{"id":"21110","description":"ISP","iscorrect":0},{"id":"21111","description":"SJRM","iscorrect":0}]},{"id":"5512","description":"منظور ازمدیریت ارتباط با مشتری (CRM) چیست؟","answers":[{"id":"21112","description":"هنگامی که کسب و کاری محصولات یا خدماتش را به طور مستقیم به مصرف کنندگان می‌فروشد.","iscorrect":0},{"id":"21113","description":"زمانی که هر کسب و کاری محصولات یا خدماتش را به کسب و کارهای دیگر، و نه به مصرف کنندگان، می‌فروشد. به طور مثال شرکتی، محصولاتش را به جای فروش مستقیم به مشتری، به شرکت دیگری می‌فروشد.","iscorrect":0},{"id":"21114","description":"عملی‌ست که در مخاطب این انگیزه را ایجاد می‌کند که اقدام به عملی کند که ما از آن درخواست کرده‌ایم (مانند ثبت نام برای خبرنامه، رزرو تاکسی در اینترنت و …)","iscorrect":0},{"id":"21115","description":"راهکاری برای مدیریت تعاملات یک شرکت با مشتریان و مشتریان بالقوه است. این استراتژی برای فروش، بازاریابی، خدمات مشتریان و فرآیندهای فنی خودکار در یک سازمان، از تکنولوژی استفاده می‌کند.","iscorrect":1}]}]}]},{"name":"درس چهارم- بازاریابی از طریق پست الکترونیکی- بخش دوم","id":"747","contentorder":"7","lesson_number":4,"type":0,"filename":"lesson747.html"},{"name":"بازاریابی از طریق پست الکترونیکی- بخش دوم","id":"1289","contentorder":"8","type":1,"set":[{"score":"66","questions":[{"id":"5513","description":"طراحی ایمیل باید از فراخوان به عمل ایمیل شما پشتیبانی کند. به این معنی که:","answers":[{"id":"21116","description":"ایمیلی با دست‌کم ۵ عکس برای کاربر بفرستد.","iscorrect":0},{"id":"21117","description":"ایمیلی به کاربر بفرستد که مطمئن شود کاربر نیز آن را باز می‌گرداند.","iscorrect":0},{"id":"21118","description":"کاربر را متقاعد کند تا مثلا بر روی یک لینک کلیک کرده، فایلی را دانلود کند و یا عملی انجام دهد که هدف شما از فرستادن ایمیل است.","iscorrect":1},{"id":"21119","description":"ایمیلی بدون عکس برای کاربر بفرستد.","iscorrect":0}]},{"id":"5514","description":"از وب‌سایت‌های معتبر در زمینه تبلیغات ایمیلی می‌توان به ................ و .................... اشاره کرد.","answers":[{"id":"21120","description":"MailChimp و Hubspot","iscorrect":1},{"id":"21121","description":"Goolge و Blogspot","iscorrect":0},{"id":"21122","description":"Blogspot و Wordpress","iscorrect":0},{"id":"21123","description":"Wordpress و Blogsky","iscorrect":0}]},{"id":"5515","description":"منظور از سفارشی سازی انبوه چیست؟","answers":[{"id":"21124","description":"ارسال ایمیل گروهی بدون اجازه گرفتن از کاربران","iscorrect":0},{"id":"21125","description":"سفارشی سازی انبوه یعنی اینکه تبلیغ کننده میتواند بر اساس علایق مشتری، جنسیت، یا حتی نام مشتری ایمیل‌های متفاوتی به مشتریان بفرستد.","iscorrect":1},{"id":"21126","description":"دریافت سفارش از مشتریان فقط از طریق ایمیل","iscorrect":0},{"id":"21127","description":"دریافت سفارش از مشتریان از طریق تمام کانال‌های بازاریابی از جمله ایمیل","iscorrect":0}]}]},{"score":"66","questions":[{"id":"5516","description":"...................... یعنی اینکه تبلیغ کننده می‌تواند بر اساس علایق مشتری، جنسیت، یا حتی نام مشتری ایمیل‌های متفاوتی به مشتریان بفرستد.","answers":[{"id":"21128","description":"SPAM","iscorrect":0},{"id":"21129","description":"فراخوان به عمل","iscorrect":0},{"id":"21130","description":"سفارشی سازی انبوه","iscorrect":1},{"id":"21131","description":"ISP","iscorrect":0}]},{"id":"5517","description":"از وب‌سایت‌های معتبر در زمینه تبلیغات ایمیلی می‌توان به ................ و .................... اشاره کرد.","answers":[{"id":"21132","description":"MailChimp و Hubspot","iscorrect":1},{"id":"21133","description":"Goolge و Blogspot","iscorrect":0},{"id":"21134","description":"Blogspot و Wordpress","iscorrect":0},{"id":"21135","description":"Wordpress و Blogsky","iscorrect":0}]},{"id":"5518","description":"منظور از میزان کلیک و تبادل چیست؟","answers":[{"id":"21136","description":"این دو مورد کارایی ایمیل را از طریق لینک‌های درونی آن اندازه گیری می‌کنند و نشان می‌دهند که چه مطلب یا پیشنهادی برای خواننده جذاب بوده است.","iscorrect":1},{"id":"21137","description":"ایمیلی با دست‌کم ۵ عکس برای کاربر بفرستد.","iscorrect":0},{"id":"21138","description":"دریافت سفارش از مشتریان فقط از طریق ایمیل","iscorrect":0},{"id":"21139","description":"دریافت سفارش از مشتریان از طریق تمام کانال‌های بازاریابی از جمله ایمیل","iscorrect":0}]}]}]},{"name":"درس پنجم- تبلیغات نمایشی- بخش اول","id":"748","contentorder":"9","lesson_number":5,"type":0,"filename":"lesson748.html"},{"name":"تبلیغات نمایشی- بخش اول","id":"1291","contentorder":"10","type":1,"set":[{"score":"60","questions":[{"id":"5519","description":"هنگامی که تبلیغ کننده تنها در ازای هر کلیک روی تبلیغاتش، یعنی یک بازدیدکننده از سایت، پولی پرداخت می‌کند. به این امر ........... می‌گویند. این امر معمولا در موتورهای جستجو در سیستم بازاریابی «پرداخت در ازای کلیک» مشاهده می‌شود.","answers":[{"id":"21140","description":"CPC","iscorrect":0},{"id":"21141","description":"CPM","iscorrect":1},{"id":"21142","description":"PPC","iscorrect":0},{"id":"21143","description":"Pop up window","iscorrect":0}]},{"id":"5520","description":"کدام ‌یک از گزینه‌های زیر برنامه تبلیغات کلیکی گوگل است که به تبلیغ کنندگان اجازه می‌دهد تا آگهی‌هایشان را در صفحات جستجوی مربوطه وهمچنین در شبکه محتوای گوگل (Google Display Network) نمایش بدهند؟","answers":[{"id":"21144","description":"Google Adwords","iscorrect":1},{"id":"21145","description":"Google Analytic","iscorrect":0},{"id":"21146","description":"Google Mail","iscorrect":0},{"id":"21147","description":"Google Calender","iscorrect":0}]},{"id":"5521","description":"به نرم‌افزارهایی که وظیفه اصلی‌شان جمع آوری اطلاعات از کاربران اینترنت و بررسی نحوه تعامل آنها با وب‌سایت‌ها است ..................... می‌گویند.","answers":[{"id":"21148","description":"Open Source","iscorrect":0},{"id":"21149","description":"نرم‌افزار تحلیل وب","iscorrect":1},{"id":"21150","description":"نرم‌افزار مدرن","iscorrect":0},{"id":"21151","description":"نرم‌افزار اپل","iscorrect":0}]},{"id":"5522","description":"کدام‌یک از آگهی‌های زیر توسط DHTML یا فلش ساخته می‌شوند و برای چند ثانیه بر لایه ای روی محتوای سایت شناور می‌مانند؟","answers":[{"id":"21152","description":"آگهی شناور","iscorrect":1},{"id":"21153","description":"آگهی پس‌زمینه","iscorrect":0},{"id":"21154","description":"آگهی بنر","iscorrect":0},{"id":"21155","description":"آگهی ایمیلی","iscorrect":0}]},{"id":"5523","description":"........................ به پنجره‌های کوچکی گفته می‌شود که به هنگام باز شدن یک وب‌سایت و به صورت مجزا و اضافه و معمولا بدون اجازه‌ی کاربر باز می‌شوند و اغلب حاوی تبلیغات هستند.","answers":[{"id":"21156","description":"Modem","iscorrect":0},{"id":"21157","description":"Small Window","iscorrect":0},{"id":"21158","description":"Pop Up یا پاپ‌ آپ","iscorrect":1},{"id":"21159","description":"Ad Window","iscorrect":0}]}]},{"score":"60","questions":[{"id":"5524","description":"کدام ‌یک از گزینه‌های زیر تعریف پاپ آپ است؟","answers":[{"id":"21160","description":"پاپ آپ یک شیوه ارسال ایمیل است.","iscorrect":0},{"id":"21161","description":"پاپ آپ یک شیوه‌ی بازاریابی دیجیتال است.","iscorrect":0},{"id":"21162","description":"پاپ آپ به پنجره‌های کوچکی گفته می‌شود که به هنگام باز شدن یک وب‌سایت و به صورت مجزا و اضافه و معمولا بدون اجازه‌ی کاربر باز می‌شوند و اغلب حاوی تبلیغات هستند.","iscorrect":1},{"id":"21163","description":"پاپ آپ یک شیوه شناسایی اسپم در ایمیل‌ها است.","iscorrect":0}]},{"id":"5525","description":"این آگهی یک تصویر گرافیکی و یا انیمیشنی است که بر روی یک وبسایت و به منظور اهداف تبلیغاتی گذاشته می‌شود. آگهی‌های ایستا در فرمت GIF و یا JPEG هستند اما بنر‌ها می‌توانند از رسانه‌های غنی مانند فلش، ویدئو،‌ جاوا اسکریپت،‌ HTML5 و دیگر فناوری‌های تعاملی استفاده کنند.","answers":[{"id":"21164","description":"آگهی شناور","iscorrect":0},{"id":"21165","description":"آگهی پس‌زمینه","iscorrect":0},{"id":"21166","description":"آگهی بنر","iscorrect":1},{"id":"21167","description":"آگهی ایمیلی","iscorrect":0}]},{"id":"5526","description":"کدام ‌یک از گزینه‌های زیر تعریف آگهی پس زمینه است؟","answers":[{"id":"21168","description":"این آگهی یک تصویر گرافیکی و یا انیمیشنی است که بر روی یک وبسایت و به منظور اهداف تبلیغاتی گذاشته می‌شود. آگهی‌های ایستا در فرمت GIF و یا JPEG هستند اما بنر‌ها می‌توانند از رسانه‌های غنی مانند فلش، ویدئو،‌ جاوا اسکریپت،‌ HTML5 و دیگر فناوری‌های تعاملی استفاده کنند.","iscorrect":0},{"id":"21169","description":"این آگهی باعث تغییر در پس زمینه صفحه در حال بازدید می‌شود. هدف اصلی این آگهی آگاهی در مورد نام تجاری است زیرا به طور مداوم نمایش داده می‌شود.","iscorrect":1},{"id":"21170","description":"این آگهی در یک لایه روی محتوا ظاهر می‌شود اما در یک پنجره جداگانه نیست. معمولا کاربر می‌تواند این آگهی را ببندد. این آگهی‌ها توسط DHTML یا فلش ساخته می‌شوند و برای چند ثانیه بر لایه ای روی محتوای سایت شناور می‌مانند.","iscorrect":0},{"id":"21171","description":"هیچ کدام","iscorrect":0}]},{"id":"5527","description":"کدام ‌یک از گزینه‌های زیر تعریف «آگهی‌های بینابینی» است؟","answers":[{"id":"21172","description":"آگهی‌هایی که از طریق ایمیل ارسال شود.","iscorrect":0},{"id":"21173","description":"این آگهی‌ها بنرهایی هسند که در بین صفحات یک وبسایت نشان داده می‌شوند. زمانی که شما از یک صفحه به صفحه دیگر می‌روید، قبل از نمایش داده شدن صفحه بعد این آگهی‌ها را می‌بینید.","iscorrect":1},{"id":"21174","description":"آگهی‌هایی که از طریق موبایل ارسال شود.","iscorrect":0},{"id":"21175","description":"آگهی‌هایی که از طریق موتورهای جستجو نشان داده شود.","iscorrect":0}]},{"id":"5528","description":"کدام ‌یک از گزینه‌های زیر برنامه تبلیغات کلیکی گوگل است که به تبلیغ کنندگان اجازه می‌دهد تا آگهی‌‌هایشان را در صفحات جستجوی مربوطه وهمچنین در شبکه محتوای گوگل (Google Display Network) نمایش بدهند؟","answers":[{"id":"21176","description":"Google Adwords","iscorrect":1},{"id":"21177","description":"Google Analytic","iscorrect":0},{"id":"21178","description":"Google Mail","iscorrect":0},{"id":"21179","description":"Google Calender","iscorrect":0}]}]}]},{"name":"درس ششم- تبلیغات نمایشی- بخش دوم","id":"749","contentorder":"11","lesson_number":6,"type":0,"filename":"lesson749.html"},{"name":"تبلیغات نمایشی- بخش دوم","id":"1293","contentorder":"12","type":1,"set":[{"score":"66","questions":[{"id":"5529","description":"منظور از ................. سرورهایی است که آگهی‌های تبلیغاتی بر روی آن ذخیره شده و در صورت نیاز به کاربر نشان داده می‌شود.","answers":[{"id":"21180","description":"ISP","iscorrect":0},{"id":"21181","description":"سرور آگهی","iscorrect":1},{"id":"21182","description":"سرور شناور","iscorrect":0},{"id":"21183","description":"CRT","iscorrect":0}]},{"id":"5530","description":"سرورهای آگهی به تعداد زیادی از وب‌سایت‌ها آگهی ارائه می‌کنند و می‌توانند کاربرانی که از وبسایت بازدید می‌کنند را با استفاده از ............. یا .................. آن‌ها ردیابی کنند.","answers":[{"id":"21184","description":"ایمیل و سایت وارد شونده","iscorrect":0},{"id":"21185","description":"ایمیل و کوکی","iscorrect":0},{"id":"21186","description":"کوکی و آدرس IP","iscorrect":1},{"id":"21187","description":"کوکی و سایت وارد شونده","iscorrect":0}]},{"id":"5531","description":"منظور از «خدمات اجتماعی» در بخش هدف قرار دادن و بهینه سازی سرورهای آگهی چیست؟","answers":[{"id":"21188","description":"سرور آگهی تعداد دفعاتی که یک کاربر یک آگهی را در یک نشست یا یک بازه زمانی می‌بیند محدود می‌کند. به عنوان مثال می‌توان سیستم را طوری تنظیم کرد که آگهی برای کاربران یک کشور خاص فقط دو بار در روز نمایش داده شود.","iscorrect":0},{"id":"21189","description":"می‌توان اطمینان داشت که تبلیغات رقبای مستقیم در یک صفحه به طور همزمان دیده نمی‌شوند.","iscorrect":0},{"id":"21190","description":"وبسایت‌ها اطلاعات جمعیت شناختی در مورد کاربران به دست آورده و سپس برای هر کاربر تبلیغات هدفمند و مرتبط نشان می‌دهند.","iscorrect":1},{"id":"21191","description":"سرور آگهی از مشخصات یک کاربر استفاده کرده (که با توجه به وبسایت‌هایی که کاربر بازدید می‌کند مشخص می‌شود) تا مشخص کند چه نوع آگهی در طول بازدید به او نشان داده شود.","iscorrect":0}]}]},{"score":"66","questions":[{"id":"5532","description":"کدام ‌یک از گزینه‌های زیر یک سرور آگهی شخص ثالث نیست؟","answers":[{"id":"21192","description":"Double Click","iscorrect":0},{"id":"21193","description":"Atlas","iscorrect":0},{"id":"21194","description":"MediaMind","iscorrect":0},{"id":"21195","description":"Facebook","iscorrect":1}]},{"id":"5533","description":"سرورهای آگهی به تعداد زیادی از وب‌سایت‌ها آگهی ارائه می‌کنند و می‌توانند کاربرانی که از وبسایت بازدید می‌کنند را با استفاده از ............. یا .................. آن‌ها ردیابی کنند.","answers":[{"id":"21196","description":"ایمیل و سایت وارد شونده","iscorrect":0},{"id":"21197","description":"ایمیل و کوکی","iscorrect":0},{"id":"21198","description":"کوکی و آدرس IP","iscorrect":1},{"id":"21199","description":"کوکی و سایت وارد شونده","iscorrect":0}]},{"id":"5534","description":"منظور از «هدفمند سازی رفتاری» در بخش هدف قرار دادن و بهینه سازی سرورهای آگهی چیست؟","answers":[{"id":"21200","description":"سرور آگهی تعداد دفعاتی که یک کاربر یک آگهی را در یک نشست یا یک بازه زمانی می‌بیند محدود می‌کند. به عنوان مثال می‌توان سیستم را طوری تنظیم کرد که آگهی برای کاربران یک کشور خاص فقط دو بار در روز نمایش داده شود.","iscorrect":0},{"id":"21201","description":"می‌توان اطمینان داشت که تبلیغات رقبای مستقیم در یک صفحه به طور همزمان دیده نمی‌شوند.","iscorrect":0},{"id":"21202","description":"وبسایت‌ها اطلاعات جمعیت شناختی در مورد کاربران به دست آورده و سپس برای هر کاربر تبلیغات هدفمند و مرتبط نشان می‌دهند.","iscorrect":0},{"id":"21203","description":"سرور آگهی از مشخصات یک کاربر استفاده کرده (که با توجه به وبسایت‌هایی که کاربر بازدید می‌کند مشخص می‌شود) تا مشخص کند چه نوع آگهی در طول بازدید به او نشان داده شود.","iscorrect":1}]}]}]},{"name":"درس هفتم- بازاریابی در موتورهای جستجو- بخش اول","id":"750","contentorder":"13","lesson_number":7,"type":0,"filename":"lesson750.html"},{"name":"بازاریابی در موتورهای جستجو- بخش اول","id":"1295","contentorder":"14","type":1,"set":[{"score":"60","questions":[{"id":"5535","description":"....................... نام یک فایل در سرور وب‌سایت شما است. با دستوراتی ساده که در داخل این فایل می‌نویسید می‌توانید موتورهای جستجو را راهنمایی کنید که چگونه سایت شما را جستجو کنند.","answers":[{"id":"21204","description":"EXE","iscorrect":0},{"id":"21205","description":"Robot.txt","iscorrect":1},{"id":"21206","description":"Meta Tag","iscorrect":0},{"id":"21207","description":"Referrer","iscorrect":0}]},{"id":"5536","description":"منظور از عبارت کلیدی یا Keyword Phrase چیست؟","answers":[{"id":"21208","description":"هر قسمت از متنی در یک وبسایت که به صفحه دیگری لینک داده شده باشد.","iscorrect":0},{"id":"21209","description":"تمام لینک‌های موجود در صفحات دیگر که کاربران را به صفحات وب مشخصی می‌برند.","iscorrect":0},{"id":"21210","description":"تعداد دفعاتی که یک کلمه یا عبارت کلیدی در یک وبسایت ظاهر می‌شود.","iscorrect":0},{"id":"21211","description":"دو یا چند کلمه که با ترکیب خود یک جستجو را تشکیل می‌دهند و اغلب به عنوان کلمات کلیدی شناخته می‌شوند.","iscorrect":1}]},{"id":"5537","description":"به صفحه‌ای که کاربر با کلیک روی فهرست نتایج طبیعی یا پولی موتور جستجو وارد آن می‌شود ................. می‌گویند.","answers":[{"id":"21212","description":"صفحه هدف Landing page","iscorrect":1},{"id":"21213","description":"صفحه شناور","iscorrect":0},{"id":"21214","description":"صفحه ارجاع دهنده","iscorrect":0},{"id":"21215","description":"صفحه مرجع","iscorrect":0}]},{"id":"5538","description":"به روش‌هایی که شرکت‌ها به کار می‌برند تا وب‌سایت‌های خود را در رده‌بندی جستجوها بالا بیاورند .................. می‌گویند.","answers":[{"id":"21216","description":"SRT","iscorrect":0},{"id":"21217","description":"CRM","iscorrect":0},{"id":"21218","description":"Better Search","iscorrect":0},{"id":"21219","description":"Search Engine Optimization","iscorrect":1}]},{"id":"5539","description":"منظور از متن لنگر یا Anchor Text چیست؟","answers":[{"id":"21220","description":"هر قسمت از متنی در یک وبسایت که به صفحه دیگری لینک داده شده باشد.","iscorrect":1},{"id":"21221","description":"تمام لینک‌های موجود در صفحات دیگر که کاربران را به صفحات وب مشخصی می‌برند.","iscorrect":0},{"id":"21222","description":"تعداد دفعاتی که یک کلمه یا عبارت کلیدی در یک وبسایت ظاهر می‌شود.","iscorrect":0},{"id":"21223","description":"دو یا چند کلمه که با ترکیب خود یک جستجو را تشکیل می‌دهند و اغلب به عنوان کلمات کلیدی شناخته می‌شوند.","iscorrect":0}]}]},{"score":"60","questions":[{"id":"5540","description":"منظور از تناوب کلمه کلیدی Keyword Frequency چیست؟","answers":[{"id":"21224","description":"هر قسمت از متنی در یک وبسایت که به صفحه دیگری لینک داده شده باشد.","iscorrect":0},{"id":"21225","description":"تمام لینک‌های موجود در صفحات دیگر که کاربران را به صفحات وب مشخصی می‌برند.","iscorrect":0},{"id":"21226","description":"تعداد دفعاتی که یک کلمه یا عبارت کلیدی در یک وبسایت ظاهر می‌شود.","iscorrect":1},{"id":"21227","description":"دو یا چند کلمه که با ترکیب خود یک جستجو را تشکیل می‌دهند و اغلب به عنوان کلمات کلیدی شناخته می‌شوند.","iscorrect":0}]},{"id":"5541","description":"وظیفه ........................... این است که به موتورهای جستجوی اینترنتی بگویند این صفحات وب دقیقا در مورد چه چیز هستند.","answers":[{"id":"21228","description":"EXE","iscorrect":0},{"id":"21229","description":"Robot.txt","iscorrect":0},{"id":"21230","description":"Meta Tag","iscorrect":1},{"id":"21231","description":"Referrer","iscorrect":0}]},{"id":"5542","description":"به روشهایی که شرکت‌ها به کار می‌برند تا وبسایت‌های خود را در رده‌بندی جستجوها بالا بیاورند ............................... می‌گویند.","answers":[{"id":"21232","description":"SRT","iscorrect":0},{"id":"21233","description":"CRM","iscorrect":0},{"id":"21234","description":"Better Search","iscorrect":0},{"id":"21235","description":"Search Engine Optimization","iscorrect":1}]},{"id":"5543","description":"منظور از قابلیت استفاده یا Usability چیست؟","answers":[{"id":"21236","description":"قابلیت استفاده معیاری برای اندازه گیری سهولت کاربر برای انجام کار مورد نظرش است.","iscorrect":1},{"id":"21237","description":"تمام لینک‌های موجود در صفحات دیگر که کاربران را به صفحات وب مشخصی می‌برند.","iscorrect":0},{"id":"21238","description":"تعداد دفعاتی که یک کلمه یا عبارت کلیدی در یک وبسایت ظاهر می‌شود.","iscorrect":0},{"id":"21239","description":"دو یا چند کلمه که با ترکیب خود یک جستجو را تشکیل می‌دهند و اغلب به عنوان کلمات کلیدی شناخته می‌شوند.","iscorrect":0}]},{"id":"5544","description":"به صفحه‌ای که کاربر با کلیک روی فهرست نتایج طبیعی یا پولی موتور جستجو وارد آن می‌شود ................. می‌گویند.","answers":[{"id":"21240","description":"صفحه هدف Landing Page","iscorrect":1},{"id":"21241","description":"صفحه شناور","iscorrect":0},{"id":"21242","description":"صفحه ارجاع دهنده","iscorrect":0},{"id":"21243","description":"صفحه مرجع","iscorrect":0}]}]}]},{"name":"درس هشتم- بازاریابی در موتورهای جستجو- بخش دوم","id":"751","contentorder":"15","lesson_number":8,"type":0,"filename":"lesson751.html"},{"name":"درس نهم- تبلیغات پرداخت به ازای هر کلیک یا PPC- بخش اول","id":"752","contentorder":"16","lesson_number":9,"type":0,"filename":"lesson752.html"},{"name":"تبلیغات پرداخت به ازای هر کلیک یا PPC- بخش اول","id":"1297","contentorder":"17","type":1,"set":[{"score":"50","questions":[{"id":"5545","description":"تبلیغات پرداخت به ازای هر کلیک یا ................ یک سیستم تبلیغاتی است که در آن تبلیغ کننده تنها به ازای هر کلیک روی آگهی پول پرداخت می‌کند.","answers":[{"id":"21244","description":"ISP","iscorrect":0},{"id":"21245","description":"PPC","iscorrect":1},{"id":"21246","description":"SJP","iscorrect":0},{"id":"21247","description":"java","iscorrect":0}]},{"id":"5546","description":"کدام ‌یک از گزینه‌های زیر تعریف مرکز تبلیغات یا (adCenter) است؟","answers":[{"id":"21248","description":"مرکز تبلیغات پلتفرم تبلیغاتی مایکروسافت است. این مرکز فراهم کننده آگهی‌های پرداخت به ازای هر کلیک برای موتورهای جستجوی بینگ و یاهو است.","iscorrect":1},{"id":"21249","description":"سیستم تبلیغاتی پرداخت به ازای هر کلیک شرکت گوگل","iscorrect":0},{"id":"21250","description":"زمانی که بر روی لینکی کلیک شود، پول پرداخت می‌شود.","iscorrect":0},{"id":"21251","description":"مبلغ پرداخت شده به ازای هر ۱۰۰۰ بازدید از یک آگهی","iscorrect":0}]},{"id":"5547","description":"CTR یعنی:","answers":[{"id":"21252","description":"سیستم تبلیغاتی پرداخت به ازای هر کلیک شرکت گوگل","iscorrect":0},{"id":"21253","description":"سیستم ارسال ایمیل گروهی","iscorrect":0},{"id":"21254","description":"نرخ کلیک: کلیک تقسیم بر میزان تاثیر (درصد)","iscorrect":1},{"id":"21255","description":"تبلیغ کننده تنها به ازای هر کلیک روی آگهی پول پرداخت می‌کند.","iscorrect":0}]},{"id":"5548","description":"معیاری که توسط AdWords شرکت گوگل مورد استفاده قرار می‌گیرد تا میزان ارتباط یک کلید واژه به متن آگهی و به پرسش جستجو را نشان دهد را ................... گویند.","answers":[{"id":"21256","description":"نمره کیفی یا (Quality Score)","iscorrect":1},{"id":"21257","description":"PPC","iscorrect":0},{"id":"21258","description":"SJP","iscorrect":0},{"id":"21259","description":"Java","iscorrect":0}]}]},{"score":"50","questions":[{"id":"5549","description":"منظور از CPM چیست؟","answers":[{"id":"21260","description":"فراهم کننده آگهی‌های پرداخت به ازای هر کلیک برای موتورهای جستجوی بینگ و یاهو","iscorrect":0},{"id":"21261","description":"سیستم تبلیغاتی پرداخت به ازای هر کلیک شرکت گوگل","iscorrect":0},{"id":"21262","description":"زمانی که بر روی لینکی کلیک شود، پول پرداخت می‌شود.","iscorrect":0},{"id":"21263","description":"مبلغ پرداخت شده به ازای هر ۱۰۰۰ بازدید از یک آگهی","iscorrect":1}]},{"id":"5550","description":"منظور از PPC چیست؟","answers":[{"id":"21264","description":"سیستم تبلیغاتی پرداخت به ازای هر کلیک شرکت گوگل","iscorrect":0},{"id":"21265","description":"سیستم ارسال ایمیل گروهی","iscorrect":0},{"id":"21266","description":"نرخ کلیک: کلیک تقسیم بر میزان تاثیر (درصد)","iscorrect":0},{"id":"21267","description":"تبلیغ کننده تنها به ازای هر کلیک روی آگهی پول پرداخت می‌کند.","iscorrect":1}]},{"id":"5551","description":"کدام‌ گزینه زیر تعریف نمره کیفی یا (Quality Score) است؟","answers":[{"id":"21268","description":"معیاری که توسط AdWords شرکت گوگل مورد استفاده قرار می‌گیرد تا میزان ارتباط یک کلیدواژه به متن آگهی و به پرسش جستجو را نشان دهد را نمره کیفی گویند.","iscorrect":1},{"id":"21269","description":"سیستم تبلیغاتی پرداخت به ازای هر کلیک شرکت گوگل","iscorrect":0},{"id":"21270","description":"زمانی که بر روی لینکی کلیک شود، پول پرداخت می‌شود.","iscorrect":0},{"id":"21271","description":"مبلغ پرداخت شده به ازای هر ۱۰۰۰ بازدید از یک آگهی","iscorrect":0}]},{"id":"5552","description":"تبلیغات پرداخت به ازای هر کلیک یا ................ یک سیستم تبلیغاتی است که در آن تبلیغ کننده تنها به ازای هر کلیک روی آگهی پول پرداخت می‌کند.","answers":[{"id":"21272","description":"ISP","iscorrect":0},{"id":"21273","description":"PPC","iscorrect":1},{"id":"21274","description":"SJP","iscorrect":0},{"id":"21275","description":"java","iscorrect":0}]}]}]},{"name":"درس دهم- تبلیغات پرداخت به ازای هر کلیک یا PPC- بخش دوم","id":"753","contentorder":"18","lesson_number":10,"type":0,"filename":"lesson753.html"},{"name":"تبلیغات پرداخت به ازای هر کلیک یا PPC- بخش دوم","id":"1299","contentorder":"19","type":1,"set":[{"score":"66","questions":[{"id":"5553","description":"تطابق ................ به معنای آن است که آگهی شما هم برای کلید واژه‌هایی که انتخاب کردید، هم اصطلاحات جستجویی که شامل کلمات کلیدی شما و دیگر کلمات به هر ترتیبی می‌شوند و هم برای کلمات نزدیک به کلید واژه‌های شما (غلط‌های املایی و کلمات مترادف) به نمایش در می‌آید.","answers":[{"id":"21276","description":"گسترده","iscorrect":1},{"id":"21277","description":"عبارت","iscorrect":0},{"id":"21278","description":"دقیق","iscorrect":0},{"id":"21279","description":"منفی","iscorrect":0}]},{"id":"5554","description":"منظور از تطابق دقیق چیست؟","answers":[{"id":"21280","description":"تطابق دقیق به معنای آن است که آگهی شما هم برای کلید واژه‌هایی که انتخاب کردید، هم اصطلاحات جستجویی که شامل کلمات کلیدی شما و دیگر کلمات به هر ترتیبی می‌شوند و هم برای کلمات نزدیک به کلید واژه‌های شما (غلط‌های املایی و کلمات مترادف) به نمایش در می‌آید.","iscorrect":0},{"id":"21281","description":"تطابق دقیق به این معنی است که کلید واژه شما با عبارت مورد جستجوی کاربر دارای تشابه معنایی باشد. ممکن است کاربر عبارت «خانه بزرگ کنار دریا» را جستجو کند و کلمه انتخابی شما «ویلا» باشد. گوگل تبلیغات شما را به این کاربر نشان خواهد داد.","iscorrect":0},{"id":"21282","description":"تطابق دقیق وقتی است که شما می‌خواهید فقط تبلیغات خود را زمانی نشان دهید که عین عبارت نوشته شده است و مایل به نشان دادن تبلیغات برای کلمات نزدیک و هم معنی ندارید.","iscorrect":1},{"id":"21283","description":"تطابق دقیق که بسیار هم پرکاربرد است مربوط به کلماتی هستند که شما به هیج وجه حتی در صورت تشابه تمایل به نشان دادن تبلیغات خود ندارید.","iscorrect":0}]},{"id":"5555","description":"کدام‌ یک از گزینه‌های زیر از عوامل تعیین نمره کیفی نیست؟","answers":[{"id":"21284","description":"ارتباط کلمه کلیدی با اصطلاح مورد جستجو","iscorrect":0},{"id":"21285","description":"ارتباط میان متن آگهی و اصطلاح مورد جستجو","iscorrect":0},{"id":"21286","description":"ارتباط صفحه هدف و اصطلاح مورد جستجو","iscorrect":0},{"id":"21287","description":"تعداد ایمیل‌های فرستاده شده","iscorrect":1}]}]},{"score":"66","questions":[{"id":"5556","description":"کدام‌ یک از گزینه‌های زیر تعریف تطابق عبارت است؟","answers":[{"id":"21288","description":"تطابق عبارت به معنای آن است که آگهی شما هم برای کلید واژه‌هایی که انتخاب کردید، هم اصطلاحات جستجویی که شامل کلمات کلیدی شما و دیگر کلمات به هر ترتیبی می‌شوند و هم برای کلمات نزدیک به کلید واژه‌های شما (غلط‌های املایی و کلمات مترادف) به نمایش در می‌آید.","iscorrect":0},{"id":"21289","description":"تطابق عبارت به این معنی است که کلید واژه شما با عبارت مورد جستجوی کاربر دارای تشابه معنایی باشد. ممکن است کاربر عبارت «خانه بزرگ کنار دریا» را جستجو کند و کلمه انتخابی شما «ویلا» باشد. گوگل تبلیغات شما را به این کاربر نشان خواهد داد.","iscorrect":1},{"id":"21290","description":"تطابق عبارت وقتی است که شما میخواهید فقط تبلیغات خود را زمانی نشان دهید که عین عبارت نوشته شده است و مایل به نشان دادن تبلیغات برای کلمات نزدیک و هم معنی ندارید.","iscorrect":0},{"id":"21291","description":"تطابق منفی که بسیار هم پرکاربرد است مربوط به کلماتی هستند که شما به هیج وجه حتی در صورت تشابه تمایل به نشان دادن تبلیغات خود ندارید.","iscorrect":0}]},{"id":"5557","description":"هزینه به ازای عمل (یا هزینه به ازای هر تبادل) هزینه نهایی یک ستاد است که بر .................. تقسیم شده است.","answers":[{"id":"21292","description":"تعداد تبادل","iscorrect":1},{"id":"21293","description":"تعداد کلیک‌ها","iscorrect":0},{"id":"21294","description":"تعداد ایمیل‌های ارسالی","iscorrect":0},{"id":"21295","description":"تعداد تبلیغات","iscorrect":0}]},{"id":"5558","description":"کدام ‌یک از گزینه‌های زیر از عوامل تعیین نمره‌ی کیفی نیست؟","answers":[{"id":"21296","description":"ارتباط کلمه کلیدی با اصطلاح مورد جستجو","iscorrect":0},{"id":"21297","description":"ارتباط میان متن آگهی و اصطلاح مورد جستجو","iscorrect":0},{"id":"21298","description":"ارتباط صفحه هدف و اصطلاح مورد جستجو","iscorrect":0},{"id":"21299","description":"تعداد ایمیل‌های فرستاده شده","iscorrect":1}]}]}]},{"name":"درس یازدهم- تبلیغات در شبکه‌های اجتماعی- بخش اول","id":"754","contentorder":"20","lesson_number":11,"type":0,"filename":"lesson754.html"},{"name":"درس دوازدهم- تبلیغات در شبکه‌های اجتماعی- بخش دوم","id":"755","contentorder":"21","lesson_number":12,"type":0,"filename":"lesson755.html"},{"name":"درس سیزدهم- بازاریابی از طریق سرویس‌های تلفن همراه- بخش اول","id":"756","contentorder":"22","lesson_number":13,"type":0,"filename":"lesson756.html"},{"name":"بازاریابی از طریق سرویس‌های تلفن همراه – بخش اول","id":"1301","contentorder":"23","type":1,"set":[{"score":"50","questions":[{"id":"5563","description":"کدام ‌یک از گزینه‌های زیر تعریف سرویس پیام چندرسانه ای (MMS) است؟","answers":[{"id":"21317","description":"شماره یا کدهای ویژه‌ای که برای ارسال پیام‌های کوتاه از سوی تلفن‌های همراه به تلفن‌های ثابت استفاده می‌شود که معمولا به منظوردریافت چیزی در عوض آن پیام هستند.","iscorrect":0},{"id":"21316","description":"فرمتی از SMS، که اجازه می‌دهد عکس، صدا یا ویدئوهایی با کیفیت پایین توسط شبکه بی سیم ارسال شوند.","iscorrect":1},{"id":"21318","description":"یک پروتکل انتقال بی سیم در فاصله کوتاه برای اتصال دستگاه‌ها","iscorrect":0},{"id":"21319","description":"نرم افزارهایی که برای تلفن‌های هوشمند و دیگر تلفن‌های همراه توسعه می‌یابند.","iscorrect":0}]},{"id":"5564","description":"به نرم افزارهایی که برای تلفن‌های هوشمند و دیگر تلفن‌های همراه توسعه می‌یابند ................ می‌گویند.","answers":[{"id":"21320","description":"Interesting Software","iscorrect":0},{"id":"21321","description":"برنامه‌های کاربردی یا Application","iscorrect":1},{"id":"21322","description":"Software for Portable","iscorrect":0},{"id":"21323","description":"Open Sources Software","iscorrect":0}]},{"id":"5565","description":"منظور از کدهای کوتاه رایج (CSC) چیست؟","answers":[{"id":"21324","description":"فرمتی از SMS، که اجازه می‌دهد عکس، صدا یا ویدئوهایی با کیفیت پایین توسط شبکه بی سیم ارسال شوند.","iscorrect":0},{"id":"21325","description":"یک پروتکل انتقال بی سیم در فاصله کوتاه برای اتصال دستگاه‌ها","iscorrect":0},{"id":"21326","description":"شماره یا کدهای ویژه‌ای که برای ارسال پیام‌های SMS یا MMS از سوی تلفن‌های همراه به تلفن‌های ثابت استفاده می‌شود که معمولا به منظوردریافت چیزی در عوض آن پیام هستند.","iscorrect":1},{"id":"21327","description":"نرم افزارهایی که برای تلفن‌های هوشمند و دیگر تلفن‌های همراه توسعه می‌یابند.","iscorrect":0}]},{"id":"5566","description":".................... بر روی تمامی گوشی‌های تلفن GSM کار می‌کند. ارتباطی مبتنی بر نشست فراهم کرده و انواعی از برنامه‌های کاربردی را نیز فعال می‌کند.","answers":[{"id":"21328","description":"سرویس اطلاعاتی تکمیلی بدون ساختار (USSD)","iscorrect":1},{"id":"21329","description":"کد QR","iscorrect":0},{"id":"21330","description":"پروتکل برنامه‌های کاربردی بی سیم (WAP)","iscorrect":0},{"id":"21331","description":"سرویس پیام چند رسانه ای (MMS)","iscorrect":0}]}]},{"score":"50","questions":[{"id":"5567","description":"منظور از بلوتوث (Bluetooth) چیست؟","answers":[{"id":"21332","description":"فرمتی از SMS، که اجازه می‌دهد عکس، صدا یا ویدئوهایی با کیفیت پایین توسط شبکه بی سیم ارسال شوند.","iscorrect":0},{"id":"21333","description":"شماره یا کدهای ویژه‌ای که برای ارسال پیام‌های کوتاه از سوی تلفن‌های همراه به تلفن‌های ثابت استفاده می‌شود که معمولا به منظور دریافت چیزی در عوض آن پیام هستند.","iscorrect":0},{"id":"21334","description":"یک پروتکل انتقال بی سیم در فاصله کوتاه برای اتصال دستگاه‌ها","iscorrect":1},{"id":"21335","description":"نرم افزارهایی که به طور ویژه برای تلفن‌های هوشمند و دیگر تلفن‌های همراه توسعه می‌یابند.","iscorrect":0}]},{"id":"5568","description":"به فرمتی از SMS، که اجازه می‌دهد عکس، صدا یا ویدئوهایی با کیفیت پایین توسط شبکه بی سیم ارسال شوند .............. می‌گویند.","answers":[{"id":"21336","description":"MMS","iscorrect":1},{"id":"21337","description":"برنامه‌های کاربردی یا Application","iscorrect":0},{"id":"21338","description":"3G","iscorrect":0},{"id":"21339","description":"Open Sources Software","iscorrect":0}]},{"id":"5569","description":"مجموعه استانداردهای فنی و ارتباطی برای روش‌هایی که دستگاه‌های بی‌سیم (مانند تلفن‌های همراه) به اینترنت وصل می‌شوند.","answers":[{"id":"21340","description":"سرویس اطلاعاتی تکمیلی بدون ساختار (USSD)","iscorrect":0},{"id":"21341","description":"کد QR","iscorrect":0},{"id":"21342","description":"پروتکل برنامه‌های کاربردی بی سیم (WAP)","iscorrect":1},{"id":"21343","description":"سرویس پیام چند رسانه‌ای (MMS)","iscorrect":0}]},{"id":"5570","description":"منظور از کدهای کوتاه رایج (CSC) چیست؟","answers":[{"id":"21344","description":"فرمتی از SMS، که اجازه می‌دهد عکس، صدا یا ویدئوهایی با کیفیت پایین توسط شبکه بی سیم ارسال شوند.","iscorrect":0},{"id":"21345","description":"یک پروتکل انتقال بی سیم در فاصله کوتاه برای اتصال دستگاه‌ها","iscorrect":0},{"id":"21346","description":"شماره یا کدهای ویژه ای که برای ارسال پیام‌های SMS یا MMS از سوی تلفن‌های همراه به تلفن‌های ثابت استفاده می‌شود که معمولا به منظوردریافت چیزی در عوض آن پیام هستند.","iscorrect":1},{"id":"21347","description":"نرم افزارهایی که برای تلفن‌های هوشمند و دیگر تلفن‌های همراه توسعه می‌یابند.","iscorrect":0}]}]}]},{"name":"درس چهاردهم- بازاریابی از طریق سرویس‌های تلفن همراه- بخش دوم","id":"757","contentorder":"24","lesson_number":14,"type":0,"filename":"lesson757.html"},{"name":"درس پانزدهم- تجزیه و تحلیل ترافیک وب به منظور بازاریابی بهتر","id":"758","contentorder":"25","lesson_number":15,"type":0,"filename":"lesson758.html"},{"name":"تجزیه و تحلیل ترافیک وب به منظور بازاریابی بهتر","id":"1303","contentorder":"26","type":1,"set":[{"score":"50","questions":[{"id":"5571","description":"تعداد افرادی که در طی یک بازه زمانی از یک وبسایت دیدن می‌کنند را .................. می‌گویند. دقت کنید که هر نفر فقط یک بار محاسبه می‌شود.","answers":[{"id":"21348","description":"Visitor","iscorrect":0},{"id":"21349","description":"Unique Visitors","iscorrect":1},{"id":"21350","description":"Page Views","iscorrect":0},{"id":"21351","description":"Repeat Visitor","iscorrect":0}]},{"id":"5572","description":"منظور از ارجاع دهنده موتور جستجو (Search Referrer) چیست؟","answers":[{"id":"21352","description":"لینکی که در ابتدا باعث ایجاد درخواست برای صفحه فعلی شده بود.","iscorrect":0},{"id":"21353","description":"آدرس اینترنتی به وجود آمده در نتیجه یک عملکرد جستجو","iscorrect":1},{"id":"21354","description":"آدرس اینترنتی که یک بازدیدکننده جدید را به وبسایت می‌فرستد.","iscorrect":0},{"id":"21355","description":"تعداد دفعاتی که یک لینک توسط یک بازدید کننده کلیک می‌شود.","iscorrect":0}]},{"id":"5573","description":"کدام گزینه تعریف نسبت خروج صفحه (Page Exit Ratio) است؟","answers":[{"id":"21356","description":"تعداد خروج از هر صفحه تقسیم بر تعداد کل بازدید از یک صفحه","iscorrect":1},{"id":"21357","description":"بازدیدهای صورت گرفته از تنها یک صفحه","iscorrect":0},{"id":"21358","description":"آدرس اینترنتی که یک بازدیدکننده جدید را به وبسایت می‌فرستد.","iscorrect":0},{"id":"21359","description":"تعداد دفعاتی که یک لینک توسط یک بازدید کننده کلیک می‌شود.","iscorrect":0}]},{"id":"5574","description":"کدام گزینه تعریف نرخ فرار/پرش/خروج از سایت یا (Bounce Rate) است؟","answers":[{"id":"21360","description":"تعداد خروج از هر صفحه تقسیم بر تعداد کل بازدید از یک صفحه","iscorrect":0},{"id":"21361","description":"بازدیدهای صورت گرفته از تنها یک صفحه","iscorrect":0},{"id":"21362","description":"آدرس اینترنتی که یک بازدیدکننده جدید را به وبسایت می‌فرستد.","iscorrect":0},{"id":"21363","description":"بازدیدهای صورت گرفته از تنها یک صفحه تقسیم بر صفحات ورودی.","iscorrect":1}]}]},{"score":"50","questions":[{"id":"5575","description":"منظور از میزان کلیک یا Clickthrough چیست؟","answers":[{"id":"21364","description":"لینکی که در ابتدا باعث ایجاد درخواست برای صفحه فعلی شده بود.","iscorrect":0},{"id":"21365","description":"آدرس اینترنتی به وجود آمده در نتیجه یک عملکرد جستجو","iscorrect":0},{"id":"21366","description":"آدرس اینترنتی که یک بازدیدکننده جدید را به وبسایت می‌فرستد.","iscorrect":0},{"id":"21367","description":"تعداد دفعاتی که یک لینک توسط یک بازدید کننده کلیک می‌شود.","iscorrect":1}]},{"id":"5576","description":"بازدیدهای صورت گرفته از تنها یک صفحه تقسیم بر صفحات ورودی را ...................... می‌گویند.","answers":[{"id":"21368","description":"Visitor","iscorrect":0},{"id":"21369","description":"Bounce Rate","iscorrect":1},{"id":"21370","description":"Page Views","iscorrect":0},{"id":"21371","description":"Repeat Visitor","iscorrect":0}]},{"id":"5577","description":"به بازدیدکننده منحصر به فردی که دو یا چند بار در طی یک بازه زمانی مشخص از یک وبسایت دیدن می‌کند ................... می‌گویند.","answers":[{"id":"21372","description":"Visitor","iscorrect":0},{"id":"21373","description":"Unique Visitors","iscorrect":0},{"id":"21374","description":"Page Views","iscorrect":0},{"id":"21375","description":"Repeat Visitor","iscorrect":1}]},{"id":"5578","description":"کدام گزینه تعریف نسبت خروج صفحه (Page Exit Ratio) است؟","answers":[{"id":"21376","description":"تعداد خروج از هر صفحه تقسیم بر تعداد کل بازدید از یک صفحه","iscorrect":1},{"id":"21377","description":"بازدیدهای صورت گرفته از تنها یک صفحه","iscorrect":0},{"id":"21378","description":"آدرس اینترنتی که یک بازدیدکننده جدید را به وبسایت می‌فرستد.","iscorrect":0},{"id":"21379","description":"تعداد دفعاتی که یک لینک توسط یک بازدید کننده کلیک می‌شود.","iscorrect":0}]}]}]},{"name":"آزمون نهایی بازاریابی اینترنتی","id":"1305","contentorder":"27","type":1,"set":[{"score":"50","questions":[{"id":"5579","description":"کدام ‌یک از تعاریف زیر، تعریف بازاریابی به شمار نمی‌رود؟","answers":[{"id":"21380","description":"بازاریابی یک پروسه اجتماعی و مدیریتی است که در آن افراد با توجه به احتیاجات و خواسته‌های خود اقدام به جابجا کردن و تبادل کالا یا خدمات می‌کنند.","iscorrect":0},{"id":"21381","description":"بازاریابی هنر ایجاد مشتری و راضی نگه‌داشتن آن و ابدست آوردن سود برای خود است.","iscorrect":0},{"id":"21382","description":"بازاریابی یعنی رساندن خدمات یا کالای مناسب به افراد درست در مکان مناسب در زمان مناسب و با قیمت مناسب است.","iscorrect":0},{"id":"21383","description":"به شیوه‌ی قیمت‌گذاری بر روی محصولات یک شرکت،‌ بازاریابی گفته می‌شود.","iscorrect":1}]},{"id":"5580","description":"کدام ‌یک از گزینه‌های زیر درباره‌ی بازاریابی ایمیلی صحیح نیست؟","answers":[{"id":"21384","description":"به دلیل هزینه کم برای هر مخاطب، فوق العاده مقرون به صرفه است.","iscorrect":0},{"id":"21385","description":"این بازاریابی نسبت به انواع بازاریابی‌های دیجتیالی بسیار هدفمندتر است.","iscorrect":0},{"id":"21386","description":"قابلیت برنامه ریزی در مقیاس انبوه را دارد.","iscorrect":0},{"id":"21387","description":"به هیچ وجه قابلیت اندازه گیری ندارد.","iscorrect":1}]},{"id":"5581","description":"از وبسایت‌های معتبر در زمینه تبلیغات ایمیلی می‌توان به ................ و .................... اشاره کرد.","answers":[{"id":"21388","description":"mailChimp و Hubspot","iscorrect":1},{"id":"21389","description":"Goolge و Blogspot","iscorrect":0},{"id":"21390","description":"Blogspot و Wordpress","iscorrect":0},{"id":"21391","description":"Wordpress و Blogsky","iscorrect":0}]},{"id":"5582","description":"کدام‌ یک از گزینه‌های زیر برنامه تبلیغات کلیکی گوگل است که به تبلیغ کنندگان اجازه می‌دهد تا آگهی‌هایشان را در صفحات جستجوی مربوطه وهمچنین در شبکه محتوای گوگل (Google Display Network) نمایش بدهند؟","answers":[{"id":"21392","description":"Google Adwords","iscorrect":1},{"id":"21393","description":"Google Analytic","iscorrect":0},{"id":"21394","description":"Google Mail","iscorrect":0},{"id":"21395","description":"Google Calendar","iscorrect":0}]},{"id":"5583","description":"سرورهای آگهی به تعداد زیادی از وبسایت‌ها آگهی ارائه می‌کنند و می‌توانند کاربرانی که از وبسایت بازدید می‌کنند را با استفاده از ............. یا.................. آن‌ها ردیابی کنند.","answers":[{"id":"21396","description":"ایمیل و سایت وارد شونده","iscorrect":0},{"id":"21397","description":"ایمیل و کوکی","iscorrect":0},{"id":"21398","description":"کوکی و آدرس IP","iscorrect":1},{"id":"21399","description":"کوکی و سایت وارد شونده","iscorrect":0}]},{"id":"5584","description":"به روشهایی که شرکت‌ها به کار می‌برند تا وبسایت‌های خود را در رده‌بندی جستجوها بالا بیاورند ............................... می‌گویند.","answers":[{"id":"21400","description":"SRT","iscorrect":0},{"id":"21401","description":"CRM","iscorrect":0},{"id":"21402","description":"Better Search","iscorrect":0},{"id":"21403","description":"Search Engine Optimization","iscorrect":1}]},{"id":"5585","description":"منظور از CPM چیست؟","answers":[{"id":"21404","description":"فراهم کننده آگهی‌های پرداخت به ازای هر کلیک برای موتورهای جستجوی بینگ و یاهو","iscorrect":0},{"id":"21405","description":"سیستم تبلیغاتی پرداخت به ازای هر کلیک شرکت گوگل","iscorrect":0},{"id":"21406","description":"زمانی که بر روی لینکی کلیک شود، پول پرداخت می‌شود.","iscorrect":0},{"id":"21407","description":"مبلغ پرداخت شده به ازای هر ۱۰۰۰ بازدید از یک آگهی","iscorrect":1}]},{"id":"5586","description":"کدام‌ یک از گزینه‌های زیر تعریف سرویس پیام چند رسانه ای (MMS) است؟","answers":[{"id":"21408","description":"فرمتی از SMS، که اجازه می‌دهد عکس، صدا یا ویدئوهایی با کیفیت پایین توسط شبکه بی سیم ارسال شوند.","iscorrect":1},{"id":"21409","description":"شماره یا کدهای ویژه‌ای که برای ارسال پیام‌های کوتاه از سوی تلفن‌های همراه به تلفن‌های ثابت استفاده می‌شود که معمولا به منظوردریافت چیزی در عوض آن پیام هستند.","iscorrect":0},{"id":"21410","description":"یک پروتکل انتقال بی سیم در فاصله کوتاه برای اتصال دستگاه‌ها","iscorrect":0},{"id":"21411","description":"نرم افزارهایی که برای تلفن‌های هوشمند و دیگر تلفن‌های همراه توسعه می‌یابند.","iscorrect":0}]},{"id":"5587","description":"منظور از بلوتوث Bluetooth چیست؟","answers":[{"id":"21412","description":"فرمتی از SMS، که اجازه می‌دهد عکس، صدا یا ویدئوهایی با کیفیت پایین توسط شبکه بی سیم ارسال شوند.","iscorrect":0},{"id":"21413","description":"شماره یا کدهای ویژه‌ای که برای ارسال پیام‌های کوتاه از سوی تلفن‌های همراه به تلفن‌های ثابت استفاده می‌شود که معمولا به منظوردریافت چیزی در عوض آن پیام هستند.","iscorrect":0},{"id":"21414","description":"یک پروتکل انتقال بی سیم در فاصله کوتاه برای اتصال دستگاه‌ها","iscorrect":1},{"id":"21415","description":"نرم افزارهایی که به طور ویژه برای تلفن‌های هوشمند و دیگر تلفن‌های همراه توسعه می‌یابند.","iscorrect":0}]},{"id":"5588","description":"کدام گزینه تعریف نرخ فرار/پرش/خروج از سایت یا (Bounce Rate) است؟","answers":[{"id":"21416","description":"تعداد خروج از هر صفحه تقسیم بر تعداد کل بازدید از یک صفحه","iscorrect":0},{"id":"21417","description":"بازدیدهای صورت گرفته از تنها یک صفحه","iscorrect":0},{"id":"21418","description":"آدرس اینترنتی که یک بازدیدکننده جدید را به وبسایت می‌فرستد.","iscorrect":0},{"id":"21419","description":"بازدیدهای صورت گرفته از تنها یک صفحه تقسیم بر صفحات ورودی.","iscorrect":1}]}]},{"score":"50","questions":[{"id":"5589","description":"کدام ‌یک از گزینه‌های زیر یک بازاریابی دیجیتال به شمار نمی‌رود؟","answers":[{"id":"21420","description":"بازاریابی از طریق پست الکترونیک (بازاریابی ایمیلی)","iscorrect":0},{"id":"21421","description":"بازاریابی از طریق موتورهای جستجو","iscorrect":0},{"id":"21422","description":"بازاریابی از طریق تبلیغات پرداخت به ازای هر کلیک یا PPC","iscorrect":0},{"id":"21423","description":"انداختن تراکت‌های چاپ شده بر خانه‌های مردم","iscorrect":1}]},{"id":"5590","description":"در بازاریابی از طریق پست الکترونیک،................ شامل مشتریان احتمالی می‌شود که ایمیلی برایشان ارسال می‌گردد.","answers":[{"id":"21424","description":"پایگاه داده","iscorrect":1},{"id":"21425","description":"ثبت نام دوگانه","iscorrect":0},{"id":"21426","description":"ISP","iscorrect":0},{"id":"21427","description":"CRM","iscorrect":0}]},{"id":"5591","description":"هنگامی که تبلیغ کننده تنها در ازای هر کلیک روی تبلیغاتش، یعنی یک بازدیدکننده از سایت، پولی پرداخت می‌کند. به این امر ........... می‌گویند. این امر معمولا در موتورهای جستجو در سیستم بازاریابی «پرداخت در ازای کلیک» مشاهده می‌شود.","answers":[{"id":"21428","description":"CPC","iscorrect":0},{"id":"21429","description":"CPM","iscorrect":1},{"id":"21430","description":"PPC","iscorrect":0},{"id":"21431","description":"Pop Up Window","iscorrect":0}]},{"id":"5592","description":"کدام ‌یک از گزینه‌های زیر تعریف پاپ آپ است؟","answers":[{"id":"21432","description":"پاپ آپ یک شیوه ارسال ایمیل است.","iscorrect":0},{"id":"21433","description":"پاپ آپ یک شیوه‌ی بازاریابی دیجیتال است.","iscorrect":0},{"id":"21434","description":"پاپ آپ به پنجره‌های کوچکی گفته می‌شود که به هنگام باز شدن یک وب‌سایت و به صورت مجزا و اضافه و معمولا بدون اجازه‌ی کاربر باز می‌شوند و اغلب حاوی تبلیغات هستند.","iscorrect":1},{"id":"21435","description":"پاپ آپ یک شیوه شناسایی اسپم در ایمیل‌ها است.","iscorrect":0}]},{"id":"5593","description":"منظور از عبارت کلیدی یا Keyword Phrase چیست؟","answers":[{"id":"21436","description":"هر قسمت از متنی در یک وبسایت که به صفحه دیگری لینک داده شده باشد.","iscorrect":0},{"id":"21437","description":"تمام لینک‌های موجود در صفحات دیگر که کاربران را به صفحات وب مشخصی می‌برند.","iscorrect":0},{"id":"21438","description":"تعداد دفعاتی که یک کلمه یا عبارت کلیدی در یک وبسایت ظاهر می‌شود.","iscorrect":0},{"id":"21439","description":"دو یا چند کلمه که با ترکیب خود یک جستجو را تشکیل می‌دهند و اغلب به عنوان کلمات کلیدی شناخته می‌شوند.","iscorrect":1}]},{"id":"5594","description":"به صفحه‌ای که کاربر با کلیک روی فهرست نتایج طبیعی یا پولی موتور جستجو وارد آن می‌شود................. می‌گویند.","answers":[{"id":"21440","description":"صفحه هدف Landing Page","iscorrect":1},{"id":"21441","description":"صفحه شناور","iscorrect":0},{"id":"21442","description":"صفحه ارجاع دهنده","iscorrect":0},{"id":"21443","description":"صفحه مرجع","iscorrect":0}]},{"id":"5595","description":"تطابق ................ به معنای آن است که آگهی شما هم برای کلیدواژه‌هایی که انتخاب کردید، هم اصطلاحات جستجویی که شامل کلمات کلیدی شما و دیگر کلمات به هر ترتیبی می‌شوند و هم برای کلمات نزدیک به کلیدواژه‌های شما (غلط‌های املایی و کلمات مترادف) به نمایش در می‌آید.","answers":[{"id":"21444","description":"گسترده","iscorrect":1},{"id":"21445","description":"عبارت","iscorrect":0},{"id":"21446","description":"دقیق","iscorrect":0},{"id":"21447","description":"منفی","iscorrect":0}]},{"id":"5596","description":"منظور از کدهای کوتاه رایج (CSC) چیست؟","answers":[{"id":"21448","description":"فرمتی از SMS، که اجازه می‌دهد عکس، صدا یا ویدئوهایی با کیفیت پایین توسط شبکه بی سیم ارسال شوند.","iscorrect":0},{"id":"21449","description":"یک پروتکل انتقال بی سیم در فاصله کوتاه برای اتصال دستگاه‌ها","iscorrect":0},{"id":"21450","description":"شماره یا کدهای ویژه ای که برای ارسال پیام‌های SMS یا MMS از سوی تلفن‌های همراه به تلفن‌های ثابت استفاده می‌شود که معمولا به منظوردریافت چیزی در عوض آن پیام هستند.","iscorrect":1},{"id":"21451","description":"نرم افزارهایی که برای تلفن‌های هوشمند و دیگر تلفن‌های همراه توسعه می‌یابند.","iscorrect":0}]},{"id":"5597","description":"تعداد افرادی که در طی یک بازه زمانی از یک وبسایت دیدن می‌کنند را .................. می‌گویند. دقت کنید که هر نفر فقط یک بار محاسبه می‌شود.","answers":[{"id":"21452","description":"Visitors","iscorrect":0},{"id":"21453","description":"Unique Visitors","iscorrect":1},{"id":"21454","description":"Page Views","iscorrect":0},{"id":"21455","description":"Repeat Visitor","iscorrect":0}]},{"id":"5598","description":"منظور از میزان کلیک یا Clickthrough چیست؟","answers":[{"id":"21456","description":"لینکی که در ابتدا باعث ایجاد درخواست برای صفحه فعلی شده بود.","iscorrect":0},{"id":"21457","description":"آدرس اینترنتی به وجود آمده در نتیجه یک عملکرد جستجو","iscorrect":0},{"id":"21458","description":"آدرس اینترنتی که یک بازدیدکننده جدید را به وبسایت می‌فرستد.","iscorrect":0},{"id":"21459","description":"تعداد دفعاتی که یک لینک توسط یک بازدید کننده کلیک می‌شود.","iscorrect":1}]}]}]}]}