{"courseId":"43","contents":[{"name":"مقدمه","id":"359","contentorder":"1","lesson_number":1,"type":0,"filename":"lesson359.html"},{"name":"درس اول- آشنایی با سواد بصری","id":"319","contentorder":"2","lesson_number":2,"type":0,"filename":"lesson319.html"},{"name":"آشنایی با سواد بصری","id":"551","contentorder":"3","type":1,"set":[{"score":"60","questions":[{"id":"1752","description":"کدام گزینه در ارتباط با تفاوت یا شباهت زبان بصری و زبان گفتاری- نوشتاری (کلام) صحیح نیست؟","answers":[{"id":"6786","description":"گرچه ارتباط از طریق زبان تصویر ساده تر است، اما زبان کلامی رواج بیشتری دارد.","iscorrect":0},{"id":"6787","description":"زبان بصری فراگیری بیشتری دارد، اما زبان کلامی ممکن است محدود به یک جامعه خاص باشد.","iscorrect":0},{"id":"6788","description":"درک و فهم و ارتباط برقرار کردن از طریق زبان تصویری و کلامی نیازمند آموزش طولانی مدت است.","iscorrect":1}]},{"id":"1753","description":"کدام گزینه در ارتباط با ارتباط تصویری و علت گسترش آن در دنیای امروزی صحیح است؟","answers":[{"id":"6789","description":"دیدن و درک کردن، سریع ترین راه انتقال اطلاعات است.","iscorrect":1},{"id":"6790","description":"انتشار انبوه کتاب، اینگونه ارتباط را به شدت گسترش داده است.","iscorrect":0},{"id":"6791","description":"وسایل ارتباطی جدید مانند تلویزیون و سینما تاثیری در افزایش اهمیت آن نداشته است.","iscorrect":0}]},{"id":"1754","description":"در آغاز قرن بیستم چه اتفاقی موجب گسترش سریع زبان تصویری شد؟","answers":[{"id":"6792","description":"اختراع ماشین چاپ","iscorrect":0},{"id":"6793","description":"اختراع دوربین عکاسی و سینما","iscorrect":1},{"id":"6794","description":"آشنایی با هنر جوامع بومی و بدوی","iscorrect":0}]}]},{"score":"60","questions":[{"id":"1755","description":"به نظر شما چرا توان ادراک محیط توسط یک اسکیمو در محیطی کوهستانی نسبت به سرزمین خودش کمتر است؟","answers":[{"id":"6795","description":"آنچه را که می بیند مطابق با عادت ها و حافظه تصویری او نیست.","iscorrect":1},{"id":"6796","description":"اسکیموها عموماً توانایی درک محیطی قوی ندارند.","iscorrect":0},{"id":"6797","description":"بین مردم مختلف دنیا نمی توان زبان مشترک تصویری ایجاد کرد.","iscorrect":0}]},{"id":"1756","description":"چرا با وجود تفاوت در ادراک انسان های مختلف، از زبانی مشترک (تصویری) می توان سخن به میان آورد؟","answers":[{"id":"6798","description":"محیط فیزیکی به گونه ای یکسان توسط تمامی انسان ادراک می شود.","iscorrect":0},{"id":"6799","description":"علیرغم نقاط افتراق، وجوه مشترک فراوانی در ادارک بصری انسان ها وجود دارد.","iscorrect":1},{"id":"6800","description":"واکنش همه انسان ها به بعضی مفاهیم پایه ای تفاوت های زیادی با هم دارند.","iscorrect":0}]},{"id":"1757","description":"چرا نقاشی در قرن بیستم از سنت شبیه سازی و بازنمایی عین به عین واقعیت فاصله گرفت؟","answers":[{"id":"6801","description":"عکس ها همین کار را سریع تر و بهتر انجام می دادند.","iscorrect":1},{"id":"6802","description":"فرهنگ جوامع به یکدیگر و به تدریج نزدیک تر شد.","iscorrect":0},{"id":"6803","description":"زبان بصری هنوز عمومیت پیدا نکرده بود و همگانی نشده بود.","iscorrect":0}]}]}]},{"name":"درس دوم- آشنایی با ترکیب بندی (کمپوزیسیون)","id":"320","contentorder":"4","lesson_number":3,"type":0,"filename":"lesson320.html"},{"name":"آشنایی با ترکیب بندی (کمپوزیسیون)","id":"553","contentorder":"5","type":1,"set":[{"score":"60","questions":[{"id":"1758","description":"کدام تعریف در مورد ترکیب بندی صحیح نیست؟","answers":[{"id":"6804","description":"چیدمان منظم اجزاء درون یک کادر","iscorrect":1},{"id":"6805","description":"نحوه قرار گرفتن اجزاء مختلف تصویری درون چارچوب تصویر","iscorrect":0},{"id":"6806","description":"تعریف موقعیت هر جز نسبت به بقیه و کادر تصویر","iscorrect":0}]},{"id":"1759","description":"مهمترین مکان یک تصویر (در نگاه اول) کجاست؟","answers":[{"id":"6807","description":"مرکز هندسی","iscorrect":1},{"id":"6808","description":"چهار گوشه تصویر","iscorrect":0},{"id":"6809","description":"پایین، سمت راست","iscorrect":0}]},{"id":"1760","description":"چرا قرار دادن موضوع اصلی در یک سوم کادر، ذهن را دچار عدم تعادل خوشایند می کند؟","answers":[{"id":"6810","description":"تمرکز بیننده بهم می ریزد و او را دچار سردرگمی می کند.","iscorrect":0},{"id":"6811","description":"کمی احساس عدم تعادل بوجود می آورد که باعث جلب نظر بیشتر می شود.","iscorrect":1},{"id":"6812","description":"مطابق با انتظار اولیه ببیننده است، پس او را به دقت بیشتر وا نمی دارد.","iscorrect":0}]}]},{"score":"60","questions":[{"id":"1761","description":"تفاوت میان چپ و راست یک تصویر از کجا ناشی می شود؟","answers":[{"id":"6813","description":"عادت نوشتاری زبان های مختلف در چپ نویسی یا راست نویسی","iscorrect":1},{"id":"6814","description":"سمت چپ به خاطر فیزیولوژی عمومی در تمامی انسان ها اهمیت بیشتری دارد.","iscorrect":0},{"id":"6815","description":"یک قرارداد عمومی است و می تواند تغییر کند.","iscorrect":0}]},{"id":"1762","description":"انتخاب کادر مناسب برای یک تصویر از چه جهت اهمیت دارد؟","answers":[{"id":"6816","description":"مهمترین عامل در تعریف اجزاء و نحوه رابطه آنها با هم است.","iscorrect":1},{"id":"6817","description":"در مفهوم و پیام تصویر تاثیرگذار نیست.","iscorrect":0},{"id":"6818","description":"ترکیب بندی تصویر رابطه ای مستقیم با کادر تصویر ندارد.","iscorrect":0}]},{"id":"1763","description":"مرکز ثقل یک تصویر کجاست؟","answers":[{"id":"6819","description":"دقیقا محل تقاطع اقطار یا مرکز تصویر است.","iscorrect":0},{"id":"6820","description":"نقطه ای فرضی که برآیند نیروهای اجزاء مختلف تصویر در آنجا خنثی می شود.","iscorrect":1},{"id":"6821","description":"هر نقطه ای از کادر می تواند باشد.","iscorrect":0}]}]}]},{"name":"درس سوم- عناصر اولیه در تصویر","id":"321","contentorder":"6","lesson_number":4,"type":0,"filename":"lesson321.html"},{"name":"عناصر اولیه در تصویر","id":"555","contentorder":"7","type":1,"set":[{"score":"60","questions":[{"id":"1764","description":"پدیده جاذبه یا کشش در تصویر چیست؟","answers":[{"id":"6822","description":"در مورد پدیدهای بصری چنین نیرویی معنا ندارد.","iscorrect":0},{"id":"6823","description":"اجزا مختلف یک تصویر تمایل به جمع شدن و ایجاد کلیت دارند.","iscorrect":1},{"id":"6824","description":"تمام اجزاء تصویر تمایل به جمع شدن در مرکز هندسی تصویر دارند.","iscorrect":0}]},{"id":"1765","description":"کدامیک از موارد زیر می تواند تجسم قوی تری از یک سطح را بوجود آورد؟","answers":[{"id":"6825","description":"سه نقطه مجزا و با فاصله زیاد","iscorrect":0},{"id":"6826","description":"تعدادی خطوط موازی و با فواصل کم","iscorrect":1},{"id":"6827","description":"خطی نازک و کمرنگ که محدوده ای بسته را بوجود می آورد.","iscorrect":0}]},{"id":"1766","description":"کدام گزینه به عنوان فایده خلاصه سازی یک تصویر به حساب نمی آید؟","answers":[{"id":"6828","description":"امکان بررسی ترکیب بندی اجزاء را فراهم می کند.","iscorrect":0},{"id":"6829","description":"حذف یا اضافه کردن عنصری جدید را فراهم می کند.","iscorrect":0},{"id":"6830","description":"امکان تغییر در تصویر را مشکل تر می سازد.","iscorrect":1}]}]},{"score":"60","questions":[{"id":"1767","description":"یک خط پیوسته و مستقیم در یک تصویر چه مفهومی را می تواند القاء نکند؟","answers":[{"id":"6831","description":"مرز غیر قابل عبور","iscorrect":0},{"id":"6832","description":"تفکیک قطعی بین دو سطح","iscorrect":0},{"id":"6833","description":"ایجاد ابهام بین دو طرف خط","iscorrect":1}]},{"id":"1768","description":"تکنیک هاف- تون از قابلیت کدام عنصر در ایجاد تصاویر بهره گرفته است؟","answers":[{"id":"6834","description":"نقطه","iscorrect":1},{"id":"6835","description":"خط","iscorrect":0},{"id":"6836","description":"سطح","iscorrect":0}]},{"id":"1769","description":"کدام عبارت در مورد اهمیت اجزاء تصویر صحیح است؟","answers":[{"id":"6837","description":"سطوح از نقاط و خطوط اهمیت بیشتری دارند.","iscorrect":0},{"id":"6838","description":"هر چه یک جزء بزرگ تر باشد اهمیتش قطعا بیشتر است.","iscorrect":0},{"id":"6839","description":"اهمیت اجزاء به رابطه آنها با هم و موقعیت قرار گیری شان در تصویر بستگی دارد.","iscorrect":1}]}]}]},{"name":"درس چهارم- آشنایی با رنگ","id":"322","contentorder":"8","lesson_number":5,"type":0,"filename":"lesson322.html"},{"name":"آشنایی با رنگ","id":"557","contentorder":"9","type":1,"set":[{"score":"60","questions":[{"id":"1770","description":"با توجه به تعریفی که از رنگ های مکمل ارایه شد، کدام دو رنگ مکمل یکدیگر هستند؟","answers":[{"id":"6840","description":"آبی و نارنجی","iscorrect":1},{"id":"6841","description":"قرمز و بنفش","iscorrect":0},{"id":"6842","description":"سبز و نارنجی","iscorrect":0}]},{"id":"1771","description":"بیان اینکه رنگ سفید نشانه صلح است به کدام رویکرد بررسی رنگ ها مربوط می شود؟","answers":[{"id":"6843","description":"میزان تاثیرگذاری (Impression)","iscorrect":0},{"id":"6844","description":"چگونگی ابراز مفاهیم (Expression)","iscorrect":0},{"id":"6845","description":"سمبلیزم و انتزاع (Construction)","iscorrect":1}]},{"id":"1772","description":"از ترکیب سه رنگ اصلی چه رنگی بوجود نمی آید؟","answers":[{"id":"6846","description":"قهوه ای","iscorrect":0},{"id":"6847","description":"خاکستری گرم","iscorrect":0},{"id":"6848","description":"بنفش- آبی","iscorrect":1}]}]},{"score":"60","questions":[{"id":"1773","description":"منظور از «میزان تاثیرگذاری (Impression)» در مطالعه رنگ ها چیست؟","answers":[{"id":"6849","description":"بررسی اثر بصری رنگ های مختلف بر هم فارغ از زمینه های فرهنگی- اجتماعی یا روانشناختی مخاطب.","iscorrect":1},{"id":"6850","description":"شناخت معانی ذهنی و سمبل های مرتبط با رنگ ها در هر جامعه","iscorrect":0},{"id":"6851","description":"نحوه کاربرد رنگ ها در زندگی روزمره و علامت های قراردادی","iscorrect":0}]},{"id":"1774","description":"چرا رنگ های اشباع شده در پرچم کشورها به کار گرفته نمی شوند؟","answers":[{"id":"6852","description":"رنگ های اشباع شده رسمی نیستند.","iscorrect":0},{"id":"6853","description":"رنگ های اشباع شده قدرت رنگ های اصلی را ندارند.","iscorrect":1},{"id":"6854","description":"رنگ های اشباع شده به هنرهای بدوی نزدیک تر هستند.","iscorrect":0}]},{"id":"1775","description":"اهمیت رنگ در تصویرسازی چیست؟","answers":[{"id":"6855","description":"همیشه با بار معنایی، احساسی و عاطفی همراه بوده است.","iscorrect":1},{"id":"6856","description":"یک رنگ در تمام جوامع، مفهوم ثابتی را به مخاطب خود انتقال می دهد.","iscorrect":0},{"id":"6857","description":"معنای یک رنگ هیچگاه آمیخته با نوعی سمبل سازی نمی شود.","iscorrect":0}]}]}]},{"name":"درس پنجم- آشنایی با تضادهای رنگی","id":"323","contentorder":"10","lesson_number":6,"type":0,"filename":"lesson323.html"},{"name":"آشنایی با تضادهای رنگی","id":"559","contentorder":"11","type":1,"set":[{"score":"60","questions":[{"id":"1776","description":"در اثر پدیده همزمانی، یک مربع خاکستری که روی زمینه ای آبی قرار بگیرد، مایل به کدام رنگ می شود؟","answers":[{"id":"6858","description":"زرد","iscorrect":0},{"id":"6859","description":"سبز","iscorrect":0},{"id":"6860","description":"نارنجی","iscorrect":1}]},{"id":"1777","description":"قرار دادن سطحی به رنگ زرد در کنار سطحی به رنگ بنفش کدام تضاد را ایجاد نمی کند؟","answers":[{"id":"6861","description":"تضاد گرم و سرد","iscorrect":0},{"id":"6862","description":"تضاد وسعت","iscorrect":1},{"id":"6863","description":"تضاد مکمل","iscorrect":0}]},{"id":"1778","description":"چگونه می توان از درجه اشباع یک رنگ کاست؟","answers":[{"id":"6864","description":"ترکیب آن با سفید یا سیاه","iscorrect":1},{"id":"6865","description":"ترکیب آن با رنگ قرمز","iscorrect":0},{"id":"6866","description":"ترکیب آن با رنگ آبی","iscorrect":0}]}]},{"score":"60","questions":[{"id":"1779","description":"برای ایجاد هماهنگی (مثلا بین رنگ لوازم یک خانه) کدام یک از تمهیدات زیر باید به کار گرفته شود؟","answers":[{"id":"6867","description":"استفاده از رنگ هایی با درجه اشباع زیاد","iscorrect":1},{"id":"6868","description":"استفاده از رنگ های مکمل در کنار هم","iscorrect":0},{"id":"6869","description":"استفاده از رنگ های بسیار تیره و بسیار روشن در کنار هم","iscorrect":0}]},{"id":"1780","description":"کدام عبارت در مورد پدیده پس- تصویر صحیح است؟","answers":[{"id":"6870","description":"توانایی درک همزمان چند تصویر توسط انسان","iscorrect":0},{"id":"6871","description":"ایجاد تمایل قوه بینایی به ایجاد تضاد هر چه بیشتر","iscorrect":0},{"id":"6872","description":"باقی ماندن اثر تصویر تا مدتی در پیش چشم","iscorrect":1}]},{"id":"1781","description":"اگر در یک تصویر از دو رنگ زرد و بنفش استفاده کنید، چه نسبتی از سطح میان این دو تعادل ایجاد می کند؟","answers":[{"id":"6873","description":"زرد ۱- بنفش ۳","iscorrect":1},{"id":"6874","description":"زرد ۲- بنفش ۵","iscorrect":0},{"id":"6875","description":"زرد ۳- بنفش ۲","iscorrect":0}]}]}]},{"name":"درس ششم- ایجاد کیفت های متفاوت در تصویر","id":"324","contentorder":"12","lesson_number":7,"type":0,"filename":"lesson324.html"},{"name":"ایجاد کیفت های متفاوت در تصویر","id":"561","contentorder":"13","type":1,"set":[{"score":"60","questions":[{"id":"1782","description":"ایجاد تضاد بین عناصر یک تصویر باعث بروز چه پدیده ای می شود؟","answers":[{"id":"6876","description":"عناصر اصلی برجسته تر به نظر نمی رسند.","iscorrect":0},{"id":"6877","description":"مفهوم اصلی تصویر دچار اغتشاش و سردرگمی می شود.","iscorrect":0},{"id":"6878","description":"ذهن بیننده گرفتار چالش می شود.","iscorrect":1}]},{"id":"1783","description":"جهت ایجاد تضاد فرمی کدام یک از تمهیدات زیر کاربرد ندارد؟","answers":[{"id":"6879","description":"استفاده از حاشیه و کادر تصویر","iscorrect":1},{"id":"6880","description":"استفاده از اشکال گوناگون","iscorrect":0},{"id":"6881","description":"استفاده از تناسبات اغراق شده","iscorrect":0}]},{"id":"1784","description":"اگر در یک کادر بخواهیم بین دو رنگ سیاه و سفید تعادل ایجاد کنیم، چه تناسبی بین این دو رنگ باید رعایت شود؟","answers":[{"id":"6882","description":"نصف- نصف","iscorrect":0},{"id":"6883","description":"حدود یک به سه","iscorrect":1},{"id":"6884","description":"حدود یک به شش","iscorrect":0}]}]},{"score":"60","questions":[{"id":"1785","description":"چرا ایجاد بافت در تصاویر اهمیت دارد؟","answers":[{"id":"6885","description":"معنای یک عنصر بر بافت های متفاوت تغییر نمی کند.","iscorrect":0},{"id":"6886","description":"ایجاد بافت موجب ایجاد اغتشاش در تصاویر می شود.","iscorrect":0},{"id":"6887","description":"یک بافت علاوه بر ایجاد یک زمینه، خود حاوی معنی خاصی می تواند باشد.","iscorrect":1}]},{"id":"1786","description":"چرا کودکان عناصر مختلف را در نقاشی های خود با اندازه های گوناگون نمایش می دهند؟","answers":[{"id":"6888","description":"چون آنها هنوز توانایی های لازم را پیدا نکرده اند.","iscorrect":0},{"id":"6889","description":"به این طریق اهمیت موضوع های مختلف را می رسانند.","iscorrect":1},{"id":"6890","description":"به این طریق سعی می کنند از تمامی صفحه استفاده کنند.","iscorrect":0}]},{"id":"1787","description":"چرا نمایش سایه به ایجاد حس سه بعدی کمک می کند؟","answers":[{"id":"6891","description":"چون در دنیای سه بعدی تمامی اجسام سایه دارند.","iscorrect":1},{"id":"6892","description":"ایجاد سایه با از بین بردن تضاد بین دو سطح احساس عمق در تصویر را از بین می برد.","iscorrect":0},{"id":"6893","description":"ایجاد سایه تاثیری در تضاد فرمی بین عناصر ندارد.","iscorrect":0}]}]}]},{"name":"درس هفتم- بیان مفاهیم ابتدایی در ترکیب بندی تصویر","id":"325","contentorder":"14","lesson_number":8,"type":0,"filename":"lesson325.html"},{"name":"بیان مفاهیم ابتدایی در ترکیب بندی تصویر","id":"563","contentorder":"15","type":1,"set":[{"score":"60","questions":[{"id":"1788","description":"خطوط صاف، هم اندازه، موازی و با فاصله های مشخص کدام یک از معانی زیر را به ذهن مرتبط خواهد کرد؟","answers":[{"id":"6894","description":"تحرک و جنبش","iscorrect":0},{"id":"6895","description":"پیچیدگی و پرنقشی","iscorrect":0},{"id":"6896","description":"سکون و آرامش","iscorrect":1}]},{"id":"1789","description":"فضای منفی در یک تصویر به چه معنا است؟","answers":[{"id":"6897","description":"فضای خارج از کادر اصلی تصویر","iscorrect":0},{"id":"6898","description":"فضای بین عناصر موجود در یک تصویر","iscorrect":1},{"id":"6899","description":"فضایی در حاشیه عنصر اصلی تصویر","iscorrect":0}]},{"id":"1790","description":"برای اینکه جسمی در یک تصویر دورتر به نظر برسد باید چه خصوصیتی پیدا کند؟","answers":[{"id":"6900","description":"کوچک تر شود.","iscorrect":1},{"id":"6901","description":"پررنگ تر شود.","iscorrect":0},{"id":"6902","description":"جزییاتش بیشتر شود.","iscorrect":0}]}]},{"score":"60","questions":[{"id":"1791","description":"برای استفاده از ریتم و تکرار رعایت چه نکته ای ضروری است؟","answers":[{"id":"6903","description":"بهره گرفتن از رنگ آمیزی های متنوع","iscorrect":0},{"id":"6904","description":"تغییر نامنظم در عنصری پایه ای","iscorrect":0},{"id":"6905","description":"استفاده از هندسه دقیق و منظم","iscorrect":1}]},{"id":"1792","description":"برای القاء حس حرکت استفاده از کدام تمهید مفید واقع خواهد شد؟","answers":[{"id":"6906","description":"استفاده از خطوط تیز و جهت دار","iscorrect":1},{"id":"6907","description":"ایجاد تعادل تصویر در مرکز آن","iscorrect":0},{"id":"6908","description":"ایجاد مرکز ثقل عناصر بر مرکز تصویر","iscorrect":0}]},{"id":"1793","description":"فضای منفی از چه جهت در تصاویر اهمیت دارد؟","answers":[{"id":"6909","description":"خود این فضا می تواند واجد معنا باشد.","iscorrect":1},{"id":"6910","description":"خوانایی تصویر را به شدت کاهش دهد.","iscorrect":0},{"id":"6911","description":"در ایجاد کلیت تصویر تاثیری ندارد.","iscorrect":0}]}]}]},{"name":"درس هشتم- انتقال پیام تصویر","id":"326","contentorder":"16","lesson_number":9,"type":0,"filename":"lesson326.html"},{"name":"انتقال پیام تصویر","id":"565","contentorder":"17","type":1,"set":[{"score":"60","questions":[{"id":"1794","description":"برای انتزاعی کردن یک تصویر چه اقداماتی را نباید انجام داد؟","answers":[{"id":"6912","description":"اغراق در فرم عناصر مهم","iscorrect":0},{"id":"6913","description":"افزایش جزییات تصویر","iscorrect":1},{"id":"6914","description":"افزایش کنتراست بین عناصر","iscorrect":0}]},{"id":"1795","description":"چرا نمایش واقعیت عینی رایج ترین روش در به وجود آوردن تصاویر است؟","answers":[{"id":"6915","description":"بیشترین بار معنایی را بدون هیچ سوء تعبیری منتقل می کند.","iscorrect":0},{"id":"6916","description":"درک مفاهیم بصری جدید هر روز برای افراد مشکل تر می شود.","iscorrect":0},{"id":"6917","description":"ساده ترین روش برای انتقال مفاهیم است.","iscorrect":1}]},{"id":"1796","description":"محدودیت های انتقال مفهوم از طریق رمزگان چیست؟","answers":[{"id":"6918","description":"تنها در هنرهای بومی و محلی کاربرد دارد.","iscorrect":0},{"id":"6919","description":"ایجاد سمبل جدید بسته به خواست فرد نیست.","iscorrect":1},{"id":"6920","description":"سمبل تنها در تصاویر تبلیغاتی کاربرد دارد.","iscorrect":0}]}]},{"score":"60","questions":[{"id":"1797","description":"منظور از سبک هنری یک دوره چیست؟","answers":[{"id":"6921","description":"زمانی که هنرمندان یک جامعه هر کدام از شیوهای خاص خود استفاده کنند.","iscorrect":0},{"id":"6922","description":"وقتی یک ایده، فرهنگ یا ایدئولوژی خاص در کار هنری بروز پیدا کند.","iscorrect":1},{"id":"6923","description":"تنها در جوامع اولیه و ابتدایی قابل مشاهده است.","iscorrect":0}]},{"id":"1798","description":"به نظر شما انتزاع فرم در تصویرسازی چه فوایدی دارد؟","answers":[{"id":"6924","description":"نکات ریز و حاشیه ای، برجسته تر و مهم تر به نظر می رسند.","iscorrect":0},{"id":"6925","description":"بر یک موضوع خاص تمرکز می شود و زواید حذف می شوند.","iscorrect":1},{"id":"6926","description":"جزییات به گونه ای کلیات را از بین می برند.","iscorrect":0}]},{"id":"1799","description":"پیشینه استفاده از انتقال معنا از طریق شیوه انتزاعی به چه زمانی برمی گردد؟","answers":[{"id":"6927","description":"همزمان با اختراع دوربین عکاسی","iscorrect":0},{"id":"6928","description":"همزمان با رایج شدن سبک های نو در هنر","iscorrect":0},{"id":"6929","description":"از زمان ابتدایی ترین نقش های انسان اولیه","iscorrect":1}]}]}]},{"name":"دوره الفبای ارتباطات بصری و زبان تصویر- آزمون نهایی","id":"567","contentorder":"18","type":1,"set":[{"score":"50","questions":[{"id":"1800","description":"کدام گزینه در ارتباط با تفاوت یا شباهت زبان بصری و زبان گفتاری- نوشتاری (کلام) صحیح نیست؟","answers":[{"id":"6930","description":"گرچه ارتباط از طریق زبان تصویر ساده تر است، اما زبان کلامی رواج بیشتری دارد.","iscorrect":0},{"id":"6931","description":"زبان بصری فراگیری بیشتری دارد اما زبان کلامی ممکن است محدود به یک جامعه خاص باشد.","iscorrect":0},{"id":"6932","description":"درک و فهم و ارتباط برقرار کردن از طریق زبان تصویری و کلامی نیازمند آموزش طولانی مدت است.","iscorrect":1}]},{"id":"1801","description":"در آغاز قرن بیستم چه اتفاقی موجب گسترش سریع زبان تصویری شد؟","answers":[{"id":"6933","description":"اختراع ماشین چاپ","iscorrect":0},{"id":"6934","description":"اختراع دوربین عکاسی و سینما","iscorrect":1},{"id":"6935","description":"آشنایی با هنر جوامع بومی و بدوی","iscorrect":0}]},{"id":"1802","description":"مهمترین مکان یک تصویر (در نگاه اول) کجاست؟","answers":[{"id":"6936","description":"مرکز هندسی","iscorrect":1},{"id":"6937","description":"چهار گوشه تصویر","iscorrect":0},{"id":"6938","description":"پایین سمت راست","iscorrect":0}]},{"id":"1803","description":"چرا قرار دادن موضوع اصلی در یک سوم کادر، ذهن را دچار عدم تعادل خوشایند می کند؟","answers":[{"id":"6939","description":"تمرکز بیننده را به هم می ریزد و او را دچار سردرگمی می کند.","iscorrect":0},{"id":"6940","description":"کمی احساس عدم تعادل به وجود می آورد که باعث جلب توجه بیشتر می شود.","iscorrect":1},{"id":"6941","description":"مطابق با انتظار اولیه بیننده است، پس او را به دقت بیشتر وا نمی دارد.","iscorrect":0}]},{"id":"1804","description":"تفاوت میان چپ و راست یک تصویر از کجا ناشی می شود؟","answers":[{"id":"6942","description":"اهمیت سمت چپ به خاطر فیزیولوژی عمومی در تمامی انسان هاست.","iscorrect":0},{"id":"6943","description":"از عادت نوشتاری زبان های مختلف در چپ نویسی یا راست نویسی.","iscorrect":1},{"id":"6944","description":"یک قرارداد عمومی است و می تواند تغییر کند.","iscorrect":0}]},{"id":"1805","description":"مرکز ثقل یک تصویر کجاست؟","answers":[{"id":"6945","description":"دقیقا محل تقاطع اقطار یا مرکز تصویر است.","iscorrect":0},{"id":"6946","description":"نقطه ای فرضی است که برآیند نیروهای اجزا مختلف تصویر در آنجا خنثی می شود.","iscorrect":1},{"id":"6947","description":"هر نقطه ای از کادر می تواند باشد.","iscorrect":0}]},{"id":"1806","description":"پدیده جاذبه یا کشش در تصویر چیست؟","answers":[{"id":"6948","description":"در مورد پدیدهای بصری چنین نیرویی معنا ندارد.","iscorrect":0},{"id":"6949","description":"اجزا مختلف یک تصویر تمایل به جمع شدن و ایجاد کلیت دارند.","iscorrect":1},{"id":"6950","description":"تمام اجزا تصویر تمایل به جمع شدن در مرکز تصویر دارند.","iscorrect":0}]},{"id":"1807","description":"یک خط پیوسته و مستقیم در یک تصویر چه مفهومی را القاء نمی کند؟","answers":[{"id":"6951","description":"مرز غیر قابل عبور","iscorrect":0},{"id":"6952","description":"تفکیک قطعی بین دو سطح","iscorrect":0},{"id":"6953","description":"ایجاد ابهام بین دو طرف خط","iscorrect":1}]},{"id":"1808","description":"کدام عبارت در مورد اهمیت اجزا تصویر صحیح است؟","answers":[{"id":"6954","description":"سطوح از نقاط و خطوط اهمیت بیشتری دارند.","iscorrect":0},{"id":"6955","description":"هر چه یک جز بزرگ تر باشد اهمیتش قطعا بیشتر است.","iscorrect":0},{"id":"6956","description":"اهمیت اجزا به رابطه آنها با هم و موقعیت قرارگیریشان در تصویر بستگی دارد.","iscorrect":1}]},{"id":"1809","description":"بیان اینکه رنگ سفید نشانه صلح است به کدام رویکرد بررسی رنگ ها مربوط می شود؟","answers":[{"id":"6957","description":"میزان تاثیرگذاری (Impression)","iscorrect":0},{"id":"6958","description":"چگونگی ابراز مفاهیم (Expression)","iscorrect":0},{"id":"6959","description":"سمبلیزم و انتزاع (Construction)","iscorrect":1}]}]},{"score":"60","questions":[{"id":"1810","description":"در اثر پدیده همزمانی، یک مربع خاکستری که روی زمینه ای آبی قرار بگیرد، مایل به کدام رنگ می شود؟","answers":[{"id":"6960","description":"زرد","iscorrect":0},{"id":"6961","description":"سبز","iscorrect":0},{"id":"6962","description":"نارنجی","iscorrect":1}]},{"id":"1811","description":"برای ایجاد هماهنگی (مثلا بین رنگ لوازم یک خانه) کدام یک از تمهیدات باید به کار گرفته شود؟","answers":[{"id":"6963","description":"کم کردن درجه اشباع رنگ ها","iscorrect":1},{"id":"6964","description":"استفاده از رنگ های مکمل در کنار هم","iscorrect":0},{"id":"6965","description":"استفاده از رنگ های بسیار تیره و بسیار روشن در کنار هم","iscorrect":0}]},{"id":"1812","description":"اگر در یک کادر بخواهیم بین دو رنگ سیاه و سفید تعادل ایجاد کنیم، چه تناسبی بین این دو رنگ باید رعایت شود؟","answers":[{"id":"6966","description":"نصف- نصف","iscorrect":0},{"id":"6967","description":"حدود یک به سه","iscorrect":1},{"id":"6968","description":"حدود یک به شش","iscorrect":0}]},{"id":"1813","description":"چرا ایجاد بافت در تصاویر اهمیت دارد؟","answers":[{"id":"6969","description":"معنای یک عنصر بر بافت های متفاوت تغییر نمی کند.","iscorrect":0},{"id":"6970","description":"ایجاد بافت موجب ایجاد اغتشاش در تصاویر می شود.","iscorrect":0},{"id":"6971","description":"یک بافت علاوه بر ایجاد یک زمینه، خود حاوی معنی خاصی می تواند باشد.","iscorrect":1}]},{"id":"1814","description":"چرا کودکان عناصر مختلف را در نقاشی های خود با اندازه های گوناگون نمایش می دهند؟","answers":[{"id":"6972","description":"چون آنها هنوز توانایی های لازم را پیدا نکرده اند.","iscorrect":0},{"id":"6973","description":"چون به این طریق اهمیت موضوع های مختلف را می رسانند.","iscorrect":1},{"id":"6974","description":"چون به این طریق سعی می کنند از تمامی صفحه استفاده کنند.","iscorrect":0}]},{"id":"1815","description":"فضای منفی در یک تصویر به چه معنا است؟","answers":[{"id":"6975","description":"فضای خارج از کادر اصلی تصویر","iscorrect":0},{"id":"6976","description":"فضای بین عناصر موجود در یک تصویر","iscorrect":1},{"id":"6977","description":"فضای حاشیه عنصر اصلی تصویر","iscorrect":0}]},{"id":"1816","description":"برای اینکه جسمی در یک تصویر دورتر به نظر برسد باید چه خصوصیتی پیدا کند؟","answers":[{"id":"6978","description":"کوچک تر شود.","iscorrect":1},{"id":"6979","description":"پررنگ تر شود.","iscorrect":0},{"id":"6980","description":"جزییاتش بیشتر شود.","iscorrect":0}]},{"id":"1817","description":"برای القاء حس حرکت استفاده از کدام تمهید مفید واقع خواهد شد؟","answers":[{"id":"6981","description":"استفاده از خطوط تیز و جهت دار","iscorrect":1},{"id":"6982","description":"ایجاد تعادل تصویر در مرکز آن","iscorrect":0},{"id":"6983","description":"ایجاد مرکز ثقل عناصر بر مرکز تصویر","iscorrect":0}]},{"id":"1818","description":"محدودیت های انتقال مفهوم از طریق رمزگان چیست؟","answers":[{"id":"6984","description":"تنها در هنرهای بومی و محلی کاربرد دارد.","iscorrect":0},{"id":"6985","description":"ایجاد سمبل جدید بسته به خواست فرد نیست.","iscorrect":1},{"id":"6986","description":"سمبل تنها در تصاویر تبلیغاتی کاربرد دارد.","iscorrect":0}]},{"id":"1819","description":"به نظر شما انتزاع فرم در تصویرسازی چه فوایدی دارد؟","answers":[{"id":"6987","description":"نکات ریز و حاشیه ای برجسته تر و مهم تر به نظر می رسند.","iscorrect":0},{"id":"6988","description":"بر یک موضوع خاص تمرکز می شود و زواید حذف می شوند.","iscorrect":1},{"id":"6989","description":"جزییات به گونه ای کلیات را از بین می برند.","iscorrect":0}]}]}]}]}