{"courseId":"86","contents":[{"name":"درس اول- حسابداری چیست؟","id":"695","contentorder":"1","lesson_number":1,"type":0,"filename":"lesson695.html"},{"name":"حسابداری چیست؟","id":"1184","contentorder":"2","type":1,"set":[{"score":"60","questions":[{"id":"5052","description":"کدام‌ یک از گزینه‌های زیر، معادله اساسی حسابداری به شمار می‌رود؟","answers":[{"id":"19261","description":"سرمایه= بدهی+دارایی","iscorrect":0},{"id":"19262","description":"دارایی= بدهی+سرمایه","iscorrect":1},{"id":"19263","description":"بدهی= سرمایه+دارایی","iscorrect":0},{"id":"19264","description":"دارایی= بدهی - سرمایه","iscorrect":0}]},{"id":"5053","description":"کدام‌ یک از گزینه‌های زیر، نتیجه فرآیند حسابداری در یک موسسه به شمار می‌رود؟","answers":[{"id":"19265","description":"بدهی‌ها","iscorrect":0},{"id":"19266","description":"سرمایه‌ها","iscorrect":0},{"id":"19267","description":"گزارش‌های مالی","iscorrect":1},{"id":"19268","description":"دارایی‌ها","iscorrect":0}]},{"id":"5054","description":"بدهی چیست؟","answers":[{"id":"19269","description":"بدهی یک نوع «دارایی» است که دارای منافع اقتصادی آتی برای شرکت باشد.","iscorrect":0},{"id":"19270","description":"بدهی‌، تعهدی است که یک موسسه در مقابل اشخاص و موسسات دیگر دارد. این تعهدات عموما از معاملات قبلی صورت گرفته و باید در طی زمان مشخصی از طریق پول یا عملکرد خاصی تسویه شود.","iscorrect":1},{"id":"19271","description":"بدهی را می‌توان یک سیستم اطلاعاتی تشبیه کرد که از طریق شناسایی، ثبت، طبقه‌بندی و تلخیص و گزارش رویدادهای مالی اقتصادی، اطلاعات لازم را در اختیار کسانی که به این اطلاعات نیاز دارند (مثل مدیران و یا متقاضیان دسترسی به اطلاعات حسابداری یک شرکت) قرار می‌دهد.","iscorrect":0},{"id":"19272","description":"حق مالی مالک یا مالکان یک شرکت تجاری نسبت به داراییهای آن را بدهی می‌گویند.","iscorrect":0}]},{"id":"5055","description":"بر اساس معادله اساسی حسابداری، در هر زمان با کسر کردن بدهی‌های یک موسسه از دارایی‌های آن، مبلغ ‌...‌...‌...‌...‌...‌... به دست می‌آید.","answers":[{"id":"19273","description":"بدهی","iscorrect":0},{"id":"19274","description":"تجارت","iscorrect":0},{"id":"19275","description":"سرمایه","iscorrect":1},{"id":"19276","description":"کالا","iscorrect":0}]},{"id":"5056","description":"کدام گزینه زیر می‌تواند گزینه مناسبی برای جای خالی باشد؟\n\nمی‌توان سه شرط را به عنوان شروط پذیرش یک منبع اقتصادی به عنوان ‌...‌...‌...‌...‌...‌... یک موسسه قلمداد کرد:\n\n- شرط نخست:‌ این دارایی، دارای منافع اقتصادی آتی برای شرکت باشد.\n\n- شرط دوم: بهای تمام شده دارایی برای شرکت قابل اندازه گیری و قابل تبدیل به پول باشد.\n\n- شرط سوم: این دارایی در نتیجه معاملات یا سایر رویدادهای گذشته به کنترل شرکت درآمده باشد.","answers":[{"id":"19277","description":"بدهی‌","iscorrect":0},{"id":"19278","description":"سرمایه‌","iscorrect":0},{"id":"19279","description":"گزارش‌های مالی","iscorrect":0},{"id":"19280","description":"دارایی","iscorrect":1}]}]},{"score":"60","questions":[{"id":"5061","description":"حق مالی مالک یا مالکان یک شرکت تجاری نسبت به دارایی‌های آن را ‌...‌...‌...‌..... می‌گویند.","answers":[{"id":"19295","description":"تجارت","iscorrect":0},{"id":"19296","description":"سرمایه","iscorrect":1},{"id":"19297","description":"بدهی","iscorrect":0},{"id":"19298","description":"قرض","iscorrect":0}]},{"id":"5062","description":"کدام‌ یک از گزینه‌های زیر تعریف «سرمایه» به شمار می‌رود؟","answers":[{"id":"19299","description":"سرمایه، به مقدار پول در حساب‌های بانکی متعلق به شرکت گفته می‌شود.","iscorrect":0},{"id":"19300","description":"سرمایه، تعهدی است که یک موسسه در مقابل اشخاص و موسسات دیگر دارد. این تعهدات عموما از معاملات قبلی صورت گرفته و باید در طی زمان مشخصی از طریق پول یا عملکرد خاصی تسویه شود.","iscorrect":0},{"id":"19301","description":"سرمایه را می‌توان یک سیستم اطلاعاتی تشبیه کرد که از طریق شناسایی، ثبت، طبقه‌بندی و تلخیص و گزارش رویدادهای مالی اقتصادی، اطلاعات لازم را در اختیار کسانی که به این اطلاعات نیاز دارند (مثل مدیران و یا متقاضیان دسترسی به اطلاعات حسابداری یک شرکت) قرار می‌دهد.","iscorrect":0},{"id":"19302","description":"حق مالی مالک یا مالکان یک شرکت تجاری نسبت به دارایی‌های آن را «سرمایه» می‌گویند.","iscorrect":1}]},{"id":"5063","description":"کدام‌ یک از گزینه‌های زیر نتیجه فرآیند حسابداری در یک موسسه به شمار می‌رود؟","answers":[{"id":"19303","description":"بدهی‌ها","iscorrect":0},{"id":"19304","description":"سرمایه‌ها","iscorrect":0},{"id":"19305","description":"گزارش‌های مالی","iscorrect":1},{"id":"19306","description":"دارایی‌ها","iscorrect":0}]},{"id":"5064","description":"کدام گزینه زیر می‌تواند گزینه مناسبی برای جای خالی باشد؟\n\nمی‌توان سه شرط را به عنوان شروط پذیرش یک منبع اقتصادی به عنوان ‌...‌...‌...‌...‌...‌... یک موسسه قلمداد کرد:\n\n- شرط نخست:‌ این دارایی، دارای منافع اقتصادی آتی برای شرکت باشد.\n\n- شرط دوم: بهای تمام شده دارایی برای شرکت قابل اندازه گیری و قابل تبدیل به پول باشد.\n\n- شرط سوم: این دارایی در نتیجه معاملات یا سایر رویدادهای گذشته به کنترل شرکت درآمده باشد.","answers":[{"id":"19307","description":"بدهی‌","iscorrect":0},{"id":"19308","description":"سرمایه‌","iscorrect":0},{"id":"19309","description":"گزارش‌های مالی","iscorrect":0},{"id":"19310","description":"دارایی‌","iscorrect":1}]},{"id":"5065","description":"معادله اساسی حسابداری عبارت است از:","answers":[{"id":"19311","description":"سرمایه= بدهی+دارایی","iscorrect":0},{"id":"19312","description":"دارایی= بدهی+سرمایه","iscorrect":1},{"id":"19313","description":"بدهی= سرمایه+دارایی","iscorrect":0},{"id":"19314","description":"دارایی= بدهی - سرمایه","iscorrect":0}]}]}]},{"name":"درس دوم- چگونه حساب‌ها را ثبت و گزارش کنیم؟","id":"696","contentorder":"3","lesson_number":2,"type":0,"filename":"lesson696.html"},{"name":"چگونه حساب‌ها را ثبت و گزارش کنیم؟","id":"1187","contentorder":"4","type":1,"set":[{"score":"60","questions":[{"id":"5066","description":"کدام‌ گزینه زیر می‌تواند گزینه مناسبی برای پر کردن جاهای خالی در مثال زیر باشد؟\n\nفرض کنید وجه نقد و سرمایه موسسه هردو ۱۰۰۰۰۰۰ریال افزایش داشته است. این رویداد بدین صورت به زبان حسابداری بیان می‌شود:\n\nوجه نقد ۱۰۰۰۰۰۰ریال افزایش داشته، لذا دارایی .................. می‌شود.\n\nسرمایه ۱۰۰۰۰۰۰ افزایش داشته لذا ................ می‌شود.","answers":[{"id":"19315","description":"بستانکار، بدهکار","iscorrect":0},{"id":"19316","description":"بدهکار، بستانکار","iscorrect":1},{"id":"19317","description":"بدهکار، بدهکار","iscorrect":0},{"id":"19318","description":"بستانکار، بستانکار","iscorrect":0}]},{"id":"5067","description":"همانند پرسش نخست، جاهای خالی را در مثال زیر، به ترتیب پر کنید:\n\nدر دهم خرداد ماه آقای جعفری مبلغ ۳۵۰۰۰۰ ریال وجه نقد و مقداری وسایل اداری جمعا به مبلغ ۱۰۰۰۰۰ ریال به عنوان سرمایه‌گذاری مجدد وارد موسسه کرد.\n\nدر اثر این رویداد مالی دارایی‌ها و سرمایه افزایش پیدا کرده است. پس:\n\nدارایی مبلغ ۳۵۰۰۰۰ ریال .................. می‌شود. (وجه نقد)\n\nدارایی‌ها مبلغ ۱۰۰۰۰۰ ریال ............ می‌شود.\n\nسرمایه شرکت در مجموع مبلغ ۴۵۰۰۰۰ ریال افزایش می‌یابد پس ............ می‌شود.","answers":[{"id":"19319","description":"بدهکار، بدهکار، بستانکار","iscorrect":1},{"id":"19320","description":"بدهکار، بستانکار، بستانکار","iscorrect":0},{"id":"19321","description":"بستانکار، بدهکار، بستانکار","iscorrect":0},{"id":"19322","description":"بستانکار، بستانکار، بدهکار","iscorrect":0}]},{"id":"5068","description":"کدام‌ یک از گزینه‌های زیر تعریف برگه یا سند حسابداری است؟","answers":[{"id":"19323","description":"برگه یا سند حسابداری عبارت از نوشته‌ای است که در آن یک یا چند مورد از عملیات مالی و پولی نوشته شده و بر حسب مورد بدهکار یا بستانکار می‌شوند و پس از امضای مرجع ذی صلاح قابل ثبت در دفا‌تر معین است.","iscorrect":1},{"id":"19324","description":"بعد از اینکه رویدادهای مالی به تایید مقامهای رسمی رسیدند آن‌ها را در برگه‌ و سند حسابداری ثبت می‌کنند.","iscorrect":0},{"id":"19325","description":"برگه یا سند، دسته‌ چک‌ها و سفته‌های متعلق به یک شرکت یا موسسه است.","iscorrect":0},{"id":"19326","description":"برگه یا سند، کلیه مدارک رسمی یک شرکت از قبیل سند اتومبیل، دسته‌چک‌ها، سفته‌ها و ... را شامل می‌شود.","iscorrect":0}]},{"id":"5069","description":"جای خالی را در عبارت زیر پر کنید: ...................... آن دسته از دفاتری هستند داشتن آن‌ها اجباری نیست. ولی معمولا برای بالا بردن دقت در نگهداری حساب‌ها از آن‌ها استفاده می‌شود. مانند دفا‌تر معین.","answers":[{"id":"19327","description":"دفا‌تر قانونی و رسمی","iscorrect":0},{"id":"19328","description":"دفا‌تر غیر رسمی و کمکی","iscorrect":1},{"id":"19329","description":"دفتر روزنامه","iscorrect":0},{"id":"19330","description":"دفتر روزنامه عمومی","iscorrect":0}]},{"id":"5070","description":"جای خالی را در عبارت زیر پر کنید: برای مانده‌ گیری هر حساب در دفتر کل باید ما به التفاوت جمع بدهکار و بستانکار ثبت شده را حساب کرد که مانده حساب نامیده می‌شود. اگر مجموع بدهکار از بستانکار بیشتر باشد مانده حساب ................ و اگر مجموع بستانکار از بدهکار بیشتر باشد مانده حساب ............. خواهد بود.","answers":[{"id":"19331","description":"بستانکار، بدهکار","iscorrect":0},{"id":"19332","description":"بدهکار، بستانکار","iscorrect":1},{"id":"19333","description":"بدهکار، بدهکار","iscorrect":0},{"id":"19334","description":"بستانکار، بستانکار","iscorrect":0}]}]},{"score":"60","questions":[{"id":"5071","description":".......................... عبارت از نوشته‌ای است که در آن یک یا چند مورد از عملیات مالی و پولی نوشته شده و بر حسب مورد بدهکار یا بستانکار می‌شوند و پس از امضای مرجع ذیصلاح قابل ثبت در دفا‌تر معین است.","answers":[{"id":"19335","description":"دفتر کل","iscorrect":0},{"id":"19336","description":"برگه یا سند","iscorrect":1},{"id":"19337","description":"دسته چک","iscorrect":0},{"id":"19338","description":"سفته","iscorrect":0}]},{"id":"5072","description":"کدام‌ یک از گزینه‌های زیر تعریف «تراز آزمایشی» به شمار می‌رود؟","answers":[{"id":"19339","description":"تراز آزمایشی یعنی همه چک‌های یک شرکت پاس شده باشد.","iscorrect":0},{"id":"19340","description":"تراز آزمایشی یعنی آزمایش‌های حسابداری به منظور مشخص شدن میزان بدهی و بستانکاری.","iscorrect":0},{"id":"19341","description":"در سیستم حسابداری دو طرفه اگر حساب‌ها به صورت درست ثبت شده باشند، جمع مانده‌های بدهکار باید با جمع مانده‌های بستانکار در حساب‌های دفتر کل برابر باشند.","iscorrect":1},{"id":"19342","description":"تراز آزمایشی یعنی گزارش مالی دفتر کل.","iscorrect":0}]},{"id":"5073","description":"کدام ‌یک از گزینه‌های زیر تعریف «دفتر معین» است؟","answers":[{"id":"19343","description":"دفتر معین دفتری است که اجزای هر کدام از حساب‌های دفتر کل در آن نوشته می‌شود. این کار برای سهولت به دسترسی به حساب‌های افراد و شرکت‌های مختلف به سورت مجزا می‌باشد.","iscorrect":1},{"id":"19344","description":"دفتری که فقط اسناد بدهی در آن ثبت می‌شود.","iscorrect":0},{"id":"19345","description":"دفتری که فقط اسناد بستانکاری در آن ثبت می‌شود.","iscorrect":0},{"id":"19346","description":"دفتری که به منظور ثبت بعضی از رویدادهای حسابداری، و نه همه آن به کار می‌رود.","iscorrect":0}]},{"id":"5074","description":"در دهم خرداد ماه آقای جعفری مبلغ ۳۵۰۰۰۰ ریال وجه نقد و مقداری وسایل اداری جمعا به مبلغ ۱۰۰۰۰۰ ریال به عنوان سرمایه‌گذاری مجدد وارد موسسه کرد.\n\nدر اثر این رویداد مالی دارایی‌ها و سرمایه افزایش پیدا کرده است. پس:\n\nدارایی مبلغ ۳۵۰۰۰۰ ریال.................. می‌شود. (وجه نقد)\n\nدارایی‌ها مبلغ ۱۰۰۰۰۰ ریال............ می‌شود.\n\nسرمایه شرکت در مجموع مبلغ ۴۵۰۰۰۰ ریال افزایش می‌یابد پس............ می‌شود.","answers":[{"id":"19347","description":"بدهکار، بدهکار، بستانکار","iscorrect":1},{"id":"19348","description":"بدهکار، بستانکار، بستانکار","iscorrect":0},{"id":"19349","description":"بستانکار، بدهکار، بستانکار","iscorrect":0},{"id":"19350","description":"بستانکار، بستانکار، بدهکار","iscorrect":0}]},{"id":"5075","description":"کدام ‌یک از گزینه‌های زیر تعریف برگه یا سند حسابداری است؟","answers":[{"id":"19351","description":"برگه یا سند حسابداری عبارت از نوشته‌ای است که در آن یک یا چند مورد از عملیات مالی و پولی نوشته شده و بر حسب مورد بدهکار یا بستانکار می‌شوند و پس از امضای مرجع ذی صلاح قابل ثبت در دفا‌تر معین است.","iscorrect":1},{"id":"19352","description":"بعد از اینکه رویدادهای مالی به تایید مقامهای رسمی رسیدند آن‌ها را در برگه‌ و سند حسابداری ثبت می‌کنند.","iscorrect":0},{"id":"19353","description":"برگه یا سند، دسته‌ چک‌ها و سفته‌های متعلق به یک شرکت یا موسسه است.","iscorrect":0},{"id":"19354","description":"برگه یا سند، کلیه مدارک رسمی یک شرکت از قبیل سند اتومبیل، دسته‌چک‌ها، سفته‌ها و ... را شامل می‌شود.","iscorrect":0}]}]}]},{"name":"درس سوم- چگونه صورت‌های مالی را آماده کنیم؟","id":"697","contentorder":"5","lesson_number":3,"type":0,"filename":"lesson697.html"},{"name":"چگونه صورت‌های مالی را آماده کنیم؟","id":"1189","contentorder":"6","type":1,"set":[{"score":"60","questions":[{"id":"5076","description":"کدام‌ یک از گزینه‌های زیر یک «صورت مالی» به شمار نمی‌رود؟","answers":[{"id":"19355","description":"صورت سود و زیان","iscorrect":0},{"id":"19356","description":"صورت وضعیت مالی یا ترازنامه","iscorrect":0},{"id":"19357","description":"صورت تغییرات سرمایه","iscorrect":0},{"id":"19358","description":"صورت بدهکاری و بستانکاری","iscorrect":1}]},{"id":"5077","description":"مهم‌ترین وجه تفاوت صورت سود و زیان با ترازنامه چیست؟","answers":[{"id":"19359","description":"ترازنامه مانند فیلمی است که از رویدادهای مالی شرکت در طول دوره گرفته شده ولی صورت سود و زیان مانند عکسی است که در پایان دوره مالی از وضعیت شرکت گرفته شده است.","iscorrect":0},{"id":"19360","description":"صورت سود و زیان مانند فیلمی است که از رویدادهای مالی شرکت در طول دوره گرفته شده ولی ترازنامه مانند عکسی است که در پایان دوره مالی از وضعیت شرکت گرفته شده است.","iscorrect":1},{"id":"19361","description":"صورت سود و زیان با ترازنامه هیچ تفاوتی ندارد.","iscorrect":0},{"id":"19362","description":"ترازنامه برای ثبت دسته‌چک‌ها و صورت سود و زیان برای ثبت سفته‌ها به کار می‌رود.","iscorrect":0}]},{"id":"5078","description":"کدام‌ یک از گزینه‌های زیر تعریف «دارایی‌های جاری» به شمار می‌رود؟","answers":[{"id":"19363","description":"هرگونه موجودی نقدی و سایر دارایی‌هایی که انتظار می‌رود در طی یک سال به وجه نقد تبدیل شود را دارایی‌های جاری می‌گویند. مانند موجودی نقد، حسابهای دریافتی و موجودی کالا در انبار.","iscorrect":1},{"id":"19364","description":"به اقلامی گفته می‌شود که شرکت قصد نگهداری و استفاده از آن‌ها برای سالیان متمادی را دارد. مانند زمین، ساختمان","iscorrect":0},{"id":"19365","description":"تمامی‌ سرمایه‌های شرکت را دارایی‌های جاری می‌گویند.","iscorrect":0},{"id":"19366","description":"تمامی مبالغ بستانکاری شرکت را دارایی‌های جاری می‌گویند.","iscorrect":0}]},{"id":"5079","description":"................................... فقط در شرکت‌های غیرسهامی آماده می‌شود و تغییرات سرمایه شرکت را در طول دوره مالی نشان می‌دهد.","answers":[{"id":"19367","description":"صورت سود و زیان","iscorrect":0},{"id":"19368","description":"صورت وضعیت مالی یا ترازنامه","iscorrect":0},{"id":"19369","description":"صورت تغییرات سرمایه","iscorrect":1},{"id":"19370","description":"صورت وجوه نقد","iscorrect":0}]},{"id":"5080","description":"کدام یک از گزینه‌های زیر مثالی از جریان‌های نقدی ورودی را نشان می‌دهد؟","answers":[{"id":"19371","description":"وجوه نقد دریافت شده از مشتریان بابت فروش کالا و ارائه خدمات و یا دریافتهای نقدی حاصل از حق امتیاز، کارمزد و سایر درآمدهای عملیاتی.","iscorrect":1},{"id":"19372","description":"وجوه نقد پرداخت شده به فروشندگان بابت خرید مواد اولیه وخدمات، پرداخت‌های نقدی به کارکنان واحد تجاری و یا پرداخت‌های نقدی بابت مزایای پایان خدمت کارکنان.","iscorrect":0},{"id":"19373","description":"گردش چک‌ها در شرکت","iscorrect":0},{"id":"19374","description":"گردش سفته‌ها در شرکت","iscorrect":0}]}]},{"score":"60","questions":[{"id":"5081","description":"کدام‌ گزینه را می‌توان به عنوان گزینه‌ مناسب در جای خالی درج کرد؟\n\nدر گزارش........................... ابتدا درآمد‌ها نوشته می‌شود. سپس هزینه‌ها از آن کسر می‌شود. در نتیجه سود یا زیان موسسه به دست می‌آید.","answers":[{"id":"19375","description":"صورت سود و زیان","iscorrect":1},{"id":"19376","description":"صورت وضعیت مالی یا ترازنامه","iscorrect":0},{"id":"19377","description":"صورت تغییرات سرمایه","iscorrect":0},{"id":"19378","description":"صورت وجوه نقد","iscorrect":0}]},{"id":"5082","description":"کدام‌ گزینه را می‌توان به عنوان گزینه‌ی مناسب در جای خالی درج کرد؟\n\n............................... به اقلامی گفته می‌شود که شرکت قصد نگهداری و استفاده از آن‌ها برای سالیان متمادی را دارد. مانند زمین، ساختمان.","answers":[{"id":"19379","description":"بدهی‌های جاری","iscorrect":0},{"id":"19380","description":"بدهی‌های غیر جاری","iscorrect":0},{"id":"19381","description":"دارایی‌های غیرجاری","iscorrect":1},{"id":"19382","description":"دارایی‌های جاری","iscorrect":0}]},{"id":"5083","description":"مهم‌ترین وجه تفاوت تفاوت صورت سود و زیان با ترازنامه چیست؟","answers":[{"id":"19383","description":"ترازنامه مانند فیلمی است که از رویدادهای مالی شرکت در طول دوره گرفته شده ولی صورت سود و زیان مانند عکسی است که در پایان دوره مالی از وضعیت شرکت گرفته شده است.","iscorrect":0},{"id":"19384","description":"صورت سود و زیان مانند فیلمی است که از رویدادهای مالی شرکت در طول دوره گرفته شده ولی ترازنامه مانند عکسی است که در پایان دوره مالی از وضعیت شرکت گرفته شده است.","iscorrect":1},{"id":"19385","description":"صورت سود و زیان با ترازنامه هیچ تفاوتی ندارد.","iscorrect":0},{"id":"19386","description":"ترازنامه برای ثبت دسته‌چک‌ها و صورت سود و زیان برای ثبت سفته‌ها به کار می‌رود.","iscorrect":0}]},{"id":"5084","description":"در ................................... معمولا دارایی‌ها را به ترتیب سرعت تبدیل شدنشان به وجه نقد و بدهی‌‌ها براساس زمان سررسیدن آن‌ها نوشته و گزارش می‌شوند.","answers":[{"id":"19387","description":"ترازنامه","iscorrect":1},{"id":"19388","description":"دفتر کل حسابداری","iscorrect":0},{"id":"19389","description":"صورت تغییرات سرمایه","iscorrect":0},{"id":"19390","description":"صورت وجوه نقد","iscorrect":0}]},{"id":"5085","description":"کدام ‌یک از گزینه‌های زیر یک «صورت مالی» به شمار نمی‌رود؟","answers":[{"id":"19391","description":"صورت سود و زیان","iscorrect":0},{"id":"19392","description":"صورت وضعیت مالی یا ترازنامه","iscorrect":0},{"id":"19393","description":"صورت تغییرات سرمایه","iscorrect":0},{"id":"19394","description":"صورت بدهکاری و بستانکاری","iscorrect":1}]}]}]},{"name":"درس چهارم- عملیات حسابداری در موسسات بازرگانی‌","id":"698","contentorder":"7","lesson_number":4,"type":0,"filename":"lesson698.html"},{"name":"عملیات حسابداری در موسسات بازرگانی‌","id":"1191","contentorder":"8","type":1,"set":[{"score":"66","questions":[{"id":"5086","description":"گزینه‌ی مناسب را برای درج در جای خالی در عبارت زیر انتخاب کنید:\n\nدر ................................. زمانی که کالا را می‌خریم حساب موجودی کالا بدهکار می‌شود و هنگامی که کالا به فروش می‌رسد دو ثبت انجام می‌شود. ابتدا فروش ثبت شده و سپس یک ثبت نیز بابت کاهش موجودی کالا در دفتر ثبت می‌گیرد. یعنی حساب بهای تمام شده کالا بدهکار و حساب موجودی کالا بستانکار می‌شود.","answers":[{"id":"19395","description":"سیستم ثبت ادواری","iscorrect":0},{"id":"19396","description":"سیستم ثبت تجاری","iscorrect":0},{"id":"19397","description":"سیستم ثبت دائمی","iscorrect":1},{"id":"19398","description":"سیستم ثبت موقتی","iscorrect":0}]},{"id":"5087","description":"تخفیف ................ به تخفیفی می‌گویند که در آن در قیمت کالا نسبت به قیمت رایج آن در بازار کاهش داده می‌شود. این نوع تخفیف معمولا به صورت درصد تعیین می‌شود.","answers":[{"id":"19399","description":"بابت معیوب بودن کالا","iscorrect":0},{"id":"19400","description":"تجاری","iscorrect":1},{"id":"19401","description":"رسانه‌ای","iscorrect":0},{"id":"19402","description":"غیر رسانه‌ای","iscorrect":0}]},{"id":"5088","description":"«حساب خرید» در کدام ‌یک از سیستم‌های زیر استفاده می‌شود؟","answers":[{"id":"19403","description":"سیستم ثبت ادواری","iscorrect":1},{"id":"19404","description":"سیستم ثبت تجاری","iscorrect":0},{"id":"19405","description":"سیستم ثبت دائمی","iscorrect":0},{"id":"19406","description":"سیستم ثبت موقتی","iscorrect":0}]}]},{"score":"66","questions":[{"id":"5089","description":"کدام‌ یک از گزینه‌های زیر تعریف سیستم ثبت دائمی است؟","answers":[{"id":"19407","description":"در سیستم ثبت دائمی، زمانی که کالا را می‌خریم حساب موجودی کالا بدهکار می‌شود و هنگامی که کالا به فروش می‌رسد دو ثبت انجام می‌شود. ابتدا فروش ثبت شده و سپس یک ثبت نیز بابت کاهش موجودی کالا در دفتر ثبت می‌گیرد. یعنی حساب بهای تمام شده کالا بدهکار و حساب موجودی کالا بستانکار می‌شود.","iscorrect":1},{"id":"19408","description":"در سیستم ثبت دائمی، هنگام خرید کالا حساب خریدار بدهکار می‌شود و هنگام فروش کالا این کاهش موجودی حاصل از فروش در دفا‌تر ثبت نمی‌گردد.","iscorrect":0},{"id":"19409","description":"سیستم ثبت دائمی فرآیند رونویسی از کل داده‌های حسابرسی در سال جاری است.","iscorrect":0},{"id":"19410","description":"سیستم ثبت دائمی فرآیند رونویسی از کل داده‌های حسابرسی در ۵ سال اخیر شرکت است.","iscorrect":0}]},{"id":"5090","description":"براساس استانداردهای حسابداری، هزینه حمل کالا به عنوان ................... حساب می‌شود.","answers":[{"id":"19411","description":"هزینه‌ی بدهکار","iscorrect":0},{"id":"19412","description":"بخشی از بهای تمام شده","iscorrect":0},{"id":"19413","description":"هزینه‌ی بستانکار","iscorrect":1},{"id":"19414","description":"هزینه‌ی بدهکار و بستانکار","iscorrect":0}]},{"id":"5091","description":"تخفیف ................ به تخفیفی می‌گویند که در آن در قیمت کالا نسبت به قیمت رایج آن در بازار کاهش داده می‌شود. این نوع تخفیف معمولا به صورت درصد تعیین می‌شود.","answers":[{"id":"19415","description":"بابت معیوب بودن کالا","iscorrect":0},{"id":"19416","description":"تجاری","iscorrect":1},{"id":"19417","description":"رسانه‌ای","iscorrect":0},{"id":"19418","description":"غیر رسانه‌ای","iscorrect":0}]}]}]},{"name":"درس پنجم- اسناد تجاری","id":"699","contentorder":"9","lesson_number":5,"type":0,"filename":"lesson699.html"},{"name":"اسناد تجاری","id":"1193","contentorder":"10","type":1,"set":[{"score":"60","questions":[{"id":"5092","description":"کدام ‌یک از تعاریف زیر تعریف تخصصی اسناد تجاری است؟","answers":[{"id":"19419","description":"در تعریف تخصصی اسناد تجاری، کلیه‌ی سندهای یک شرکت اعم از اسناد خرید و فروش و همچنین قراردادهایش با شرکت‌های دیگر را اسناد تجاری می‌گویند.","iscorrect":0},{"id":"19420","description":"اسناد تجاری به طور تخصصی به اسنادی گفته می‌شوند که که قابل نقل و انتقال هستند، متضمن پرداخت مبلغ معینی در زمان مشخصی هستند، به جای پول وسیله پرداخت قرار می‌گیرند و از مقررات قانونی ویژه‌ای پیروی می‌کنند.","iscorrect":1},{"id":"19421","description":"اسناد تجاری به طور تخصصی فقط شامل سندهای فروش می‌شود.","iscorrect":0},{"id":"19422","description":"اسناد تجاری به طور تخصصی فقط شامل سندهای خرید می‌شود.","iscorrect":0}]},{"id":"5093","description":".............................. نوشته‌ای است که به موجب آن صادرکننده، وجهی را مسترد یا به دیگری واگذار می‌کند.","answers":[{"id":"19423","description":"سند فروش","iscorrect":0},{"id":"19424","description":"سند خرید","iscorrect":0},{"id":"19425","description":"چک","iscorrect":1},{"id":"19426","description":"فاکتور","iscorrect":0}]},{"id":"5094","description":"کدام‌ یک از تعاریف زیر تعریف برات به شمار می‌رود؟","answers":[{"id":"19427","description":"برات عبارت از سندی است که به موجب آن صادرکننده از شخص معینی می‌خواهد که در زمانی معین، مبلغ معینی در وجه شخص ثالثیا در وجه حامل یا به حواله کرد او پرداخت کند. در هنگام صدور برات وجود سه نفر الزامی است.","iscorrect":1},{"id":"19428","description":"برات عبارت از سندی است که در آن امضا کننده تعهد می‌کند مبلغ مشخصی را در موعد معین یا عندالمطالبه در وجه حامل یا حواله کرد یا شخص معین کارسازی کند.","iscorrect":0},{"id":"19429","description":"برات نوشته‌ای است که به موجب آن صادرکننده، وجهی را مسترد یا به دیگری واگذار می‌کند. صادر کننده برات باید حداقل معادل مبلغ سفته را در بانک موجودی داشته باشد.","iscorrect":0},{"id":"19430","description":"هیچ ‌کدام","iscorrect":0}]},{"id":"5095","description":"اگر صادر کننده سفته در تاریخ سر رسید سفته، از پرداخت وجه به هر دلیلی خودداری کند در این حالت گفته می‌شود که سفته ................... شده است.","answers":[{"id":"19431","description":"باطل","iscorrect":0},{"id":"19432","description":"خارج از اعتبار","iscorrect":0},{"id":"19433","description":"نکول","iscorrect":1},{"id":"19434","description":"بی‌ ارزش","iscorrect":0}]},{"id":"5096","description":"وجود کدام ‌یک از افراد زیر در هنگام صدور برات الزامی نیست؟","answers":[{"id":"19435","description":"صادر کننده برات یا برات کش، یعنی کسی که برات را صادر و امضا می‌کند.","iscorrect":0},{"id":"19436","description":"قبول کننده برات یا برات گیر، شخصی که برات کش از او می‌خواهد که برات را پرداخت کند.","iscorrect":0},{"id":"19437","description":"دارنده برات یا برات دار، کسی که وجه برات باید به او پرداخت شود.","iscorrect":0},{"id":"19438","description":"ضامن","iscorrect":1}]}]},{"score":"60","questions":[{"id":"5097","description":"کلیه‌ی سندهای یک شرکت، اعم از اسناد خرید و فروش و همچنین قراردادهایش با شرکت‌های دیگر را ................... می‌گویند.","answers":[{"id":"19439","description":"اسناد سری","iscorrect":0},{"id":"19440","description":"اسناد فروش","iscorrect":0},{"id":"19441","description":"اسناد خرید","iscorrect":0},{"id":"19442","description":"اسناد تجاری","iscorrect":1}]},{"id":"5098","description":"کدام ‌یک از تعاریف زیر تعریف سفته به شمار می‌رود؟","answers":[{"id":"19443","description":"سفته عبارت از سندی است که در آن امضا کننده تعهد می‌کند مبلغ مشخصی را در موعد معین یا عندالمطالبه در وجه حامل یا حواله کرد یا شخص معین کارسازی کند.","iscorrect":1},{"id":"19444","description":"سفته یک فاکتور فروش است.","iscorrect":0},{"id":"19445","description":"سفته یک فاکتور خرید است.","iscorrect":0},{"id":"19446","description":"سفته نوشته‌ای است که به موجب آن صادرکننده، وجهی را مسترد یا به دیگری واگذار می‌کند. صادر کننده سفته باید حداقل معادل مبلغ سفته را در بانک موجودی داشته باشد.","iscorrect":0}]},{"id":"5099","description":"وجود کدام‌ یک از افراد زیر در هنگام صدور برات الزامی نیست؟","answers":[{"id":"19447","description":"صادر کننده برات یا برات کش، یعنی کسی که برات را صادر و امضا می‌کند.","iscorrect":0},{"id":"19448","description":"قبول کننده برات یا برات گیر، شخصی که برات کش از او می‌خواهد که برات را پرداخت کند.","iscorrect":0},{"id":"19449","description":"دارنده برات یا برات دار، کسی که وجه برات باید به او پرداخت شود.","iscorrect":0},{"id":"19450","description":"ضامن","iscorrect":1}]},{"id":"5100","description":"کدام یک از گزینه‌های زیر صحیح نیست؟","answers":[{"id":"19451","description":"تفاوت چک با برات و سفته در این است که صادرکننده چک باید وجه مورد نظر را در نزد بانک سپرده داشته باشد تا بتواند نسبت به صدور چک اقدام کند. در حالی که این موضوع در مورد سفته و برات مصداق ندارد و وجه آنها را می‌توان بعدا تامین کرد.","iscorrect":0},{"id":"19452","description":"چک نباید مدت دار باشد ولی سفته و برات می‌تواند به صورت مدت دار صادر شود.","iscorrect":0},{"id":"19453","description":"چک بر خلاف سفته و برات که وسیله اعتبار هستند، فقط وسیله دریافت و پرداخت است و در واقع به جای پول نقد به کار می‌رود.","iscorrect":0},{"id":"19454","description":"اگر صادر کننده سفته در تاریخ سر رسید سفته از پرداخت وجه به هر دلیلی خودداری کند در این حالت گفته می‌شود که سفته بی‌ارزش شده و از درجه اعتبار ساقط می‌شود و با یک کاغذ باطله هیچ تفاوتی ندارد.","iscorrect":1}]},{"id":"5101","description":"کدام‌ یک از تعاریف زیر تعریف برات به شمار می‌رود؟","answers":[{"id":"19455","description":"برات عبارت از سندی است که به موجب آن صادر کننده از شخص معینی می‌خواهد که در زمانی معین، مبلغ معینی در وجه شخص ثالثیا در وجه حامل یا به حواله کرد او پرداخت کند. در هنگام صدور برات وجود سه نفر الزامی است.","iscorrect":1},{"id":"19456","description":"برات عبارت از سندی است که در آن امضا کننده تعهد می‌کند مبلغ مشخصی را در موعد معین یا عندالمطالبه در وجه حامل یا حواله کرد یا شخص معین کارسازی کند.","iscorrect":0},{"id":"19457","description":"برات نوشته‌ای است که به موجب آن صادرکننده، وجهی را مسترد یا به دیگری واگذار می‌کند. صادر کننده برات باید حداقل معادل مبلغ سفته را در بانک موجودی داشته باشد.","iscorrect":0},{"id":"19458","description":"هیچ‌ کدام","iscorrect":0}]}]}]},{"name":"درس ششم- تنخواه گردان، صندوق و بانک","id":"700","contentorder":"11","lesson_number":6,"type":0,"filename":"lesson700.html"},{"name":"تنخواه گردان، صندوق و بانک","id":"1195","contentorder":"12","type":1,"set":[{"score":"66","questions":[{"id":"5102","description":"کدام ‌یک از گزینه‌های زیر تعریف «اقلام باز دفاتر شرکت» است؟","answers":[{"id":"19459","description":"این نوع اقلام آنهایی هستند که بانک آنها را در دفاتر خود ثبت کرده ولی حسابدار شرکت آنها را تا پایان ماه در فاتر خود ثبت نکرده است که به آنها اقلام باز صورت حساب بانک می‌گویند.","iscorrect":0},{"id":"19460","description":"به وجوهی که شرکت آنها را در دفاتر خود ثبت کرده ولی به هر علتی تا پایان ماه در دفاتر بانک ثبت نشده است را اقلام باز دفاتر شرکت می‌گویند.","iscorrect":1},{"id":"19461","description":"به مدارک واریزی‌ها و چک‌های صادره از سوی شرکت که همزمان در اختیار بانک قرار، اقلام باز دفاتر شرکت می‌گویند.","iscorrect":0},{"id":"19462","description":"به اشتباه حسابدار شرکت یا بانک اقلام باز دفاتر شرکت می‌گویند.","iscorrect":0}]},{"id":"5103","description":"منظور از «تنخواه گردان» چیست؟","answers":[{"id":"19463","description":"همه‌ی چک‌های بدهکار شرکت","iscorrect":0},{"id":"19464","description":"همه‌ی چک‌های بستانکار شرکت","iscorrect":0},{"id":"19465","description":"معمولا شرکت‌ها پرداخت‌های خود را از طریق چک انجام می‌دهند. با این حال پرداخت هزینه‌های جزیی از حساب امکان ‌پذیر و معقول نیست. برای حل این مشکل مبلغی پول در اختیار یک یا چند نفر از کارکنان شرکت قرار می‌گیرد که هزینه‌های جزیی را پرداخت کنند. به این مبلغ تنخواه گردان می‌گویند.","iscorrect":1},{"id":"19466","description":"همه‌ی سفته‌های بستانکار شرکت","iscorrect":0}]},{"id":"5104","description":"کدام‌ یک از گزینه‌های زیر صحیح نیست؟","answers":[{"id":"19467","description":"حساب تنخواه به هیچ عنوان به عنوان دارایی محسوب نمی‌شود.","iscorrect":1},{"id":"19468","description":"برای ثبت عملیات مالی تنخواه گردان از دو روش استفاده می‌شود: روش تنخواه گردان ثابت- روش تنخواه گردان متغیر.","iscorrect":0},{"id":"19469","description":"به وجوهی که شرکت آنها را در دفاتر خود ثبت کرده ولی به هر علتی تا پایان ماه در دفاتر بانک ثبت نشده است اقلام باز دفاتر شرکت می‌گویند.","iscorrect":0},{"id":"19470","description":"حساب صندوق برای امور روزمره مانند پرداخت‌ها و دریافت‌ها وجه نقد مورد استفاده قرار می‌گیرد که تحت عنوان صندوق در دفتر حسابداری ثبت می‌شود.","iscorrect":0}]}]},{"score":"66","questions":[{"id":"5105","description":"معمولا شرکت‌ها پرداخت‌های خود را از طریق چک انجام می‌دهند. با این حال پرداخت هزینه‌های جزیی از حساب امکان‌ پذیر و معقول نیست. برای حل این مشکل مبلغی پول در اختیار یک یا چند نفر از کارکنان شرکت قرار می‌گیرد که هزینه‌های جزیی را پرداخت کنند. به این مبلغ ...................... می‌گویند.","answers":[{"id":"19471","description":"چک","iscorrect":0},{"id":"19472","description":"تنخواه گردان","iscorrect":1},{"id":"19473","description":"سفته","iscorrect":0},{"id":"19474","description":"برات","iscorrect":0}]},{"id":"5106","description":"این نوع اقلام آنهایی هستند که بانک آنها را در دفاتر خود ثبت کرده ولی حسابدار شرکت آنها را تا پایان ماه در فاتر خود ثبت نکرده است که به آنها اقلام باز صورت حساب بانک می‌گویند.","answers":[{"id":"19475","description":"اقلام باز صورت حساب بانک","iscorrect":1},{"id":"19476","description":"اقلام باز دفاتر شرکت","iscorrect":0},{"id":"19477","description":"اقلام تنخواه گردان","iscorrect":0},{"id":"19478","description":"اقلام بدهکار و بستانکار","iscorrect":0}]},{"id":"5107","description":"کدام ‌یک از گزینه‌های زیر صحیح نیست؟","answers":[{"id":"19479","description":"حساب تنخواه به هیچ عنوان به عنوان دارایی محسوب نمی‌شود.","iscorrect":1},{"id":"19480","description":"برای ثبت عملیات مالی تنخواه گردان از دو روش استفاده می‌شود: روش تنخواه گردان ثابت- روش تنخواه گردان متغیر.","iscorrect":0},{"id":"19481","description":"به وجوهی که شرکت آنها را در دفاتر خود ثبت کرده ولی به هر علتی تا پایان ماه در دفاتر بانک ثبت نشده است اقلام باز دفاتر شرکت می‌گویند.","iscorrect":0},{"id":"19482","description":"حساب صندوق برای امور روزمره مانند پرداخت‌ها و دریافت‌ها وجه نقد مورد استفاده قرار می‌گیرد که تحت عنوان صندوق در دفتر حسابداری ثبت می‌شود.","iscorrect":0}]}]}]},{"name":"درس هفتم- اصلاح و تعدیل حساب‌ها","id":"701","contentorder":"13","lesson_number":7,"type":0,"filename":"lesson701.html"},{"name":"اصلاح و تعدیل حساب‌ها","id":"1197","contentorder":"14","type":1,"set":[{"score":"60","questions":[{"id":"5108","description":"کدام ‌یک از گزینه‌های زیر تعریف «حساب‌های دائمی» است؟","answers":[{"id":"19483","description":"آنهایی هستند که مانده آنها به دوره بعد منتقل می‌شود. مانند دارایی‌ها، بدهی‌ها، و سرمایه. به این حساب‌ها حساب‌های ترازنامه‌ای هم می‌گویند.","iscorrect":1},{"id":"19484","description":"آنهایی هستند که در پایان سال مالی بسته می‌شوند. مانند حساب‌های درآمد و هزینه و برداشت. به این حساب‌ها به استثنای حساب برداشت، حساب‌های دائمی می‌گویند.","iscorrect":0},{"id":"19485","description":"برخی از حساب‌ها دوگانه هستند یعنی بخشی از آنها دائمی و بخش دیگری از آن موقت است که به همین خاطر به آنها حساب‌های دائمی می‌گویند.","iscorrect":0},{"id":"19486","description":"هیچ ‌کدام","iscorrect":0}]},{"id":"5109","description":"بعضی از هزینه‌ها وجود دارند که معمولا در پایان سال ثبت نشده اند. از جمله می‌توان به هزینه‌های آب و برق مصرفی در روزهای پایانی سال اشاره کرد. به این گونه هزینه‌ها، هزینه‌های ................... می‌گویند.","answers":[{"id":"19487","description":"ثابت","iscorrect":0},{"id":"19488","description":"غیر ثابت","iscorrect":0},{"id":"19489","description":"معوق","iscorrect":1},{"id":"19490","description":"غیر معوق","iscorrect":0}]},{"id":"5110","description":"به طور خلاصه به مواد مصرفی داخل شرکت مانند لوازم التحریر ..................... می‌گویند.","answers":[{"id":"19491","description":"مواد دارای عمر کوتاه","iscorrect":0},{"id":"19492","description":"سرمایه‌های جزئی","iscorrect":0},{"id":"19493","description":"ملزومات","iscorrect":1},{"id":"19494","description":"سرمایه‌های کوتاه مدت","iscorrect":0}]},{"id":"5111","description":"کلیه داریی‌های شرکت که عمر آنها بیشتر از یک سال باشد، به عنوان داریی بلند مدت یا دارایی ثابت ثبت می‌شود. به غیر از .............. کلیه داریی‌های بلند مدت یک موسسه دارای عمر محدود است.","answers":[{"id":"19495","description":"ساختمان شرکت","iscorrect":0},{"id":"19496","description":"زمین","iscorrect":1},{"id":"19497","description":"اتومبیل‌های شرکت","iscorrect":0},{"id":"19498","description":"چک‌ها","iscorrect":0}]},{"id":"5112","description":"هر زمان که وجهی از مشتری قبل از ارائه خدمات یا کالا دریافت شود، این وجه باید تحت عنوان ................. ثبت شود.","answers":[{"id":"19499","description":"بدهکار","iscorrect":0},{"id":"19500","description":"بستانکار","iscorrect":0},{"id":"19501","description":"پیش‌ دریافت","iscorrect":1},{"id":"19502","description":"برات","iscorrect":0}]}]},{"score":"60","questions":[{"id":"5113","description":"منظور از «حساب‌های مختلط» چیست؟","answers":[{"id":"19503","description":"آنهایی هستند که مانده آنها به دوره بعد منتقل می‌شود. مانند دارایی‌ها، بدهی‌ها، و سرمایه. به این حساب‌ها حساب‌های مختلط هم می‌گویند.","iscorrect":0},{"id":"19504","description":"آنهایی هستند که در پایان سال مالی بسته می‌شوند. مانند حساب‌های درآمد و هزینه و برداشت. به این حساب‌ها به استثنای حساب برداشت، حساب‌های مختلط می‌گویند.","iscorrect":0},{"id":"19505","description":"برخی از حساب‌ها دوگانه هستند یعنی بخشی از آنها دائمی و بخش دیگری از آن موقت است که به همین خاطر به آنها حساب‌های مختلط می‌گویند.","iscorrect":1},{"id":"19506","description":"هیچ‌ کدام","iscorrect":0}]},{"id":"5114","description":"کدام ‌یک از گزینه‌های زیر «روش ثبت خرید ملزومات در حساب دارایی» را توضیح می‌دهد؟","answers":[{"id":"19507","description":"بعضی موارد اتفاق می‌افتد که درآمدهایی تحقق پیدا می‌کند ولی ثبتی بابت آنها انجام نمی‌گیرد. رای ثبت این درآمدها باید حساب‌های دریافتنی را بدهکار و حساب درآمد را بستانکار کنیم.","iscorrect":0},{"id":"19508","description":"در این روش حساب موجودی ملزومات بدهکار و حساب صندوق یا حساب‌های پرداختنی بستانکار می‌شود. سپس در انتهای دوره مالی حساب هزینه ملزومات را بدهکار و حساب موجودی ملزومات را بستانکار می‌کنیم.","iscorrect":1},{"id":"19509","description":"در این روش کلیه‌ی چک‌های برگشتی شرکت را به اجرا می‌گذاریم.","iscorrect":0},{"id":"19510","description":"در این روش کلیه‌ی بدهی‌های شرکت را می‌پردازیم.","iscorrect":0}]},{"id":"5115","description":"کدام‌ یک از گزینه‌های زیر تعریف «حساب‌های موقت» است؟","answers":[{"id":"19511","description":"آنهایی هستند که مانده آنها به دوره بعد منتقل می‌شود. مانند دارایی‌ها، بدهی‌ها، و سرمایه. به این حساب‌ها حساب‌های ترازنامه‌ای هم می‌گویند.","iscorrect":0},{"id":"19512","description":"آنهایی هستند که در پایان سال مالی بسته می‌شوند. مانند حساب‌های درآمد و هزینه و برداشت. به این حساب‌ها به استثنای حساب برداشت، حساب‌های موقت می‌گویند.","iscorrect":1},{"id":"19513","description":"برخی از حساب‌ها دوگانه هستند یعنی بخشی از آنها دائمی و بخش دیگری از آن موقت است که به همین خاطر به آنها حساب‌های موقت می‌گویند","iscorrect":0},{"id":"19514","description":"هیچ‌ کدام","iscorrect":0}]},{"id":"5116","description":"کلیه داریی‌های شرکت که عمر آنها بیشتر از یک سال باشد، به عنوان داریی بلند مدت یا دارایی ثابت ثبت می‌شود. به غیر از .............. کلیه داریی‌های بلند مدت یک موسسه دارای عمر محدود است.","answers":[{"id":"19515","description":"ساختمان شرکت","iscorrect":0},{"id":"19516","description":"زمین","iscorrect":1},{"id":"19517","description":"اتومبیل‌های شرکت","iscorrect":0},{"id":"19518","description":"چک‌ها","iscorrect":0}]},{"id":"5117","description":"هر زمان که وجهی از مشتری قبل از ارائه خدمات یا کالا دریافت شود، این وجه باید تحت عنوان ................. ثبت شود.","answers":[{"id":"19519","description":"بدهکار","iscorrect":0},{"id":"19520","description":"بستانکار","iscorrect":0},{"id":"19521","description":"پیش ‌دریافت","iscorrect":1},{"id":"19522","description":"برات","iscorrect":0}]}]}]},{"name":"درس هشتم- پایان دوره مالی و چگونگی بستن حساب‌ها","id":"702","contentorder":"15","lesson_number":8,"type":0,"filename":"lesson702.html"},{"name":"پایان دوره مالی و چگونگی بستن حساب‌ها","id":"1199","contentorder":"16","type":1,"set":[{"score":"66","questions":[{"id":"5118","description":"کدام‌ یک از گزینه‌های زیر از عملیات «چرخه حسابداری» به شمار نمی‌رود؟","answers":[{"id":"19523","description":"جمع آوری کلیه اطلاعات مالی موسسه","iscorrect":0},{"id":"19524","description":"تجزیه و تحلیل کلیه معاملات و عملیات مالی موسسه","iscorrect":0},{"id":"19525","description":"ثبت کلیه معاملات و عملیات مالی موسسه در دفتر مالی","iscorrect":0},{"id":"19526","description":"پرداخت‌ چک‌های بدهکاری ۶ ماه گذشته شرکت به صورت اینترنتی‌","iscorrect":1}]},{"id":"5119","description":"کدام گزینه صحیح نیست؟","answers":[{"id":"19527","description":"حسابهای موقت باید در پایان دوره مالی بسته شوند.","iscorrect":0},{"id":"19528","description":"مانده مالی حسابهای موقت به سال مالی بعد منتقل می‌شود.","iscorrect":1},{"id":"19529","description":"حسابهای موقت شامل حسابهای درآمد، هزینه‌ها و حساب برداشت هستند.","iscorrect":0},{"id":"19530","description":"جهت بستن حسابهای موقت باید از یک حساب رابط و واسطه به نام حساب خلاصه سود و زیان استفاده کنیم.","iscorrect":0}]},{"id":"5120","description":"با توجه به انتقال یا عدم انتقال مانده به سال بعد، حساب‌ها را می‌توان به سه دسته تقسیم کرد. کدام‌ گزینه جز این سه دسته نیست؟","answers":[{"id":"19531","description":"حسابهای دائمی","iscorrect":0},{"id":"19532","description":"حسابهای موقت","iscorrect":0},{"id":"19533","description":"حسابهای مختلط","iscorrect":0},{"id":"19534","description":"حسابهای مربوط به رسانه‌ها","iscorrect":1}]}]},{"score":"66","questions":[{"id":"5121","description":"به طور کلی عملیات حسابداری در دو دوره زمانی انجام می‌شود. ............................. و ................................ .","answers":[{"id":"19535","description":"در پیش از شروع کار به شرکت و در حین شروع کار به شرکت","iscorrect":0},{"id":"19536","description":"در طول دوره مالی و در پایان دوره مالی","iscorrect":1},{"id":"19537","description":"در چهار سال پیش از راه‌اندازی شرکت و در پایان کار شرکت","iscorrect":0},{"id":"19538","description":"در یک سال پیش از راه‌اندازی شرکت و در پایان کار شرکت","iscorrect":0}]},{"id":"5122","description":"برای بستن حسابهای برداشت حساب سرمایه را معادل مانده حساب برداشت بدهکار و حساب برداشت را ......................... می‌کنیم.","answers":[{"id":"19539","description":"بدهکار","iscorrect":0},{"id":"19540","description":"بستانکار","iscorrect":1},{"id":"19541","description":"معوقه","iscorrect":0},{"id":"19542","description":"تعدیل","iscorrect":0}]},{"id":"5123","description":"کدام گزینه صحیح نیست؟","answers":[{"id":"19543","description":"حسابهای موقت باید در پایان دوره مالی بسته شوند.","iscorrect":0},{"id":"19544","description":"مانده مالی حسابهای موقت به سال مالی بعد منتقل می‌شود.","iscorrect":1},{"id":"19545","description":"حسابهای موقت شامل حسابهای درآمد، هزینه‌ها و حساب برداشت هستند.","iscorrect":0},{"id":"19546","description":"جهت بستن حسابهای موقت باید از یک حساب رابط و واسطه به نام حساب خلاصه سود و زیان استفاده کنیم.","iscorrect":0}]}]}]},{"name":"درس نهم- مفاهیم اصلی و اصول ابتدایی حسابداری","id":"703","contentorder":"17","lesson_number":9,"type":0,"filename":"lesson703.html"},{"name":"مفاهیم اصلی و اصول ابتدایی حسابداری","id":"1201","contentorder":"18","type":1,"set":[{"score":"50","questions":[{"id":"5124","description":"کدام ‌یک از گزینه‌های زیر تعریف اصل و یا «فرض تفکیک شخصیت» است؟","answers":[{"id":"19547","description":"بر اساس این فرض موسسه در آینده عملیات خود را ادامه خواهد داد انحلال یا توقف فعالیت ندارد. به همین خاطر است که بعضی از حساب‌ها در پایان یک دوره مالی به دوره بعدی انتقال می‌یابد.","iscorrect":0},{"id":"19548","description":"بر اساس این اصل هر موسسه دارای شخصیتی مستقل از مالک یا مالکان آن دارد و فعالیت‌های مالی آن به اعتبار شخصیت مستقل آن تجزیه و تحلیل می‌شود.","iscorrect":1},{"id":"19549","description":"به طور کلی نتایج واقعی کسب و کار یک شرکت را می‌توان در پایان آن و پس از وصول کلیه مطالبات، و فروش دارایی‌ها به طور دقیق بیان کرد. ولی معمولا عمر یک موسسه را به دوره‌های زمانی کوتاه‌تر تقسیم می‌کنند.","iscorrect":0},{"id":"19550","description":"بر اساس این اصل درآمد‌ها به حض تحقق و هزینه‌ها به محض تحمیل بدون توجه به زمان دریافت یا پرداخت ثبت می‌شوند.","iscorrect":0}]},{"id":"5125","description":"کدام‌ یک از گزینه‌های زیر از اصول حسابداری به شمار نمی‌رود؟","answers":[{"id":"19551","description":"اصل بهای تمام شده","iscorrect":0},{"id":"19552","description":"اصل تحقق درآمد","iscorrect":0},{"id":"19553","description":"اصل تطابق هزینه‌ها با درآمد‌ها","iscorrect":0},{"id":"19554","description":"اصل پرداخت به موقع چک‌ها و سفته‌ها","iscorrect":1}]},{"id":"5126","description":"کدام ‌یک از گزینه‌های زیر تعریف «اصل تطابق هزینه‌ها با درآمد‌ها» است؟","answers":[{"id":"19555","description":"هدف از کلیه عملیات و گزارشات مالی آماده کردن اطلاعات لازم برای تصمیم‌گیری صحیح است. با این حال مخارج تهیه این اطلاعات باید مقرون به صرفه باشد.","iscorrect":0},{"id":"19556","description":"به موجب این اصل اگر مبالغی جزیی و ناچیز باشد با توجه به وضعیت و شرایط موسسه می‌توان از اعمال دقیق اصول حسابداری خودداری کرد.","iscorrect":0},{"id":"19557","description":"بر اساس این اصل برای اندازه‌گیری سود و زیان هر دوره باید هزینه‌های هر دوره را با درآمدهای‌‌ همان دوره مقایسه کرد.","iscorrect":1},{"id":"19558","description":"بر اساس این اصل باید کلیه اطلاعاتی که در تصمیم‌گیری استفاده کنندگان از اطلاعات مالی تاثیر می‌گذارد به طور کامل افشا شود.","iscorrect":0}]},{"id":"5127","description":"بر اساس این اصل در شرایطی که ابهام وجود دارد، اعمال قضاوت باید طوری باشد که درآمد‌ها بیشتر از واقع و بدهی‌‌ها کمتر از واقع ارائه نشود.","answers":[{"id":"19559","description":"اصل محافظه‌کاری","iscorrect":1},{"id":"19560","description":"اصل اهمیت","iscorrect":0},{"id":"19561","description":"اصل خصوصیات صنعت","iscorrect":0},{"id":"19562","description":"اصل میثاق‌ها","iscorrect":0}]}]},{"score":"50","questions":[{"id":"5128","description":"کدام ‌یک از گزینه‌های زیر تعریف «فرض یا مبنای تعهدی» است؟","answers":[{"id":"19563","description":"بر اساس این فرض موسسه در آینده عملیات خود را ادامه خواهد داد انحلال یا توقف فعالیت ندارد. به همین خاطر است که بعضی از حساب‌ها در پایان یک دوره مالی به دوره بعدی انتقال می‌یابد.","iscorrect":0},{"id":"19564","description":"بر اساس این اصل هر موسسه دارای شخصیتی مستقل از مالک یا مالکان آن دارد و فعالیت‌های مالی آن به اعتبار شخصیت مستقل آن تجزیه و تحلیل می‌شود.","iscorrect":0},{"id":"19565","description":"به طور کلی نتایج واقعی کسب و کار یک شرکت را می‌توان در پایان آن و پس از وصول کلیه مطالبات، و فروش دارایی‌ها به طور دقیق بیان کرد. ولی معمولا عمر یک موسسه را به دوره‌های زمانی کوتاه‌تر تقسیم می‌کنند.","iscorrect":0},{"id":"19566","description":"بر اساس این اصل درآمد‌ها به محض تحقق و هزینه‌ها به محض تحمیل بدون توجه به زمان دریافت یا پرداخت ثبت می‌شوند.","iscorrect":1}]},{"id":"5129","description":"به موجب این اصل اگر مبالغی جزیی و ناچیز باشد با توجه به وضعیت و شرایط موسسه می‌توان از اعمال دقیق اصول حسابداری خودداری کرد.","answers":[{"id":"19567","description":"اصل بهای تمام شده","iscorrect":0},{"id":"19568","description":"اصل تحقق درآمد","iscorrect":0},{"id":"19569","description":"اصل تطابق هزینه‌ها با درآمد‌ها","iscorrect":0},{"id":"19570","description":"اصل اهمیت","iscorrect":1}]},{"id":"5130","description":"کدام‌ یک از گزینه‌های زیر تعریف «اصل فزونی منافع بر مخارج» است؟","answers":[{"id":"19571","description":"هدف از کلیه عملیات و گزارشات مالی آماده کردن اطلاعات لازم برای تصمیم‌گیری صحیح است. با این حال مخارج تهیه این اطلاعات باید مقرون به صرفه باشد.","iscorrect":1},{"id":"19572","description":"به موجب این اصل اگر مبالغی جزیی و ناچیز باشد با توجه به وضعیت و شرایط موسسه می‌توان از اعمال دقیق اصول حسابداری خودداری کرد.","iscorrect":0},{"id":"19573","description":"بر اساس این اصل برای اندازه‌گیری سود و زیان هر دوره باید هزینه‌های هر دوره را با درآمدهای‌‌ همان دوره مقایسه کرد.","iscorrect":0},{"id":"19574","description":"بر اساس این اصل باید کلیه اطلاعاتی که در تصمیم‌گیری استفاده کنندگان از اطلاعات مالی تاثیر می‌گذارد به طور کامل افشا شود.","iscorrect":0}]},{"id":"5131","description":"کدام ‌یک از گزینه‌های زیر تعریف اصل و یا «فرض تفکیک شخصیت» است؟","answers":[{"id":"19575","description":"بر اساس این فرض موسسه در آینده عملیات خود را ادامه خواهد داد انحلال یا توقف فعالیت ندارد. به همین خاطر است که بعضی از حساب‌ها در پایان یک دوره مالی به دوره بعدی انتقال می‌یابد.","iscorrect":0},{"id":"19576","description":"بر اساس این اصل هر موسسه دارای شخصیتی مستقل از مالک یا مالکان آن دارد و فعالیت‌های مالی آن به اعتبار شخصیت مستقل آن تجزیه و تحلیل می‌شود.","iscorrect":1},{"id":"19577","description":"به طور کلی نتایج واقعی کسب و کار یک شرکت را می‌توان در پایان آن و پس از وصول کلیه مطالبات و فروش دارایی‌ها به طور دقیق بیان کرد. ولی معمولا عمر یک موسسه را به دوره‌های زمانی کوتاه‌تر تقسیم می‌کنند.","iscorrect":0},{"id":"19578","description":"بر اساس این اصل درآمد‌ها به محض تحقق و هزینه‌ها به محض تحمیل بدون توجه به زمان دریافت یا پرداخت ثبت می‌شوند.","iscorrect":0}]}]}]},{"name":"آزمون نهایی دوره حسابداری برای همه","id":"1203","contentorder":"19","type":1,"set":[{"score":"50","questions":[{"id":"5132","description":"کدام یک از گزینه‌های زیر معادله اساسی حسابداری به شمار می‌رود؟","answers":[{"id":"19579","description":"سرمایه= بدهی+دارایی","iscorrect":0},{"id":"19580","description":"دارایی= بدهی+سرمایه","iscorrect":1},{"id":"19581","description":"بدهی= سرمایه+دارایی","iscorrect":0},{"id":"19582","description":"دارایی= بدهی - سرمایه","iscorrect":0}]},{"id":"5133","description":"کدام‌ گزینه زیر می‌تواند گزینه مناسبی برای پر کردن جاهای خالی در مثال زیر باشد؟<br />\nدر دهم خرداد ماه آقای جعفری مبلغ ۳۵۰۰۰۰ ریال وجه نقد و مقداری وسایل اداری جمعا به مبلغ ۱۰۰۰۰۰ ریال به عنوان سرمایه‌گذاری مجدد وارد موسسه کرد.<br />\nدر اثر این رویداد مالی دارایی‌ها و سرمایه افزایش پیدا کرده است. پس:<br />\nدارایی مبلغ ۳۵۰۰۰۰ ریال .................. می‌شود (وجه نقد)<br />\nدارایی‌ها مبلغ ۱۰۰۰۰۰ ریال ............ می‌شود.<br />\nسرمایه شرکت در مجموع مبلغ ۴۵۰۰۰۰ ریال افزایش می‌یابد پس ............ می‌شود.","answers":[{"id":"19583","description":"بدهکار، بدهکار، بستانکار","iscorrect":1},{"id":"19584","description":"بدهکار، بستانکار، بستانکار","iscorrect":0},{"id":"19585","description":"بستانکار، بدهکار، بستانکار","iscorrect":0},{"id":"19586","description":"بستانکار، بستانکار، بدهکار","iscorrect":0}]},{"id":"5134","description":"مهم‌ترین وجه تفاوت صورت سود و زیان با ترازنامه چیست؟","answers":[{"id":"19587","description":"ترازنامه مانند فیلمی است که از رویدادهای مالی شرکت در طول دوره گرفته شده ولی صورت سود و زیان مانند عکسی است که در پایان دوره مالی از وضعیت شرکت گرفته شده است.","iscorrect":0},{"id":"19588","description":"صورت سود و زیان مانند فیلمی است که از رویدادهای مالی شرکت در طول دوره گرفته شده ولی ترازنامه مانند عکسی است که در پایان دوره مالی از وضعیت شرکت گرفته شده است.","iscorrect":1},{"id":"19589","description":"صورت سود و زیان با ترازنامه هیچ تفاوتی ندارد.","iscorrect":0},{"id":"19590","description":"ترازنامه برای ثبت دسته‌ چک‌ها و صورت سود و زیان برای ثبت سفته‌ها به کار می‌رود.","iscorrect":0}]},{"id":"5135","description":"کدام یک از گزینه‌های زیر مثالی از جریانهای نقدی ورودی را نشان می‌دهد؟","answers":[{"id":"19591","description":"وجوه نقد دریافت شده از مشتریان بابت فروش کالا و ارائه خدمات و یا دریافتهای نقدی حاصل از حق امتیاز، کارمزد و سایر درآمدهای عملیاتی.","iscorrect":1},{"id":"19592","description":"وجوه نقد پرداخت شده به فروشندگان بابت خرید مواد اولیه و خدمات، پرداختهای نقدی به کارکنان واحد تجاری و یا پرداختهای نقدی بابت مزایای پایان خدمت کارکنان.","iscorrect":0},{"id":"19593","description":"گردش چک‌ها در شرکت","iscorrect":0},{"id":"19594","description":"گردش سفته‌ها در شرکت","iscorrect":0}]},{"id":"5136","description":"تخفیف ................ به تخفیفی می‌گویند که در آن در قیمت کالا نسبت به قیمت رایج آن در بازار کاهش داده می‌شود. این نوع تخفیف معمولا به صورت درصد تعیین می‌شود.","answers":[{"id":"19595","description":"بابت معیوب بودن کالا","iscorrect":0},{"id":"19596","description":"تجاری","iscorrect":1},{"id":"19597","description":"رسانه‌ای","iscorrect":0},{"id":"19598","description":"غیر رسانه‌ای","iscorrect":0}]},{"id":"5137","description":"کدام‌ یک از تعاریف زیر تعریف تخصصی اسناد تجاری است؟","answers":[{"id":"19599","description":"در تعریف تخصصی اسناد تجاری، کلیه‌ی سندهای یک شرکت، اعم از اسناد خرید و فروش و همچنین قراردادهایش با شرکت‌های دیگر را اسناد تجاری می‌گویند.","iscorrect":0},{"id":"19600","description":"اسناد تجاری به طور تخصصی به اسنادی گفته می‌شوند که که قابل نقل و انتقال هستند، متضمن پرداخت مبلغ معینی در زمان مشخصی هستند، به جای پول وسیله پرداخت قرار می‌گیرند و از مقررات قانونی ویژه‌ای پیروی می‌کنند.","iscorrect":1},{"id":"19601","description":"اسناد تجاری به طور تخصصی فقط شامل سندهای فروش می‌شود.","iscorrect":0},{"id":"19602","description":"اسناد تجاری به طور تخصصی فقط شامل سندهای خرید می‌شود.","iscorrect":0}]},{"id":"5138","description":"کدام‌ یک از گزینه‌های زیر صحیح نیست؟","answers":[{"id":"19603","description":"حساب تنخواه به هیچ عنوان به عنوان دارایی محسوب نمی‌شود.","iscorrect":1},{"id":"19604","description":"برای ثبت عملیات مالی تنخواه گردان از دو روش استفاده می‌شود: روش تنخواه گردان ثابت- روش تنخواه گردان متغیر.","iscorrect":0},{"id":"19605","description":"به وجوهی که شرکت آنها را در دفاتر خود ثبت کرده ولی به هر علتی تا پایان ماه در دفاتر بانک ثبت نشده است اقلام باز دفاتر شرکت می‌گویند.","iscorrect":0},{"id":"19606","description":"حساب صندوق برای امور روزمره مانند پرداخت‌ها و دریافت‌ها وجه نقد مورد استفاده قرار می‌گیرد که تحت عنوان صندوق در دفتر حسابداری ثبت می‌شود.","iscorrect":0}]},{"id":"5139","description":"منظور از «حسابهای مختلط» چیست؟","answers":[{"id":"19607","description":"آنهایی هستند که مانده آنها به دوره بعد منتقل می‌شود. مانند دارایی‌ها، بدهی‌ها، و سرمایه. به این حساب‌ها حسا‌های مختلط هم می‌گویند.","iscorrect":0},{"id":"19608","description":"آنهایی هستند که در پایان سال مالی بسته می‌شوند. مانند حسابهای درآمد و هزینه و برداشت. به این حساب‌ها به استثنای حساب برداشت، حسابهای مختلط می‌گویند.","iscorrect":0},{"id":"19609","description":"برخی از حساب‌ها دوگانه هستند یعنی بخشی از آنها دائمی و بخش دیگری از آن موقت است که به همین خاطر به آنها حسابهای مختلط می‌گویند.","iscorrect":1},{"id":"19610","description":"هیچ‌ کدام","iscorrect":0}]},{"id":"5140","description":"کدام گزینه صحیح نیست؟","answers":[{"id":"19611","description":"حسابهای موقت باید در پایان دوره مالی بسته شوند.","iscorrect":0},{"id":"19612","description":"مانده مالی حسابهای موقت به سال مالی بعد منتقل می‌شود.","iscorrect":1},{"id":"19613","description":"حسابهای موقت شامل حسابهای درآمد، هزینه‌ها و حساب برداشت هستند.","iscorrect":0},{"id":"19614","description":"جهت بستن حسابهای موقت باید از یک حساب رابط و واسطه به نام حساب خلاصه سود و زیان استفاده کنیم.","iscorrect":0}]},{"id":"5141","description":"کدام‌ یک از گزینه‌های زیر تعریف اصل و یا «فرض تفکیک شخصیت» است؟","answers":[{"id":"19615","description":"بر اساس این فرض موسسه در آینده عملیات خود را ادامه خواهد داد انحلال یا توقف فعالیت ندارد. به همین خاطر است که بعضی از حساب‌ها در پایان یک دوره مالی به دوره بعدی انتقال می‌یابد.","iscorrect":0},{"id":"19616","description":"بر اساس این اصل هر موسسه دارای شخصیتی مستقل از مالک یا مالکان آن دارد و فعالیت‌های مالی آن به اعتبار شخصیت مستقل آن تجزیه و تحلیل می‌شود.","iscorrect":1},{"id":"19617","description":"به طور کلی نتایج واقعی کسب و کار یک شرکت را می‌توان در پایان آن و پس از وصول کلیه مطالبات و فروش دارایی‌ها به طور دقیق بیان کرد. ولی معمولا عمر یک موسسه را به دوره‌های زمانی کوتاه‌تر تقسیم می‌کنند.","iscorrect":0},{"id":"19618","description":"بر اساس این اصل درآمد‌ها به محض تحقق و هزینه‌ها به محض تحمیل بدون توجه به زمان دریافت یا پرداخت ثبت می‌شوند.","iscorrect":0}]}]},{"score":"50","questions":[{"id":"5142","description":"کدام ‌یک از گزینه‌های زیر نتیجه فرآیند حسابداری در یک موسسه به شمار می‌رود؟","answers":[{"id":"19619","description":"بدهی‌ها","iscorrect":0},{"id":"19620","description":"سرمایه‌ها","iscorrect":0},{"id":"19621","description":"گزارش‌های مالی","iscorrect":1},{"id":"19622","description":"دارایی‌ها","iscorrect":0}]},{"id":"5143","description":".......................... عبارت از نوشته‌ای است که در آن یک یا چند مورد از عملیات مالی و پولی نوشته شده و بر حسب مورد بدهکار یا بستانکار می‌شوند و پس از امضای مرجع ذی صلاح قابل ثبت در دفا‌تر معین است.","answers":[{"id":"19623","description":"دفتر کل","iscorrect":0},{"id":"19624","description":"برگه یا سند","iscorrect":1},{"id":"19625","description":"دسته چک","iscorrect":0},{"id":"19626","description":"سفته","iscorrect":0}]},{"id":"5144","description":"کدام ‌یک از گزینه‌های زیر یک «صورت مالی» به شمار نمی‌رود؟","answers":[{"id":"19627","description":"صورت سود و زیان","iscorrect":0},{"id":"19628","description":"صورت وضعیت مالی یا ترازنامه","iscorrect":0},{"id":"19629","description":"صورت تغییرات سرمایه","iscorrect":0},{"id":"19630","description":"صورت بدهکاری و بستانکاری","iscorrect":1}]},{"id":"5145","description":"«حساب خرید» در کدام‌ یک از سیستم‌های زیر استفاده می‌شود؟","answers":[{"id":"19631","description":"سیستم ثبت ادواری","iscorrect":1},{"id":"19632","description":"سیستم ثبت تجاری","iscorrect":0},{"id":"19633","description":"سیستم ثبت دائمی","iscorrect":0},{"id":"19634","description":"سیستم ثبت موقتی","iscorrect":0}]},{"id":"5146","description":".............................. نوشته‌ای است که به موجب آن صادر کننده، وجهی را مسترد یا به دیگری واگذار می‌کند.","answers":[{"id":"19635","description":"سند فروش","iscorrect":0},{"id":"19636","description":"سند خرید","iscorrect":0},{"id":"19637","description":"چک","iscorrect":1},{"id":"19638","description":"فاکتور","iscorrect":0}]},{"id":"5147","description":"معمولا شرکت‌ها پرداخت‌های خود را از طریق چک انجام می دهند. با این حال پرداخت هزینه‌های جزیی از حساب امکان‌پذیر و معقول نیست. برای حل این مشکل مبلغی پول در اختیار یک یا چند نفر از کارکنان شرکت قرار می‌گیرد که هزینه‌های جزیی را پرداخت کنند. به این مبلغ...................... می‌گویند.","answers":[{"id":"19639","description":"چک","iscorrect":0},{"id":"19640","description":"تنخواه گردان","iscorrect":1},{"id":"19641","description":"سفته","iscorrect":0},{"id":"19642","description":"برات","iscorrect":0}]},{"id":"5148","description":"کدام ‌یک از گزینه‌های زیر تعریف «حسابهای موقت» است؟","answers":[{"id":"19643","description":"آنهایی هستند که مانده آنها به دوره بعد منتقل می‌شود. مانند دارایی‌ها، بدهی‌ها، و سرمایه. به این حساب‌ها حسابهای ترازنامه‌ای هم می‌گویند.","iscorrect":0},{"id":"19644","description":"آنهایی هستند که در پایان سال مالی بسته می‌شوند. مانند حسابهای درآمد و هزینه و برداشت. به این حساب‌ها به استثنای حساب برداشت، حسابهای موقت می‌گویند.","iscorrect":1},{"id":"19645","description":"برخی از حساب‌ها دوگانه هستند یعنی بخشی از آنها دائمی و بخش دیگری از آن موقت است که به همین خاطر به آنها حسابهای موقت می‌گویند.","iscorrect":0},{"id":"19646","description":"هیچ ‌کدام","iscorrect":0}]},{"id":"5149","description":"با توجه به انتقال یا عدم انتقال مانده به سال بعد، حساب‌ها را می‌توان به سه دسته تقسیم کرد. کدام‌ گزینه، جز این سه دسته نیست؟","answers":[{"id":"19647","description":"حسابهای دائمی","iscorrect":0},{"id":"19648","description":"حسابهای موقت","iscorrect":0},{"id":"19649","description":"حسابهای مختلط","iscorrect":0},{"id":"19650","description":"حسابهای مربوط به رسانه‌ها","iscorrect":1}]},{"id":"5150","description":"کدام‌ یک از گزینه‌های زیر از عملیات «چرخه حسابداری» به شمار نمی‌رود؟","answers":[{"id":"19651","description":"جمع آوری کلیه اطلاعات مالی موسسه","iscorrect":0},{"id":"19652","description":"تجزیه و تحلیل کلیه معاملات و عملیات مالی موسسه","iscorrect":0},{"id":"19653","description":"ثبت کلیه معاملات و عملیات مالی موسسه در دفتر مالی","iscorrect":0},{"id":"19654","description":"پرداخت‌ چک‌های بدهکاری ۶ ماه گذشته شرکت به صورت اینترنتی‌","iscorrect":1}]},{"id":"5151","description":"کدام ‌یک از گزینه‌های زیر از اصول حسابداری به شمار نمی‌رود؟","answers":[{"id":"19655","description":"اصل بهای تمام شده","iscorrect":0},{"id":"19656","description":"اصل تحقق درآمد","iscorrect":0},{"id":"19657","description":"اصل تطابق هزینه‌ها با درآمد‌ها","iscorrect":0},{"id":"19658","description":"اصل پرداخت به موقع چک‌ها و سفته‌ها","iscorrect":1}]}]}]}]}