{"courseId":"32","contents":[{"name":"مقدمه","id":"296","contentorder":"1","lesson_number":1,"type":0,"filename":"lesson296.html"},{"name":"مروری بر اپلیکیشن های گوگل","id":"293","contentorder":"2","lesson_number":2,"type":0,"filename":"lesson293.html"},{"name":"نگاهی کلی به گوگل داکس- بخش اول","id":"294","contentorder":"3","lesson_number":3,"type":0,"filename":"lesson294.html"},{"name":"نگاهی کلی به گوگل داکس- بخش دوم","id":"295","contentorder":"4","lesson_number":4,"type":0,"filename":"lesson295.html"},{"name":"داکیومنت (Document)- بخش اول","id":"297","contentorder":"5","lesson_number":5,"type":0,"filename":"lesson297.html"},{"name":"داکیومنت (Document)- بخش دوم","id":"298","contentorder":"6","lesson_number":6,"type":0,"filename":"lesson298.html"},{"name":"داکیومنت (Document)","id":"468","contentorder":"7","type":1,"set":[{"score":"50","questions":[{"id":"1395","description":"برای انتشار یک داکیومنت به صورت عمومی بر روی اینترنت باید از چه گزینه ای استفاده کرد؟","answers":[{"id":"5378","description":"New","iscorrect":0},{"id":"5379","description":"Share","iscorrect":0},{"id":"5380","description":"Comment","iscorrect":0},{"id":"5381","description":"Publish to the Web","iscorrect":1}]},{"id":"1396","description":"به کمک کدام گزینه می توان وضعیت یک داکیومنت را به حالت قبل بازگرداند؟","answers":[{"id":"5382","description":"Edit","iscorrect":0},{"id":"5383","description":"Undo","iscorrect":1},{"id":"5384","description":"Redo","iscorrect":0},{"id":"5385","description":"Paste","iscorrect":0}]},{"id":"1397","description":"برای نوشتن پاورقی باید از کدام گزینه استفاده کرد؟","answers":[{"id":"5386","description":"Comment","iscorrect":0},{"id":"5387","description":"Drawing","iscorrect":0},{"id":"5388","description":"Footnote","iscorrect":1},{"id":"5389","description":"Equation","iscorrect":0}]},{"id":"1398","description":"تفاوت Page number با Page count در چیست؟","answers":[{"id":"5390","description":"به ترتیب: شمارش کل صفحه ها- شماره گذاری صفحه ها","iscorrect":0},{"id":"5391","description":"به ترتیب: شماره گذاری صفحه ها- شمارش کل صفحه ها","iscorrect":1},{"id":"5392","description":"به ترتیب: شماره کلمات- شمارش صفحه","iscorrect":0},{"id":"5393","description":"تفاوتی با هم ندارند.","iscorrect":0}]}]},{"score":"50","questions":[{"id":"1399","description":"به کمک کدام گزینه می توان بر روی یک عبارت در داکیومنت خط کشید؟","answers":[{"id":"5394","description":"Bold","iscorrect":0},{"id":"5395","description":"Italic","iscorrect":0},{"id":"5396","description":"Strikthrough","iscorrect":1},{"id":"5397","description":"Underline","iscorrect":0}]},{"id":"1400","description":"برای تغییر فاصله بین خطوط در یک داکیومنت باید از چه گزینه ای استفاده کرد؟","answers":[{"id":"5398","description":"Align","iscorrect":0},{"id":"5399","description":"Line spacing","iscorrect":1},{"id":"5400","description":"List styles","iscorrect":0},{"id":"5401","description":"Clear formatting","iscorrect":0}]},{"id":"1401","description":"برای اطلاع از تعداد کل کلمات تایپ شده در یک داکیومنت باید از کدام گزینه استفاده کرد؟","answers":[{"id":"5402","description":"Word count","iscorrect":1},{"id":"5403","description":"Define","iscorrect":0},{"id":"5404","description":"Page number","iscorrect":0},{"id":"5405","description":"Page count","iscorrect":0}]},{"id":"1402","description":"کاربرد گزینه Translate document چیست؟","answers":[{"id":"5406","description":"به کمک آن می توان یک داکیومنت را به داکیومنت دیگری منتقل کرد.","iscorrect":0},{"id":"5407","description":"به کمک آن می توان محتوا یک داکیومنت را به زبان دیگری ترجمه کرد.","iscorrect":1},{"id":"5408","description":"به کمک آن می توان چند داکیومنت را با یکدیگر مخلوط کرد.","iscorrect":0},{"id":"5409","description":"هیچکدام","iscorrect":0}]}]}]},{"name":"اسپرد شیت (Spreadsheet)- بخش اول","id":"299","contentorder":"8","lesson_number":7,"type":0,"filename":"lesson299.html"},{"name":"اسپرد شیت (Spreadsheet)- بخش دوم","id":"300","contentorder":"9","lesson_number":8,"type":0,"filename":"lesson300.html"},{"name":"اسپرد شیت (Spreadsheet)","id":"470","contentorder":"10","type":1,"set":[{"score":"60","questions":[{"id":"1403","description":"در اسپرد شیت کدام فرمت را نمی توان دورن ریزی (Import) کرد؟","answers":[{"id":"5410","description":"xls","iscorrect":0},{"id":"5411","description":"xslx","iscorrect":0},{"id":"5412","description":"tab","iscorrect":0},{"id":"5413","description":"zip","iscorrect":1}]},{"id":"1404","description":"منظور از سل (Cell) در اسپرد شیت چیست؟","answers":[{"id":"5414","description":"به تمامی خانه های موجود در اسپرد شیت سل گفته می شود.","iscorrect":0},{"id":"5415","description":"اگر کل اسپرد شیت را یک جدول فرض کنیم، هر خانه این جدول را اصطلاحا سل (Cell) می نامند.","iscorrect":1},{"id":"5416","description":"اگر کل اسپرد شیت را یک جدول فرض کنیم، هر ستون این جدول را اصطلاحا سل (Cell) می نامند.","iscorrect":0},{"id":"5417","description":"اگر کل اسپرد شیت را یک جدول فرض کنیم، هر ردیف این جدول را اصطلاحا سل (Cell) می نامند.","iscorrect":0}]},{"id":"1405","description":"برای رسم نمودار در اسپرد شیت باید از کدام گزینه استفاده کرد؟","answers":[{"id":"5418","description":"Format","iscorrect":0},{"id":"5419","description":"Edit","iscorrect":0},{"id":"5420","description":"Insert","iscorrect":0},{"id":"5421","description":"Chart","iscorrect":1}]}]},{"score":"60","questions":[{"id":"1406","description":"اگر بخواهیم عددی را که در یک سل نوشته ایم را به صورت واحد پولی مانند دلار نشان دهیم، به کمک کدام گزینه می توانیم این ویژگی را تعریف کنیم؟","answers":[{"id":"5422","description":"Insert","iscorrect":0},{"id":"5423","description":"Format","iscorrect":0},{"id":"5424","description":"Number","iscorrect":1},{"id":"5425","description":"این امکان در اسپریت شیت تعبیه نشده است.","iscorrect":0}]},{"id":"1407","description":"برای مرتب کردن داده ها در یک ستون از چه گزینه ای باید استفاده کرد؟","answers":[{"id":"5426","description":"Chart","iscorrect":0},{"id":"5427","description":"Sort range","iscorrect":0},{"id":"5428","description":"Sort sheet by column X","iscorrect":0},{"id":"5429","description":"موارد دوم و سوم","iscorrect":1}]},{"id":"1408","description":"برای خط کشیدن روی محتوای یک سل از چه گزینه ای باید استفاده کرد؟","answers":[{"id":"5430","description":"Bold","iscorrect":0},{"id":"5431","description":"Italic","iscorrect":0},{"id":"5432","description":"Underline","iscorrect":1},{"id":"5433","description":"Strikethrough","iscorrect":0}]}]}]},{"name":"پرزنتیشن (Presentation)","id":"301","contentorder":"11","lesson_number":9,"type":0,"filename":"lesson301.html"},{"name":"پرزنتیشن (Presentation)","id":"472","contentorder":"12","type":1,"set":[{"score":"60","questions":[{"id":"1409","description":"از طریق کدام گزینه می توان یک فایل پاورپوینت را در یک پرزنتیشن وارد کرد؟","answers":[{"id":"5434","description":"Animation","iscorrect":0},{"id":"5435","description":"Import Slides","iscorrect":1},{"id":"5436","description":"Download as","iscorrect":0},{"id":"5437","description":"Insert","iscorrect":0}]},{"id":"1410","description":"اگر بخواهیم پیش زمینه یک اسلاید را تغییر دهیم، باید از کدام گزینه کمک گرفت؟","answers":[{"id":"5438","description":"Animation","iscorrect":0},{"id":"5439","description":"Insert","iscorrect":0},{"id":"5440","description":"Slide","iscorrect":0},{"id":"5441","description":"Background","iscorrect":1}]},{"id":"1411","description":"برای دیدن اسلایدها در حالت استاندارد، باید از چه گزینه ای استفاده کرد؟","answers":[{"id":"5442","description":"Fit","iscorrect":1},{"id":"5443","description":"Zoom In","iscorrect":0},{"id":"5444","description":"Zoom Out","iscorrect":0},{"id":"5445","description":"این امکان وجود ندارد.","iscorrect":0}]}]},{"score":"60","questions":[{"id":"1412","description":"برای تغییر پوسته پرزنتیشن باید از چه گزینه ای استفاده کرد؟","answers":[{"id":"5446","description":"Shape","iscorrect":0},{"id":"5447","description":"Change theme","iscorrect":1},{"id":"5448","description":"Change layout","iscorrect":0},{"id":"5449","description":"‌Background","iscorrect":0}]},{"id":"1413","description":"برای اینکه به اسلایدها افکت های خاصی بدهیم باید از چه گزینه ای استفاده کرد؟","answers":[{"id":"5450","description":"Animation","iscorrect":1},{"id":"5451","description":"Change layout","iscorrect":0},{"id":"5452","description":"Background","iscorrect":0},{"id":"5453","description":"Fit","iscorrect":0}]},{"id":"1414","description":"اگر بخواهید از یک اسلاید یک کپی برابر اصل آن بگیرید، از چه گزینه ای باید استفاده کرد؟","answers":[{"id":"5454","description":"Copy","iscorrect":0},{"id":"5455","description":"Duplicate slide","iscorrect":1},{"id":"5456","description":"Slide","iscorrect":0},{"id":"5457","description":"این امکان در وجود ندارد.","iscorrect":0}]}]}]},{"name":"ترسیم (Drawing)","id":"302","contentorder":"13","lesson_number":10,"type":0,"filename":"lesson302.html"},{"name":"فرم (Form)","id":"303","contentorder":"14","lesson_number":11,"type":0,"filename":"lesson303.html"},{"name":"فرم (Form)","id":"474","contentorder":"15","type":1,"set":[{"score":"60","questions":[{"id":"1415","description":"در فرم می توان چند نوع سوال درست کرد؟","answers":[{"id":"5458","description":"۴","iscorrect":0},{"id":"5459","description":"۵","iscorrect":0},{"id":"5460","description":"۷","iscorrect":1},{"id":"5461","description":"۸","iscorrect":0}]},{"id":"1416","description":"برای طراحی سوالی که بتوان به آن از صفر تا ۱۰ نمره دهید، از چه نوع سوالی باید استفاده کرد؟","answers":[{"id":"5462","description":"Scale","iscorrect":1},{"id":"5463","description":"Checkboxes","iscorrect":0},{"id":"5464","description":"Multiple choice","iscorrect":0},{"id":"5465","description":"Choose from a list","iscorrect":0}]},{"id":"1417","description":"کارکرد Make this a required question چیست؟","answers":[{"id":"5466","description":"پاسخ به سوال اختیاری می شود.","iscorrect":0},{"id":"5467","description":"پاسخ به سوال اجباری می شود.","iscorrect":1},{"id":"5468","description":"سوال چند گزینه ای می شود.","iscorrect":0},{"id":"5469","description":"هیچکدام","iscorrect":0}]}]},{"score":"60","questions":[{"id":"1418","description":"برای طراحی سوال چند گزینه ای، از چه نوع سوالی باید استفاده کرد؟","answers":[{"id":"5470","description":"Scale","iscorrect":0},{"id":"5471","description":"Checkboxes","iscorrect":0},{"id":"5472","description":"Multiple choice","iscorrect":1},{"id":"5473","description":"Choose from a list","iscorrect":0}]},{"id":"1419","description":"برای ایجاد سوالی که پاسخ آن را بتوان به صورت تشریحی داد از چه نوع سوالی می توان استفاده کرد؟","answers":[{"id":"5474","description":"Paragraph text","iscorrect":1},{"id":"5475","description":"Grid","iscorrect":0},{"id":"5476","description":"Choose from a list","iscorrect":0},{"id":"5477","description":"Checkboxes","iscorrect":0}]},{"id":"1420","description":"Choose from a list چه نوعی سوالی را ایجاد می کند؟","answers":[{"id":"5478","description":"سوالات چهار گزینه ای","iscorrect":0},{"id":"5479","description":"سوالاتی با پاسخ هایی به صورت لیستی آبشاری","iscorrect":1},{"id":"5480","description":"سوالاتی با قابلیت انتخاب چندین پاسخ همزمان","iscorrect":0},{"id":"5481","description":"سوالاتی با قابلیت نوشتن پاسخ های تشریحی","iscorrect":0}]}]}]},{"name":"به اشتراک گذاری و حاشیه های آن","id":"304","contentorder":"16","lesson_number":12,"type":0,"filename":"lesson304.html"},{"name":"به اشتراک گذاری و حاشیه های آن","id":"476","contentorder":"17","type":1,"set":[{"score":"60","questions":[{"id":"1421","description":"برای دسترسی به تمام کالکشن هایی که ایجاد کرده ایم، باید از کدام گزینه استفاده کرد؟","answers":[{"id":"5482","description":"Collections","iscorrect":0},{"id":"5483","description":"My collections","iscorrect":1},{"id":"5484","description":"Collections shared with me","iscorrect":0},{"id":"5485","description":"هیچکدام","iscorrect":0}]},{"id":"1422","description":"برای به اشتراک گذاری یک فایل با دیگران در گوگل داکس چند روش وجود دارد؟","answers":[{"id":"5486","description":"۱","iscorrect":0},{"id":"5487","description":"۲","iscorrect":1},{"id":"5488","description":"۳","iscorrect":0},{"id":"5489","description":"۴","iscorrect":0}]},{"id":"1423","description":"گزینه Comment از چه طریقی در دسترس است؟","answers":[{"id":"5490","description":"Insert","iscorrect":1},{"id":"5491","description":"File","iscorrect":0},{"id":"5492","description":"Help","iscorrect":0},{"id":"5493","description":"Tools","iscorrect":0}]}]},{"score":"60","questions":[{"id":"1424","description":"کارکرد Email collaborators چیست؟","answers":[{"id":"5494","description":"ارسال ایمیل از طریق جیمیل","iscorrect":0},{"id":"5495","description":"ارسال ایمیل به تمامی افرادی که به یک فایل در گوگل داکس دسترسی دارند.","iscorrect":1},{"id":"5496","description":"به اشتراک گذاری فایل در گوگل داکس","iscorrect":0},{"id":"5497","description":"هیچکدام","iscorrect":0}]},{"id":"1425","description":"برای یادداشت گذاشتن در یک داکیومنت بدون آنکه محتوا و ساختار داکیومنت را تغییر دهیم، از چه گزینه ای باید استفاده کنیم؟","answers":[{"id":"5498","description":"Share","iscorrect":0},{"id":"5499","description":"Comment","iscorrect":1},{"id":"5500","description":"Insert","iscorrect":0},{"id":"5501","description":"Collection","iscorrect":0}]},{"id":"1426","description":"برای دسترسی به تمامی فایل هایی که دیگران با ما به اشتراک گذاشته اند باید کدام گزینه را انتخاب کرد؟","answers":[{"id":"5502","description":"Owned by me","iscorrect":0},{"id":"5503","description":"Share","iscorrect":0},{"id":"5504","description":"Collections shared with me","iscorrect":1},{"id":"5505","description":"All items","iscorrect":0}]}]}]},{"name":"جمع بندی گوگل داکس","id":"305","contentorder":"18","lesson_number":13,"type":0,"filename":"lesson305.html"}]}