{"courseId":"51","contents":[{"name":"مقدمه","id":"440","contentorder":"1","lesson_number":1,"type":0,"filename":"lesson440.html"},{"name":"درس اول- تدوین در سینما","id":"427","contentorder":"2","lesson_number":2,"type":0,"filename":"lesson427.html"},{"name":"تدوین در سینما","id":"698","contentorder":"3","type":1,"set":[{"score":"60","questions":[{"id":"2473","description":"کدام یک از گزاره های زیر درست است؟","answers":[{"id":"9419","description":"تدوین، مهمترین تمهید سینمایی است.","iscorrect":0},{"id":"9420","description":"تدوینگر همان کارگردان فیلم است.","iscorrect":0},{"id":"9421","description":"کارگردان می تواند تدوینگر فیلم خودش هم باشد.","iscorrect":1},{"id":"9422","description":"تدوین معمولا در جریان فیلمبرداری یک فیلم انجام می شود.","iscorrect":0}]},{"id":"2474","description":"تدوین در سینما اساسا به چه منظوری انجام می شود؟","answers":[{"id":"9423","description":"برای چسباندن نماهای فیلم به هم.","iscorrect":0},{"id":"9424","description":"برای ساده کردن عمل فیلمبرداری","iscorrect":0},{"id":"9425","description":"برای رسیدن به یک خط روایی ساده","iscorrect":1},{"id":"9426","description":"برای کمتر شدن هزینه یک فیلم","iscorrect":0}]},{"id":"2475","description":"کات (برش) چیست؟","answers":[{"id":"9427","description":"تغییر تدریجی یک نماست.","iscorrect":0},{"id":"9428","description":"روی هم قرار گرفتن دو نمای مختلف است.","iscorrect":0},{"id":"9429","description":"تغییر ناگهانی یک نما به نمای دیگر است.","iscorrect":1},{"id":"9430","description":"هیچکدام","iscorrect":0}]},{"id":"2476","description":"دیزالو در کارهای کدام کارگردان های آمریکایی زیر نقش مهمی داشت؟","answers":[{"id":"9431","description":"جان فورد","iscorrect":0},{"id":"9432","description":"الیا کازان","iscorrect":0},{"id":"9433","description":"اورسون ولز","iscorrect":0},{"id":"9434","description":"آلفرد هیچکاک","iscorrect":1}]},{"id":"2477","description":"فید- این چیست؟","answers":[{"id":"9435","description":"همان دیزالو دو تصویر مختلف است.","iscorrect":0},{"id":"9436","description":"تصویر به تدریچ محو می شود و به سمت سیاهی می رود.","iscorrect":0},{"id":"9437","description":"تصویر به تدریج از دل سیاهی ظاهر می شود.","iscorrect":1},{"id":"9438","description":"تصویر به نمای دیگر برش می خورد.","iscorrect":0}]}]},{"score":"60","questions":[{"id":"2478","description":"روبیدن یا جارو کردن تصویر در سینما چه نام دارد؟","answers":[{"id":"9439","description":"دیزالو","iscorrect":0},{"id":"9440","description":"وایپ","iscorrect":1},{"id":"9441","description":"فید","iscorrect":0},{"id":"9442","description":"سوپر ایمپوز","iscorrect":0}]},{"id":"2479","description":"تداوم فیزیکی چیست؟","answers":[{"id":"9443","description":"همان تداوم مفهومی است.","iscorrect":0},{"id":"9444","description":"پیوند تصادفی نماهاست.","iscorrect":0},{"id":"9445","description":"قابلیت هم نشینی و پیوند دو نمای مختلف است.","iscorrect":1},{"id":"9446","description":"ارتباط فیزیکی بین صحنه هاست.","iscorrect":0}]},{"id":"2480","description":"خاصیت تدوین تداومی چیست؟","answers":[{"id":"9447","description":"ایجاد ارتباط بین نماهای مختلف و پراکنده","iscorrect":0},{"id":"9448","description":"ایجاد فضای صحنه ای است که بیننده آن را باور می کند.","iscorrect":0},{"id":"9449","description":"حفظ تداوم فیزیکی و فضایی بین نماهاست.","iscorrect":0},{"id":"9450","description":"هر سه گزینه","iscorrect":1}]},{"id":"2481","description":"کدام یک از گزاره های زیر درست است؟","answers":[{"id":"9451","description":"جهت نگاه بازیگرها می تواند هنگام مکالمه تغییر کند.","iscorrect":0},{"id":"9452","description":"برای پیوند بین دو نمای مختلف، باید بین آنها از نظر رنگ و نور تداوم وجود داشته باشد.","iscorrect":1},{"id":"9453","description":"اگر بازیگری از سمت راست پرده خارج شد، در نمای بعد باید از سمت راست پرده وارد شود.","iscorrect":0},{"id":"9454","description":"هیچکدام","iscorrect":0}]},{"id":"2482","description":"آکیرا کوروساوا در فیلم هفت سامورایی از کدام ویژگی اپتیکال بیشتر استفاده کرده است؟","answers":[{"id":"9455","description":"وایپ","iscorrect":1},{"id":"9456","description":"دیزالو","iscorrect":0},{"id":"9457","description":"فید","iscorrect":0},{"id":"9458","description":"هیچکدام","iscorrect":0}]}]}]},{"name":"درس دوم- میزانسن در سینما","id":"428","contentorder":"4","lesson_number":3,"type":0,"filename":"lesson428.html"},{"name":"میزانسن در سینما","id":"680","contentorder":"5","type":1,"set":[{"score":"60","questions":[{"id":"2383","description":"معنی تحت اللفظی میزانسن چیست؟","answers":[{"id":"9061","description":"نورپردازی صحنه","iscorrect":0},{"id":"9062","description":"دکوراسیون صحنه","iscorrect":0},{"id":"9063","description":"صحنه پردازی","iscorrect":1},{"id":"9064","description":"رهبری بازیگر","iscorrect":0}]},{"id":"2384","description":"کدام یک از موارد زیر از عناصر میزانسن به شمار می روند؟","answers":[{"id":"9065","description":"مونتاژ موازی","iscorrect":0},{"id":"9066","description":"حالات و حرکات بازیگر","iscorrect":0},{"id":"9067","description":"حرکت دوربین","iscorrect":0},{"id":"9068","description":"موارد ب و ج","iscorrect":1}]},{"id":"2385","description":"کدام فیلمساز ایرانی، برداشت خود را از تاریخ دوره قاجار در فیلم هایش ارائه کرده است؟","answers":[{"id":"9069","description":"بهرام بیضایی","iscorrect":0},{"id":"9070","description":"علی حاتمی","iscorrect":1},{"id":"9071","description":"مسعود کیمیایی","iscorrect":0},{"id":"9072","description":"امیر نادری","iscorrect":0}]},{"id":"2386","description":"در کدام از یک از سبک های سینمایی زیر، معماری و طراحی صحنه به جای واقعیت از کابوس ها و ذهنیات فیلمساز نشات گرفته است؟","answers":[{"id":"9073","description":"اکسپرسیونیسم","iscorrect":0},{"id":"9074","description":"سوررئالیسم","iscorrect":0},{"id":"9075","description":"ناتورالیسم","iscorrect":0},{"id":"9076","description":"موارد الف و ب","iscorrect":1}]},{"id":"2387","description":"کدام یک از گزاره های زیر درست است؟","answers":[{"id":"9077","description":"لباس و لوازم صحنه از عناصر میزانسن اند.","iscorrect":0},{"id":"9078","description":"لباس و عناصر صحنه نقش مهمی در فیلم ندارند.","iscorrect":1},{"id":"9079","description":"لباس بازیگران مهم تر از اشیا صحنه است.","iscorrect":0},{"id":"9080","description":"هیچکدام","iscorrect":0}]}]},{"score":"60","questions":[{"id":"2388","description":"یکی از اهداف اصلی گریم بازیگران در سینما چیست؟","answers":[{"id":"9081","description":"خنداندن تماشاگر","iscorrect":0},{"id":"9082","description":"رسیدن به واقع گرایی","iscorrect":1},{"id":"9083","description":"جدا کردن بازیگران از نقش","iscorrect":0},{"id":"9084","description":"موارد ب و ج","iscorrect":0}]},{"id":"2389","description":"هدف از نورپردازی در فیلم چیست؟","answers":[{"id":"9085","description":"روشن کردن صحنه","iscorrect":0},{"id":"9086","description":"ایجاد تاثیرات دراماتیک و زیبایی شناختی","iscorrect":0},{"id":"9087","description":"شخصیت پردازی","iscorrect":0},{"id":"9088","description":"هر سه مورد","iscorrect":1}]},{"id":"2390","description":"نورپردازی تند و شدید چه تاثیری در فیلمبرداری دارد؟","answers":[{"id":"9089","description":"باعث محو سایه ها می شود.","iscorrect":0},{"id":"9090","description":"کنتراست شدیدی ایجاد می کند.","iscorrect":1},{"id":"9091","description":"فضای تختی ایجاد می کند.","iscorrect":0},{"id":"9092","description":"تاثیری ندارد.","iscorrect":0}]},{"id":"2391","description":"از نورپردازی نرم در چه نوع فیلم هایی استفاده می شود؟","answers":[{"id":"9093","description":"فیلم های تاریخی","iscorrect":0},{"id":"9094","description":"فیلم های ترسناک","iscorrect":0},{"id":"9095","description":"فیلم های جنگی","iscorrect":0},{"id":"9096","description":"فیلم های کمدی و فانتزی","iscorrect":1}]},{"id":"2392","description":"نوری که از پایین به صورت بازیگر بتابد، چه حالتی به چهره بازیگر خواهد داد؟","answers":[{"id":"9097","description":"شاد","iscorrect":0},{"id":"9098","description":"غمگین","iscorrect":0},{"id":"9099","description":"مخوف و شیطانی","iscorrect":1},{"id":"9100","description":"بی تفاوت","iscorrect":0}]}]}]},{"name":"درس سوم- بازیگری در سینما","id":"429","contentorder":"6","lesson_number":4,"type":0,"filename":"lesson429.html"},{"name":"بازیگری در سینما","id":"682","contentorder":"7","type":1,"set":[{"score":"60","questions":[{"id":"2393","description":"تفاوت بازیگری در دوران صامت و ناطق چیست؟","answers":[{"id":"9101","description":"بازیگران صامت، بازیگران قوی تری بودند.","iscorrect":0},{"id":"9102","description":"قدرت بازیگر ناطق محدود به جنبه های صوتی است.","iscorrect":0},{"id":"9103","description":"قدرت بازیگر صامت محدود به جنبه های بصری بود.","iscorrect":0},{"id":"9104","description":"بازیگر ناطق باید در هر دو زمینه بصری و صوتی توانایی داشته باشد.","iscorrect":1}]},{"id":"2394","description":"سبک بازیگری متد در چه سالی و به وسیله چه کسی معرفی شد؟","answers":[{"id":"9105","description":"در سال ۱۹۴۰ به وسیله جان فورد","iscorrect":0},{"id":"9106","description":"در دهه شصت به وسیله آلفرد هیچکاک","iscorrect":0},{"id":"9107","description":"در سال ۱۹۴۸ و به وسیله لی استراسبورگ","iscorrect":1},{"id":"9108","description":"در سال ۱۹۵۶ به وسیله فریتز لانگ","iscorrect":0}]},{"id":"2395","description":"ویژگی بازیگران فیلم های نئورئالیستی چه بود؟","answers":[{"id":"9109","description":"غیرواقعی بازی می کردند.","iscorrect":0},{"id":"9110","description":"بازی هایشان طبیعی و واقعی بود.","iscorrect":1},{"id":"9111","description":"نوعی تصنع در بازی آنها بود.","iscorrect":0},{"id":"9112","description":"هیچکدام","iscorrect":0}]},{"id":"2396","description":"کدام یک از گزاره های زیر درست است؟","answers":[{"id":"9113","description":"سبک بازی یک بازیگر باید مرتبط با سبک فیلم باشد.","iscorrect":1},{"id":"9114","description":"سبک بازیگری ربطی به سبک یک فیلم ندارد.","iscorrect":0},{"id":"9115","description":"سبک یک بازیگر همان سبک فیلم است.","iscorrect":0},{"id":"9116","description":"بازیگری سبک خاصی ندارد.","iscorrect":0}]},{"id":"2397","description":"در فیلم های کمدی چه نوع بازی ای متداول است؟","answers":[{"id":"9117","description":"بازی های واقع گرایانه","iscorrect":0},{"id":"9118","description":"بازی های ناتورالیستی","iscorrect":0},{"id":"9119","description":"بازی های فاقد حس","iscorrect":0},{"id":"9120","description":"بازی های سبک پردازی شده","iscorrect":1}]}]},{"score":"60","questions":[{"id":"2398","description":"بازی جک نیکلسون در فیلم «تلالو» از چه نوعی است؟","answers":[{"id":"9121","description":"بازی درونی دارد.","iscorrect":0},{"id":"9122","description":"بازی بیرونی دارد.","iscorrect":0},{"id":"9123","description":"ترکیبی از بازی درونی و بیرونی است.","iscorrect":1},{"id":"9124","description":"بازی قابل توجهی ندارد.","iscorrect":0}]},{"id":"2399","description":"بازیگری غیربیانگرانه، ویژگی کدام یک از کارگردان های زیر است؟","answers":[{"id":"9125","description":"ژان پیر ملویل","iscorrect":0},{"id":"9126","description":"ویتوریو دسیکا","iscorrect":0},{"id":"9127","description":"کن لوچ","iscorrect":0},{"id":"9128","description":"روبر برسون","iscorrect":1}]},{"id":"2400","description":"مهم ترین تفاوت بازیگری در تئاتر و سینما چیست؟","answers":[{"id":"9129","description":"بازیگری در تئاتر آسان تر از سینماست.","iscorrect":0},{"id":"9130","description":"بازیگر سینما توانایی هایش بیشتر از بازیگر تئاتر است.","iscorrect":0},{"id":"9131","description":"بازیگر تئاتر مستقیما با تماشاگر روبروست در حالی که ارتباط بازیگر سینما با تماشاگر غیر مستقیم است.","iscorrect":1},{"id":"9132","description":"هر سه درست است.","iscorrect":0}]},{"id":"2401","description":"کدام گزاره درست است؟","answers":[{"id":"9133","description":"در سینما محدودیتی برای کار بازیگر وجود ندارد.","iscorrect":0},{"id":"9134","description":"سبک بازیگری در تئاتر، رئالیستی است.","iscorrect":0},{"id":"9135","description":"بازیگری در تئاتر همیشه با اغراق همراه است.","iscorrect":0},{"id":"9136","description":"بین بازیگری در تئاتر و سینما، هم از نظر تصویری و هم از نظر کلامی، تفاوت های مهمی وجود دارد.","iscorrect":1}]},{"id":"2402","description":"بازیگری در فیلم های اکسپرسیونیستی چگونه است؟","answers":[{"id":"9137","description":"کاملا طبیعی است.","iscorrect":0},{"id":"9138","description":"بدون حس خاص است.","iscorrect":0},{"id":"9139","description":"اغراق آمیز است.","iscorrect":1},{"id":"9140","description":"واقع گرایانه است.","iscorrect":0}]}]}]},{"name":"درس چهارم- مفهوم ژانر فیلم","id":"430","contentorder":"8","lesson_number":5,"type":0,"filename":"lesson430.html"},{"name":"مفهوم ژانر فیلم","id":"684","contentorder":"9","type":1,"set":[{"score":"60","questions":[{"id":"2403","description":"کدام یک از گزاره های زیر درست است؟","answers":[{"id":"9141","description":"ژانر سینمایی همان سبک فیلم است.","iscorrect":0},{"id":"9142","description":"ژانر فیلم با قالب فیلم یکی است.","iscorrect":0},{"id":"9143","description":"دو فیلمساز با دو سبک مختلف نمی توانند در یک ژانر فیلم بسازند.","iscorrect":0},{"id":"9144","description":"ژانر، نوعی دسته بندی فیلم ها بر مبنای عناصر مشترک است.","iscorrect":1}]},{"id":"2404","description":"فیلم «از کرخه تا راین» حاتمی کیا در چه ژانری قرار می گیرد؟","answers":[{"id":"9145","description":"ژانر حادثه ای","iscorrect":0},{"id":"9146","description":"ژانر کمدی","iscorrect":0},{"id":"9147","description":"ژانر جنگی","iscorrect":0},{"id":"9148","description":"ملودرام جنگی","iscorrect":1}]},{"id":"2405","description":"کدامیک از کارگردان های زیر به ساختن فیلم های وسترن مشهور است؟","answers":[{"id":"9149","description":"آلفرد هیچکاک","iscorrect":0},{"id":"9150","description":"جان فورد","iscorrect":1},{"id":"9151","description":"مارتین اسکورسیزی","iscorrect":0},{"id":"9152","description":"استیون اسپیلبرگ","iscorrect":0}]},{"id":"2406","description":"چرا برخی ژانرها به مرور زمان جذابیت خود را از دست می دهند؟","answers":[{"id":"9153","description":"چون ژانرهای دیگری جایگزین آنها می شوند.","iscorrect":0},{"id":"9154","description":"چون نمی توانند با مخاطبان امروزی ارتباط برقرار کنند.","iscorrect":1},{"id":"9155","description":"چون بازیگران آنها مرده اند.","iscorrect":0},{"id":"9156","description":"هیچکدام","iscorrect":0}]},{"id":"2407","description":"کوچه های بن بست، انبارهای کهنه و متروک، کافه ها، بارهای پردود و کلاب های شبانه از مشخصات کدام ژانرند؟","answers":[{"id":"9157","description":"علمی- تخیلی","iscorrect":0},{"id":"9158","description":"حماسی","iscorrect":0},{"id":"9159","description":"کمدی های رمانتیک","iscorrect":0},{"id":"9160","description":"فیلم های نوآر","iscorrect":1}]}]},{"score":"60","questions":[{"id":"2408","description":"فیلم های عباس کیارستمی در چه ژانری قرار می گیرند؟","answers":[{"id":"9161","description":"ملودرام","iscorrect":0},{"id":"9162","description":"حادثه ای","iscorrect":0},{"id":"9163","description":"ژانر خاصی ندارد.","iscorrect":1},{"id":"9164","description":"کمدی رمانتیک","iscorrect":0}]},{"id":"2409","description":"کدام یک از ژانرهای زیر در سینمای ایران وجود ندارد؟","answers":[{"id":"9165","description":"کمدی","iscorrect":0},{"id":"9166","description":"ملودرام","iscorrect":0},{"id":"9167","description":"جنگی","iscorrect":0},{"id":"9168","description":"وسترن","iscorrect":1}]},{"id":"2410","description":"وسترن اسپاگتی به چه نوع ژانری در سینما گفته می شود؟","answers":[{"id":"9169","description":"وسترنی که در آمریکا و با بازیگران آمریکایی ساخته می شود.","iscorrect":0},{"id":"9170","description":"وسترن هایی که تهیه کننده آن کارخانه های تولید کننده اسپاگتی بوده اند.","iscorrect":0},{"id":"9171","description":"وسترنی که در ایتالیا و به وسیله کارگردان های ایتالیایی ساخته شده است.","iscorrect":1},{"id":"9172","description":"هیچکدام","iscorrect":0}]},{"id":"2411","description":"کدامیک از ژانرهای زیر درباره آینده جهان است؟","answers":[{"id":"9173","description":"کمدی","iscorrect":0},{"id":"9174","description":"ملودرام","iscorrect":0},{"id":"9175","description":"تریلر","iscorrect":0},{"id":"9176","description":"علمی تخیلی","iscorrect":1}]},{"id":"2412","description":"کدامیک از فیلم های زیر در ژانر نوآر است؟","answers":[{"id":"9177","description":"کازابلانکا","iscorrect":0},{"id":"9178","description":"بن هور","iscorrect":0},{"id":"9179","description":"خواب بزرگ","iscorrect":1},{"id":"9180","description":"تایتانیک","iscorrect":0}]}]}]},{"name":"درس پنجم- شیوه های روایت در سینما","id":"431","contentorder":"10","lesson_number":6,"type":0,"filename":"lesson431.html"},{"name":"شیوه های روایت در سینما","id":"686","contentorder":"11","type":1,"set":[{"score":"60","questions":[{"id":"2413","description":"کدام یک از تعریف های زیر در مورد روایت درست است؟","answers":[{"id":"9181","description":"روایت مجموعه ای از رویدادهای تصادفی در فیلم است.","iscorrect":0},{"id":"9182","description":"روایت همان فیلمنامه است.","iscorrect":0},{"id":"9183","description":"روایت ساختاری است که رویدادهای مختلف به صورت علت و معلولی در آن قرار می گیرند.","iscorrect":1},{"id":"9184","description":"هیچکدام","iscorrect":0}]},{"id":"2414","description":"راوی در فیلم چه کسی است و چه نقشی دارد؟","answers":[{"id":"9185","description":"راوی کسی است که داستان فیلم را روایت می کند.","iscorrect":1},{"id":"9186","description":"راوی حتما باید جدا از داستان فیلم باشد.","iscorrect":0},{"id":"9187","description":"راوی فیلم همان کارگردان است.","iscorrect":0},{"id":"9188","description":"همه فیلم ها تنها یک راوی دارند.","iscorrect":0}]},{"id":"2415","description":"در فیلم هزار و یک شب، پازولینی از چه نوع روایتی استفاده شده است؟","answers":[{"id":"9189","description":"روایت خطی","iscorrect":0},{"id":"9190","description":"روایت درونی","iscorrect":0},{"id":"9191","description":"روایت فراداستانی","iscorrect":0},{"id":"9192","description":"گزینه های دوم و سوم","iscorrect":1}]},{"id":"2416","description":"روایت فراداستانی چیست؟","answers":[{"id":"9193","description":"روایتی است که خارج از فضای داستان است.","iscorrect":0},{"id":"9194","description":"نوعی روایت درونی است که ساختاری هزارتویی دارد.","iscorrect":1},{"id":"9195","description":"روایتی که تنها در فیلم های هالیوود وجود دارد.","iscorrect":0},{"id":"9196","description":"همان روایت اروپایی است.","iscorrect":0}]},{"id":"2417","description":"وجود وضعیت متعادل در آغاز یک فیلم نشانگر چه روایتی است؟","answers":[{"id":"9197","description":"روایت اول شخص","iscorrect":0},{"id":"9198","description":"روایت خطی","iscorrect":1},{"id":"9199","description":"روایت غیر خطی","iscorrect":0},{"id":"9200","description":"روایت سوم شخص","iscorrect":0}]}]},{"score":"60","questions":[{"id":"2418","description":"روایت خطی چه نوع روایتی است؟","answers":[{"id":"9201","description":"روایتی است که دارای ترتیب زمانی نیست.","iscorrect":0},{"id":"9202","description":"روایتی است که در آن راوی اول شخص داستان را تعریف می کند.","iscorrect":0},{"id":"9203","description":"روایتی است که فقط در فیلم های هالیوودی وجود دارد.","iscorrect":0},{"id":"9204","description":"روایتی است که براساس مقدمه، تنه و نتیجه شکل گرفته است.","iscorrect":1}]},{"id":"2419","description":"روایت کدام یک از فیلم های زیر خطی است؟","answers":[{"id":"9205","description":"ماجرای نیمروز (فرد زینه من)","iscorrect":1},{"id":"9206","description":"مظنونین همیشگی (برایان سینگر)","iscorrect":0},{"id":"9207","description":"همشهری کین (اورسون ولز)","iscorrect":0},{"id":"9208","description":"پالپ فیکشن (کوئنتین تارانتینو)","iscorrect":0}]},{"id":"2420","description":"کدامیک از گزاره های زیر درست است؟","answers":[{"id":"9209","description":"فلاش بک جزئی از ساختار خطی روایت است.","iscorrect":0},{"id":"9210","description":"فلاش بک اختلالی در روایت خطی به وجود می آورد.","iscorrect":1},{"id":"9211","description":"فلاش بک تمهیدی غیر داستانی است و ربطی به روایت ندارد.","iscorrect":0},{"id":"9212","description":"گزینه های اول و دوم درست اند.","iscorrect":0}]},{"id":"2421","description":"کدامیک از فیلم های زیر نمونه مشخص روایت غیر خطی اند؟","answers":[{"id":"9213","description":"روانی (آلفرد هیچکاک)","iscorrect":0},{"id":"9214","description":"ماجرای نیمروز (فرد زینه من)","iscorrect":0},{"id":"9215","description":"کازابلانکا (مایکل کورتیس)","iscorrect":0},{"id":"9216","description":"راشومون (آکیرا کوروساوا)","iscorrect":1}]},{"id":"2422","description":"در سینما ایران کدام فیلم نمونه روایت غیرخطی است؟","answers":[{"id":"9217","description":"جدایی نادر از سیمین (اصغر فرهادی)","iscorrect":0},{"id":"9218","description":"دونده (امیر نادری)","iscorrect":0},{"id":"9219","description":"مرگ یزدگرد (بهرام بیضایی)","iscorrect":1},{"id":"9220","description":"مسافران (بهرام بیضایی)","iscorrect":0}]}]}]},{"name":"درس ششم- عناصر فرم در سینما","id":"432","contentorder":"12","lesson_number":7,"type":0,"filename":"lesson432.html"},{"name":"عناصر فرم در سینما","id":"688","contentorder":"13","type":1,"set":[{"score":"60","questions":[{"id":"2423","description":"منظور از فرم فیلم چیست؟","answers":[{"id":"9221","description":"همان مضمون فیلم است.","iscorrect":0},{"id":"9222","description":"مجموعه عناصر تصادفی است.","iscorrect":0},{"id":"9223","description":"سیستمی از روابط قانونمند بین عناصر مختلف درون فیلم است.","iscorrect":1},{"id":"9224","description":"شکل ظاهری فیلم است.","iscorrect":0}]},{"id":"2424","description":"کدام گزاره درست است؟","answers":[{"id":"9225","description":"عناصر سبکی جدا از فرم فیلم اند.","iscorrect":0},{"id":"9226","description":"عناصر سبکی جزئی از محتوای فیلم اند.","iscorrect":0},{"id":"9227","description":"فرم فقط شامل عناصر روایی است.","iscorrect":0},{"id":"9228","description":"فرم شامل عناصر سبکی و روایی است.","iscorrect":1}]},{"id":"2425","description":"موتیف چیست؟","answers":[{"id":"9229","description":"همان فرم فیلم است.","iscorrect":0},{"id":"9230","description":"روایت در فیلم است.","iscorrect":0},{"id":"9231","description":"عناصر متضاد در فیلم است.","iscorrect":0},{"id":"9232","description":"عناصر مشابه و تکرار شونده در فیلم است.","iscorrect":1}]},{"id":"2426","description":"رانندگی و مکالمه در درون اتومبیل از موتیف های کدام فیلمساز ایرانی است؟","answers":[{"id":"9233","description":"بهرام بیضایی","iscorrect":0},{"id":"9234","description":"مسعود کیمیایی","iscorrect":0},{"id":"9235","description":"عباس کیارستمی","iscorrect":1},{"id":"9236","description":"رخشان بنی اعتماد","iscorrect":0}]},{"id":"2427","description":"وحدت فرمی چگونه حاصل می شود؟","answers":[{"id":"9237","description":"زمانی که اجزا و عناصر درون فیلم در ارتباطی منطقی و ارگانیک با هم باشند.","iscorrect":1},{"id":"9238","description":"زمانی که کارگردان از قبل به فرم فیلم فکر کند.","iscorrect":0},{"id":"9239","description":"زمانی که داستان فیلم جذاب باشد.","iscorrect":0},{"id":"9240","description":"زمانی که فرم فیلم تغییر نکند.","iscorrect":0}]}]},{"score":"60","questions":[{"id":"2428","description":"کدام دسته از فیلم های زیر جزو فرم های روایی اند؟","answers":[{"id":"9241","description":"فیلم های تجربی","iscorrect":0},{"id":"9242","description":"فیلم های داستانی","iscorrect":1},{"id":"9243","description":"فیلم های مستند","iscorrect":0},{"id":"9244","description":"فیلم های تبلیغی","iscorrect":0}]},{"id":"2429","description":"فیلم المپیا ساخته لنی رفینشتال از چه فرمی تبعیت می کند؟","answers":[{"id":"9245","description":"فرم روایی","iscorrect":0},{"id":"9246","description":"فرم خطابه ای","iscorrect":0},{"id":"9247","description":"فرم انتزاعی","iscorrect":0},{"id":"9248","description":"فرم مقوله ای","iscorrect":1}]},{"id":"2430","description":"در رسانه ها بیشتر چه فرمی معمول است؟","answers":[{"id":"9249","description":"فرم خطابه ای","iscorrect":1},{"id":"9250","description":"فرم انتزاعی","iscorrect":0},{"id":"9251","description":"فرم مقوله ای","iscorrect":0},{"id":"9252","description":"فرم تداعی گر","iscorrect":0}]},{"id":"2431","description":"در کدام دسته از فرم های زیر نباید دنبال روابط علت و معلولی بود؟","answers":[{"id":"9253","description":"فرم های تداعی گر","iscorrect":0},{"id":"9254","description":"فرم های مقوله ای","iscorrect":0},{"id":"9255","description":"فرم های خطابه ای","iscorrect":0},{"id":"9256","description":"فرم های انتزاعی","iscorrect":1}]},{"id":"2432","description":"فیلم باله مکانیکی فرنان لژه با چه فرمی ساخته شده است؟","answers":[{"id":"9257","description":"فرم انتزاعی","iscorrect":1},{"id":"9258","description":"فرم تداعی گر","iscorrect":0},{"id":"9259","description":"فرم مقوله ای","iscorrect":0},{"id":"9260","description":"فرم خطابه ای","iscorrect":0}]}]}]},{"name":"درس هفتم- زاویه دوربین","id":"433","contentorder":"14","lesson_number":8,"type":0,"filename":"lesson433.html"},{"name":"زاویه دوربین","id":"690","contentorder":"15","type":1,"set":[{"score":"60","questions":[{"id":"2433","description":"زاویه هم تراز چشم چه تاثیر دراماتیکی بر روی شخصیت فیلم دارد؟","answers":[{"id":"9261","description":"به شخصیت قدرت می دهد.","iscorrect":0},{"id":"9262","description":"شخصیت را تحقیر می کند.","iscorrect":0},{"id":"9263","description":"زاویه خنثی است و تاثیری ندارد.","iscorrect":1},{"id":"9264","description":"هیچکدام","iscorrect":0}]},{"id":"2434","description":"متعارف ترین زاویه دوربین در سینما کدام است؟","answers":[{"id":"9265","description":"زاویه سربالا","iscorrect":0},{"id":"9266","description":"زاویه سر پایین","iscorrect":0},{"id":"9267","description":"زاویه هم تراز چشم","iscorrect":1},{"id":"9268","description":"زاویه اریب","iscorrect":0}]},{"id":"2435","description":"تغییر زاویه دوربین به چه منظوری انجام می شود؟","answers":[{"id":"9269","description":"دید بهتری از صحنه می دهد.","iscorrect":0},{"id":"9270","description":"تنوع تصویری ایجاد می کند.","iscorrect":0},{"id":"9271","description":"نقش دراماتیک در روایت دارد.","iscorrect":0},{"id":"9272","description":"هر سه مورد","iscorrect":1}]},{"id":"2436","description":"کدام زاویه دوربین، می تواند درماندگی و بیچارگی یک شخصیت را بهتر نشان دهد؟","answers":[{"id":"9273","description":"زاویه مایل","iscorrect":0},{"id":"9274","description":"زاویه سر پایین","iscorrect":1},{"id":"9275","description":"زاویه سربالا","iscorrect":0},{"id":"9276","description":"زاویه هم تراز چشم","iscorrect":0}]},{"id":"2437","description":"اورسون ولز در فیلم «همشهری کین» برای ابهت بخشیدن به شخصیت چارلز فاستر کین از چه زاویه ای بیشتر استفاده کرد؟","answers":[{"id":"9277","description":"زاویه هم تراز چشم (نرمال)","iscorrect":0},{"id":"9278","description":"زاویه سرپایین","iscorrect":0},{"id":"9279","description":"زاویه سربالا","iscorrect":1},{"id":"9280","description":"زاویه اریب","iscorrect":0}]}]},{"score":"60","questions":[{"id":"2438","description":"از زاویه دوربین مایل معمولا در چه فیلم هایی استفاده شده است؟","answers":[{"id":"9281","description":"فیلم های کمدی","iscorrect":0},{"id":"9282","description":"فیلم های رئالیستی","iscorrect":0},{"id":"9283","description":"فیلم های رمانتیک","iscorrect":0},{"id":"9284","description":"فیلم های اکسپرسیونیستی","iscorrect":1}]},{"id":"2439","description":"زاویه دوربین مایل باعث ایجاد چه حسی در سوژه می شود؟","answers":[{"id":"9285","description":"احساس قدرت","iscorrect":0},{"id":"9286","description":"احساس نفرت","iscorrect":0},{"id":"9287","description":"احساس بی ثباتی","iscorrect":1},{"id":"9288","description":"احساس تحقیر","iscorrect":0}]},{"id":"2440","description":"کدام فیلمساز ژاپنی، برای همخوانی با فرهنگ ژاپنی، ارتفاع دوربین خود را هم تراز با آدم نشسته روی زمین در نظر می گیرد؟","answers":[{"id":"9289","description":"آکیرا کوروساوا","iscorrect":0},{"id":"9290","description":"یاسوجیرو اوزو","iscorrect":1},{"id":"9291","description":"ماساکی کوبایاشی","iscorrect":0},{"id":"9292","description":"ناگیسا اوشیما","iscorrect":0}]},{"id":"2441","description":"پیتر ویر در فیلم «شوی ترومن» برای نمایش تحقیر شدن ترومن از چه زاویه ای استفاده کرده است؟","answers":[{"id":"9293","description":"زاویه هم تراز چشم (نرمال)","iscorrect":0},{"id":"9294","description":"زاویه سربالا","iscorrect":0},{"id":"9295","description":"زاویه سرپایین","iscorrect":1},{"id":"9296","description":"هیچکدام","iscorrect":0}]},{"id":"2442","description":"کدامیک از گزاره های زیر غلط است؟","answers":[{"id":"9297","description":"زاویه دوربین سربالا سرعت سوژه را افزایش می دهد.","iscorrect":0},{"id":"9298","description":"زاویه دوربین سرپایین سرعت سوژه را کاهش می دهد.","iscorrect":0},{"id":"9299","description":"سرعت سوژه به زاویه دوربین ربطی ندارد.","iscorrect":1},{"id":"9300","description":"بین سرعت سوژه و زاویه دوربین رابطه مستقیم وجود دارد.","iscorrect":0}]}]}]},{"name":"درس هشتم- کمپوزیسیون (ترکیب بندی نماها) در فیلم","id":"434","contentorder":"16","lesson_number":9,"type":0,"filename":"lesson434.html"},{"name":"کمپوزیسیون (ترکیب بندی نماها) در فیلم","id":"692","contentorder":"17","type":1,"set":[{"score":"60","questions":[{"id":"2443","description":"قاب سینمایی چه اهمیتی دارد؟","answers":[{"id":"9301","description":"چون تصویر را برای ما تعریف می کند.","iscorrect":0},{"id":"9302","description":"چون مثل قاب نقاشی است.","iscorrect":0},{"id":"9303","description":"چون بخشی از واقعیتی را که فیلمساز گزینش کرده، به ما نشان می دهد.","iscorrect":0},{"id":"9304","description":"گزینه های اول و سوم","iscorrect":1}]},{"id":"2444","description":"قاب سینمایی چه شکلی است؟","answers":[{"id":"9305","description":"مربع","iscorrect":0},{"id":"9306","description":"کروی","iscorrect":0},{"id":"9307","description":"مستطیل","iscorrect":1},{"id":"9308","description":"ذوزنقه","iscorrect":0}]},{"id":"2445","description":"مهمترین تفاوت قاب سینمایی با قاب عکاسی و نقاشی چیست؟","answers":[{"id":"9309","description":"قاب سینمایی بزرگ تر از قاب نقاشی و عکاسی است.","iscorrect":0},{"id":"9310","description":"قاب سینمایی برخلاف قاب نقاشی و عکاسی استقلال ندارد و در ارتباط با قاب های قبلی و بعدی تفسیر می شود.","iscorrect":1},{"id":"9311","description":"قاب سینمایی جذابیت بیشتری دارد.","iscorrect":0},{"id":"9312","description":"هیچکدام","iscorrect":0}]},{"id":"2446","description":"کدام گزاره درست است؟","answers":[{"id":"9313","description":"قاب آکادمی مربعی به ابعاد ۱.۵ در ۱.۵ است.","iscorrect":0},{"id":"9314","description":"قاب آکادمی مستطیلی استاندارد به ابعاد ۱.۲ در ۱.۵ است.","iscorrect":0},{"id":"9315","description":"قاب آکادمی مستطیلی استاندارد به ابعاد ۱ در ۱.۳۳ است.","iscorrect":1},{"id":"9316","description":"قاب آکادمی همان قاب تلویزیونی است.","iscorrect":0}]},{"id":"2447","description":"برای فیلم های جنگی و حماسی، معمولا از چه قابی استفاده می شود؟","answers":[{"id":"9317","description":"قاب آکادمی","iscorrect":0},{"id":"9318","description":"قاب عریض","iscorrect":1},{"id":"9319","description":"قاب استاندارد","iscorrect":0},{"id":"9320","description":"هیچکدام","iscorrect":0}]}]},{"score":"60","questions":[{"id":"2448","description":"فیلم ادیسه فضایی استانلی کوبریک در چه قطعی ساخته شده است؟","answers":[{"id":"9321","description":"سینما اسکوپ","iscorrect":0},{"id":"9322","description":"قطع استاندارد","iscorrect":0},{"id":"9323","description":"قطع واید اسکرین","iscorrect":0},{"id":"9324","description":"قطع سینه راما","iscorrect":1}]},{"id":"2449","description":"متداول ترین راه برای تغییر اندازه قاب چیست؟","answers":[{"id":"9325","description":"حرکت بازیگر در درون قاب","iscorrect":0},{"id":"9326","description":"جابجا کردن اشیا و لوازم درون قاب","iscorrect":0},{"id":"9327","description":"حرکت دوربین یا تغییر جای دوربین","iscorrect":1},{"id":"9328","description":"گزینه های اول و دوم","iscorrect":0}]},{"id":"2450","description":"کدام گزاره نادرست است؟","answers":[{"id":"9329","description":"قاب بندی در خدمت روایت فیلم است.","iscorrect":0},{"id":"9330","description":"قاب بندی می تواند مثل موتیف های تصویری عمل کند.","iscorrect":0},{"id":"9331","description":"قاب بندی ارتباطی با روایت فیلم ندارد.","iscorrect":1},{"id":"9332","description":"قاب بندی سینمایی می تواند تحت تاثیر قاب بندی نقاشی باشد.","iscorrect":0}]},{"id":"2451","description":"کدام کارگردان ایرانی در فیلم هایش با الهام از مینیاتورهای ایرانی، قاب های خودش را می بست؟","answers":[{"id":"9333","description":"مسعود کیمیایی","iscorrect":0},{"id":"9334","description":"علی حاتمی","iscorrect":1},{"id":"9335","description":"بهرام بیضایی","iscorrect":0},{"id":"9336","description":"کامران شیردل","iscorrect":0}]},{"id":"2452","description":"کدام کارگردان ایتالیایی، تحت تاثیر نقاشی های دوران رنسانس و باروک، کمپوزیسیون های فیلم های خود را طراحی می کرد؟","answers":[{"id":"9337","description":"فدریکو فلینی","iscorrect":0},{"id":"9338","description":"ویتوریو دسیکا","iscorrect":0},{"id":"9339","description":"پیر پائولو پازولینی","iscorrect":1},{"id":"9340","description":"دینو ریزی","iscorrect":0}]}]}]},{"name":"درس نهم- نقد فیلم","id":"435","contentorder":"18","lesson_number":10,"type":0,"filename":"lesson435.html"},{"name":"نقد فیلم","id":"694","contentorder":"19","type":1,"set":[{"score":"60","questions":[{"id":"2453","description":"منتقد فیلم:","answers":[{"id":"9341","description":"لازم نیست شناخت دقیقی از اصول سینما داشته باشد.","iscorrect":0},{"id":"9342","description":"نیازی به دانستن ادبیات و فلسفه ندارد.","iscorrect":0},{"id":"9343","description":"علاوه بر دانش سینمایی باید شناخت خوبی از هنر، فلسفه و ادبیات داشته باشد.","iscorrect":1},{"id":"9344","description":"کافی است که فقط دانش سینمایی داشته باشد.","iscorrect":0}]},{"id":"2454","description":"فرق بین نظریه پرداز سینما و منتقد فیلم چیست؟","answers":[{"id":"9345","description":"منتقد فیلم همان نظریه پرداز سینماست.","iscorrect":0},{"id":"9346","description":"منتقد بهتر از نظریه پرداز فیلم را می فهمد.","iscorrect":0},{"id":"9347","description":"کار منتقد فیلم، توجه به کلیات مفهوم و زبان سینماست.","iscorrect":0},{"id":"9348","description":"کار منتقد فیلم، بررسی و تحلیل یک فیلم خاص است.","iscorrect":1}]},{"id":"2455","description":"هدف از یک نقد سینمایی چیست؟","answers":[{"id":"9349","description":"نقد می تواند باعث ارتقا دانش سینمایی بیننده شود.","iscorrect":1},{"id":"9350","description":"هدف از نقد فیلم، تبلیغ کردن آن فیلم است.","iscorrect":0},{"id":"9351","description":"نقد حتما باید جنبه های مثبت فیلم را به ما نشان دهد.","iscorrect":0},{"id":"9352","description":"نقد برای کوبیدن یک فیلم و نابود کردن آن نوشته می شود.","iscorrect":0}]},{"id":"2456","description":"آیا منتقد حق دارد سلیقه اش را در نقد فیلم دخالت دهد؟","answers":[{"id":"9353","description":"سلیقه هنری منتقد، معیار نقد نیست.","iscorrect":0},{"id":"9354","description":"سلیقه هنری منتقد، پشتوانه نظری دارد.","iscorrect":0},{"id":"9355","description":"سلیقه منتقد، مهمترین معیار نقد فیلم است.","iscorrect":0},{"id":"9356","description":"سلیقه منتقد در نقد فیلم دخالت می کند.","iscorrect":1}]},{"id":"2457","description":"کدامیک از گزاره های زیر درست است؟","answers":[{"id":"9357","description":"معیار اخلاقی، معیار درستی برای نقد فیلم نیست.","iscorrect":0},{"id":"9358","description":"برخی منتقدان بر مبنای معیارهای اخلاقی رایج جامعه، نقد فیلم می نویسند.","iscorrect":1},{"id":"9359","description":"مردم استفاده از معیارهای اخلاقی را در نقد فیلم نمی پذیرند.","iscorrect":0},{"id":"9360","description":"منتقدان هیچ گاه معیار اخلاقی را در نقد فیلم دخالت نمی دهند.","iscorrect":0}]}]},{"score":"60","questions":[{"id":"2458","description":"آیا کشف و تفسیر مفاهیم استعاری و نمادین در فیلم جزو معیارهای نقد است؟","answers":[{"id":"9361","description":"بلی","iscorrect":1},{"id":"9362","description":"خیر","iscorrect":0}]},{"id":"2459","description":"کدام یک از گزینه های زیر اشتباه است؟","answers":[{"id":"9363","description":"منتقد فیلم همیشه بی طرف است.","iscorrect":1},{"id":"9364","description":"منتقد فیلم نمی تواند بی طرف باشد.","iscorrect":0},{"id":"9365","description":"باورهای سیاسی، اجتماعی و مذهبی منتقد در نقد او اثر می گذارد.","iscorrect":0},{"id":"9366","description":"بی طرفی منتقد جزو معیارهای نقد فیلم نیست.","iscorrect":0}]},{"id":"2460","description":"کدام گزاره درست است؟","answers":[{"id":"9367","description":"سبک فیلم ربطی به نقد فیلم ندارد.","iscorrect":0},{"id":"9368","description":"توجه به سبک فیلم از معیارهای اساسی نقد فیلم است.","iscorrect":1},{"id":"9369","description":"سبک فیلم همان داستان فیلم است که منتقد آن را تعریف می کند.","iscorrect":0},{"id":"9370","description":"هیچ منتقدی به سبک فیلم اهمیت نمی دهد.","iscorrect":0}]},{"id":"2461","description":"براساس تئوری مولف در سینما، نقش چه کسی مهمتر از بقیه است؟","answers":[{"id":"9371","description":"فیلمبردار","iscorrect":0},{"id":"9372","description":"فیلمنامه نویس","iscorrect":0},{"id":"9373","description":"کارگردان","iscorrect":1},{"id":"9374","description":"صدابردار","iscorrect":0}]},{"id":"2462","description":"کدام یک از منتقدان زیر پیرو نظریه مولف در سینما بودند؟","answers":[{"id":"9375","description":"ریچارد کورلیس","iscorrect":0},{"id":"9376","description":"پالین کیل","iscorrect":0},{"id":"9377","description":"سوزان سونتاگ","iscorrect":0},{"id":"9378","description":"اندرو ساریس","iscorrect":1}]}]}]},{"name":"درس دهم- موسیقی فیلم","id":"436","contentorder":"20","lesson_number":11,"type":0,"filename":"lesson436.html"},{"name":"موسیقی فیلم","id":"696","contentorder":"21","type":1,"set":[{"score":"60","questions":[{"id":"2463","description":"کدام آهنگساز بزرگ جهان شان موسیقی را از سینما بالاتر می دانست؟","answers":[{"id":"9379","description":"چایکوفسکی","iscorrect":0},{"id":"9380","description":"شوپن","iscorrect":0},{"id":"9381","description":"فرانس لیست","iscorrect":0},{"id":"9382","description":"ایگور استراوینسکی","iscorrect":1}]},{"id":"2464","description":"کدام گزاره درست است؟","answers":[{"id":"9383","description":"موسیقی فیلم نقشی در تقویت جنبه های دراماتیک فیلم ندارد.","iscorrect":0},{"id":"9384","description":"موسیقی فیلم پیوند ارگانیک با جهان درون فیلم دارد.","iscorrect":0},{"id":"9385","description":"موسیقی فیلم جنبه های حسی و دراماتیک فیلم را تقویت می کند.","iscorrect":0},{"id":"9386","description":"گزینه های دوم و سوم","iscorrect":1}]},{"id":"2465","description":"موسیقی فیلم لورنس عربستان ساخته کدام آهنگساز است؟","answers":[{"id":"9387","description":"مایکل نایمن","iscorrect":0},{"id":"9388","description":"جان ویلیامز","iscorrect":0},{"id":"9389","description":"موریس ژار","iscorrect":1},{"id":"9390","description":"نینو روتا","iscorrect":0}]},{"id":"2466","description":"سرژ رضوانی ترانه گردباد را برای کدام فیلم ساخته است؟","answers":[{"id":"9391","description":"چهارصد ضربه","iscorrect":0},{"id":"9392","description":"از نفس افتاده","iscorrect":0},{"id":"9393","description":"پسر عموها","iscorrect":0},{"id":"9394","description":"ژول و ژیم","iscorrect":1}]},{"id":"2467","description":"کدام یک از گزاره های زیر درست است؟","answers":[{"id":"9395","description":"موسیقی ملودیک در سینما کاربرد ندارد.","iscorrect":0},{"id":"9396","description":"موسیقی ملودیک می تواند تم خاصی را در فیلم نمایندگی کند.","iscorrect":1},{"id":"9397","description":"موسیقی ملودیک همان موسیقی اتمسفریک است.","iscorrect":0},{"id":"9398","description":"هیچکدام","iscorrect":0}]}]},{"score":"60","questions":[{"id":"2468","description":"موسیقی فیلم پدرخوانده ساخته نینو روتا، نمونه چه نوع موسیقی در سینماست؟","answers":[{"id":"9399","description":"موسیقی راک","iscorrect":0},{"id":"9400","description":"موسیقی ملودیک","iscorrect":0},{"id":"9401","description":"موسیقی تماتیک","iscorrect":0},{"id":"9402","description":"گزینه های دوم و سوم","iscorrect":1}]},{"id":"2469","description":"در کارهای کدام آهنگساز، ملودی های فولکلوریک یونانی، حضور چشمگیری دارد؟","answers":[{"id":"9403","description":"میکیس تئودوراکیس","iscorrect":0},{"id":"9404","description":"النی کاریندرو","iscorrect":1},{"id":"9405","description":"انیو موریکونه","iscorrect":0},{"id":"9406","description":"جری گلد اسمیت","iscorrect":0}]},{"id":"2470","description":"موسیقی فیلم طالع نحس، چه ویژگی مهمی دارد؟","answers":[{"id":"9407","description":"تماتیک است.","iscorrect":0},{"id":"9408","description":"ملودیک است.","iscorrect":0},{"id":"9409","description":"شاد و سرخوشانه است.","iscorrect":0},{"id":"9410","description":"حس و فضایی گوتیک دارد.","iscorrect":1}]},{"id":"2471","description":"موسیقی تماتیک چه کارکردی در فیلم دارد؟","answers":[{"id":"9411","description":"القا کننده ترس و وحشت است.","iscorrect":0},{"id":"9412","description":"یک شخصیت یا موضوع خاصی را در فیلم نمایندگی می کند.","iscorrect":1},{"id":"9413","description":"برای ایجاد تنوع در فیلم ساخته می شود.","iscorrect":0},{"id":"9414","description":"برای ایجاد ریتم به کار می رود.","iscorrect":0}]},{"id":"2472","description":"هارمونی ثابت، تکرار موتيف های کوتاه و تاکيد بر ريتم های متناوب و منظم از ویژگی های کدام نوع موسیقی است؟","answers":[{"id":"9415","description":"موسیقی ملودیک","iscorrect":0},{"id":"9416","description":"موسیقی تماتیک","iscorrect":0},{"id":"9417","description":"موسیقی هارمونیک","iscorrect":0},{"id":"9418","description":"موسیقی مینی مالیستی","iscorrect":1}]}]}]},{"name":"دوره آشنایی با مفاهیم فیلم- آزمون نهایی","id":"700","contentorder":"22","type":1,"set":[{"score":"50","questions":[{"id":"2483","description":"تدوین در سینما اساسا به چه منظوری انجام می شود؟","answers":[{"id":"9459","description":"برای چسباندن نماهای فیلم به هم","iscorrect":0},{"id":"9460","description":"برای ساده کردن عمل فیلمبرداری","iscorrect":0},{"id":"9461","description":"برای رسیدن به یک خط روایی ساده","iscorrect":1},{"id":"9462","description":"برای کمتر شدن هزینه یک فیلم","iscorrect":0}]},{"id":"2484","description":"تداوم فیزیکی چیست؟","answers":[{"id":"9463","description":"همان تداوم مفهومی است.","iscorrect":0},{"id":"9464","description":"پیوند تصادفی نماهاست.","iscorrect":0},{"id":"9465","description":"قابلیت همنشینی و پیوند دو نمای مختلف است.","iscorrect":1},{"id":"9466","description":"ارتباط فیزیکی بین صحنه هاست.","iscorrect":0}]},{"id":"2485","description":"هدف از نورپردازی در فیلم چیست؟","answers":[{"id":"9467","description":"روشن کردن صحنه","iscorrect":0},{"id":"9468","description":"ایجاد تاثیرات دراماتیک و زیبایی شناختی","iscorrect":0},{"id":"9469","description":"شخصیت پردازی","iscorrect":0},{"id":"9470","description":"هر سه مورد","iscorrect":1}]},{"id":"2486","description":"کدام یک از موارد زیر از عناصر میزانسن به شمار می روند؟","answers":[{"id":"9471","description":"مونتاژ موازی","iscorrect":0},{"id":"9472","description":"حالات و حرکات بازیگر","iscorrect":0},{"id":"9473","description":"حرکت دوربین","iscorrect":0},{"id":"9474","description":"گزینه های دوم و سوم","iscorrect":1}]},{"id":"2487","description":"ویژگی بازیگران فیلم های نئورئالیستی چه بوده است؟","answers":[{"id":"9475","description":"غیرواقعی بازی می کردند.","iscorrect":0},{"id":"9476","description":"بازی هایشان طبیعی و واقعی بود.","iscorrect":1},{"id":"9477","description":"نوعی تصنع در بازی آنها بود.","iscorrect":0},{"id":"9478","description":"هیچکدام","iscorrect":0}]},{"id":"2488","description":"مهم ترین تفاوت بازیگری در تئاتر و سینما چیست؟","answers":[{"id":"9479","description":"بازیگری در تئاتر آسان تر از سینماست.","iscorrect":0},{"id":"9480","description":"بازیگر سینما توانایی هایش بیشتر از بازیگر تئاتر است.","iscorrect":0},{"id":"9481","description":"بازیگر تئاتر مستقیما با تماشاگر روبروست، در حالی که ارتباط بازیگر سینما با تماشاگر به صورت غیر مستقیم است.","iscorrect":1},{"id":"9482","description":"هر سه گزینه درست هستند.","iscorrect":0}]},{"id":"2489","description":"کوچه های بن بست، انبارهای کهنه و متروک، کافه ها، بارهای پردود و کلاب های شبانه از مشخصات کدام ژانرند؟","answers":[{"id":"9483","description":"علمی- تخیلی","iscorrect":0},{"id":"9484","description":"حماسی","iscorrect":0},{"id":"9485","description":"کمدی های رمانتیک","iscorrect":0},{"id":"9486","description":"فیلم های نوآر","iscorrect":1}]},{"id":"2490","description":"وسترن اسپاگتی به چه نوع ژانری در سینما گفته می شود؟","answers":[{"id":"9487","description":"وسترنی که در آمریکا و با بازیگران آمریکایی ساخته می شود.","iscorrect":0},{"id":"9488","description":"وسترن هایی که تهیه کننده آن کارخانه های تولیدکننده اسپاگتی بوده اند.","iscorrect":0},{"id":"9489","description":"وسترنی که در ایتالیا و به وسیله کارگردان های ایتالیایی ساخته شده است.","iscorrect":1},{"id":"9490","description":"هیچکدام","iscorrect":0}]},{"id":"2491","description":"روایت خطی چه نوع روایتی است؟","answers":[{"id":"9491","description":"روایتی است که دارای ترتیب زمانی نیست.","iscorrect":0},{"id":"9492","description":"روایتی است که در آن راوی، اول شخص داستان را تعریف می کند.","iscorrect":0},{"id":"9493","description":"روایتی است که فقط در فیلم های هالیوودی وجود دارد.","iscorrect":0},{"id":"9494","description":"روایتی است که براساس مقدمه، تنه و نتیجه شکل گرفته است.","iscorrect":1}]},{"id":"2492","description":"راوی در فیلم چه کسی است و چه نقشی دارد؟","answers":[{"id":"9495","description":"راوی کسی است که داستان فیلم را روایت می کند.","iscorrect":1},{"id":"9496","description":"راوی حتما باید جدا از داستان فیلم باشد.","iscorrect":0},{"id":"9497","description":"راوی فیلم همان کارگردان است.","iscorrect":0},{"id":"9498","description":"همه فیلم ها تنها یک راوی دارند.","iscorrect":0}]}]},{"score":"60","questions":[{"id":"2493","description":"کدام دسته از فیلم های زیر جزو فرم های روایی اند؟","answers":[{"id":"9499","description":"فیلم های تجربی","iscorrect":0},{"id":"9500","description":"فیلم های داستانی","iscorrect":1},{"id":"9501","description":"فیلم های مستند","iscorrect":0},{"id":"9502","description":"فیلم های تبلیغی","iscorrect":0}]},{"id":"2494","description":"موتیف چیست؟","answers":[{"id":"9503","description":"همان فرم فیلم است.","iscorrect":0},{"id":"9504","description":"روایت در فیلم است.","iscorrect":0},{"id":"9505","description":"عناصر متضاد در فیلم است.","iscorrect":0},{"id":"9506","description":"عناصر مشابه و تکرار شونده در فیلم است.","iscorrect":1}]},{"id":"2495","description":"زاویه دوربین مایل باعث ایجاد چه حسی در سوژه می شود؟","answers":[{"id":"9507","description":"احساس قدرت","iscorrect":0},{"id":"9508","description":"احساس نفرت","iscorrect":0},{"id":"9509","description":"احساس بی ثباتی","iscorrect":1},{"id":"9510","description":"احساس تحقیر","iscorrect":0}]},{"id":"2496","description":"تغییر زاویه دوربین به چه منظوری انجام می شود؟","answers":[{"id":"9511","description":"دید بهتری از صحنه می دهد.","iscorrect":0},{"id":"9512","description":"تنوع تصویری ایجاد می کند.","iscorrect":0},{"id":"9513","description":"نقش دراماتیک در روایت دارد.","iscorrect":0},{"id":"9514","description":"همه موارد","iscorrect":1}]},{"id":"2497","description":"متداول ترین راه برای تغییر اندازه قاب چیست؟","answers":[{"id":"9515","description":"حرکت بازیگر در درون قاب","iscorrect":0},{"id":"9516","description":"جابه جا کردن اشیا و لوازم درون قاب","iscorrect":0},{"id":"9517","description":"حرکت دوربین یا تغییر جای دوربین","iscorrect":1},{"id":"9518","description":"موارد اول و دوم","iscorrect":0}]},{"id":"2498","description":"مهمترین تفاوت قاب سینمایی با قاب عکاسی و نقاشی چیست؟","answers":[{"id":"9519","description":"قاب سینمایی بزرگ تر از قاب نقاشی و عکاسی است.","iscorrect":0},{"id":"9520","description":"قاب سینمایی برخلاف قاب نقاشی و عکاسی استقلال ندارد و در ارتباط با قاب های قبلی و بعدی تفسیر می شود.","iscorrect":1},{"id":"9521","description":"قاب سینمایی جذابیت بیشتری دارد.","iscorrect":0},{"id":"9522","description":"هیچکدام","iscorrect":0}]},{"id":"2499","description":"فرق بین نظریه پرداز سینما و منتقد فیلم چیست؟","answers":[{"id":"9523","description":"منتقد فیلم همان نظریه پرداز سینماست.","iscorrect":0},{"id":"9524","description":"منتقد بهتر از نظریه پرداز فیلم را می فهمد.","iscorrect":0},{"id":"9525","description":"کار منتقد فیلم، توجه به کلیات مفهوم و زبان سینماست.","iscorrect":0},{"id":"9526","description":"کار منتقد فیلم، بررسی و تحلیل یک فیلم خاص است.","iscorrect":1}]},{"id":"2500","description":"براساس تئوری مولف در سینما، نقش چه کسی مهمتر از بقیه است؟","answers":[{"id":"9527","description":"فیلمبردار","iscorrect":0},{"id":"9528","description":"فیلمنامه نویس","iscorrect":0},{"id":"9529","description":"کارگردان","iscorrect":1},{"id":"9530","description":"صدابردار","iscorrect":0}]},{"id":"2501","description":"موسیقی تماتیک در سینما چه نوع موسیقی ای است؟","answers":[{"id":"9531","description":"همان موسیقی ملودیک است.","iscorrect":0},{"id":"9532","description":"موسیقی ای است که درونمایه اصلی فیلم را منعکس می کند.","iscorrect":1},{"id":"9533","description":"موسیقی ای است که برای ایجاد هیجان به کار می رود.","iscorrect":0},{"id":"9534","description":"موسیقی عاشقانه است.","iscorrect":0}]},{"id":"2502","description":"یک ملودی چه تاثیری می تواند در فیلم داشته باشد؟","answers":[{"id":"9535","description":"باعث لحن شاد فیلم می شود.","iscorrect":0},{"id":"9536","description":"ریتم فیلم را تندتر می کند.","iscorrect":0},{"id":"9537","description":"تداعی گر یک فضا یا کاراکتر یا موقعیت است.","iscorrect":1},{"id":"9538","description":"هیچکدام","iscorrect":0}]}]}]}]}