{"courseId":"57","contents":[{"name":"درس اول- اینترنت چگونه کار می کند؟","id":"459","contentorder":"1","lesson_number":1,"type":0,"filename":"lesson459.html"},{"name":"اینترنت چگونه کار می کند؟","id":"778","contentorder":"2","type":1,"set":[{"score":"60","questions":[{"id":"2905","description":"به شکل ساده، سخت افزارهای اصلی تشکیل دهنده اینترنت شامل کدام یک از ابزارهای زیر هستند؟","answers":[{"id":"11065","description":"کلاینت- سرور- نود- خطوط ارتباط","iscorrect":1},{"id":"11066","description":"فرستنده رادیویی- کابل نوری- لپ تاپ- اسمارت فون","iscorrect":0},{"id":"11067","description":"راک- داک- سوکت- پورت","iscorrect":0}]},{"id":"2906","description":"منظور از پروتکل های اینترنت چیست؟","answers":[{"id":"11068","description":"لیستی از سرورهای اینترنتی که کامپیوترها و سایت ها به آنها متصل می شوند.","iscorrect":0},{"id":"11069","description":"آدرس دقیق هر دستگاه در شبکه اینترنت برای پیدا کردن اطلاعات","iscorrect":0},{"id":"11070","description":"قراردادهای منعقد شده میان سرورها برای مشخص کردن هزینه و شیوه رابطه کاری آنها با هم","iscorrect":0},{"id":"11071","description":"مجموعه ای از قوانین که ماشین ها برای انجام و تکمیل وظایف شان آنها را دنبال می کنند.","iscorrect":1}]},{"id":"2907","description":"کدام مورد جزو پروتکل های اینترنتی نیست؟","answers":[{"id":"11072","description":"HTTP","iscorrect":0},{"id":"11073","description":"TCP/IP","iscorrect":0},{"id":"11074","description":"FTP","iscorrect":0},{"id":"11075","description":"NPT","iscorrect":1}]}]},{"score":"60","questions":[{"id":"2908","description":"کدام مورد جزو مسیر طی شده برای درخواست یک فایل تا رسیدن آن به کامپیوتر کاربر نیست؟","answers":[{"id":"11076","description":"ارسال درخواست در قالب آدرس سایت یا فایل به ISP","iscorrect":0},{"id":"11077","description":"ارسال درخواست به سرور نام دامنه یا DNS","iscorrect":0},{"id":"11078","description":"ارسال پیامی برای تایید مشخصات شخصی دریافت کننده فایل برای ISP","iscorrect":1},{"id":"11079","description":"ارسال درخواست به سرور محل نگهداری فایل","iscorrect":0},{"id":"11080","description":"ارسال فایل توسط سرور در قالب پاکت های اطلاعاتی","iscorrect":0}]},{"id":"2909","description":"شیوه عبور اطلاعات در اینترنت تا رسیدن به شما چگونه است؟","answers":[{"id":"11081","description":"در قالب بسته های اطلاعاتی علامت گذاری شده و از مسیرهای متعدد (برای افزایش سرعت و اطمینان از ارسال) که به مقصد آدرس آی پی شما در حرکتند.","iscorrect":1},{"id":"11082","description":"در قالب بسته های اطلاعاتی که به صورت تصادفی تعدادی از آنها به شما می رسند و کامپیوترتان باید بقیه بسته ها را به سعی و خطا بازسازی کرده و نمایش دهد.","iscorrect":0},{"id":"11083","description":"در قالب یک بسته اطلاعاتی حجیم که یک فایل اطلاعاتی کامل است و مستقیما از مسیر تعیین شده برای شما ارسال می شود.","iscorrect":0},{"id":"11084","description":"در قالب بسته های اطلاعاتی کوچک که به یکدیگر متصلند و در یک مسیر ثابت از سرور به کامپیوتر شما می رسند.","iscorrect":0}]},{"id":"2910","description":"شیوه سر هم کردن اطلاعات ارسال شده در قالب بسته های اطلاعاتی بر روی کامپیوتر کاربر چگونه است؟","answers":[{"id":"11085","description":"پس از رسیدن هر بسته اطلاعاتی به کامپیوتر کاربر، مرورگر با سعی و خطا و امتحان کردن جایگاه های مختلف، محل قرارگیری آن را معین می کند.","iscorrect":0},{"id":"11086","description":"این کار بر اساس قوانین پروتکل ها همانند کنار هم قرار دادن قطعات پازل تا کامل شدن فایل اطلاعاتی ادامه دارد.","iscorrect":1},{"id":"11087","description":"اطلاعات معمولا در قالب یک فایل واحد ارسال می شوند که به محض دریافت روی کامپیوتر کاربر قابل استفاده است.","iscorrect":0},{"id":"11088","description":"خود کاربر از طریق برنامه نمایش بسته های اطلاعاتی باید آنها را مرتب کرده و تبدیل به فایل اطلاعاتی کامل کند.","iscorrect":0}]}]}]},{"name":"درس دوم- شبکه خانگی چیست و چگونه کار می کند؟","id":"460","contentorder":"3","lesson_number":2,"type":0,"filename":"lesson460.html"},{"name":"درس سوم- همه چیز درباره آدرس دهی و پیدا کردن یک دستگاه در شبکه کامپیوتر","id":"461","contentorder":"4","lesson_number":3,"type":0,"filename":"lesson461.html"},{"name":"همه چیز درباره آدرس دهی و پیدا کردن یک دستگاه در شبکه کامپیوتر","id":"780","contentorder":"5","type":1,"set":[{"score":"60","questions":[{"id":"2911","description":"فایروال چیست؟","answers":[{"id":"11089","description":"یک دیواره فلزی که به دور اتاق سرور کشیده می شود تا جلوی نفوذ به آن را بگیرد.","iscorrect":0},{"id":"11090","description":"فایروال یک ابزار سخت افزاری یا یک برنامه نرم افزاری است که از شبکه شما در برابر افراد خرابکار، وب سایت های مخرب ، هکرها و بدافزارها محافظت می کند.","iscorrect":1},{"id":"11091","description":"یک ابزار شعله افکن برای مبارزه با علف های هرز جنگل","iscorrect":0},{"id":"11092","description":"همان برنامه آنتی ویروس سیستم را فایروال می گویند.","iscorrect":0}]},{"id":"2912","description":"در یک شبکه خانگی امکان به اشتراک گذاری چه چیزی را ندارید؟","answers":[{"id":"11093","description":"تلویزیون، سیستم های صوتی و گیم","iscorrect":0},{"id":"11094","description":"ابزارهای رایت سی دی و دی وی دی","iscorrect":0},{"id":"11095","description":"اینترنت و فایل ها","iscorrect":0},{"id":"11096","description":"هیچکدام","iscorrect":1}]},{"id":"2913","description":"آدرس آی پی (IP Address) چیست؟","answers":[{"id":"11097","description":"یک شناسه عددی است که به هر یک از ابزارهای (کامپیوترها، پرینترها و …) درون یک شبکه کامپیوتری اختصاص می یابد.","iscorrect":1},{"id":"11098","description":"یک نشانی براساس نام کامپیوتر، نام شبکه، نام آی اس پی و نام مرکز مخابراتی است که محل دقیق کامپیوتر شما در اینترنت را مشخص می کند.","iscorrect":0},{"id":"11099","description":"یک کد کنترلی منحصر به فرد است که به کارت های شبکه ابزارها تخصیص داده می شود و برای کنترل ارتباطات آنها در شبکه های فیزیکی به کار می رود.","iscorrect":0},{"id":"11100","description":"آی پی یک پروتکل ارتباطی اینترنتی است و عبارتی به عنوان آدرس آی پی صحیح نیست و کاربردی در شبکه ها ندارد.","iscorrect":0}]}]},{"score":"60","questions":[{"id":"2914","description":"کدام یک از موارد، از اجزای عمومی و ضروری یک شبکه کامپیوتری نیست؟","answers":[{"id":"11101","description":"دو یا چند کامپیوتر","iscorrect":0},{"id":"11102","description":"سخت افزار و نرم افزار برای هماهنگ ساختن تبادل اطلاعات","iscorrect":0},{"id":"11103","description":"مسیر ارتباطی برای انتقال اطلاعات از یک کامپیوتر به کامپیوتر دیگر","iscorrect":0},{"id":"11104","description":"کامپیوتر سرور برای نظارت بر تمامی شبکه و پشتیبان گیری از اطلاعات آن","iscorrect":1}]},{"id":"2915","description":"کدام گزینه درباره مک آدرس صحیح است؟","answers":[{"id":"11105","description":"یک کد کنترلی منحصر به فرد است که به کارت های شبکه ابزارها تخصیص داده می شود و برای کنترل ارتباطات آنها در شبکه های فیزیکی به کار می رود.","iscorrect":1},{"id":"11106","description":"نام دیگر آدرس آی پی یا IP Address است.","iscorrect":0},{"id":"11107","description":"بارکد شناسایی هر یک از قطعات کامپیوتر را که توسط کارخانه سازنده روی آن درج می شود، مک آدرس گویند.","iscorrect":0},{"id":"11108","description":"به آدرس هر کامپیوتر مکینتاش در شبکه داخلی می گویند.","iscorrect":0}]},{"id":"2916","description":"تنظیم دستی آدرس آی پی کامپیوتر چه مزیتی دارد؟","answers":[{"id":"11109","description":"باعث نظم بیشتر در شبکه و شناسایی راحت تر کامپیوترهای درون آن می شود.","iscorrect":0},{"id":"11110","description":"در برخی برنامه ها و بازی های خاص، بالاجبار باید از آدرس آی پی مشخص و ثابت به صورت دستی استفاده کرد.","iscorrect":0},{"id":"11111","description":"باعث می شود که سرعت دسترسی به اینترنت و همچنین تبادل اطلاعات کامپیوتر با اینترنت دو برابر شود.","iscorrect":0},{"id":"11112","description":"گزینه های اول و دوم","iscorrect":1}]}]}]},{"name":"درس چهارم- آشنایی با سخت افزارهای رایج شبکه","id":"472","contentorder":"6","lesson_number":4,"type":0,"filename":"lesson472.html"},{"name":"درس پنجم- حقایقی درباره کابل های شبکه","id":"471","contentorder":"7","lesson_number":5,"type":0,"filename":"lesson471.html"},{"name":"حقایقی درباره کابل های شبکه","id":"790","contentorder":"8","type":1,"set":[{"score":"60","questions":[{"id":"2947","description":"کدام یک از موارد، مزایای کابل شبکه کتگوری ۵ است؟","answers":[{"id":"11233","description":"سرعت آنها حداکثر ۱۰۰ مگابیت بر ثانیه است و به راحتی در بازار پیدا می شود.","iscorrect":1},{"id":"11234","description":"پرسرعت ترین کابل شبکه موجود است که سرعت گیگابیتی را در اختیارتان می گذارد.","iscorrect":0},{"id":"11235","description":"این کابل منقرض شده و به دلیل سرعت پایین استفاده نمی شود.","iscorrect":0},{"id":"11236","description":"این کابل برای شبکه کاربردی ندارد و در حقیقت کابل مناسب تصاویر تلویزیون و تلفن است.","iscorrect":0}]},{"id":"2948","description":"برای یک شبکه خانگی یا اداری کوچک، از میان کابل کتگوری ۵ و کتگوری 5e کدام یک را پیشنهاد می کنید؟","answers":[{"id":"11237","description":"کابل کتگوری ۵ بهترین انتخاب است، زیرا هم قیمت پایین تر و مناسب تری دارد و هم اکثر افراد کار با آن را بلد هستند.","iscorrect":0},{"id":"11238","description":"کتگوری 5e انتخاب مناسبی است زیرا علیرغم گران تر بودن نسبت به کتگوری ۵، سرعت شبکه شما را از مگابیت به گیگابیت افزایش می دهد و این جهش سرعت در بلند مدت توجیه کننده قیمت بالاتر خواهد بود.","iscorrect":1},{"id":"11239","description":"کتگوری ۵ را پیشنهاد می کنم چون علیرغم بالاتر بودن سرعت کتگوری 5e، اغلب تکنسین و متخصصان شبکه شیوه کار با آن را نمی دانند.","iscorrect":0},{"id":"11240","description":"کتگوری ۶ با توجه به سرعت بسیار بالا، به این دو ترجیح دارد، هر چند که قیمت آن سرسام آور و اغلب غیر اقتصادی است.","iscorrect":0}]},{"id":"2949","description":"کدام یک جزو موارد ضروری هنگام خرید کابل شبکه و راه اندازی شبکه نیستند؟","answers":[{"id":"11241","description":"به پوشش پلاستیکی کابل ها و سلامت آنها دقت کافی داشته باشیم.","iscorrect":0},{"id":"11242","description":"مراقب طول کابل باشیم که از حد مجاز بیشتر نشود.","iscorrect":0},{"id":"11243","description":"مواظب محل عبور کابل ها باشیم تا زیر دست و پا و یا میان در و پنجره نباشند تا در طولانی مدت قطع نشوند.","iscorrect":0},{"id":"11244","description":"حتما کابل های خریداری شده را شستشو داده و ضد عفونی کنید تا عوامل بیماری زا وارد محیط کاری یا خانه یتان نشوند.","iscorrect":1}]}]},{"score":"60","questions":[{"id":"2950","description":"طول کابل باز شده برای سوکت زنی، چه تاثیری در شبکه شما خواهد داشت؟","answers":[{"id":"11245","description":"به دلیل بیشتر شدن سطح تماس و باز شدن پیچ، بخش بیشتری از کابل و سطح تماس و در نتیجه سرعت شبکه افزایش می یابد.","iscorrect":0},{"id":"11246","description":"باز کردن تاب طول زیادی از سیم باعث می شود اتصال مناسبی نداشته باشیم و کابل خصوصیات خود را به خوبی نشان ندهد.","iscorrect":1},{"id":"11247","description":"این کار سلیقه ای بوده و تنها در زیبایی اتصالات شما تاثیرگذار است و در کیفیت و سرعت شبکه تان هیچ تاثیری ندارد.","iscorrect":0},{"id":"11248","description":"اصولا سوکت زنی کابل، کار پیچیده ای است که با دستگاه های ویژه ای در کارخانه انجام می شود و شما تنها می توانید کابل آماده را خریداری و استفاده کنید.","iscorrect":0}]},{"id":"2951","description":"قرار است شما شبکه شرکت دوست تان را راه بیاندازید. به نظر شما بهترین انتخاب کابل کدام است؟","answers":[{"id":"11249","description":"کابل دو زوجی بدون محافظ","iscorrect":1},{"id":"11250","description":"کابل کواکسیال","iscorrect":0},{"id":"11251","description":"فیبر نوری","iscorrect":0},{"id":"11252","description":"کابل ۸ رشته ای بدون سوکت","iscorrect":0}]},{"id":"2952","description":"کدام یک از معایب کابل کتگوری ۳ است؟","answers":[{"id":"11253","description":"اولین اجرا و کاربرد موفق سری کابل های UTP بود.","iscorrect":0},{"id":"11254","description":"سرعت آن پایین بوده و با نرخ انتقال داده ۱۰ مگابیت در ثانیه معمولا تنها در شبکه تلفن خانگی و اداری استفاده می شود.","iscorrect":1},{"id":"11255","description":"به دلیل کیفیت پایین مواد مصرفی در تولید آن، برای فواصل بیش از ۱۰ متر قابل استفاده نیست.","iscorrect":0},{"id":"11256","description":"در رده بندی کابل های UTP چنین دسته ای نداریم و اصل مساله درست نیست.","iscorrect":0}]}]}]},{"name":"درس ششم- راهنمای راه اندازی شبکه بی سیم خانگی- بخش اول: راه اندازی خط ADSL","id":"473","contentorder":"9","lesson_number":6,"type":0,"filename":"lesson473.html"},{"name":"درس هفتم- راهنمای راه اندازی شبکه بی سیم خانگی- بخش دوم: خرید مودم ADSL","id":"474","contentorder":"10","lesson_number":7,"type":0,"filename":"lesson474.html"},{"name":"راهنمای راه اندازی شبکه بی سیم خانگی","id":"782","contentorder":"11","type":1,"set":[{"score":"60","questions":[{"id":"2917","description":"کدام یک از مزایای خط اینترنت ADSL نیست؟","answers":[{"id":"11113","description":"امکان استفاده همزمان از خط تلفن و اینترنت","iscorrect":0},{"id":"11114","description":"عدم نیاز به بر پایی زیرساخت ها و ارتباط اینترنتی سریع تر","iscorrect":0},{"id":"11115","description":"قابلیت اطمینان بالاتر نسبت به دیال آپ و برخی روش های دیگر","iscorrect":0},{"id":"11116","description":"تامین سرعت اینترنت بالای ۱۰ مگابیت بر ثانیه برای کاربران","iscorrect":1}]},{"id":"2918","description":"دوست تان قصد دارد که یک اشتراک ADSL برای منزلش تهیه کند، توصیه شما به وی چیست؟","answers":[{"id":"11117","description":"اصولا ADSL ارتباط اینترنتی ناامن و گرانقیمتی است که استفاده از آن به صرفه نیست.","iscorrect":0},{"id":"11118","description":"از شرکت هایی که پس از مدتی کار، هنوز تعداد کمی مشترک دارند، خرید نکند.","iscorrect":0},{"id":"11119","description":"یکی از ملاک ها باید میزان سرعتی باشد که شرکت ارائه می کند، زیرا سرعت بالاتر به معنی انجام سریع تر کارها و معطلی کمتر است.","iscorrect":0},{"id":"11120","description":"موارد دوم و سوم","iscorrect":1}]},{"id":"2919","description":"چند شرکت ارائه خدمات ADSL در شهرتان هستند که پیشنهادهای وسوسه کننده بلند مدت و خوش قیمتی ارائه می کنند. بهترین شیوه انتخاب از میان آنها چیست؟","answers":[{"id":"11121","description":"پس از مقایسه لیست قیمت و امکانات هر یک از پیشنهادهای تشویقی، آن را که کمترین قیمت و بیشترین خدمات را دارد انتخاب می کنم.","iscorrect":0},{"id":"11122","description":"در ابتدای امر پول زیادی هزینه نمی کنم، ابتدا اشتراک یک ماهه یکی از شرکت ها را که خوش نام است و پیشنهاد تشویقی مناسبی هم دارد، امتحان می کنم و چنانچه رضایتم را فراهم آورد، اشتراک ارزان قیمت، طولانی مدت و مناسب را انتخاب می کنم.","iscorrect":1},{"id":"11123","description":"پبشنهادهای تشویقی شرکت ها همیشه کیفیت بسیار پایینی دارند و با توجه به هزینه های جانبی بالا، به هیچ وجه پیشنهاد نمی شوند.","iscorrect":0},{"id":"11124","description":"بسته به شهرت و تعداد مشترکان، شرکت بهتر و ارزان تر را انتخاب می کنم و برای طولانی ترین اشتراک ممکن، ثبت نام می کنم.","iscorrect":0}]},{"id":"2920","description":"برای تقویت امواج وای فای در تمام محیط خانه و دسترسی به اینترنت و شبکه با سرعت نسبتا یکسان، کدام یک از موارد زیر را پیشنهاد می کنید؟","answers":[{"id":"11125","description":"خرید آنتن قوی تر و جایگزینی آن با آنتن مودم وایرلس","iscorrect":0},{"id":"11126","description":"قرار دادن مودم در مرکز خانه یا دفتری که قرار است تحت پوشش قرار گیرد.","iscorrect":0},{"id":"11127","description":"استفاده از تقویت کننده آلومینیومی در طرفی که لازم نیست امواج منتشر شوند.","iscorrect":0},{"id":"11128","description":"همه موارد","iscorrect":1}]},{"id":"2921","description":"یک مودم بی سیم ADSL بهتر است از چه استانداردی پشتیبانی کند؟","answers":[{"id":"11129","description":"مودم های ADSL تنها از استاندارد 802.11 g پشتیبانی می کنند و کامپیوترها باید با این استاندارد کار کنند.","iscorrect":0},{"id":"11130","description":"استانداردهای 802.11 مربوط به ارتباطات موبایلی است و در زمینه مودم های ADSL موضوعیتی ندارند.","iscorrect":0},{"id":"11131","description":"مودم مناسب بهتر است از استاندارد 802.11 b/g/n پشتیبانی کند تا هر ابزار وایرلسی بسته به امکانات خود از سرعت اتصال مناسب برخوردار باشد.","iscorrect":1}]}]},{"score":"60","questions":[{"id":"2922","description":"کدام یک جزو معایب ADSL نیست؟","answers":[{"id":"11132","description":"تنها در مناطق توسعه یافته با مراکز تلفن پیشرفته قابل استفاده است.","iscorrect":0},{"id":"11133","description":"عدم امکان تغییر آسان خط تلفن و جابجایی اشتراک به آدرسی دیگر","iscorrect":0},{"id":"11134","description":"سرعت متغیر و با افت و خیز و همچنین گرانی تجهیزات اولیه نسبت به دیال آپ","iscorrect":0},{"id":"11135","description":"عدم امکان استفاده در مناطقی که تحت پوشش تلفن همراه نیست.","iscorrect":1}]},{"id":"2923","description":"نظر شما درباره این جمله چیست؟ «تعداد زیاد مشترک یک شرکت ارائه دهنده ADSL دلیل قانع کننده ای درباره خوب بودن آن شرکت است.»","answers":[{"id":"11136","description":"موافقم، زیرا نشان دهنده استقبال بالای کاربران از خدمات مناسب یک شرکت است.","iscorrect":0},{"id":"11137","description":"مخالفم، زیرا تعداد زیاد کاربران به معنای تقسیم پهنای باند اینترنت میان افراد بیشتری و کاهش سرعت است.","iscorrect":0},{"id":"11138","description":"این داستان نسبی است و در صورت تامین زیرساخت ها و منابع توسط آن شرکت، می تواند شرکت خوبی باشد و در صورت عدم پشتیبانی مناسب و تامین پهنای باند لازم، به دلیل بالا بودن تعداد کاربران با مشکل مواجه خواهیم شد.","iscorrect":1},{"id":"11139","description":"تعداد مشترکان در خطوط ADSL اهمیتی ندارد و این تکنولوژی می تواند بدون تغییری در زیرساخت و پهنای باند شرکت ارائه کننده، از هر تعداد کاربری پشتیبانی کرده و کیفیت یکسانی ارائه کند.","iscorrect":0}]},{"id":"2924","description":"تکنولوژی مورد استفاده در ADSL بر پایه کدام زیرساخت اجرا می شود؟","answers":[{"id":"11140","description":"این تکنولوژی از همان خطوط مسی معمولی تلفن استفاده کرده و زیرساخت خاصی نمی خواهد.","iscorrect":1},{"id":"11141","description":"ارسال اینترنت ADSL از طریق دکل های مخابراتی موبایل انجام می شود و در هر جایی که در محدوده آنتن دهی باشد، قابل استفاده است.","iscorrect":0},{"id":"11142","description":"استفاده از اینترنت در این تکنولوژی با کمک آنتن های ویژه ای همچون دیش های ماهواره ای انجام می گیرد.","iscorrect":0},{"id":"11143","description":"برای استفاده از آن داشتن یک سیم کارت و موبایل ویژه ارائه شده توسط شرکت، ضرورت دارد.","iscorrect":0}]},{"id":"2925","description":"استانداردهای 802.11 چه هستند؟","answers":[{"id":"11144","description":"پروتکلی شامل مجموعه ای از تکنیک های مدولاسیون امواج که مبنای تئوریک لازم برای انتقال اطلاعات در دستگاه های وای فای را فراهم می کند.","iscorrect":1},{"id":"11145","description":"پروتکلی ویژه انتقال بی سیم اطلاعات در فواصل زیاد براساس خواص رادیو مغناطیسی امواج","iscorrect":0},{"id":"11146","description":"نوعی کدگذاری ویژه برای مشخص کردن سرعت و کانال مورد استفاده در ارتباطات بی سیم","iscorrect":0},{"id":"11147","description":"یکی از زیر مجموعه های استانداردهای ایزو","iscorrect":0}]},{"id":"2926","description":"کدامیک در دسته بندی مودم های ADSL قرار نمی گیرد؟","answers":[{"id":"11148","description":"مودم های با کابل یو اس بی","iscorrect":0},{"id":"11149","description":"مودم های با کابل شبکه","iscorrect":0},{"id":"11150","description":"مودم های بی سیم","iscorrect":0},{"id":"11151","description":"مودم های اینترنال","iscorrect":1}]}]}]},{"name":"درس هشتم- تنظیمات امنیتی مودم ADSL- بخش اول","id":"475","contentorder":"12","lesson_number":8,"type":0,"filename":"lesson475.html"},{"name":"درس نهم- تنظیمات امنیتی مودم ADSL- بخش دوم","id":"476","contentorder":"13","lesson_number":9,"type":0,"filename":"lesson476.html"},{"name":"نظیمات امنیتی مودم ADSL","id":"784","contentorder":"14","type":1,"set":[{"score":"60","questions":[{"id":"2927","description":"چگونه می توان آدرس آی پی مودم وایرلس برای ورود به صفحه مدیریت آن را یافت؟","answers":[{"id":"11152","description":"این آدرس به همراه نام کاربری و رمز عبور بر روی جعبه یا درون دفترچه راهنمای مودم نوشته شده است.","iscorrect":0},{"id":"11153","description":"از طریق تایپ دستور ipconfig /all","iscorrect":0},{"id":"11154","description":"با استفاده از دستور traceroute","iscorrect":0},{"id":"11155","description":"هر سه مورد","iscorrect":1}]},{"id":"2928","description":"کدام یک از موارد زیر در امنیت شبکه بی سیم شما تاثیری ندارند؟","answers":[{"id":"11156","description":"محافظت از صفحه ورود به بخش مدیریت مودم با رمز عبور","iscorrect":0},{"id":"11157","description":"تغییر نام پیش فرض شبکه و مخفی کردن آن","iscorrect":0},{"id":"11158","description":"استفاده از مودم های D-Link","iscorrect":1},{"id":"11159","description":"رمزگذاری شبکه وای فای","iscorrect":0}]},{"id":"2929","description":"بهترین شیوه رمزنگاری شبکه وای فای خانگی کدام است؟","answers":[{"id":"11160","description":"WPA","iscorrect":0},{"id":"11161","description":"WPA2","iscorrect":1},{"id":"11162","description":"WEP","iscorrect":0},{"id":"11163","description":"WAP","iscorrect":0}]}]},{"score":"60","questions":[{"id":"2930","description":"تغییر نام پیش فرض شبکه وای فای چه فایده ای دارد؟","answers":[{"id":"11164","description":"نشان از سطحی از حرفه ای بودن است که فرد نفوذگر را درباره ادامه فعالیت دچار تردید می کند.","iscorrect":0},{"id":"11165","description":"در صورت استفاده از نام های ویژه یا به ظاهر خطرناک، می توان بسیاری از افراد آماتور را در پشت در نگه داشت.","iscorrect":0},{"id":"11166","description":"با تغییر نام، دیگر هیچ کس به آن دسترسی نداشته و نمی تواند به شبکه وایرلس شما متصل شود.","iscorrect":0},{"id":"11167","description":"موارد اول و دوم","iscorrect":1}]},{"id":"2931","description":"رمز عبور انتخابی در حالت رمزنگاری WPA2 چند کاراکتر باید باشد؟","answers":[{"id":"11168","description":"محدودیتی در انتخاب رمز عبور نداریم.","iscorrect":0},{"id":"11169","description":"حداقل ۱۳ و حداکثر ۶۴ کاراکتر","iscorrect":1},{"id":"11170","description":"حداقل ۶۵ کاراکتر","iscorrect":0},{"id":"11171","description":"حداکثر ۱۳ کاراکتر","iscorrect":0}]},{"id":"2932","description":"کاربرد فیلتر Mac Address در مودم و روترهای بی سیم چیست؟","answers":[{"id":"11172","description":"امکان کنترل آدرس فیزیکی دستگاه های مجاز و غیرمجاز برای استفاده از شبکه را فراهم می آورد.","iscorrect":1},{"id":"11173","description":"برای اصلاح سخت افزاری آدرس های اینترنتی اشتباه در روتر متصل به سیستم عامل مک او اس کاربرد دارد.","iscorrect":0},{"id":"11174","description":"باعث جلوگیری از باز شدن سایت های حاوی بدافزار و جاسوس افزار می شود.","iscorrect":0},{"id":"11175","description":"آدرس های IP شبکه را کنترل کرده و آنها را به صورت لیستی برای گزارش آماده می کند.","iscorrect":0}]}]}]},{"name":"درس دهم- شیوه اتصال کامپیوتر به مودم بی سیم","id":"477","contentorder":"15","lesson_number":10,"type":0,"filename":"lesson477.html"},{"name":"درس یازدهم- به اشتراک گذاری فایل بین کامپیوترها از طریق شبکه بی سیم- گروه های کاری","id":"478","contentorder":"16","lesson_number":11,"type":0,"filename":"lesson478.html"},{"name":"درس دوازدهم- به اشتراک گذاری فایل ها بین کامپیوترها از طریق شبکه بی سیم- اشتراک پوشه ها","id":"479","contentorder":"17","lesson_number":12,"type":0,"filename":"lesson479.html"},{"name":"درس سیزدهم- به اشتراک گذاری فایل ها بین کامپیوترها از طریق شبکه بی سیم- اشتراک ابزارهای جانبی","id":"480","contentorder":"18","lesson_number":13,"type":0,"filename":"lesson480.html"},{"name":"به اشتراک گذاری فایل ها بین کامپیوترها از طریق شبکه بی سیم","id":"786","contentorder":"19","type":1,"set":[{"score":"60","questions":[{"id":"2933","description":"راه اندازی یک شبکه خانگی چه مزایایی دارد؟","answers":[{"id":"11176","description":"استفاده از اینترنت بر روی تمامی دستگاه ها، بدون نیاز به کابل جداگانه برای هر کدام","iscorrect":0},{"id":"11177","description":"به اشتراک گذاشتن فایل ها و اسناد کاری با دیگر افراد درون شبکه","iscorrect":0},{"id":"11178","description":"پخش مستقیم فایل های فیلم و موسیقی از روی یک کامپیوتر بر روی کامپیوتر دیگر بدون کپی کردن آنها","iscorrect":0},{"id":"11179","description":"همه موارد","iscorrect":1}]},{"id":"2934","description":"هنگام تنظیم شبکه برای به اشتراک گذاری فایل ها، نام گروه شبکه (Workgroup) و نام کامپیوتر چگونه باید انتخاب شوند؟","answers":[{"id":"11180","description":"نام گروه شبکه باید در همه کامپیوترها یکسان بوده و نام کامپیوتر در هر یک از سیستم ها اختصاصی و غیر تکراری باشد.","iscorrect":1},{"id":"11181","description":"نام کامپیوتر باید در همه کامپیوترها یکسان بوده و نام گروه شبکه در هر یک از سیستم ها اختصاصی و غیر تکراری باشد.","iscorrect":0},{"id":"11182","description":"نام گروه شبکه و نام کامپیوتر در هر یک از سیستم ها یکسان و اختصاصی باشد.","iscorrect":0},{"id":"11183","description":"شیوه انتخاب این نام ها دلخواه بوده و کاملا به سلیقه شما بستگی دارد.","iscorrect":0}]},{"id":"2935","description":"هنگام به اشتراک گذاری یک فایل، پوشه یا درایو، چه سطح دسترسی هایی را می توان برای آن تعیین کرد؟","answers":[{"id":"11184","description":"ویندوز سطح دسترسی های پیش فرض خود را برای پوشه انتخاب می کند و امکان تغییر آن را نداریم.","iscorrect":0},{"id":"11185","description":"می توانیم هر یک از سطح دسترسی های Read یا Write را انتخاب کنیم.","iscorrect":1},{"id":"11186","description":"تمامی پوشه های به اشتراک گذاشته شده دسترسی خواندن و تغییرات کامل را در اختیار دارند.","iscorrect":0},{"id":"11187","description":"سطح دسترسی تنها هنگام کار با لینوکس مطرح است و در ویندوز معنی و مفهومی ندارد.","iscorrect":0}]}]},{"score":"60","questions":[{"id":"2936","description":"ویندوز به اشتراک گذاری کدام پوشه ها را ممنوع دانسته و اجازه چنین کاری را نمی دهد؟","answers":[{"id":"11188","description":"چنین محدودیتی در ویندوز وجود ندارد و شما هر پوشه دلخواهی را می توانید به اشتراک بگذارید.","iscorrect":0},{"id":"11189","description":"در ویندوز شما تنها می توانید پوشه های اختصاصی اکانت کاربری خودتان را به اشتراک بگذارید و امکان به اشتراک گذاری پوشه های دیگر اکانت ها را ندارید.","iscorrect":0},{"id":"11190","description":"پوشه های Windows و Program Files و Documents and Settings قابلیت اشتراک گذاری را ندارند.","iscorrect":0},{"id":"11191","description":"مورد دوم و سوم","iscorrect":1}]},{"id":"2937","description":"ویندوز امکان به اشتراک گذاری چه ابزار جانبی را در اختیار شما قرار می دهد؟","answers":[{"id":"11192","description":"شما در ویندوز می توانید هر ابزار جانبی را که بر روی کامپیوترتان استفاده می کنید، به اشتراک بگذارید.","iscorrect":1},{"id":"11193","description":"این به اشتراک گذاری تنها شامل پرینتر و اسکنر است.","iscorrect":0},{"id":"11194","description":"به جز دوربین های عکاسی و حافظه های فلش، تمامی ابزار قابلیت به اشتراک گذاری را دارند.","iscorrect":0},{"id":"11195","description":"در ویندوز امکان اشتراک هیچ ابزار جانبی را ندارید، مگر اینکه آن ابزارها به کارت شبکه وایرلس مجهز باشند.","iscorrect":0}]},{"id":"2938","description":"برای اتصال و تبادل اطلاعات تنها میان دو کامپیوتر از چه شیوه ای استفاده می کنیم؟","answers":[{"id":"11196","description":"این کار به تنهایی ممکن نیست و باید آنها را به شبکه خانگی متصل کرد.","iscorrect":0},{"id":"11197","description":"با کابل شبکه معمولی دو کامپیوتر را به هم متصل می کنیم.","iscorrect":0},{"id":"11198","description":"با استفاده از دانگل بلوتوث متصل به هر دو کامپیوتر، این کار را انجام می دهیم.","iscorrect":0},{"id":"11199","description":"از کابل شبکه کراس اور استفاده می کنیم.","iscorrect":1}]}]}]},{"name":"درس چهاردهم- به اشتراک گذاری فایل بین کامپیوتر و ابزارهای اندرویدی یا iOS از طریق شبکه بی سیم","id":"481","contentorder":"20","lesson_number":14,"type":0,"filename":"lesson481.html"},{"name":"درس پانزدهم- دراپ باکس چیست؟","id":"482","contentorder":"21","lesson_number":15,"type":0,"filename":"lesson482.html"},{"name":"درس شانزدهم- اشتراک گذاری محتوا به کمک دراپ باکس","id":"483","contentorder":"22","lesson_number":16,"type":0,"filename":"lesson483.html"},{"name":"درس هفدهم- نکات و ترفندهای کاربردی دراپ باکس","id":"484","contentorder":"23","lesson_number":17,"type":0,"filename":"lesson484.html"},{"name":"دراپ باکس","id":"788","contentorder":"24","type":1,"set":[{"score":"50","questions":[{"id":"2939","description":"دراپ باکس چیست؟","answers":[{"id":"11200","description":"سرویسی که به شما امکان اشتراک تمام فایل ها و اسناد را در سراسر اینترنت بر روی فضای کلود می دهد.","iscorrect":1},{"id":"11201","description":"سرویسی برای نگهداری اسناد شرکتی درون یک فایل رمزگذاری شده به صورت یک جعبه خیالی","iscorrect":0},{"id":"11202","description":"ابزاری برای دسته بندی و مرتب نمودن فایل ها و اسناد درون کامپیوتر","iscorrect":0},{"id":"11203","description":"سیستمی برای اندازه گیری مدت زمان پایین و دور از دسترس بودن سایت شما","iscorrect":0}]},{"id":"2940","description":"کدام یک از موارد زیر شیوه دستیابی به اطلاعات درون دراپ باکس و اشتراک آنها نیست؟","answers":[{"id":"11204","description":"استفاده مستقیم از سایت دراپ باکس","iscorrect":0},{"id":"11205","description":"نصب اپلیکیشن دارپ باکس بر روی کامپیوترها و ابزار مختلف و اتصال آن به اکانت دراپ باکس مورد نظر","iscorrect":0},{"id":"11206","description":"اشتراک تمامی یا برخی فایل ها و پوشه ها با دیگر کاربران دراپ باکس به صورت اختصاصی","iscorrect":0},{"id":"11207","description":"به اشتراک گذاری عمومی فایل یا پوشه ها برای دسترسی عمومی با آدرس مستقیم","iscorrect":0},{"id":"11208","description":"استفاده از درایو فلش اختصاصی ارسال شده توسط سایت برای شناسایی کامپیوترهای مجاز","iscorrect":1}]},{"id":"2941","description":"دراپ باکس چه میزان فضای ذخیره سازی رایگان در اختیارتان می گذارد؟","answers":[{"id":"11209","description":"این سرویس کاملا غیر رایگان بوده و کمترین حجم آن ۵۰ گیگابایت در قبال پرداخت سالانه ۹۹ دلار است.","iscorrect":0},{"id":"11210","description":"در نسخه رایگان این سرویس تنها ۲ گیگابایت فضای ذخیره سازی در اختیار دارید.","iscorrect":0},{"id":"11211","description":"میزان حجم ذخیره سازی رایگان دراپ باکس بستگی به فعالیت شما در معرفی این سرویس و موقعیت های فراوان دیگر دارد و معمولا تا ۱۸ گیگابایت می رسد.","iscorrect":1},{"id":"11212","description":"دراپ باکس سرویسی کاملا رایگان بوده که محدودیت حجم ندارد.","iscorrect":0}]},{"id":"2942","description":"کدام یک از موارد زیر جزو مزایای دراپ باکس نیست؟","answers":[{"id":"11213","description":"می توانید تمامی اسناد، مدارک و فایل های تان را در فضای کلود در دسترس داشته و هر لحظه که لازم است از آن استفاده کنید.","iscorrect":0},{"id":"11214","description":"تمامی اطلاعات شما درون جعبه مجازی رمزنگاری شده ای همانند یک گاو صندوق تو در تو نگهداری می شوند که هر کس برای دست یابی به آنها، علاوه بر مجوز شما، به رمز عبور ویژه آن جعبه مجازی هم نیاز دارد.","iscorrect":1},{"id":"11215","description":"هر یک از فایل ها و پوشه ها را به راحتی با دیگر دوستان و همکاران تان به اشتراک می گذارید.","iscorrect":0},{"id":"11216","description":"فضای نسبتا کافی و رایگانی برای اشتراک فایل در اختیارتان می گذارد.","iscorrect":0}]}]},{"score":"50","questions":[{"id":"2943","description":"هنگام ساخت اکانت دراپ باکس، این سایت به کدام بخش ها از کامپیوتر شما دسترسی دارد؟","answers":[{"id":"11217","description":"دراپ باکس تنها به پوشه ویژه ای که هنگام نصب ساخته شده، دسترسی دارد.","iscorrect":1},{"id":"11218","description":"دراپ باکس به هیچ بخشی از کامپیوتر دسترسی نداشته و شما تنها فایل ها را روی سرورهای آن نگهداری می کنید.","iscorrect":0},{"id":"11219","description":"دراپ باکس به طور کامل به تمامی درایو های کامپیوتر دسترسی داشته و آنها را با سرویس ابری خود به اشتراک می گذارد.","iscorrect":0},{"id":"11220","description":"دراپ باکس تنها به بخش تنظیمات درون Control Panel دسترسی داشته و از آن طریق کار ارسال فایل را انجام می دهد.","iscorrect":0}]},{"id":"2944","description":"تاریخچه پوشه اشتراکی در دراپ باکس چه اطلاعاتی را در اختیارتان می گذارد؟","answers":[{"id":"11221","description":"برای به اشتراک گذاری اطلاعات تاریخی درباره موضوع خاصی درون پوشه های دراپ باکس استفاده می شود.","iscorrect":0},{"id":"11222","description":"لیستی از تغییرات انجام گرفته در پوشه اشتراکی را به تفکیک زمان، تغییر انجام شده و فرد انجام دهنده در اختیارتان می گذارد.","iscorrect":1},{"id":"11223","description":"لیست افراد وارد شده به پوشه را به تفکیک تاریخ نگهداری می کند.","iscorrect":0},{"id":"11224","description":"لیست سعی و خطا برای ورود غیر مجاز به پوشه های درون اکانت تان را به همراه آی پی فرد مهاجم ثبت می کند.","iscorrect":0}]},{"id":"2945","description":"انجام کدام یک از کارهای زیر در دراپ باکس امکان پذیر نیست؟","answers":[{"id":"11225","description":"انتقال مستقیم فایل از اینترنت به دراپ باکس","iscorrect":0},{"id":"11226","description":"ایجاد گالری های عکس عمومی","iscorrect":0},{"id":"11227","description":"ارسال فایل تورنت برای دانلود روی کامپیوتر دیگر از راه دور","iscorrect":0},{"id":"11228","description":"همگام سازی بانک اطلاعاتی برنامه مدیریت رمز عبور LastPass","iscorrect":1}]},{"id":"2946","description":"کدام یک از موارد زیر باعث افزایش رایگان حجم اکانت دراپ باکس شما می شود؟","answers":[{"id":"11229","description":"دعوت دوستان برای عضویت در دراپ باکس از طریق صفحه ریفرال","iscorrect":0},{"id":"11230","description":"اتصال اکانت دراپ باکس به حساب کاربری خود در توییتر و فیس بوک","iscorrect":0},{"id":"11231","description":"فالو کردن اکانت توییتر سایت دراپ باکس و ارسال توییت درباره دراپ باکس","iscorrect":0},{"id":"11232","description":"همه موارد","iscorrect":1}]}]}]},{"name":"دوره مبانی شبکه- آزمون نهایی","id":"792","contentorder":"25","type":1,"set":[{"score":"50","questions":[{"id":"2953","description":"شیوه سر هم کردن اطلاعات ارسال شده در قالب بسته های اطلاعاتی بر روی کامپیوتر کاربر چگونه است؟","answers":[{"id":"11257","description":"پس از رسیدن هر بسته اطلاعاتی به کامپیوتر کاربر، مرورگر با سعی و خطا و امتحان کردن جایگاه های مختلف، محل قرارگیری آن را معین می کند.","iscorrect":0},{"id":"11258","description":"این کار بر اساس قوانین پروتکل ها همانند کنار هم قرار دادن قطعات پازل تا کامل شدن فایل اطلاعاتی ادامه دارد.","iscorrect":1},{"id":"11259","description":"اطلاعات معمولا در قالب یک فایل واحد ارسال می شوند که به محض دریافت روی کامپیوتر کاربر قابل استفاده است.","iscorrect":0},{"id":"11260","description":"خود کاربر از طریق برنامه نمایش بسته های اطلاعاتی باید آنها را مرتب کرده و تبدیل به فایل اطلاعاتی کامل کند.","iscorrect":0}]},{"id":"2954","description":"کدام گزینه درباره مک آدرس صحیح است؟","answers":[{"id":"11261","description":"یک کد کنترلی منحصر به فرد است که به کارت های شبکه ابزارها تخصیص داده می شود و برای کنترل ارتباطات آنها در شبکه های فیزیکی به کار می رود.","iscorrect":1},{"id":"11262","description":"نام دیگر آدرس آی پی یا IP Address است.","iscorrect":0},{"id":"11263","description":"بارکد شناسایی هر یک از قطعات کامپیوتر را که توسط کارخانه سازنده روی آن درج می شود، مک آدرس گویند.","iscorrect":0},{"id":"11264","description":"به آدرس هر کامپیوتر مکینتاش در شبکه داخلی می گویند.","iscorrect":0}]},{"id":"2955","description":"طول کابل باز شده برای سوکت زنی، چه تاثیری در شبکه شما خواهد داشت؟","answers":[{"id":"11265","description":"به دلیل بیشتر شدن سطح تماس و باز شدن پیچ، بخش بیشتری از کابل و سطح تماس و در نتیجه سرعت شبکه افزایش می یابد.","iscorrect":0},{"id":"11266","description":"باز کردن تاب طول زیادی از سیم باعث می شود اتصال مناسبی نداشته باشیم و کابل خصوصیات خود را به خوبی نشان ندهد.","iscorrect":1},{"id":"11267","description":"این کار سلیقه ای بوده و تنها در زیبایی اتصالات شما تاثیرگذار است و در کیفیت و سرعت شبکه تان هیچ تاثیری ندارد.","iscorrect":0},{"id":"11268","description":"اصولا سوکت زنی کابل، کار پیچیده ای است که با دستگاه های ویژه ای در کارخانه انجام می شود و شما تنها می توانید کابل آماده را خریداری و استفاده کنید.","iscorrect":0}]},{"id":"2956","description":"کدام یک جزو معایب ADSL نیست؟","answers":[{"id":"11269","description":"تنها در مناطق توسعه یافته با مراکز تلفن پیشرفته قابل استفاده است.","iscorrect":0},{"id":"11270","description":"عدم امکان تغییر آسان خط تلفن و جابجایی اشتراک به آدرسی دیگر","iscorrect":0},{"id":"11271","description":"سرعت متغیر و با افت و خیز و همچنین گرانی تجهیزات اولیه نسبت به دیال آپ","iscorrect":0},{"id":"11272","description":"عدم امکان استفاده در مناطقی که تحت پوشش تلفن همراه نیست.","iscorrect":1}]},{"id":"2957","description":"رمز عبور انتخابی در حالت رمزنگاری WPA2 چند کاراکتر باید باشد؟","answers":[{"id":"11273","description":"محدودیتی در انتخاب رمز عبور نداریم.","iscorrect":0},{"id":"11274","description":"حداقل ۱۳ و حداکثر ۶۴ کاراکتر","iscorrect":1},{"id":"11275","description":"حداقل ۶۵ کاراکتر","iscorrect":0},{"id":"11276","description":"حداکثر ۱۳ کاراکتر","iscorrect":0}]},{"id":"2958","description":"ویندوز امکان به اشتراک گذاری چه ابزار جانبی را در اختیار شما قرار می دهد؟","answers":[{"id":"11277","description":"شما در ویندوز می توانید هر ابزار جانبی را که بر روی کامپیوترتان استفاده می کنید، به اشتراک بگذارید.","iscorrect":1},{"id":"11278","description":"این به اشتراک گذاری تنها شامل پرینتر و اسکنر است.","iscorrect":0},{"id":"11279","description":"به جز دوربین های عکاسی و حافظه های فلش، تمامی ابزار قابلیت به اشتراک گذاری را دارند.","iscorrect":0},{"id":"11280","description":"در ویندوز امکان اشتراک هیچ ابزار جانبی را ندارید، مگر اینکه آن ابزارها به کارت شبکه وایرلس مجهز باشند.","iscorrect":0}]},{"id":"2959","description":"انجام کدام یک از کارهای زیر در دراپ باکس امکان پذیر نیست؟","answers":[{"id":"11281","description":"انتقال مستقیم فایل از اینترنت به دراپ باکس","iscorrect":0},{"id":"11282","description":"ایجاد گالری های عکس عمومی","iscorrect":0},{"id":"11283","description":"ارسال فایل تورنت برای دانلود روی کامپیوتر دیگر از راه دور","iscorrect":0},{"id":"11284","description":"همگام سازی بانک اطلاعاتی برنامه مدیریت رمز عبور LastPass","iscorrect":1}]}]},{"score":"50","questions":[{"id":"2960","description":"کدام مورد جزو پروتکل های اینترنتی نیست؟","answers":[{"id":"11285","description":"HTTP","iscorrect":0},{"id":"11286","description":"TCP/IP","iscorrect":0},{"id":"11287","description":"FTP","iscorrect":0},{"id":"11288","description":"NPT","iscorrect":1}]},{"id":"2961","description":"آدرس آی پی (IP Address) چیست؟","answers":[{"id":"11289","description":"یک شناسه عددی است که به هر یک از ابزارهای (کامپیوترها، پرینترها و …) درون یک شبکه کامپیوتری اختصاص می یابد.","iscorrect":1},{"id":"11290","description":"یک نشانی براساس نام کامپیوتر، نام شبکه، نام آی اس پی و نام مرکز مخابراتی است که محل دقیق کامپیوتر شما در اینترنت را مشخص می کند.","iscorrect":0},{"id":"11291","description":"یک کد کنترلی منحصر به فرد است که به کارت های شبکه ابزارها تخصیص داده می شود و برای کنترل ارتباطات آنها در شبکه های فیزیکی به کار می رود.","iscorrect":0},{"id":"11292","description":"آی پی یک پروتکل ارتباطی اینترنتی است و عبارتی به عنوان آدرس آی پی صحیح نیست و کاربردی در شبکه ها ندارد.","iscorrect":0}]},{"id":"2962","description":"کدام یک از موارد، مزایای کابل شبکه کتگوری ۵ است؟","answers":[{"id":"11293","description":"سرعت آنها حداکثر ۱۰۰ مگابیت بر ثانیه است و به راحتی در بازار پیدا می شود.","iscorrect":1},{"id":"11294","description":"پرسرعت ترین کابل شبکه موجود است که سرعت گیگابیتی را در اختیارتان می گذارد.","iscorrect":0},{"id":"11295","description":"این کابل منقرض شده و به دلیل سرعت پایین استفاده نمی شود.","iscorrect":0},{"id":"11296","description":"این کابل برای شبکه کاربردی ندارد و در حقیقت کابل مناسب تصاویر تلویزیون و تلفن است.","iscorrect":0}]},{"id":"2963","description":"چند شرکت ارائه خدمات ADSL در شهرتان هستند که پیشنهادهای وسوسه کننده بلند مدت و خوش قیمتی ارائه می کنند. بهترین شیوه انتخاب از میان آنها چیست؟","answers":[{"id":"11297","description":"پس از مقایسه لیست قیمت و امکانات هر یک از پیشنهادهای تشویقی، آن را که کمترین قیمت و بیشترین خدمات را دارد انتخاب می کنم.","iscorrect":0},{"id":"11298","description":"در ابتدای امر پول زیادی هزینه نمی کنم، ابتدا اشتراک یک ماهه یکی از شرکت ها را که خوش نام است و پیشنهاد تشویقی مناسبی هم دارد، امتحان می کنم و چنانچه رضایتم را فراهم آورد، اشتراک ارزان قیمت، طولانی مدت و مناسب را انتخاب می کنم.","iscorrect":1},{"id":"11299","description":"پبشنهادهای تشویقی شرکت ها همیشه کیفیت بسیار پایینی دارند و با توجه به هزینه های جانبی بالا، به هیچ وجه پیشنهاد نمی شوند.","iscorrect":0},{"id":"11300","description":"بسته به شهرت و تعداد مشترکان، شرکت بهتر و ارزان تر را انتخاب می کنم و برای طولانی ترین اشتراک ممکن، ثبت نام می کنم.","iscorrect":0}]},{"id":"2964","description":"کدام یک از موارد زیر در امنیت شبکه بی سیم شما تاثیری ندارند؟","answers":[{"id":"11301","description":"محافظت از صفحه ورود به بخش مدیریت مودم با رمز عبور","iscorrect":0},{"id":"11302","description":"تغییر نام پیش فرض شبکه و مخفی کردن آن","iscorrect":0},{"id":"11303","description":"استفاده از مودم های D-Link","iscorrect":1},{"id":"11304","description":"رمزگذاری شبکه وای فای","iscorrect":0}]},{"id":"2965","description":"هنگام تنظیم شبکه برای به اشتراک گذاری فایل ها، نام گروه شبکه (Workgroup) و نام کامپیوتر چگونه باید انتخاب شوند؟","answers":[{"id":"11305","description":"نام گروه شبکه باید در همه کامپیوترها یکسان بوده و نام کامپیوتر در هر یک از سیستم ها اختصاصی و غیر تکراری باشد.","iscorrect":1},{"id":"11306","description":"نام کامپیوتر باید در همه کامپیوترها یکسان بوده و نام گروه شبکه در هر یک از سیستم ها اختصاصی و غیر تکراری باشد.","iscorrect":0},{"id":"11307","description":"نام گروه شبکه و نام کامپیوتر در هر یک از سیستم ها یکسان و اختصاصی باشد.","iscorrect":0},{"id":"11308","description":"شیوه انتخاب این نام ها دلخواه بوده و کاملا به سلیقه شما بستگی دارد.","iscorrect":0}]},{"id":"2966","description":"دراپ باکس چه میزان فضای ذخیره سازی رایگان در اختیارتان می گذارد؟","answers":[{"id":"11309","description":"این سرویس کاملا غیر رایگان بوده و کمترین حجم آن ۵۰ گیگابایت در قبال پرداخت سالانه ۹۹ دلار است.","iscorrect":0},{"id":"11310","description":"در نسخه رایگان این سرویس تنها ۲ گیگابایت فضای ذخیره سازی در اختیار دارید.","iscorrect":0},{"id":"11311","description":"میزان حجم ذخیره سازی رایگان دراپ باکس بستگی به فعالیت شما در معرفی این سرویس و موقعیت های فراوان دیگر دارد و معمولا تا ۱۸ گیگابایت می رسد.","iscorrect":1},{"id":"11312","description":"دراپ باکس سرویسی کاملا رایگان بوده که محدودیت حجم ندارد.","iscorrect":0}]}]}]}]}