{"courseId":"88","contents":[{"name":"مقدمه‌- گوگل و گوگل+","id":"725","contentorder":"1","lesson_number":1,"type":0,"filename":"lesson725.html"},{"name":"گوگل و گوگل+","id":"1243","contentorder":"2","type":1,"set":[{"score":"66","questions":[{"id":"5346","description":"وب چیست؟","answers":[{"id":"20447","description":"برنامه‌ای برای بازی در اینترنت","iscorrect":0},{"id":"20448","description":"وب جهان‌ گستر یک سامانه اطلاعاتی از پرونده‌‌های ابرمتنی متصل‌ به هم است که از طریق شبکه جهانی اینترنت قابل دسترسی هستند.","iscorrect":1},{"id":"20449","description":"زبان برنامه نویسی در اینترنت","iscorrect":0},{"id":"20450","description":"شبکه موجود در بانک‌ها","iscorrect":0}]},{"id":"5347","description":"چطور می‌توانیم صفحات وب را ببینیم (ابزار مشاهده صفحات وب چیست)؟","answers":[{"id":"20451","description":"از رایانامه خود برای مشاهده صفحه‌های وب استفاده می‌کنیم.","iscorrect":0},{"id":"20452","description":"با استفاده از زبان‌های برنامه نویسی","iscorrect":0},{"id":"20453","description":"به کمک برنامه مایکروسافت ورد","iscorrect":0},{"id":"20454","description":"به‌ کمک یک مرورگر وب می‌توانیم صفحات وب را مشاهده کنیم.","iscorrect":1}]},{"id":"5348","description":"سامانه اطلاعاتی چیست؟","answers":[{"id":"20455","description":"دستگاه‌هایی برای دزدیدن داده‌های کاربران","iscorrect":0},{"id":"20456","description":"هر ماشین یا دستگاهی که برای هدف‌های محاسباتی، مخابراتی، بازیابی و ارائه اطلاعات، کد گذاری شده است.","iscorrect":1},{"id":"20457","description":"مجموعه اطلاعات وارد شده به یک شرکت فن آوری داده‌های پزشکی","iscorrect":0},{"id":"20458","description":"برنامه‌های تشخیص هویت در رایانه‌های دستی","iscorrect":0}]}]},{"score":"66","questions":[{"id":"5349","description":"ابرمتن چیست؟","answers":[{"id":"20459","description":"متنی که توسط دستگاه‌های بزرگ به شکل برجسته نوشته شده باشد.","iscorrect":0},{"id":"20460","description":"برنامه بازی رایانه ای که در رایانه شخصی کار می‌کند.","iscorrect":0},{"id":"20461","description":"متنی است که بر صفحه نمایشگر یا سایر وسایل الکترونیکی نشان داده می‌شود و قابلیت ارجاع به متون مرتبط دیگر را جهت دسترسی سریع برای خواننده فراهم می‌آورد.","iscorrect":1},{"id":"20462","description":"متنی که از نظر معنی بسیار پیچیده باشد.","iscorrect":0}]},{"id":"5350","description":"گوگل چیست؟","answers":[{"id":"20463","description":"سرویسی است که توسط شرکت گوگل برای نشان دادن نقشه مسیر ایجاد شده است.","iscorrect":0},{"id":"20464","description":"یک سرویس شبکه اجتماعی است که توسط شرکت گوگل ساخته شده است.","iscorrect":1},{"id":"20465","description":"به مجموعه سرویس‌های شرکت گوگل، گوگل+ می‌گویند.","iscorrect":0},{"id":"20466","description":"یک ماشین پیشرفته محاسباتی پرتاب ماهواره است.","iscorrect":0}]},{"id":"5351","description":"شبکه اجتماعی چیست؟","answers":[{"id":"20467","description":"ابزاری برای راه اندازه یک سیستم دریافت رایانامه است.","iscorrect":0},{"id":"20468","description":"برنامه‌ای که حاوی تمام بازی‌های تحت وب است و آنها را هدایت می‌کند.","iscorrect":0},{"id":"20469","description":"نام مرورگر وب بسیار پیشرفته‌ای ساخت شرکت گوگل است.","iscorrect":0},{"id":"20470","description":"شبکه‌های اجتماعی ابزارهای متنوعی هستند که در بیشتر آنها کاربران به صورت آزاد و مجانی می‌توانند مطالب خود را با صد‌ها و حتی هزاران نفر در سراسر جهان به اشتراک بگذارند.","iscorrect":1}]}]}]},{"name":"درس اول- ساخت حساب كاربری در گوگل","id":"726","contentorder":"3","lesson_number":2,"type":0,"filename":"lesson726.html"},{"name":"ساخت حساب كاربری در گوگل","id":"1245","contentorder":"4","type":1,"set":[{"score":"66","questions":[{"id":"5352","description":"جی‌میل چیست؟","answers":[{"id":"20471","description":"یک بازی پیشرفته رایانه ای است.","iscorrect":0},{"id":"20472","description":"ابزاری برای همخوان کردن فایل","iscorrect":0},{"id":"20473","description":"یک سرویس شبکه اجتماعی است.","iscorrect":0},{"id":"20474","description":"جی‌میل، یکی از سرویس‌های‌ رایگان گوگل است که به کاربران فضای رایگان جهت ارسال و دریافت رایانامه ارائه می‌‌دهد.","iscorrect":1}]},{"id":"5353","description":"رایانامه چیست؟","answers":[{"id":"20475","description":"به پیامی دیجیتالی گفته می‌شود که در رایانه‌ از یک فرستنده به یک یا چند گیرنده فرستاده می‌‌شود.","iscorrect":1},{"id":"20476","description":"همان کامپیوتر است.","iscorrect":0},{"id":"20477","description":"دستگاهی برای دریافت رایانه","iscorrect":0},{"id":"20478","description":"پیام‌های اینترنتی را دسته بندی می‌کند.","iscorrect":0}]},{"id":"5354","description":"جی‌میل، یکی از سرویس های‌ رایگان .............. است.","answers":[{"id":"20479","description":"گوگل","iscorrect":1},{"id":"20480","description":"یاهو","iscorrect":0},{"id":"20481","description":"هات میل","iscorrect":0},{"id":"20482","description":"مایکروسافت","iscorrect":0}]}]},{"score":"60","questions":[{"id":"5355","description":"برای ساخت شناسه کاربری در گوگل می توانیم از ............... استفاده کنیم.","answers":[{"id":"20483","description":"فقط حروف و اعداد","iscorrect":0},{"id":"20484","description":"فقط حروف و نقطه","iscorrect":0},{"id":"20485","description":"ترکیب حروف و کلمات و. (نقطه)","iscorrect":1},{"id":"20486","description":"هر کاراکتری","iscorrect":0}]},{"id":"5356","description":"میزان فضای رایگان حساب در جی‌میل ................... است.","answers":[{"id":"20487","description":"30 گیگابایت","iscorrect":0},{"id":"20488","description":"25 گیگابایت","iscorrect":0},{"id":"20489","description":"15 گیگابایت","iscorrect":1},{"id":"20490","description":"10 گیگابایت","iscorrect":0}]},{"id":"5357","description":"تعداد کاراکترهای مجاز در هنگام ساخت شناسه کاربری در حساب جی‌میل باید ..................... باشد.","answers":[{"id":"20491","description":"30 کاراکتر","iscorrect":0},{"id":"20492","description":"25 کاراکتر","iscorrect":0},{"id":"20493","description":"بین 6 تا 30 کاراکتر","iscorrect":1},{"id":"20494","description":"15 کاراکتر","iscorrect":0}]}]}]},{"name":"درس دوم- چگونه وارد گوگل+ بشویم؟","id":"727","contentorder":"5","lesson_number":3,"type":0,"filename":"lesson727.html"},{"name":"چگونه وارد گوگل+ بشویم؟","id":"1247","contentorder":"6","type":1,"set":[{"score":"66","questions":[{"id":"5358","description":"برای ثبت نام در گوگل به چه مقدماتی نیاز داریم؟","answers":[{"id":"20495","description":"ابتدا باید یک حساب گوگل+ خریداری کنیم.","iscorrect":0},{"id":"20496","description":"باید از حساب کاربری یاهو خود وارد گوگل+ شویم.","iscorrect":0},{"id":"20497","description":"باید یک حساب (جی‌میل) داشته باشیم و با استفاده از آن می‌توانیم وارد گوگل+ شویم","iscorrect":1},{"id":"20498","description":"باید یک حساب هات میل بسازیم.","iscorrect":0}]},{"id":"5359","description":"برای ثبت نام در گوگل باید وارد چه تارنمایی بشویم؟","answers":[{"id":"20499","description":"تارنمای گوگل با نشانی www.google.com","iscorrect":1},{"id":"20500","description":"تارنمای یاهو با نشانی www.yahoo.com","iscorrect":0},{"id":"20501","description":"تارنمای هات میل با نشانی www.hotmail.com","iscorrect":0},{"id":"20502","description":"تارنمای مایکروسافت با نشانی www.microsoft.com","iscorrect":0}]},{"id":"5360","description":"کارکرد گزینه Stay signed in چیست؟","answers":[{"id":"20503","description":"اگر مربع Stay signed in تیک دار باشد نام کاربری و رمز عبور شما در رایانه ذخیره می‌شود.","iscorrect":1},{"id":"20504","description":"اگر مربع Stay signed in تیک دار باشد نام کاربری و رمز عبور شما در گوگل ذخیره می‌شود.","iscorrect":0},{"id":"20505","description":"اگر مربع Stay signed in تیک دار باشد نام کاربری و رمز عبور در جی‌میل ذخیره می‌شود.","iscorrect":0},{"id":"20506","description":"اگر مربع Stay signed in تیک دار باشد تنها رمز عبور شما در رایانه ذخیره می‌شود.","iscorrect":0}]}]},{"score":"66","questions":[{"id":"5361","description":"زمانی که در تارنمای گوگل هستید استفاده کردن از هر کدام از این روش‌ها، Sign in یا You شما به کدام صفحه هدایت می‌کند؟","answers":[{"id":"20507","description":"صفحه گوگل+. کام","iscorrect":0},{"id":"20508","description":"صفحه سرویس‌های متعدد گوگل","iscorrect":0},{"id":"20509","description":"صفحه شبکه اجتماعی جی‌میل","iscorrect":0},{"id":"20510","description":"با استفاده کردن از هر کدام از این روش‌ها به صفحه «ورود» به گوگل هدایت می‌شوید.","iscorrect":1}]},{"id":"5362","description":"بعد از وارد شدن به سیستم گوگل برای استفاده از گوگل چه گزینه ای را باید انتخاب کنیم.","answers":[{"id":"20511","description":"Join Youtube","iscorrect":0},{"id":"20512","description":"Join Google","iscorrect":0},{"id":"20513","description":"Join Google+","iscorrect":1},{"id":"20514","description":"Leave Google+","iscorrect":0}]},{"id":"5363","description":"برای ثبت نام در گوگل به چه مقدماتی نیاز داریم؟","answers":[{"id":"20515","description":"ابتدا باید یک حساب گوگل+ خریداری کنیم.","iscorrect":0},{"id":"20516","description":"باید از حساب کاربری یاهو خود وارد گوگل+ شویم.","iscorrect":0},{"id":"20517","description":"باید یک حساب (جی‌میل) داشته باشیم و با استفاده از آن وارد گوگل+ شویم.","iscorrect":1}]}]}]},{"name":"درس سوم- تنظیمات نمایه (پروفایل) گوگل+- بخش اول","id":"728","contentorder":"7","lesson_number":4,"type":0,"filename":"lesson728.html"},{"name":"تنظیمات نمایه (پروفایل) گوگل+- بخش اول","id":"1249","contentorder":"8","type":1,"set":[{"score":"66","questions":[{"id":"5364","description":"نمایه چیست؟","answers":[{"id":"20518","description":"نمایه شما مکانی است شما می‌توانید گوگل+ خود را تنظیم کنید.","iscorrect":0},{"id":"20519","description":"نمایه شما مکانی است که می‌‌توانید اطلاعات مربوط به خود و هر چیزی را که پست کرده‌اید مشاهده و ویرایش کنید.","iscorrect":1},{"id":"20520","description":"نمایه شما مکانی است که شما می‌توانید در آن دوستان خود را به یک رویداد دعوت کنید.","iscorrect":0},{"id":"20521","description":"نمایه شما مکانی است که شما می‌توانید در آن برای خود صفحاتی بسازید.","iscorrect":0}]},{"id":"5365","description":"صفحه‌ایی که در بالای آن «دنبال کردن چیزهایی که دوست دارید» نوشته شده است، مربوط به کدام بخش از نمایه است؟","answers":[{"id":"20522","description":"دنبال کردن حلقه‌های خود","iscorrect":0},{"id":"20523","description":"دنبال کردن امکانات گوگل+","iscorrect":0},{"id":"20524","description":"دنبال کردن علایق خودتان مانند خودرو، فیلم، شبکه خاصی، فرد خاصی مانند رئیس جمهور، بازیگر، بازیکن و غیره.","iscorrect":1},{"id":"20525","description":"دنبال کردن تنظیمات گوگل+ در نمایه","iscorrect":0}]},{"id":"5366","description":"برای اضافه کردن یک عکس از رایانه شخص خود بر روی کدام گزینه کلیک می‌کنید؟","answers":[{"id":"20526","description":"آپلود","iscorrect":1},{"id":"20527","description":"عکس‌های شما","iscorrect":0},{"id":"20528","description":"آلبوم‌ها","iscorrect":0},{"id":"20529","description":"وب کم","iscorrect":0}]}]},{"score":"66","questions":[{"id":"5367","description":"صفحه‌ایی که در بالای آن «دنبال کردن چیزهایی که دوست دارید» نوشته شده است، مربوط به کدام بخش از نمایه است؟","answers":[{"id":"20530","description":"دنبال کردن حلقه‌های خود","iscorrect":0},{"id":"20531","description":"دنبال کردن امکانات گوگل+","iscorrect":0},{"id":"20532","description":"دنبال کردن علایق خودتان مانند خودرو، فیلم، شبکه خاصی، فرد خاصی مانند رئیس جمهور، بازیگر، بازیکن و غیره.","iscorrect":1},{"id":"20533","description":"دنبال کردن تنظیمات گوگل+ در نمایه","iscorrect":0}]},{"id":"5368","description":"برای نوشتن مطلبی در مورد عکس خود بر روی کدام گزینه کلیک می‌کنید؟","answers":[{"id":"20534","description":"ارسال شرح","iscorrect":0},{"id":"20535","description":"شروع","iscorrect":0},{"id":"20536","description":"نگاره","iscorrect":0},{"id":"20537","description":"افزودن شرح","iscorrect":1}]},{"id":"5369","description":"کدام یک از نمادهای زیر نشان گوگل است؟","answers":[{"id":"20538","description":"G+","iscorrect":0},{"id":"20539","description":"+You","iscorrect":0},{"id":"20540","description":"E+","iscorrect":0},{"id":"20541","description":"گزینه الف و ب","iscorrect":1}]}]}]},{"name":"درس چهارم- تنظیمات نمایه (پروفایل) گوگل+- بخش دوم","id":"729","contentorder":"9","lesson_number":5,"type":0,"filename":"lesson729.html"},{"name":"تنظیمات نمایه (پروفایل) گوگل+- بخش دوم","id":"1251","contentorder":"10","type":1,"set":[{"score":"60","questions":[{"id":"5370","description":"کادر افراد در سربرگ درباره در مورد چیست؟","answers":[{"id":"20542","description":"در مورد پیدا کردن دوستان","iscorrect":0},{"id":"20543","description":"حذف دوستان","iscorrect":0},{"id":"20544","description":"کسانی که در گوگل+ حضور دارند بدانند که در حلقه‌های شما چه کسانی هستند و شما در چه حلقه‌هایی هستید یا ندانند.","iscorrect":1},{"id":"20545","description":"گپ زدن با دوستان","iscorrect":0}]},{"id":"5371","description":"کادر داستان در سربرگ درباره در مورد چیست؟","answers":[{"id":"20546","description":"شما در این قسمت یک داستان می‌نویسید.","iscorrect":0},{"id":"20547","description":"شما در این قسمت در مورد خودتان صحبت می‌کنید تا دیگران که صفحه شما را باز می‌کنند از شما اطلاعاتی داشته باشند.","iscorrect":1},{"id":"20548","description":"شما در این قسمت از دوستان خود می‌نویسید.","iscorrect":0},{"id":"20549","description":"شما در این قسمت علاقه خود از حضور در گوگل+ را می‌نویسید.","iscorrect":0}]},{"id":"5372","description":"کدام یک از کادرهای نمایه غیر قابل تغییر است؟","answers":[{"id":"20550","description":"داستان","iscorrect":0},{"id":"20551","description":"افراد","iscorrect":0},{"id":"20552","description":"شعار","iscorrect":1},{"id":"20553","description":"عکس نمایه","iscorrect":0}]}]},{"score":"66","questions":[{"id":"5373","description":"گزینه عمومی در اشتراک گذاری به چه معنایی است؟","answers":[{"id":"20554","description":"با انتخاب عمومی هیچ کس این اشتراک گذاری را نخواهد دید.","iscorrect":0},{"id":"20555","description":"با انتخاب عمومی این اشتراک گذاری شما را همه می‌بینند.","iscorrect":1},{"id":"20556","description":"با انتخاب عمومی، فقط کسانی از این اشتراک گذاری شما با خبر خواهند شد و آن را خواهند دید که عضو یکی از حلقه‌های شما باشند.","iscorrect":0},{"id":"20557","description":"با انتخاب عمومی افرادی که در حلقه‌‎های حلقه‎‌های شما هستند می‌توانند این اشتراک گذاری شما را ببینند.","iscorrect":0}]},{"id":"5374","description":"این تعریف کدام یک از گزینه های زیر است؟ «حلقه‌های که شامل افرادی در حلقه‌های حلقه‎‌های شما هستند.»","answers":[{"id":"20558","description":"حلقه‌های گسترده","iscorrect":1},{"id":"20559","description":"حلقه‌های عمومی","iscorrect":0},{"id":"20560","description":"حلقه‌های سفارشی","iscorrect":0},{"id":"20561","description":"حلقه‌های اصلی","iscorrect":0}]},{"id":"5375","description":"کدام یک از کادرهای نمایه غیر قابل تغییر است؟","answers":[{"id":"20562","description":"داستان","iscorrect":0},{"id":"20563","description":"افراد","iscorrect":0},{"id":"20564","description":"شعار","iscorrect":1},{"id":"20565","description":"عکس نمایه","iscorrect":0}]}]}]},{"name":"درس پنجم- تنظیمات نمایه (پروفایل) گوگل+- بخش سوم","id":"730","contentorder":"11","lesson_number":6,"type":0,"filename":"lesson730.html"},{"name":"تنظیمات نمایه (پروفایل) گوگل+- بخش سوم","id":"1253","contentorder":"12","type":1,"set":[{"score":"66","questions":[{"id":"5376","description":"کدام یک از گزینه‌های زیر جزو سربرگ درباره در صفحه نمایه نیست؟","answers":[{"id":"20566","description":"محل تحصیل","iscorrect":0},{"id":"20567","description":"کار","iscorrect":0},{"id":"20568","description":"اطلاعات اساسی","iscorrect":0},{"id":"20569","description":"اطلاعات سیاسی","iscorrect":1}]},{"id":"5377","description":"جنسیت خود را در کدام یک از کادر‌های صفحه درباره می‌توانید وارد کنید؟","answers":[{"id":"20570","description":"محل تحصیل","iscorrect":0},{"id":"20571","description":"کار","iscorrect":0},{"id":"20572","description":"اطلاعات اساسی","iscorrect":1},{"id":"20573","description":"اطلاعات سیاسی","iscorrect":0}]},{"id":"5378","description":"محل زندگی خود را در کدام یک از کادر‌های صفحه درباره می‌توانید وارد کنید؟","answers":[{"id":"20574","description":"مکان‌ها","iscorrect":1},{"id":"20575","description":"کار","iscorrect":0},{"id":"20576","description":"اطلاعات اساسی","iscorrect":0},{"id":"20577","description":"محل تحصیل","iscorrect":0}]}]},{"score":"66","questions":[{"id":"5379","description":"در کدام یک از گزینه‌های زیر گوگل از شما اجازه می‌گیرد که برای جستجو راحت‌تر و پیدا کردن مطالب مورد نظرتان در گوگل از اطلاعات شما استفاده شود؟","answers":[{"id":"20578","description":"تنظیمات حساب","iscorrect":0},{"id":"20579","description":"پیوند‌های مشترک","iscorrect":0},{"id":"20580","description":"مدیریت حساب‌های مرتبط","iscorrect":1},{"id":"20581","description":"تنظیمات نمایه","iscorrect":0}]},{"id":"5380","description":"محل زندگی خود را در کدام یک از کادر‌های صفحه درباره می‌توانید وارد کنید؟","answers":[{"id":"20582","description":"مکان‌ها","iscorrect":1},{"id":"20583","description":"کار","iscorrect":0},{"id":"20584","description":"اطلاعات اساسی","iscorrect":0},{"id":"20585","description":"محل تحصیل","iscorrect":0}]},{"id":"5381","description":"اطلاعات مربوط به روابطی که دارید و روابطی که دوست دارید داشته باشید را در کدام یک از کادر‌های زیر می‌توانید وارد کنید؟","answers":[{"id":"20586","description":"مکان‌ها","iscorrect":0},{"id":"20587","description":"کار","iscorrect":0},{"id":"20588","description":"اطلاعات اساسی","iscorrect":1},{"id":"20589","description":"محل تحصیل","iscorrect":0}]}]}]},{"name":"درس ششم- تنظیمات نمایه (پروفایل) گوگل+- بخش چهارم","id":"731","contentorder":"13","lesson_number":7,"type":0,"filename":"lesson731.html"},{"name":"تنظیمات نمایه (پروفایل) گوگل+- بخش چهارم","id":"1255","contentorder":"14","type":1,"set":[{"score":"66","questions":[{"id":"5382","description":"نشانه‌گذاری چیست؟","answers":[{"id":"20590","description":"با نشانه گذاری شما می‌توانید فرد خاصی را به پست‌های خود پیوند بزنید.","iscorrect":1},{"id":"20591","description":"با نشانه گذاری شما می‌توانید دوستان خود را بیابید.","iscorrect":0},{"id":"20592","description":"با نشانه گذاری شما می‌توانید دوستان خود را دعوت کنید تا به شما بپیوندند.","iscorrect":0},{"id":"20593","description":"با نشانه گذاری شما می‌توانید عکس های خود را آپلود کنید‌.","iscorrect":0}]},{"id":"5383","description":"گزینه گیرنده در اشتراک گذاری چیست؟","answers":[{"id":"20594","description":"با این گزینه شما می‌توانید وارد صفحه اصلی خود در گوگل شوید.","iscorrect":0},{"id":"20595","description":"با این گزینه شما می‌توانید عکس‌های خود را ارسال کنید.","iscorrect":0},{"id":"20596","description":"با این گزینه شما می‌توانید انتخاب کنید که پست‌های شما برای چه کسانی یا چه حلقه‌هایی به اشتراک گذاشته شود.","iscorrect":1},{"id":"20597","description":"با این گزینه شما می‌توانید رویدادی را انتخاب کنید.","iscorrect":0}]},{"id":"5384","description":"+1 چیست؟","answers":[{"id":"20598","description":"+1 کردن راهی است که با آن قدردانی‌تان را نسبت به هر چیزی که توجه‌‌تان را در Google+‎ یا در وب‌ سایت‌های مورد علاقه‌‌تان به خود جلب کرده است نشان می‌‌دهید.","iscorrect":1},{"id":"20599","description":"+1 روشی است برای اضافه کردن دوستان به حلقه‌ها","iscorrect":0},{"id":"20600","description":"+1 روشی است برای اعلام حضور خود در گوگل+","iscorrect":0},{"id":"20601","description":"+1 روشی است برای انتخاب صفحات برای پیوند خوردن به آن","iscorrect":0}]}]},{"score":"66","questions":[{"id":"5385","description":"برای حذف &lrm; +1 خود چه کاری می‌ شود کرد؟","answers":[{"id":"20602","description":"حذف نمی‌شود.","iscorrect":0},{"id":"20603","description":"برای حذف ‎+1 خود کافیست دوباره روی دکمه ‎+1 کلیک کنید.","iscorrect":1},{"id":"20604","description":"باید به صفحه تنظیمات بروید.","iscorrect":0},{"id":"20605","description":"باید از صاحب پستی که شما آن را+1 کردید اجازه بگیرید.","iscorrect":0}]},{"id":"5386","description":"+1‌های شما در کدام یک از قسمت‌های زیر ذخیره می‌شود؟","answers":[{"id":"20606","description":"نمایه","iscorrect":1},{"id":"20607","description":"تنظمات","iscorrect":0},{"id":"20608","description":"رویداد‌ها","iscorrect":0},{"id":"20609","description":"خبر‌های داغ","iscorrect":0}]},{"id":"5387","description":"گزینه گیرنده در اشتراک گذاری چیست؟","answers":[{"id":"20610","description":"با این گزینه شما می‌توانید وارد صفحه اصلی خود در گوگل شوید.","iscorrect":0},{"id":"20611","description":"با این گزینه شما می‌توانید عکس‌های خود را ارسال کنید.","iscorrect":0},{"id":"20612","description":"با این گزینه شما می‌توانید انتخاب کنید که پست‌های شما برای چه کسانی یا چه حلقه‌هایی به اشتراک گذاشته شود.","iscorrect":1},{"id":"20613","description":"با این گزینه شما می‌توانید رویدادی را انتخاب کنید.","iscorrect":0}]}]}]},{"name":"درس هفتم- تنظیمات گوگل+- بخش اول","id":"732","contentorder":"15","lesson_number":8,"type":0,"filename":"lesson732.html"},{"name":"تنظیمات گوگل+- بخش اول","id":"1257","contentorder":"16","type":1,"set":[{"score":"66","questions":[{"id":"5388","description":"تنظیمات گوگل برای چیست؟","answers":[{"id":"20614","description":"تنظیمات گوگل+ برای این است که بتوانید نمایه خود را بروز کنید.","iscorrect":0},{"id":"20615","description":"تنظیمات گوگل+ برای این است که بتوانید با سایر محصولات گوگل ارتباط داشته باشید.","iscorrect":0},{"id":"20616","description":"تنظیمات گوگل+ برای این است که بتوانید وارد صفحه اصلی خود در گوگل+ بشوید.","iscorrect":0},{"id":"20617","description":"تنظیمات گوگل+ برای این است که بتوانید نحوه ارتباط خود با دیگران و اشتراک گذاری‌هایتان را کنترل و مدیریت کنید تا حریم خصوصی شما حفظ شود.","iscorrect":1}]},{"id":"5389","description":"اعلان چیست؟","answers":[{"id":"20618","description":"جستجوی دوستان","iscorrect":0},{"id":"20619","description":"اجازه برای تنظیمات نمایه و گوگل+ خود","iscorrect":0},{"id":"20620","description":"اعلان‌ها در گوگل+ به شما اجازه می‌‌دهند از انجام فعالیت‌‌های جدید در ارتباط با نمایه‌‌تان، چیز‌هایی که پست می‌‌کنید و موارد بیشتر مطلع شوید.","iscorrect":1},{"id":"20621","description":"روشی برای گفتگو و تعامل با دوستان خود","iscorrect":0}]},{"id":"5390","description":"Hangout یا پاتوق چیست؟","answers":[{"id":"20622","description":"تنظیمات نمایه","iscorrect":0},{"id":"20623","description":"تنظیمات گوگل+","iscorrect":0},{"id":"20624","description":"ایجاد حلقه‌های جدید","iscorrect":0},{"id":"20625","description":"Hangouts برنامه جدید گوگل برای مکالمه صوتی و تصویری است.","iscorrect":1}]}]},{"score":"66","questions":[{"id":"5391","description":"پیشنهادات مشترک چیست؟","answers":[{"id":"20626","description":"دریافت توصیه‌های عالی از دوستانتان","iscorrect":1},{"id":"20627","description":"ارتباط در صفحه‌های خود با دوستان","iscorrect":0},{"id":"20628","description":"گفتگوی تصویری","iscorrect":0},{"id":"20629","description":"ایجاد حلقه‌های مشترک","iscorrect":0}]},{"id":"5392","description":"با ورود به کدام یک از قسمت‌های زیر می‌توان تنظیماتی که گوگل برای شما به طور پیش فرض قرار داده است را تغییر داد؟","answers":[{"id":"20630","description":"اعلان‌ها","iscorrect":0},{"id":"20631","description":"Hangout","iscorrect":0},{"id":"20632","description":"تنظیمات","iscorrect":1},{"id":"20633","description":"نمایه","iscorrect":0}]},{"id":"5393","description":"تنظیمات گوگل برای چیست؟","answers":[{"id":"20634","description":"تنظیمات گوگل+ برای این است که بتوانید نمایه خود را بروز کنید.","iscorrect":0},{"id":"20635","description":"تنظیمات گوگل+ برای این است که بتوانید با سایر محصولات گوگل ارتباط داشته باشید.","iscorrect":0},{"id":"20636","description":"تنظیمات گوگل+ برای این است که بتوانید وارد صفحه اصلی خود در گوگل+ بشوید.","iscorrect":0},{"id":"20637","description":"تنظیمات گوگل+ برای این است که بتوانید نحوه ارتباط خود با دیگران و اشتراک گذاری‌هایتان را کنترل و مدیریت کنید تا حریم خصوصی شما حفظ شود.","iscorrect":1}]}]}]},{"name":"درس هشتم- تنظیمات گوگل+- بخش دوم","id":"733","contentorder":"17","lesson_number":9,"type":0,"filename":"lesson733.html"},{"name":"تنظیمات گوگل+- بخش دوم","id":"1259","contentorder":"18","type":1,"set":[{"score":"66","questions":[{"id":"5394","description":"اگر شخصی پستی را در حلقه‌ایی به اشتراک می‌گذارد که شما هم عضو آن حلقه هستید، کدام قسمت را باید تنظیم کنید تا مطلع شوید؟","answers":[{"id":"20638","description":"اعلان‌ها","iscorrect":1},{"id":"20639","description":"نمایه","iscorrect":0},{"id":"20640","description":"پیشنهادات مشترک","iscorrect":0},{"id":"20641","description":"حلقه‌ها","iscorrect":0}]},{"id":"5395","description":"زمانی که پست‌ها، عکس‌‌ها، داده‌‌های نمایه و موارد دیگر را اشتراک‌ گذاری می‌‌کنید، به طور پیش فرض اشتراک‌ گذاری چگونه انجام می‌گیرد؟","answers":[{"id":"20642","description":"با حلقه‌هایی که ایجاد کردید.","iscorrect":0},{"id":"20643","description":"به حلقه دوستان","iscorrect":0},{"id":"20644","description":"با حلقه‌های شما","iscorrect":1},{"id":"20645","description":"با حلقه خانواده","iscorrect":0}]},{"id":"5396","description":"به طور پیش‌فرض «حلقه‌‌های شما» شامل چه حلقه‌هایی می‌شود؟","answers":[{"id":"20646","description":"تمام حلقه‌‌های پیش فرض و حلقه‌هایی که شما ایجاد کرده‌اید.","iscorrect":1},{"id":"20647","description":"فقط حلقه‌های پیش فرض","iscorrect":0},{"id":"20648","description":"فقط حلقه‌هایی که شما ایجاد کرده‌اید.","iscorrect":0},{"id":"20649","description":"دنبال می‌کنم.","iscorrect":0}]}]},{"score":"66","questions":[{"id":"5397","description":"به طور پیش‌ فرض کدام یک از حلقه‌های زیر می‌‌توانند با شما گپ بزنند؟","answers":[{"id":"20650","description":"حلقه دوستان","iscorrect":0},{"id":"20651","description":"فقط افراد «حلقه‌های شما»","iscorrect":1},{"id":"20652","description":"حلقه خانواده","iscorrect":0},{"id":"20653","description":"حلقه‌هایی که ایجاد کردید.","iscorrect":0}]},{"id":"5398","description":"«یافتن چهره من» چه فایده‌ایی دارد؟","answers":[{"id":"20654","description":"پیدا کردن دوستان","iscorrect":0},{"id":"20655","description":"گفتگوی آسان با دوستان","iscorrect":0},{"id":"20656","description":"یافتن تصاویر و ویدیو‌های شما را آسان و اجتماعی‌‌تر می‌کند.","iscorrect":1},{"id":"20657","description":"مدیریت رویداد‌ها","iscorrect":0}]},{"id":"5399","description":"یافتن چهره من چیست؟","answers":[{"id":"20658","description":"پیشنهادات برچسب نام (نشان گذاری) را به دوستان‌تان ارائه می‌دهد.","iscorrect":1},{"id":"20659","description":"روشی برای تنظیم چهره در عکس‌ها","iscorrect":0},{"id":"20660","description":"روشی برای تنظیم چهره در ویدیو‌ها","iscorrect":0},{"id":"20661","description":"آپلود عکس از نگار خانه","iscorrect":0}]}]}]},{"name":"درس نهم- تنظیمات گوگل+- بخش سوم","id":"734","contentorder":"19","lesson_number":10,"type":0,"filename":"lesson734.html"},{"name":"تنظیمات گوگل+- بخش سوم","id":"1261","contentorder":"20","type":1,"set":[{"score":"66","questions":[{"id":"5400","description":"فضای ذخیره سازی که گوگل به شما می‌دهد چقدر است؟","answers":[{"id":"20662","description":"گوگل به شما ۴۵ گیگا بایت فضای ذخیره سازی می‌دهد.","iscorrect":0},{"id":"20663","description":"گوگل به شما ۲۵ گیگا بایت فضای ذخیره سازی می‌دهد.","iscorrect":0},{"id":"20664","description":"گوگل به شما ۱۵ گیگا بایت فضای ذخیره سازی می‌دهد.","iscorrect":1},{"id":"20665","description":"گوگل به شما ۳۵ گیگا بایت فضای ذخیره سازی می‌دهد.","iscorrect":0}]},{"id":"5401","description":"فضای ذخیره‌‌سازی شما بین چه مواردی تقسیم می‌شود؟","answers":[{"id":"20666","description":"Gmail","iscorrect":0},{"id":"20667","description":"عکس‌های گوگل+","iscorrect":0},{"id":"20668","description":"Google Drive","iscorrect":0},{"id":"20669","description":"همه موارد","iscorrect":1}]},{"id":"5402","description":"Google Drive چیست؟","answers":[{"id":"20670","description":"گوگل درایو یک رسانه تصویری است.","iscorrect":0},{"id":"20671","description":"گوگل درایو یک روش برای گفتگوی تصویری است.","iscorrect":0},{"id":"20672","description":"گوگل درایو یک سرویس ذخیره سازی فایل‌ها و سرویس همگام سازی است.","iscorrect":1},{"id":"20673","description":"گوگل درایو یک روش برای جستجوی سریع دوستان است.","iscorrect":0}]}]},{"score":"66","questions":[{"id":"5403","description":"عملکرد «بهبود خودکار» چه کاری انجام می‌دهد؟","answers":[{"id":"20674","description":"تنظیمات ماهرانه‌ای مانند از بین بردن قرمزی چشم، تنظیم نور و غیره را روی عکس‌‌ها انجام می‌‌دهد تا زیبا به نظر برسند.","iscorrect":1},{"id":"20675","description":"تنظیمات نمایه را به سرعت تغییر می‌دهد.","iscorrect":0},{"id":"20676","description":"تنظیمات گپ را تغییر و زیبا می‌سازد.","iscorrect":0},{"id":"20677","description":"پیدا کردن دوستان را برای شما آسان می‌‌کند.","iscorrect":0}]},{"id":"5404","description":"تنها اطلاعاتی که همه از شما می‌ توانند آن را ببینند؟","answers":[{"id":"20678","description":"محل کار، نام حلقه‌ها","iscorrect":0},{"id":"20679","description":"محل تحصیل، اطلاعات اساسی","iscorrect":0},{"id":"20680","description":"عکس نمایه، پست‌ها","iscorrect":0},{"id":"20681","description":"نام کامل، عکس نمایه و عکس روی جلد‌تان","iscorrect":1}]},{"id":"5405","description":"هشتگ چیست؟","answers":[{"id":"20682","description":"هشتگ به افراد کمک می‌‌کند تا با هم گفتگو کنند.","iscorrect":0},{"id":"20683","description":"هشتگ به افراد کمک می‌‌کند تا با هم گفتگوی تصویری داشته باشند.","iscorrect":0},{"id":"20684","description":"هشتگ به افراد کمک می‌‌کند تا دوستان خود را به سرعت بیابند.","iscorrect":0},{"id":"20685","description":"هشتگ به افراد کمک می‌‌کند گفتگو‌هایی را پیدا کنند یا به گفتگوهایی بپیوندند که درباره موضوع خاصی است.","iscorrect":1}]}]}]},{"name":"درس دهم- افراد","id":"735","contentorder":"21","lesson_number":11,"type":0,"filename":"lesson735.html"},{"name":"افراد","id":"1263","contentorder":"22","type":1,"set":[{"score":"66","questions":[{"id":"5406","description":"اتصال خدمات برای چیست؟","answers":[{"id":"20686","description":"گزینه‌ایی برای اشتراک مطالب از گوگل به گوگل+","iscorrect":0},{"id":"20687","description":"گزینه‌ایی برای ایجاد رویداد‌های جدید","iscorrect":0},{"id":"20688","description":"اگر می‌خواهید دوستان خود را در یاهو یا هات میل اضافه کنید می‌توانید بر روی اتصال خدمات کلیک کنید.","iscorrect":1},{"id":"20689","description":"شروع یک گفتگوی تصویری","iscorrect":0}]},{"id":"5407","description":"حلقه چیست؟","answers":[{"id":"20690","description":"صفحه‌هایی اجتماعی در گوگل+","iscorrect":0},{"id":"20691","description":"Google ایده حلقه‌‌ها را مانند حلقه‌‌های اجتماعی برای اتصال به افراد ارائه کرده است.","iscorrect":1},{"id":"20692","description":"کنترل‌هایی برای مدیریت رویداد‌ها","iscorrect":0},{"id":"20693","description":"صفحه‌هایی برای گفتگو‌های گروهی","iscorrect":0}]},{"id":"5408","description":"وقتی برای Google ثبت‌ نام می‌کنید یکی از اولین چیز‌هایی که از شما درخواست می‌شود چیست؟","answers":[{"id":"20694","description":"افرادی را به حلقه‌‌های خود اضافه کنید.","iscorrect":1},{"id":"20695","description":"تنظیم نمایه","iscorrect":0},{"id":"20696","description":"تنظیم گوگل+","iscorrect":0},{"id":"20697","description":"ایجاد صفحه","iscorrect":0}]}]},{"score":"66","questions":[{"id":"5409","description":"در صفحه حلقه‌ها توپی که روی آن یک بزرگ رسم شده است برای چیست؟","answers":[{"id":"20698","description":"مکانی است که شما می‌توانید در آن جا برای خود یک رویداد ایجاد کنید.","iscorrect":0},{"id":"20699","description":"مکانی است که شما می‌توانید در آن جا برای خود یک آلبوم عکس بسازید.","iscorrect":0},{"id":"20700","description":"مکانی است که شما می‌توانید در آن جا برای خود حلقه جدیدی بسازید.","iscorrect":1},{"id":"20701","description":"مکانی است که شما می‌توانید در آن جا برای خود افراد را اضافه کنید.","iscorrect":0}]},{"id":"5410","description":"اگر شما فردی را مسدود کنید کدام یک اتفاقات زیر صورت می‌گیرد؟","answers":[{"id":"20702","description":"شما دیگر محتوای او را در صفحه خود نخواهید دید.","iscorrect":0},{"id":"20703","description":"او نخواهد توانست در مورد محتوای شما نظر دهد.","iscorrect":0},{"id":"20704","description":"او از حلقه‌‌های شما حذف خواهد شد.","iscorrect":0},{"id":"20705","description":"همه موارد","iscorrect":1}]},{"id":"5411","description":"وقتی برای Google ثبت‌ نام می‌کنید یکی از اولین چیز‌هایی که از شما درخواست می‌شود چیست؟","answers":[{"id":"20706","description":"افرادی را به حلقه‌‌های خود اضافه کنید.","iscorrect":1},{"id":"20707","description":"تنظیم نمایه","iscorrect":0},{"id":"20708","description":"تنظیم گوگل+","iscorrect":0},{"id":"20709","description":"ایجاد صفحه","iscorrect":0}]}]}]},{"name":"درس یازدهم- صفحه عکس‌ها","id":"736","contentorder":"23","lesson_number":12,"type":0,"filename":"lesson736.html"},{"name":"صفحه عکس‌ها","id":"1265","contentorder":"24","type":1,"set":[{"score":"66","questions":[{"id":"5412","description":"آلبوم چیست؟","answers":[{"id":"20710","description":"مکانی که شما در آن عکس‌های خود را در آن دسته بندی می‌کنید.","iscorrect":1},{"id":"20711","description":"مکانی که شما در آن رویداد‌های خود را در آن ذخیره می‌کنید.","iscorrect":0},{"id":"20712","description":"مکانی که شما در آن صفحه‌هات خود را دسته بندی می‌کنید.","iscorrect":0},{"id":"20713","description":"مکانی که شما در آن دوستان خود را نشان می‌کنید.","iscorrect":0}]},{"id":"5413","description":"بخش گیرنده برای کدام یک از قسمت‌های زیر است؟","answers":[{"id":"20714","description":"خبر‌های داغ","iscorrect":0},{"id":"20715","description":"ایجاد صفحه","iscorrect":0},{"id":"20716","description":"ایجاد رویداد","iscorrect":0},{"id":"20717","description":"اشتراک گذاری","iscorrect":1}]},{"id":"5414","description":"در بخش گیرنده شما چه چیزی را تنظیم می‌کنید؟","answers":[{"id":"20718","description":"شما دوستان خود را جستجو می‌کنید.","iscorrect":0},{"id":"20719","description":"شما می‌توانید مشخص کنید که چه کسانی می‌توانند اشتراک گذاری شما را ببینند.","iscorrect":1},{"id":"20720","description":"مشخص می‌کنید با چه کسی می‌خواهید گفتگو داشته باشید.","iscorrect":0},{"id":"20721","description":"نمایه خود را تنظیم می‌کنید.","iscorrect":0}]}]},{"score":"66","questions":[{"id":"5415","description":"آلبوم چیست؟","answers":[{"id":"20722","description":"مکانی که شما در آن عکس‌های خود را در آن دسته بندی می‌کنید.","iscorrect":1},{"id":"20723","description":"مکانی که شما در آن رویداد‌های خود را در آن ذخیره می‌کنید.","iscorrect":0},{"id":"20724","description":"مکانی که شما در آن صفحه‌هات خود را دسته بندی می‌کنید.","iscorrect":0},{"id":"20725","description":"مکانی که شما در آن دوستان خود را نشان می‌کنید.","iscorrect":0}]},{"id":"5416","description":"در بخش گیرنده شما چه چیزی را تنظیم می‌کنید؟","answers":[{"id":"20726","description":"شما دوستان خود را جستجو می‌کنید.","iscorrect":0},{"id":"20727","description":"شما می‌توانید مشخص کنید که چه کسانی می‌توانند اشتراک گذاری شما را ببینند.","iscorrect":1},{"id":"20728","description":"مشخص می‌کنید با چه کسی می‌خواهید گفتگو داشته باشید.","iscorrect":0},{"id":"20729","description":"نمایه خود را تنظیم می‌کنید.","iscorrect":0}]},{"id":"5417","description":"غیر فعال کردن اشتراک گذاری مجدد به چه معنایی است؟","answers":[{"id":"20730","description":"یعنی شما دیگر نمی‌توانید اشتراک گذاری انجام دهید.","iscorrect":0},{"id":"20731","description":"یعنی اشتراک گذاری انجام نشده است.","iscorrect":0},{"id":"20732","description":"یعنی دیگر کسی نمی‌تواند عکس شما را به اشتراک بگذارد.","iscorrect":1},{"id":"20733","description":"یعنی شما نمی‌توانید این پست را اشتراک گذاری کنید.","iscorrect":0}]}]}]},{"name":"درس دوازدهم- خبرهای داغ چیست؟","id":"737","contentorder":"25","lesson_number":13,"type":0,"filename":"lesson737.html"},{"name":"درس سیزدهم- انجمن‌ها","id":"738","contentorder":"27","lesson_number":14,"type":0,"filename":"lesson738.html"},{"name":"انجمن‌ها","id":"1269","contentorder":"28","type":1,"set":[{"score":"60","questions":[{"id":"5422","description":"انجمن چیست؟","answers":[{"id":"20750","description":"مکانی که در آن شما می‌توانید گفتگوی تصویری داشته باشید.","iscorrect":0},{"id":"20751","description":"مکانی که آن را با نام تالار گفتگو می‌شناسیم، یک سیستم مبتنی بر وب است که کاربران با ورود به این سیستم می‌توانند شروع به فعالیت کنند.","iscorrect":1},{"id":"20752","description":"مکانی که در آن شما می‌توانید با صفحات خود تعامل داشته باشید.","iscorrect":0},{"id":"20753","description":"مکانی که مختص به دوستان صمیمی شما است.","iscorrect":0}]},{"id":"5423","description":"نحوه عضویت در یک انجمن چگونه است؟","answers":[{"id":"20754","description":"کلیک کردن بر روی گزینه «افزودن افراد»","iscorrect":0},{"id":"20755","description":"کلیک کردن بر روی گزینه «ایجاد انجمن»","iscorrect":0},{"id":"20756","description":"کلیک کردن بر روی گزینه «رونوشت از انجمن»","iscorrect":0},{"id":"20757","description":"کلیک کردن بر روی گزینه «پیوستن به انجمن»","iscorrect":1}]},{"id":"5424","description":"چند نوع انجمن داریم؟","answers":[{"id":"20758","description":"عمومی- خصوصی- پیشرفته","iscorrect":0},{"id":"20759","description":"عمومی- خصوصی","iscorrect":1},{"id":"20760","description":"خصوصی","iscorrect":0},{"id":"20761","description":"عمومی","iscorrect":0}]},{"id":"5559","description":"\n\nنمایش پست‌ها در جریان اصلی در صفحه خبر‌های داغ، چیست؟","answers":[{"id":"21300","description":"گزینه‌ایی که با کلیک کردن بر روی آن خبر‌های داغ در صفحه اصلی گوگل+ نمایش داده می‌شوند.","iscorrect":1},{"id":"21301","description":"گزینه‌ایی که با کلیک کردن بر روی آن خبر‌های داغ برای شما دیگر نشان داده نمی‌شود.","iscorrect":0},{"id":"21302","description":"گزینه‌ایی که با کلیک کردن بر روی آن پست‌های شما به خبر‌های داغ تبدیل می‌شود.","iscorrect":0},{"id":"21303","description":"گزینه‌ایی که با کلیک کردن بر روی آن تعداد خبر‌های داغ ارسالی خود را کم می‌کنید.","iscorrect":0}]},{"id":"5560","description":"\n\nخبر‌های داغ چیست؟","answers":[{"id":"21304","description":"کاوش پست‌‌های پرطرفدار و جالبی که در ‪Google+‬&rlm; به اشتراک گذاشته می‌شوند.","iscorrect":1},{"id":"21305","description":"پست‌های پرطرفدار شما","iscorrect":0},{"id":"21306","description":"نظر‌های جنجالی شما","iscorrect":0},{"id":"21307","description":"پست‌های پرطرفدار دوستان شما","iscorrect":0}]}]},{"score":"50","questions":[{"id":"5425","description":"کدام یک از گزینه‌های زیر روشی برای پیدا کردن عضو برای انجمن شما است؟","answers":[{"id":"20762","description":"دعوت افراد به این انجمن","iscorrect":0},{"id":"20763","description":"اشتراک گذاری انجمن","iscorrect":0},{"id":"20764","description":"فرستادن پیام","iscorrect":0},{"id":"20765","description":"همه موارد","iscorrect":1}]},{"id":"5426","description":"نحوه عضویت در یک انجمن چگونه است؟","answers":[{"id":"20766","description":"کلیک کردن بر روی گزینه «افزودن افراد»","iscorrect":0},{"id":"20767","description":"کلیک کردن بر روی گزینه «ایجاد انجمن»","iscorrect":0},{"id":"20768","description":"کلیک کردن بر روی گزینه «رونوشت از انجمن»","iscorrect":0},{"id":"20769","description":"کلیک کردن بر روی گزینه «پیوستن به انجمن»","iscorrect":1}]},{"id":"5561","description":"\n\nخبر‌های داغ چیست؟","answers":[{"id":"21308","description":"کاوش پست‌‌های پرطرفدار و جالبی که در ‪Google+‬&rlm; به اشتراک گذاشته می‌شوند.","iscorrect":1},{"id":"21309","description":"پست‌های پرطرفدار شما","iscorrect":0},{"id":"21310","description":"نظر‌های جنجالی شما","iscorrect":0},{"id":"21311","description":"پست‌های پرطرفدار دوستان شما","iscorrect":0}]},{"id":"5562","description":"\n\nعلامت هشتگ چیست؟","answers":[{"id":"21312","description":"%","iscorrect":0},{"id":"21313","description":"&<br />\n","iscorrect":0},{"id":"21314","description":"#","iscorrect":1},{"id":"21315","description":"@","iscorrect":0}]}]}]},{"name":"درس چهاردم- رویداد‌ها","id":"739","contentorder":"29","lesson_number":15,"type":0,"filename":"lesson739.html"},{"name":"رویدادها","id":"1271","contentorder":"30","type":1,"set":[{"score":"66","questions":[{"id":"5427","description":"رویداد چیست؟","answers":[{"id":"20770","description":"با رویداد‌ها می‌توانید با دوستان خود گفتگو تصویری داشته باشید.","iscorrect":0},{"id":"20771","description":"با رویداد‌ها می‌توانید دوستان خود را به حلقه اضافه کنید.","iscorrect":0},{"id":"20772","description":"با رویداد‌ها می‌توانید به سادگی یک گردهمایی یا یک واقع را سازماندهی کنید.","iscorrect":1},{"id":"20773","description":"با رویداد‌ها می‌توانید برای دوستان خود پستی اختصاصی بفرستید.","iscorrect":0}]},{"id":"5428","description":"چند نوع رویداد داریم؟","answers":[{"id":"20774","description":"حضوری و آنلاین","iscorrect":1},{"id":"20775","description":"حضوری","iscorrect":0},{"id":"20776","description":"آنلاین","iscorrect":0},{"id":"20777","description":"حضوری، آنلاین و ویژه","iscorrect":0}]},{"id":"5429","description":"برای آنلاین کردن رویداد کدام گزینه را باید فعال کنید؟","answers":[{"id":"20778","description":"حضوری","iscorrect":0},{"id":"20779","description":"ایجاد رویداد من","iscorrect":0},{"id":"20780","description":"Hangouts","iscorrect":1},{"id":"20781","description":"دعوت به رویداد من","iscorrect":0}]}]},{"score":"66","questions":[{"id":"5430","description":"چگونه می‌شود یک مهمان را از رویداد خود حذف کنید؟","answers":[{"id":"20782","description":"این کار امکان پذیر نیست.","iscorrect":0},{"id":"20783","description":"برای این کار روی X واقع در کنار نام فردی که می‌خواهید حذف نمایید کلیک کنید.","iscorrect":1},{"id":"20784","description":"از مهمان باید اجازه گرفته شود.","iscorrect":0},{"id":"20785","description":"بر روی اسم مهمان کلیک کنید و سپس دکمه پاک کردن را بزنید.","iscorrect":0}]},{"id":"5431","description":"گزینه مشاهده فعالیت پست چه چیزی را نشان می‌دهد؟","answers":[{"id":"20786","description":"در این قسمت شما می‌توانید نظر دهید.","iscorrect":0},{"id":"20787","description":"در این قسمت شما می‌توانید او را به حلقه‌های خود اضافه کنید.","iscorrect":0},{"id":"20788","description":"در این قسمت اطلاعاتی در مورد کسانی که آن را پسندیدن و یا نظر دادند مشاهده خواهید کرد.","iscorrect":1},{"id":"20789","description":"در این قسمت شما می‌توانید با دوستان خود گفتگو کنید.","iscorrect":0}]},{"id":"5432","description":"برای آنلاین کردن رویداد کدام گزینه را باید فعال کنید؟","answers":[{"id":"20790","description":"حضوری","iscorrect":0},{"id":"20791","description":"ایجاد رویداد من","iscorrect":0},{"id":"20792","description":"Hangouts","iscorrect":1},{"id":"20793","description":"دعوت به رویداد من","iscorrect":0}]}]}]},{"name":"درس پانزدهم- Hangouts","id":"740","contentorder":"31","lesson_number":16,"type":0,"filename":"lesson740.html"},{"name":"Hangouts","id":"1273","contentorder":"32","type":1,"set":[{"score":"50","questions":[{"id":"5433","description":"Hangout چیست؟","answers":[{"id":"20794","description":"Hangouts ابزاریست برای ویرایش عکس‌ها","iscorrect":0},{"id":"20795","description":"Hangouts به شما امکان می‌‌دهد برای دوستان‌تان عکس، شکلک و پیام ارسال کنید و با آن‌ها تماس ویدیویی برقرار کنید.","iscorrect":1},{"id":"20796","description":"Hangoutsابزاریست برای تبادل اطلاعات در گوگل+","iscorrect":0},{"id":"20797","description":"Hangouts ابزاریست برای ویرایش صفحات","iscorrect":0}]},{"id":"5434","description":"تماس ویدیویی از طریق Hangouts امکان انجام مکالمه رو در رو، حداکثر تا چه تعدادی را می‌دهد؟","answers":[{"id":"20798","description":"حداکثر ۲۰ نفر می‌دهد.","iscorrect":0},{"id":"20799","description":"حداکثر ۲۵ نفر می‌دهد.","iscorrect":0},{"id":"20800","description":"حداکثر ۱۰ نفر می‌دهد.","iscorrect":1},{"id":"20801","description":"حداکثر ۱۵ نفر می‌‌دهد.","iscorrect":0}]},{"id":"5435","description":"ذخیره سابقه Hangouts به شما چه کمکی می‌کند؟","answers":[{"id":"20802","description":"به شما امکان می‌‌دهد که هر زمان که بخواهید وارد Hangouts شوید.","iscorrect":0},{"id":"20803","description":"به شما امکان می‌‌دهد تا پیام‌‌های قبلی خود را مستقیما از پنجره Hangout خود بازبینی کنید.","iscorrect":1},{"id":"20804","description":"به شما امکان می‌‌دهد تا با دیگران گفتگوی آزاد داشته باشید.","iscorrect":0},{"id":"20805","description":"به شما امکان می‌‌دهد تا از طریق Hangouts عکس ارسال کنید.","iscorrect":0}]}]},{"score":"66","questions":[{"id":"5436","description":"اگر شخصی به شما پیام بدهد و در هیچ یک از حلقه‌های شما نباشد با کدام یک از گزینه‌های زیر روبه رو خواهید شد؟","answers":[{"id":"20806","description":"پاسخ","iscorrect":0},{"id":"20807","description":"عدم پذیرش","iscorrect":0},{"id":"20808","description":"عدم پذیرش و پاسخ","iscorrect":1},{"id":"20809","description":"هیچ کدام","iscorrect":0}]},{"id":"5437","description":"ذخیره سابقه Hangouts به شما چه کمکی می‌کند؟","answers":[{"id":"20810","description":"به شما امکان می‌‌دهد که هر زمان که بخواهید وارد Hangouts شوید.","iscorrect":0},{"id":"20811","description":"به شما امکان می‌‌دهد تا پیام‌‌های قبلی خود را مستقیما از پنجره Hangout خود بازبینی کنید.","iscorrect":1},{"id":"20812","description":"به شما امکان می‌‌دهد تا با دیگران گفتگوی آزاد داشته باشید.","iscorrect":0},{"id":"20813","description":"به شما امکان می‌‌دهد تا از طریق Hangouts عکس ارسال کنید.","iscorrect":0}]},{"id":"5438","description":"کدام یک از گزینه‌های زیر در مورد Hangouts درست نیست؟","answers":[{"id":"20814","description":"نمی‌‌توانید پیام‌های حذف شده از Hangout یک به یک را بازیابی کنید.","iscorrect":0},{"id":"20815","description":"فعلاً هیچ راهی برای حذف سابقه Hangout برای Hangout گروهی وجود ندارد و این سابقه همچنان در Hangout باقی می‌‌ماند.","iscorrect":0},{"id":"20816","description":"وقتی سابقه پیامHangout را پاک می‌کنید، فقط سابقه پیام‌های شما پاک می‌شود، شخصی که با او Hangout کردید اگر سابقه پیام را پاک نکند همچنان می‌تواند آن را مشاهده کند.","iscorrect":0},{"id":"20817","description":"برای Hangouts گروهی افرادی که به Hangout گروهی موجود اضافه می‌شوند دیگر نمی‌‌تواند سابقه پیام Hangout گروه را مشاهده کند.","iscorrect":1}]}]}]},{"name":"درس شانزدهم- صفحه‌ها","id":"741","contentorder":"33","lesson_number":17,"type":0,"filename":"lesson741.html"},{"name":"صفحه‌ها","id":"1275","contentorder":"34","type":1,"set":[{"score":"66","questions":[{"id":"5439","description":"صفحه چیست؟","answers":[{"id":"20818","description":"صفحه‌ها در گوگل+ مکانی است صرفا برای گفتگو","iscorrect":0},{"id":"20819","description":"صفحه‌ها در گوگل+ مکانی است برای گرفتن عکس","iscorrect":0},{"id":"20820","description":"صفحه‌ها در گوگل+ (Google+ Pages) به کسب و کارها، محصولات، نام‌های تجاری و سازمان‌ها اجازه می‌‌دهد در گوگل+‎ از هویت عمومی برخوردار شده و حضور داشته باشند.","iscorrect":1},{"id":"20821","description":"صفحه‌ها در گوگل+ برای ایجاد یک رویداد تازه","iscorrect":0}]},{"id":"5440","description":"کدام یک از دسته‌های زیر جزو دسته‌های صفحات است؟","answers":[{"id":"20822","description":"محصول یا نام تجاری","iscorrect":0},{"id":"20823","description":"شرکت، مؤسسه یا سازمان","iscorrect":0},{"id":"20824","description":"کسب و کار یا مکان محلی","iscorrect":0},{"id":"20825","description":"همه موارد","iscorrect":1}]},{"id":"5441","description":"تفاوت ظاهری صفحه با یک نمایه شخصی در چیست؟","answers":[{"id":"20826","description":"در 1+ است، در بالای صفحه 1+ وجود دارد ولی بالای نمایه خیر","iscorrect":1},{"id":"20827","description":"در نوع چیدمان گزینه‌ها است.","iscorrect":0},{"id":"20828","description":"در عکس روی جلد است.","iscorrect":0},{"id":"20829","description":"در اندازه آن است.","iscorrect":0}]}]},{"score":"66","questions":[{"id":"5442","description":"چند نوع سرپرست برای صفحه‌‌های گوگل ‎ وجود دارد؟","answers":[{"id":"20830","description":"مدیران و مدیران ارتباطات","iscorrect":0},{"id":"20831","description":"مالکان و مدیران","iscorrect":0},{"id":"20832","description":"مالکان، مدیران و مدیران ارتباطات","iscorrect":1},{"id":"20833","description":"مالکان و مدیران ارتباطات","iscorrect":0}]},{"id":"5443","description":"کدام یک از گزینه‌های زیر در مورد سرپرست صفحه درست است؟","answers":[{"id":"20834","description":"هر صفحه می‌تواند فقط دو مالک داشته باشد اما می‌تواند حداکثر ۱۰۰ مدیر یا مدیر ارتباطات داشته باشد.","iscorrect":0},{"id":"20835","description":"هر صفحه می‌تواند فقط یک مالک داشته باشد اما می‌تواند حداکثر ۴۰ مدیر یا مدیر ارتباطات داشته باشد.","iscorrect":0},{"id":"20836","description":"هر صفحه می‌‌تواند فقط دو مالک داشته باشد اما می‌تواند حداکثر ۱۰ مدیر یا مدیر ارتباطات داشته باشد.","iscorrect":0},{"id":"20837","description":"هر صفحه می‌تواند فقط یک مالک داشته باشد اما می‌‌تواند حداکثر ۵۰ مدیر یا مدیر ارتباطات داشته باشد.","iscorrect":1}]},{"id":"5444","description":"کدام یک از گزینه‌های زیر در مورد انتقال مالکیت صفحه خود درست است؟","answers":[{"id":"20838","description":"فقط مالک صفحه می‌تواند حق مالکیت خود را انتقال دهد.","iscorrect":0},{"id":"20839","description":"شخصی که مالکیت را به او انتقال می‌دهید حداقل باید به مدت دو هفته از مدیران کنونی صفحه باشد.","iscorrect":0},{"id":"20840","description":"وقتی مالکی مالکیت را به شخص دیگری انتقال می‌‌دهد مالک قبلی به طور خودکار مدیر صفحه می‌‌شود.","iscorrect":0},{"id":"20841","description":"همه موارد","iscorrect":1}]}]}]},{"name":"درس هفدهم- صفحات محلی","id":"742","contentorder":"35","lesson_number":18,"type":0,"filename":"lesson742.html"},{"name":"صفحات محلی","id":"1277","contentorder":"36","type":1,"set":[{"score":"66","questions":[{"id":"5445","description":"گوگل محلی چیست؟","answers":[{"id":"20842","description":"محلی است برای ایجاد رویداد‌های جدید","iscorrect":0},{"id":"20843","description":"به شما کمک می‌‌کند تا مکان‌‌ها را کشف کنید و به اشتراک بگذارید.","iscorrect":1},{"id":"20844","description":"مکانی مورد علاقه شما","iscorrect":0},{"id":"20845","description":"صفحه‌ایی است برای اداره کردن گوگل+","iscorrect":0}]},{"id":"5446","description":"اعتقاد Zagat چیست؟","answers":[{"id":"20846","description":"Zagat عقیده دارد عقاید تعداد معدودی از منتقدین از تجارب مشترک تعداد زیادی از مصرف ‌کنندگان علاقمند دقیق‌تر است.","iscorrect":0},{"id":"20847","description":"Zagat عقیده دارد که باید بین مصرف کنندگان اختلاف نظر باشد.","iscorrect":0},{"id":"20848","description":"Zagat عقیده دارد تجارب مشترک تعداد زیادی از مصرف ‌کنندگان علاقمند از عقاید تعداد معدودی از منتقدین دقیق‌‌تر است.","iscorrect":1},{"id":"20849","description":"Zagat عقیده دارد مهمترین مورد درباره مکان‌ها نظرات منتقدین است.","iscorrect":0}]},{"id":"5447","description":"گوگل محلی چه امکاناتی دارد؟","answers":[{"id":"20850","description":"توصیه‌‌های مکان‌٬ نظرات قبلی خود‌٬ و مکان خود بر اساس حلقه‌‌ها را دریافت کنید.","iscorrect":0},{"id":"20851","description":"نظرات و عکس‌‌های مکان‌‌های برگزیده خود را منتشر کنید.","iscorrect":0},{"id":"20852","description":"خلاصه نظرات کاربران در مورد مکان‌ها را بخوانید.","iscorrect":0},{"id":"20853","description":"همه موارد","iscorrect":1}]}]},{"score":"66","questions":[{"id":"5448","description":"خصوصیات نوشتن نقد‌های خوب چیست؟","answers":[{"id":"20854","description":"اطلاعات درست و مفید ارائه دهید.","iscorrect":0},{"id":"20855","description":"واقعیت را بگویید.","iscorrect":0},{"id":"20856","description":"محترمانه نظر دهید.","iscorrect":1},{"id":"20857","description":"همه موارد","iscorrect":0}]},{"id":"5449","description":"ستاره دار کردن یک مکان چیست؟","answers":[{"id":"20858","description":"ستاره دار کردن روشی برای شروع گفتگو با یک شخص خاص است.","iscorrect":0},{"id":"20859","description":"ستاره دار کردن روشی عالی برای دسترسی سریع گوگل به مکان‌‌های مورد علاقه شما است.","iscorrect":1},{"id":"20860","description":"ستاره دار کردن روشی برای دعوت به رویداد است.","iscorrect":0},{"id":"20861","description":"ستاره دار کردن روشی برای تبادل اطلاعات است.","iscorrect":0}]},{"id":"5450","description":"گوگل محلی چه امکاناتی دارد؟","answers":[{"id":"20862","description":"توصیه‌‌های مکان‌٬ نظرات قبلی خود‌٬ و مکان خود بر اساس حلقه‌‌ها را دریافت کنید.","iscorrect":0},{"id":"20863","description":"نظرات و عکس‌‌های مکان‌‌های برگزیده خود را منتشر کنید.","iscorrect":0},{"id":"20864","description":"خلاصه نظرات کاربران در مورد مکان‌ها را بخوانید.","iscorrect":0},{"id":"20865","description":"همه موارد","iscorrect":1}]}]}]},{"name":"درس نوزدهم- تنظیمات حساب","id":"743","contentorder":"37","lesson_number":19,"type":0,"filename":"lesson743.html"},{"name":"تنظیمات حساب","id":"1279","contentorder":"38","type":1,"set":[{"score":"66","questions":[{"id":"5451","description":"کدام یک از گزینه‌های زیر در مورد «گزینه‌های بازیابی» درست است؟","answers":[{"id":"20866","description":"به شما کمک می‌کنند تا از حساب خود در برابر هکر‌ها محافظت کرده.","iscorrect":0},{"id":"20867","description":"برای دسترس به آن باید وارد صفحه تنظیمات حساب شوید.","iscorrect":0},{"id":"20868","description":"روشی را در اختیار شما قرار می‌‌دهند تا در صورت فراموش کردن گذرواژه به حساب خود دسترسی داشته باشید.","iscorrect":0},{"id":"20869","description":"همه موارد","iscorrect":1}]},{"id":"5452","description":"کدام یک از گزینه‌های زیر در مورد آدرس ایمیل جایگزین درست است؟","answers":[{"id":"20870","description":"با استفاده از آدرس ایمیل جایگزین نمی‌‌توانید وارد برنامه‌ها شوید.","iscorrect":0},{"id":"20871","description":"برخی موارد افرادی که مواردی را با آن‌ها به‌ اشتراک می‌گذارید ممکن است آدرس ایمیل جایگزین شما را مشاهده کنند.","iscorrect":1},{"id":"20872","description":"با آدرس ایمیل جایگزین نمی‌‌توانید برای ورود به حساب خود استفاده کنید.","iscorrect":0},{"id":"20873","description":"همه موارد","iscorrect":0}]},{"id":"5453","description":"زبان گوگل را در کدام قسمت می‌توانید تنظیم کنید؟","answers":[{"id":"20874","description":"تنظیمات نمایه","iscorrect":0},{"id":"20875","description":"تنظیمات گوگل+","iscorrect":0},{"id":"20876","description":"تنظیمات حساب","iscorrect":1},{"id":"20877","description":"هیچ کدام","iscorrect":0}]}]},{"score":"66","questions":[{"id":"5454","description":"برای ورود به تنظیمات حساب خود، به کدام قسمت باید بروید؟","answers":[{"id":"20878","description":"در صفحه اصلی بر روی عکس نمایه‌تان که در گوشه صفحه سمت چپ قرار دارد کلیک کنید.","iscorrect":1},{"id":"20879","description":"در صفحه اصلی بر روی زنگوله که در گوشه صفحه سمت چپ قرار دارد کلیک کنید.","iscorrect":0},{"id":"20880","description":"در صفحه اصلی بر روی مربعی که در گوشه صفحه سمت چپ قرار دارد کلیک کنید.","iscorrect":0},{"id":"20881","description":"در صفحه اصلی بر روی Home کلیک کنید.","iscorrect":0}]},{"id":"5455","description":"کدام یک از گزینه‌های زیر در مورد مدیریت حساب غیر فعال درست است؟","answers":[{"id":"20882","description":"پس از توقف استفاده از حساب خود، ممکن است بخواهید داده‌های خود را با یک دوست مورد اعتماد یا یکی از اعضای خانواده به اشتراک بگذارید.","iscorrect":0},{"id":"20883","description":"شما می‌‌توانید مشخص کنید آیا حساب شما غیرفعال باشد.","iscorrect":0},{"id":"20884","description":"شما می‌‌توانید مشخص کنید بعد از غیر فعال کردن چه اتفاقی برای داده‌‌های شما بیفتد و چه کسی از آن مطلع شود.","iscorrect":0},{"id":"20885","description":"همه موارد","iscorrect":1}]},{"id":"5456","description":"زبان گوگل را در کدام قسمت می‌توانید تنظیم کنید؟","answers":[{"id":"20886","description":"تنظیمات نمایه","iscorrect":0},{"id":"20887","description":"تنظیمات گوگل+","iscorrect":0},{"id":"20888","description":"تنظیمات حساب","iscorrect":1},{"id":"20889","description":"هیچ کدام","iscorrect":0}]}]}]},{"name":"آزمون نهایی گوگل+","id":"1281","contentorder":"39","type":1,"set":[{"score":"50","questions":[{"id":"5457","description":"وب چیست؟","answers":[{"id":"20890","description":"برنامه‌ای برای بازی در اینترنت","iscorrect":0},{"id":"20891","description":"وب جهان‌ گستر یک سامانه اطلاعاتی از پرونده‌های ابرمتنی متصل‌ به‌ هم است که از طریق شبکه جهانی اینترنت قابل دسترسی هستند.","iscorrect":1},{"id":"20892","description":"زبان برنامه نویسی در اینترنت","iscorrect":0},{"id":"20893","description":"شبکه موجود در بانک‌ها","iscorrect":0}]},{"id":"5458","description":"برای ساخت شناسه کاربری در گوگل می‌توانیم از .......... استفاده کنیم.","answers":[{"id":"20894","description":"فقط حروف و اعداد","iscorrect":0},{"id":"20895","description":"فقط حروف و نقطه","iscorrect":0},{"id":"20896","description":"ترکیب حروف و کلمات و . (نقطه)","iscorrect":1},{"id":"20897","description":"هر کاراکتری","iscorrect":0}]},{"id":"5459","description":"بعد از وارد شدن به سیستم گوگل برای استفاده از گوگل چه گزینه‌ای را باید انتخاب کنیم؟","answers":[{"id":"20898","description":"Join Youtube","iscorrect":0},{"id":"20899","description":"Join Google","iscorrect":0},{"id":"20900","description":"+Join Google","iscorrect":1},{"id":"20901","description":"+Leave Google","iscorrect":0}]},{"id":"5460","description":"برای نوشتن مطلبی در مورد عکس خود بر روی کدام گزینه کلیک می‌کنید؟","answers":[{"id":"20902","description":"ارسال شرح","iscorrect":0},{"id":"20903","description":"شروع","iscorrect":0},{"id":"20904","description":"نگاره","iscorrect":0},{"id":"20905","description":"افزودن شرح","iscorrect":1}]},{"id":"5461","description":"گزینه عمومی در اشتراک گذاری به چه معنایی است؟","answers":[{"id":"20906","description":"با انتخاب عمومی هیچ کس این اشتراک گذاری را نخواهد دید.","iscorrect":0},{"id":"20907","description":"با انتخاب عمومی این اشتراک گذاری شما را همه می‌بینند.","iscorrect":1},{"id":"20908","description":"با انتخاب عمومی، فقط کسانی از این اشتراک گذاری شما با خبر خواهند شد و آن را خواهند دید که عضو یکی از حلقه‌های شما باشند.","iscorrect":0},{"id":"20909","description":"با انتخاب عمومی افرادی که در حلقه‌‎های حلقه‌های شما هستند می‌توانند این اشتراک گذاری شما را ببینند.","iscorrect":0}]},{"id":"5462","description":"کدام یک از گزینه‌های زیر جزو سربرگ درباره در صفحه نمایه نیست؟","answers":[{"id":"20910","description":"محل تحصیل","iscorrect":0},{"id":"20911","description":"کار","iscorrect":0},{"id":"20912","description":"اطلاعات اساسی","iscorrect":0},{"id":"20913","description":"اطلاعات سیاسی","iscorrect":1}]},{"id":"5463","description":"نشانه گذاری چیست ؟","answers":[{"id":"20914","description":"با نشانه گذاری شما می‌توانید فرد خاصی را به پست‌های خود پیوند بزنید.","iscorrect":1},{"id":"20915","description":"با نشانه گذاری شما می‌توانید دوستان خود را بیابید.","iscorrect":0},{"id":"20916","description":"با نشانه گذاری شما می‌توانید دوستان خود را دعوت کنید تا به شما بپیوندند.","iscorrect":0},{"id":"20917","description":"با نشانه گذاری شما می‌توانید عکس‌های خود را آپلود کنید.","iscorrect":0}]},{"id":"5464","description":"1+ چیست؟","answers":[{"id":"20918","description":"+1 کردن راهی است که با آن قدردانی‌تان را نسبت به هر چیزی که توجه‌‌تان را در Google+‎ یا در وب‌ سایت‌‌های مورد علاقه ‌تان به خود جلب کرده است نشان می‌دهید.","iscorrect":1},{"id":"20919","description":"+1 روشی است برای اضافه کردن دوستان به حلقه‌ها","iscorrect":0},{"id":"20920","description":"+1 روشی است برای اعلام حضور خود در گوگل+","iscorrect":0},{"id":"20921","description":"+1 روشی است برای انتخاب صفحات برای پیوند خوردن به آن","iscorrect":0}]},{"id":"5465","description":"اعلان چیست؟","answers":[{"id":"20922","description":"جستجوی دوستان","iscorrect":0},{"id":"20923","description":"اجازه برای تنظیمات نمایه و گوگل + خود","iscorrect":0},{"id":"20924","description":"اعلان‌‌ها در گوگل + به شما اجازه می‌دهند از انجام فعالیت‌‌های جدید در ارتباط با نمایه‌‌تان، چیز‌هایی که پست می‌کنید و موارد بیشتر مطلع شوید.","iscorrect":1},{"id":"20925","description":"روشی برای گفتگو و تعامل با دوستان خود","iscorrect":0}]},{"id":"5466","description":"به طور پیش‌ فرض کدام یک از حلقه‌های زیر می‌‌توانند با شما گپ بزنند؟","answers":[{"id":"20926","description":"حلقه دوستان","iscorrect":0},{"id":"20927","description":"فقط افراد حلقه‌های شما","iscorrect":1},{"id":"20928","description":"حلقه خانواده","iscorrect":0},{"id":"20929","description":"حلقه‌هایی که ایجاد کردید.","iscorrect":0}]},{"id":"5467","description":"یافتن چهره من چیست‌؟","answers":[{"id":"20930","description":"پیشنهادات برچسب نام (نشان گذاری) را به دوستان‌تان ارائه می‌‌دهد.","iscorrect":1},{"id":"20931","description":"روشی برای تنظیم چهره در عکس‌ها","iscorrect":0},{"id":"20932","description":"روشی برای تنظیم چهره در ویدیو‌ها","iscorrect":0},{"id":"20933","description":"آپلود عکس از نگارخانه","iscorrect":0}]},{"id":"5468","description":"تنها اطلاعاتی که همه از شما می‌توانند آن را ببینند؟","answers":[{"id":"20934","description":"محل کار، نام حلقه‌ها","iscorrect":0},{"id":"20935","description":"محل تحصیل، اطلاعات اساسی","iscorrect":0},{"id":"20936","description":"عکس نمایه، پست‌ها","iscorrect":0},{"id":"20937","description":"نام کامل، عکس نمایه و عکس روی جلد‌تان","iscorrect":1}]},{"id":"5469","description":"در صفحه حلقه‌ها توپی که روی آن یک بزرگ رسم شده است برای چیست‌؟","answers":[{"id":"20938","description":"مکانی است که شما می‌توانید در آن جا برای خود یک رویداد ایجاد کنید.","iscorrect":0},{"id":"20939","description":"مکانی است که شما می‌توانید در آن جا برای خود یک آلبوم عکس بسازید.","iscorrect":0},{"id":"20940","description":"مکانی است که شما می‌توانید در آن جا برای خود حلقه جدیدی بسازید .","iscorrect":1},{"id":"20941","description":"مکانی است که شما می‌توانید در آن جا برای خود افراد را اضافه کنید.","iscorrect":0}]},{"id":"5470","description":"اگر شما فردی را مسدود کنید کدام یک اتفاقات زیر صورت می‌گیرد؟","answers":[{"id":"20942","description":"شما دیگر محتوای او را در صفحه خود نخواهید دید.","iscorrect":0},{"id":"20943","description":"او نخواهد توانست در مورد محتوای شما نظر دهد.","iscorrect":0},{"id":"20944","description":"او از حلقه‌‌های شما حذف خواهد شد.","iscorrect":0},{"id":"20945","description":"همه موارد","iscorrect":1}]},{"id":"5471","description":"کدام یک از گزینه‌های زیر روشی برای پیدا کردن عضو برای انجمن شما است؟","answers":[{"id":"20946","description":"دعوت افراد به این انجمن","iscorrect":0},{"id":"20947","description":"اشتراک گذاری انجمن","iscorrect":0},{"id":"20948","description":"فرستادن پیام","iscorrect":0},{"id":"20949","description":"همه موارد","iscorrect":1}]}]},{"score":"50","questions":[{"id":"5472","description":"چطور می‌توانیم صفحات وب را ببینیم (ابزار مشاهده صفحات وب چیست)؟","answers":[{"id":"20950","description":"از رایانامه خود برای مشاهده صفحه‌های وب استفاده می‌کنیم.","iscorrect":0},{"id":"20951","description":"با استفاده از زبان‌های برنامه نویسی","iscorrect":0},{"id":"20952","description":"به کمک برنامه مایکروسافت ورد","iscorrect":0},{"id":"20953","description":"به‌ کمک یک مرورگر وب می‌توانیم صفحات وب را مشاهده کنیم.","iscorrect":1}]},{"id":"5473","description":"میزان فضای رایگان حساب در جی‌میل ......... است.","answers":[{"id":"20954","description":"۳۰ گیگا بایت","iscorrect":0},{"id":"20955","description":"۲۵ گیگا بایت","iscorrect":0},{"id":"20956","description":"۱۵ گیگا بایت","iscorrect":1},{"id":"20957","description":"۱۰ گیگابایت","iscorrect":0}]},{"id":"5474","description":"برای ثبت نام در گوگل به چه مقدماتی نیاز داریم؟","answers":[{"id":"20958","description":"ابتدا باید یک حساب گوگل + خریداری کنیم.","iscorrect":0},{"id":"20959","description":"باید از حساب کاربری یاهو خود وارد گوگل + شویم.","iscorrect":0},{"id":"20960","description":"باید یک حساب (جی‌میل) داشته باشیم و با استفاده از آن وارد گوگل + شویم.","iscorrect":1},{"id":"20961","description":"باید یک حساب هات میل بسازیم.","iscorrect":0}]},{"id":"5475","description":"کدام یک از نماد‌های زیر نشان گوگل است؟","answers":[{"id":"20962","description":"G+","iscorrect":0},{"id":"20963","description":"You+","iscorrect":0},{"id":"20964","description":"E+","iscorrect":0},{"id":"20965","description":"گزینه الف و ب","iscorrect":1}]},{"id":"5476","description":"این تعریف کدام یک از گزینه‌های زیر است؟ «حلقه‌های که شامل افرادی در حلقه‌‎های حلقه‌های شما هستند.»","answers":[{"id":"20966","description":"حلقه‌های گسترده","iscorrect":1},{"id":"20967","description":"حلقه‌های عمومی","iscorrect":0},{"id":"20968","description":"حلقه‌های سفارشی","iscorrect":0},{"id":"20969","description":"حلقه‌های اصلی","iscorrect":0}]},{"id":"5477","description":"جنسیت خود را در کدام یک از کادر های صفحه درباره می‌توانید وارد کنید؟","answers":[{"id":"20970","description":"محل تحصیل","iscorrect":0},{"id":"20971","description":"کار","iscorrect":0},{"id":"20972","description":"اطلاعات اساسی","iscorrect":1},{"id":"20973","description":"اطلاعات سیاسی","iscorrect":0}]},{"id":"5478","description":"گزینه گیرنده در اشتراک گذاری چیست؟","answers":[{"id":"20974","description":"با این گزینه شما می‌توانید وارد صفحه اصلی خود در گوگل شوید.","iscorrect":0},{"id":"20975","description":"با این گزینه شما می‌توانید عکس‌های خود را ارسال کنید.","iscorrect":0},{"id":"20976","description":"با این گزینه شما می‌توانید انتخاب کنید که پست‌های شما برای چه کسانی یا چه حلقه‌هایی به اشتراک گذاشته شود.","iscorrect":1},{"id":"20977","description":"با این گزینه شما می‌توانید رویدادی را انتخاب کنید.","iscorrect":0}]},{"id":"5479","description":"تنظیمات گوگل برای چیست؟","answers":[{"id":"20978","description":"تنظیمات گوگل+ برای این است که بتوانید نمایه خود را بروز کنید.","iscorrect":0},{"id":"20979","description":"تنظیمات گوگل+ برای این است که بتوانید با سایر محصولات گوگل ارتباط داشته باشید.","iscorrect":0},{"id":"20980","description":"تنظیمات گوگل+ برای این است که بتوانید وارد صفحه اصلی خود در گوگل+ بشوید.","iscorrect":0},{"id":"20981","description":"تنظیمات گوگل+ برای این است که بتوانید نحوه ارتباط خود با دیگران و اشتراک گذاری‌هایتان را کنترل و مدیریت کنید تا حریم خصوصی شما حفظ شود.","iscorrect":1}]},{"id":"5480","description":"Hangout یا پاتوق چیست؟","answers":[{"id":"20982","description":"تنظیمات نمایه","iscorrect":0},{"id":"20983","description":"تنظیمات گوگل+","iscorrect":0},{"id":"20984","description":"ایجاد حلقه‌های جدید","iscorrect":0},{"id":"20985","description":"Hangouts برنامه جدید گوگل برای مکالمه صوتی و تصویری است.","iscorrect":1}]},{"id":"5481","description":"«یافتن چهره من» چه فایده‌ایی دارد‌؟","answers":[{"id":"20986","description":"پیدا کردن دوستان","iscorrect":0},{"id":"20987","description":"گفتگوی آسان با دوستان","iscorrect":0},{"id":"20988","description":"یافتن تصاویر و ویدیو‌های شما را آسان و اجتماعی‌‌تر می‌کند.","iscorrect":1},{"id":"20989","description":"مدیریت رویداد‌ها","iscorrect":0}]},{"id":"5482","description":"عملکرد «بهبود خودکار» چه کاری انجام می‌دهد؟","answers":[{"id":"20990","description":"تنظیمات ماهرانه‌ای مانند از بین بردن قرمزی چشم، تنظیم نور و غیره را روی عکس‌‌ها انجام می‌دهد تا زیبا به نظر برسند.","iscorrect":1},{"id":"20991","description":"تنظیمات نمایه را به سرعت تغییر می‌دهد.","iscorrect":0},{"id":"20992","description":"تنظیمات گپ را تغییر و زیبا می‌سازد.","iscorrect":0},{"id":"20993","description":"پیدا کردن دوستان را برای شما آسان می‌کند.","iscorrect":0}]},{"id":"5483","description":"هشتگ چیست؟","answers":[{"id":"20994","description":"هشتگ به افراد کمک می‌‌کند تا با هم گفتگو کنند.","iscorrect":0},{"id":"20995","description":"هشتگ به افراد کمک می‌‌کند تا با هم گفتگوی تصویری داشته باشند.","iscorrect":0},{"id":"20996","description":"هشتگ به افراد کمک می‌‌کند تا دوستان خود را به سرعت بیابند.","iscorrect":0},{"id":"20997","description":"هشتگ به افراد کمک می‌‌کند گفتگو‌هایی را پیدا کنند یا به گفتگو‌هایی بپیوندند که درباره موضوع خاصی است.","iscorrect":1}]},{"id":"5484","description":"غیر فعال کردن اشتراک گذاری مجدد به چه معنایی است؟","answers":[{"id":"20998","description":"یعنی شما دیگر نمی‌توانید اشتراک گذاری انجام دهید.","iscorrect":0},{"id":"20999","description":"یعنی اشتراک گذاری انجام نشده است.","iscorrect":0},{"id":"21000","description":"یعنی دیگر کسی نمی‌تواند عکس شما را به اشتراک بگذارد.","iscorrect":1},{"id":"21001","description":"یعنی شما نمی‌توانید این پست را اشتراک گذاری کنید.","iscorrect":0}]},{"id":"5485","description":"علامت هشتگ چیست؟","answers":[{"id":"21002","description":"%","iscorrect":0},{"id":"21003","description":"&","iscorrect":0},{"id":"21004","description":"@","iscorrect":0},{"id":"21005","description":"#","iscorrect":1}]},{"id":"5486","description":"اگر شما فردی را مسدود کنید کدام یک اتفاقات زیر صورت می‌گیرد؟","answers":[{"id":"21006","description":"شما دیگر محتوای او را در صفحه خود نخواهید دید.","iscorrect":0},{"id":"21007","description":"او نخواهد توانست در مورد محتوای شما نظر دهد.","iscorrect":0},{"id":"21008","description":"او از حلقه‌‌های شما حذف خواهد شد.","iscorrect":0},{"id":"21009","description":"همه موارد","iscorrect":1}]}]}]}]}