{"courseId":"93","contents":[{"name":"درس اول- مقدمه‌ایی بر آموزش استفاده از آر اس اس RSS","id":"792","contentorder":"1","lesson_number":1,"type":0,"filename":"lesson792.html"},{"name":"درس دوم- امکانات و مزایای FeedDemon","id":"793","contentorder":"2","lesson_number":2,"type":0,"filename":"lesson793.html"},{"name":"امکانات و مزایای FeedDemon","id":"1361","contentorder":"3","type":1,"set":[{"score":"66","questions":[{"id":"5876","description":"اولین گزینه در سربرگ File :","answers":[{"id":"22578","description":"New subscription","iscorrect":1},{"id":"22579","description":"subscribe","iscorrect":0},{"id":"22580","description":"preview","iscorrect":0},{"id":"22581","description":"New Folder","iscorrect":0}]},{"id":"5877","description":"تعریف کامل فید در کدام یک از گزینه‌های زیر آمده است ؟","answers":[{"id":"22582","description":"فناوری فید Feed یا RSS که در فارسی «خوراک» یا «خبرمایه» هم ترجمه شده است.","iscorrect":0},{"id":"22583","description":"فید راهی برای دسترسی سریع و بدون دردسر به آخرین اخبار و نوشته‌‌های تارنما‌ها و وبلاگ‌هاست.","iscorrect":1},{"id":"22584","description":"فناوری‌‌ای است که می‌تواند گشت و گذار شما را در اینترنت متحول کند.","iscorrect":0},{"id":"22585","description":"گزینه الف و ج","iscorrect":0}]},{"id":"5878","description":"دومین گزینه در سربرگ File :","answers":[{"id":"22586","description":"New Folder","iscorrect":1},{"id":"22587","description":"subscriptions","iscorrect":0},{"id":"22588","description":"Import","iscorrect":0},{"id":"22589","description":"Export","iscorrect":0}]}]},{"score":"66","questions":[{"id":"5879","description":"سومین گزینه در سربرگ File :","answers":[{"id":"22590","description":"subscriptions","iscorrect":0},{"id":"22591","description":"New Folder","iscorrect":0},{"id":"22592","description":"Import/Export","iscorrect":1},{"id":"22593","description":"import defaults feeds","iscorrect":0}]},{"id":"5880","description":"میانبر Ctrl + N + Shift مربوط به کدام گزینه است ؟","answers":[{"id":"22594","description":"subscriptions","iscorrect":0},{"id":"22595","description":"New Folder","iscorrect":1},{"id":"22596","description":"import defaults feeds","iscorrect":0},{"id":"22597","description":"import","iscorrect":0}]},{"id":"5881","description":"تعریف کامل فید در کدام یک از گزینه‌های زیر آمده است ؟","answers":[{"id":"22598","description":"فناوری فید Feed یا RSS که در فارسی «خوراک» یا «خبرمایه» هم ترجمه شده است.","iscorrect":0},{"id":"22599","description":"فید راهی برای دسترسی سریع و بدون دردسر به آخرین اخبار و نوشته‌‌های تارنما‌ها و وبلاگ‌هاست.","iscorrect":1},{"id":"22600","description":"فناوری ‌ای است که می‌تواند گشت و گذار شما را در اینترنت متحول کند.","iscorrect":0},{"id":"22601","description":"گزینه الف و ج","iscorrect":0}]}]}]},{"name":"درس سوم- سربرگ File","id":"794","contentorder":"4","lesson_number":3,"type":0,"filename":"lesson794.html"},{"name":"سربرگ File","id":"1363","contentorder":"5","type":1,"set":[{"score":"66","questions":[{"id":"5882","description":"چهارمین گزینه از سربرگ File برای مدیریت اطلاعات درون حافظه:","answers":[{"id":"22602","description":"Backup","iscorrect":0},{"id":"22603","description":"Manage Cache","iscorrect":1},{"id":"22604","description":"Manage Cache Folder","iscorrect":0},{"id":"22605","description":"Change","iscorrect":0}]},{"id":"5883","description":"کدام یک از گزینه‌های زیر، عضو دکمه‌های موجود در صفحه Manage Cache هستند؟","answers":[{"id":"22606","description":"Explore","iscorrect":0},{"id":"22607","description":"Backup","iscorrect":0},{"id":"22608","description":"Change","iscorrect":0},{"id":"22609","description":"همه موارد","iscorrect":1}]},{"id":"5884","description":"با کلیک کردن بر روی کدام گزینه شما می‌توانید برنامه خود را از اطلاعات خراب پاک سازی کنید؟","answers":[{"id":"22610","description":"Compact","iscorrect":0},{"id":"22611","description":"Explore","iscorrect":0},{"id":"22612","description":"Scan for Errors","iscorrect":1},{"id":"22613","description":"Prefetch","iscorrect":0}]}]},{"score":"66","questions":[{"id":"5885","description":"پنجمین گزینه از سربرگ File که برای ذخیره مقاله‌ها برای مطالعه قطع از اینترنت:","answers":[{"id":"22614","description":"Work Off","iscorrect":0},{"id":"22615","description":"Prefetch Articles for Offline Reading","iscorrect":1},{"id":"22616","description":"Prefetch","iscorrect":0},{"id":"22617","description":"Explore","iscorrect":0}]},{"id":"5886","description":"هفتمین گزینه در سربرگ File برای کوچک کردن و بردن برنامه از صفحه نمایشگر:","answers":[{"id":"22618","description":"Minimize to Tray","iscorrect":1},{"id":"22619","description":"Exit","iscorrect":0},{"id":"22620","description":"Explore","iscorrect":0},{"id":"22621","description":"Prefetch Articles for Offline Reading","iscorrect":0}]},{"id":"5887","description":"کدام یک از گزینه‌های زیر، عضو دکمه‌های موجود در صفحه Manage Cache هستند؟","answers":[{"id":"22622","description":"Explore","iscorrect":0},{"id":"22623","description":"Backup","iscorrect":0},{"id":"22624","description":"Change","iscorrect":0},{"id":"22625","description":"همه موارد","iscorrect":1}]}]}]},{"name":"درس چهارم- سربرگ Edit","id":"795","contentorder":"6","lesson_number":4,"type":0,"filename":"lesson795.html"},{"name":"سربرگ Edit","id":"1365","contentorder":"7","type":1,"set":[{"score":"66","questions":[{"id":"5888","description":"اولین گزینه در سربرگ Edit برای نشان گذاری خوانده شده خبرها:","answers":[{"id":"22626","description":"Mark All Pages Read","iscorrect":0},{"id":"22627","description":"Mark","iscorrect":0},{"id":"22628","description":"Mark All Feeds Read","iscorrect":1},{"id":"22629","description":"Mark Page Read","iscorrect":0}]},{"id":"5889","description":"با کلیک کردن بر روی کدام گزینه همه ی فیدها به حالت خوانده شده در خواهند آمد؟","answers":[{"id":"22630","description":"Mark Page Read","iscorrect":0},{"id":"22631","description":"Mark","iscorrect":0},{"id":"22632","description":"Mark All Pages Read","iscorrect":0},{"id":"22633","description":"Mark All Feeds Read","iscorrect":1}]},{"id":"5890","description":"با کلیک کردن بر روی کدام گزینه فقط مقاله‌های موجود در برگه اول به حالت خوانده شده در می آیند؟","answers":[{"id":"22634","description":"Mark Page Read","iscorrect":1},{"id":"22635","description":"Mark All","iscorrect":0},{"id":"22636","description":"Mark All Pages Read","iscorrect":0},{"id":"22637","description":"Mark All Feeds Read","iscorrect":0}]}]},{"score":"66","questions":[{"id":"5891","description":"با کلیک کردن بر روی کدام گزینه کل مقاله‌های موجود در تمام برگه‌های فید به حالت خوانده شده در خواهند آمد؟","answers":[{"id":"22638","description":"Mark All Pages Read","iscorrect":1},{"id":"22639","description":"Mark Page Read","iscorrect":0},{"id":"22640","description":"Newspaper Feeddemon","iscorrect":0},{"id":"22641","description":"Mark All Feeds Read","iscorrect":0}]},{"id":"5892","description":"میانبر Ctrl + M + Shifte مربروط به کدام گزینه زیر است؟","answers":[{"id":"22642","description":"Mark All Feeds Read","iscorrect":0},{"id":"22643","description":"Newspaper Feeddemon","iscorrect":0},{"id":"22644","description":"Mark Page Read","iscorrect":0},{"id":"22645","description":"Mark All Pages Read","iscorrect":1}]},{"id":"5893","description":"اولین گزینه در سربرگ Edit برای نشان گذاری خوانده شده خبرها:","answers":[{"id":"22646","description":"Mark All Pages Read","iscorrect":0},{"id":"22647","description":"Mark","iscorrect":0},{"id":"22648","description":"Mark All Feeds Read","iscorrect":1},{"id":"22649","description":"Mark Page Read","iscorrect":0}]}]}]},{"name":"درس پنجم- ادامه سربرگ Edit","id":"796","contentorder":"8","lesson_number":5,"type":0,"filename":"lesson796.html"},{"name":"ادامه سربرگ Edit","id":"1367","contentorder":"9","type":1,"set":[{"score":"66","questions":[{"id":"5894","description":"چهارمین گزینه در سربرگ Edit برای انتقال خبرها کدام گزینه است؟","answers":[{"id":"22650","description":"Move Feed","iscorrect":1},{"id":"22651","description":"Feed Properties","iscorrect":0},{"id":"22652","description":"Properties","iscorrect":0},{"id":"22653","description":"General","iscorrect":0}]},{"id":"5895","description":"با استفاده از کدام گزینه شما می‌توانید فید‌ها را از پوشه‌ایی به پوشه‌ی دیگر انتقال دهید؟","answers":[{"id":"22654","description":"General","iscorrect":0},{"id":"22655","description":"Properties","iscorrect":0},{"id":"22656","description":"Move Feed","iscorrect":1},{"id":"22657","description":"Feed Properties","iscorrect":0}]},{"id":"5896","description":"در کدام صفحه شما می‌توانید برای مطالب خود یک فیلتر بگذارید؟","answers":[{"id":"22658","description":"Properties","iscorrect":0},{"id":"22659","description":"General","iscorrect":0},{"id":"22660","description":"Move Feed","iscorrect":0},{"id":"22661","description":"Content Filter","iscorrect":1}]}]},{"score":"66","questions":[{"id":"5897","description":"در سربرگ Updating چه مواردی را می‌توانید مشخص کنید؟","answers":[{"id":"22662","description":"حداکثر تعداد مقاله ایی که می‌خواهید در این فید نگه داری شود را مشخص کنید.","iscorrect":0},{"id":"22663","description":"حداکثر روزی که تمایل دارید مقاله‌ها در برنامه نگه داری شوند را مشخص کنید.","iscorrect":0},{"id":"22664","description":"حداکثر زمانی که تمایل دارید ورود مقاله‌های جدید چک شود را مشخص کنید.","iscorrect":0},{"id":"22665","description":"همه موارد","iscorrect":1}]},{"id":"5898","description":"در کدام یک از صفحات زیر اطلاعاتی در مورد فید مانند تعداد مقاله‌ها، تعداد مقاله‌های خوانده شده، تعداد مقاله‌های ستاره گذاری شده و غیره را مشاهده خواهید کرد‌؟","answers":[{"id":"22666","description":"Statistics","iscorrect":1},{"id":"22667","description":"Updating","iscorrect":0},{"id":"22668","description":"Tools","iscorrect":0},{"id":"22669","description":"General","iscorrect":0}]},{"id":"5899","description":"در کدام صفحه شما می‌توانید برای مطالب خود یک فیلتر بگذارید؟","answers":[{"id":"22670","description":"Properties","iscorrect":0},{"id":"22671","description":"General","iscorrect":0},{"id":"22672","description":"Move Feed","iscorrect":0},{"id":"22673","description":"Content Filter","iscorrect":1}]}]}]},{"name":"درس ششم- سربرگ View","id":"797","contentorder":"10","lesson_number":6,"type":0,"filename":"lesson797.html"},{"name":"سربرگ View","id":"1369","contentorder":"11","type":1,"set":[{"score":"66","questions":[{"id":"5900","description":"اولین گزینه در سربرگ View وضعیت و موقعیت مرورگر:","answers":[{"id":"22674","description":"Browser Position","iscorrect":1},{"id":"22675","description":"Subscriptions","iscorrect":0},{"id":"22676","description":"Browser on Bottom","iscorrect":0},{"id":"22677","description":"Browser on Right","iscorrect":0}]},{"id":"5901","description":"با کلیک کردن بر روی کدام گزینه تمام پوشه‌هایی ساخته اید زیر Subscriptions در ستون سمت چپ لیست می‌شوند؟","answers":[{"id":"22678","description":"Unread Folder View","iscorrect":0},{"id":"22679","description":"Folder View","iscorrect":1},{"id":"22680","description":"Feed View","iscorrect":0},{"id":"22681","description":"Unread Feed View","iscorrect":0}]},{"id":"5902","description":"با کلیک کردن بر روی کدام گزینه تمام فید‌های موجود در پوشه‌ها زیر Subscriptions در ستون سمت چپ لیست می‌شوند؟","answers":[{"id":"22682","description":"Unread Feed View","iscorrect":0},{"id":"22683","description":"Feed View","iscorrect":1},{"id":"22684","description":"Unread Folder View","iscorrect":0},{"id":"22685","description":"Subscriptions","iscorrect":0}]}]},{"score":"66","questions":[{"id":"5903","description":"با کلیک بر روی کدام گزینه ستون سمت چپ که Subscription‌ها در آن جا قرار دارند نمایان یا پنهان می‌شوند؟","answers":[{"id":"22686","description":"Subscriptions","iscorrect":0},{"id":"22687","description":"Show Subscriptions","iscorrect":1},{"id":"22688","description":"Unread Folder View","iscorrect":0},{"id":"22689","description":"Feed View","iscorrect":0}]},{"id":"5904","description":"با کلیک کردن بر روی کدام گزینه فید‌های خیلی قدیمی نمایان می‌شوند؟","answers":[{"id":"22690","description":"Dinosaurs","iscorrect":1},{"id":"22691","description":"Feeds with Errors","iscorrect":0},{"id":"22692","description":"Attention Report","iscorrect":0},{"id":"22693","description":"FeedDemon Event Log","iscorrect":0}]},{"id":"5905","description":"با کلیک کردن بر روی کدام گزینه تمام فید‌های موجود در پوشه‌ها زیر Subscriptions در ستون سمت چپ لیست می‌شوند؟","answers":[{"id":"22694","description":"Unread Feed View","iscorrect":0},{"id":"22695","description":"Feed View","iscorrect":1},{"id":"22696","description":"Unread Folder View","iscorrect":0},{"id":"22697","description":"Subscriptions","iscorrect":0}]}]}]},{"name":"درس هفتم- سربرگ Browse","id":"798","contentorder":"12","lesson_number":7,"type":0,"filename":"lesson798.html"},{"name":"سربرگ Browse","id":"1371","contentorder":"13","type":1,"set":[{"score":"66","questions":[{"id":"5906","description":"با کلیک کردن بر روی کدام گزینه یک برگه جدید ساخته خواهد شد؟","answers":[{"id":"22698","description":"New Tab","iscorrect":1},{"id":"22699","description":"Close Other Tabs","iscorrect":0},{"id":"22700","description":"Close Browser Tab","iscorrect":0},{"id":"22701","description":"Next Browser Tab","iscorrect":0}]},{"id":"5907","description":"با کلیک کردن بر روی کدام گزینه شما می‌توانید همه برگه‌هایی که باز هستند را ببندید‌؟","answers":[{"id":"22702","description":"New Tab","iscorrect":0},{"id":"22703","description":"Close Other Tabs","iscorrect":1},{"id":"22704","description":"Close Browser Tab","iscorrect":0},{"id":"22705","description":"Next Browser Tab","iscorrect":0}]},{"id":"5908","description":"با کلیک کردن بر روی کدام گزینه شما می‌توانید از یک برگه به برگه دیگر بروید و محتویات آن را مشاهده کنید؟","answers":[{"id":"22706","description":"New Tab","iscorrect":0},{"id":"22707","description":"Close Other Tabs","iscorrect":0},{"id":"22708","description":"Close Browser Tab","iscorrect":0},{"id":"22709","description":"Next Browser Tab","iscorrect":1}]}]},{"score":"66","questions":[{"id":"5909","description":"با کلیک کردن بر روی کدام گزینه برگه‌ایی که در آن قرار دارید به عقب بر می‌گردد؟","answers":[{"id":"22710","description":"New Tab","iscorrect":0},{"id":"22711","description":"Close Other Tabs","iscorrect":0},{"id":"22712","description":"Close Browser Tab","iscorrect":0},{"id":"22713","description":"Back","iscorrect":1}]},{"id":"5910","description":"با کلیک کردن بر روی کدام گزینه برگه‌ایی که در آن قرار دارید بروز می‌شود و اگر تغییری (مانند آمدن مقاله جدید) در آن صورت گرفته باشد نمایان می‌شود‌؟","answers":[{"id":"22714","description":"New Tab","iscorrect":0},{"id":"22715","description":"Close Other Tabs","iscorrect":0},{"id":"22716","description":"Close Browser Tab","iscorrect":0},{"id":"22717","description":"Refresh","iscorrect":1}]},{"id":"5911","description":"با کلیک کردن بر روی کدام گزینه می‌توانید همه برگه‌هایی که باز هستند را ببندید‌؟","answers":[{"id":"22718","description":"New Tab","iscorrect":0},{"id":"22719","description":"Close Other Tabs","iscorrect":1},{"id":"22720","description":"Close Browser Tab","iscorrect":0},{"id":"22721","description":"Next Browser Tab","iscorrect":0}]}]}]},{"name":"درس هشتم- سربرگ Favorites","id":"799","contentorder":"14","lesson_number":8,"type":0,"filename":"lesson799.html"},{"name":"سربرگ Favorites","id":"1373","contentorder":"15","type":1,"set":[{"score":"66","questions":[{"id":"5912","description":"دومین گزینه در سربرگ Favorites برای مدیریت مورد علاقه‌ها:","answers":[{"id":"22722","description":"Organize Favorites","iscorrect":1},{"id":"22723","description":"Move","iscorrect":0},{"id":"22724","description":"New Folder","iscorrect":0},{"id":"22725","description":"Rename","iscorrect":0}]},{"id":"5913","description":"کدام گزینه برای جابه جایی یا انتقال پوشه‌ها از یک محیط به محیط دیگر است ؟","answers":[{"id":"22726","description":"Organize Favorites","iscorrect":0},{"id":"22727","description":"Move","iscorrect":1},{"id":"22728","description":"New Folder","iscorrect":0},{"id":"22729","description":"Rename","iscorrect":0}]},{"id":"5914","description":"کدام گزینه زیر برای تغییر نام پوشه‌ها است؟","answers":[{"id":"22730","description":"Organize Favorites","iscorrect":0},{"id":"22731","description":"Move","iscorrect":0},{"id":"22732","description":"New Folder","iscorrect":0},{"id":"22733","description":"Rename","iscorrect":1}]}]},{"score":"66","questions":[{"id":"5915","description":"کدام گزینه برای حذف دائمی پوشه‌ها است؟","answers":[{"id":"22734","description":"Delete","iscorrect":1},{"id":"22735","description":"Move","iscorrect":0},{"id":"22736","description":"New Folder","iscorrect":0},{"id":"22737","description":"Rename","iscorrect":0}]},{"id":"5916","description":"کدام گزینه برای ساخت یک پوشه تازه و جدید است؟","answers":[{"id":"22738","description":"Organize Favorites","iscorrect":0},{"id":"22739","description":"Move","iscorrect":0},{"id":"22740","description":"New Folder","iscorrect":1},{"id":"22741","description":"Rename","iscorrect":0}]},{"id":"5917","description":"کدام گزینه زیر برای تغییر نام پوشه‌ها است؟","answers":[{"id":"22742","description":"Organize Favorites","iscorrect":0},{"id":"22743","description":"Move","iscorrect":0},{"id":"22744","description":"New Folder","iscorrect":0},{"id":"22745","description":"Rename","iscorrect":1}]}]}]},{"name":"درس نهم- سربرگ Tools","id":"800","contentorder":"16","lesson_number":9,"type":0,"filename":"lesson800.html"},{"name":"درس دهم- ادامه سربرگ Tools","id":"801","contentorder":"17","lesson_number":10,"type":0,"filename":"lesson801.html"},{"name":"سربرگ Tools","id":"1375","contentorder":"18","type":1,"set":[{"score":"50","questions":[{"id":"5918","description":"با کلیک کردن بر روی کدام گزینه تمام مقالات فیدهای موجود در پوشه‌ها بروز می‌شوند؟","answers":[{"id":"22746","description":"Update All","iscorrect":1},{"id":"22747","description":"Search","iscorrect":0},{"id":"22748","description":"Subscriptions","iscorrect":0},{"id":"22749","description":"Search Subscriptions","iscorrect":0}]},{"id":"5919","description":"در کدام نوع از جستجو، جستجو فقط در برگه ایی که باز است انجام می‌گیرد؟","answers":[{"id":"22750","description":"Search Subscriptions","iscorrect":0},{"id":"22751","description":"Search Newspaper","iscorrect":1},{"id":"22752","description":"Find in this Page","iscorrect":0},{"id":"22753","description":"Choose search provider","iscorrect":0}]},{"id":"5920","description":"سومین گزینه در سربرگ Tools برای زمانبندی و سازمان دهی مطالب کدام است؟","answers":[{"id":"22754","description":"Panic Button","iscorrect":1},{"id":"22755","description":"Cleanup Wizard","iscorrect":0},{"id":"22756","description":"Feedstation","iscorrect":0},{"id":"22757","description":"Queue","iscorrect":0}]},{"id":"5921","description":"با استفاده کدام گزینه می‌توانید برنامه را پاکسازی کنید؟","answers":[{"id":"22758","description":"Panic Button","iscorrect":0},{"id":"22759","description":"Cleanup Wizard","iscorrect":1},{"id":"22760","description":"Feedstation","iscorrect":0},{"id":"22761","description":"Queue","iscorrect":0}]}]},{"score":"50","questions":[{"id":"5922","description":"با انتخاب کدام گزینه می‌توانید جستجو خود را در ارائه دهنده‌های جستجو انجام دهید؟","answers":[{"id":"22762","description":"Search Subscriptions","iscorrect":0},{"id":"22763","description":"Search Newspaper","iscorrect":1},{"id":"22764","description":"Find in this Page","iscorrect":0},{"id":"22765","description":"Choose search provider","iscorrect":0}]},{"id":"5923","description":"با استفاده از کدام گزینه می‌توانید فید های دانلود را مدیریت کنید؟","answers":[{"id":"22766","description":"Panic Button","iscorrect":0},{"id":"22767","description":"Cleanup Wizard","iscorrect":0},{"id":"22768","description":"Open Feedstation","iscorrect":1},{"id":"22769","description":"Queue","iscorrect":0}]},{"id":"5924","description":"کدام گزینه برای اضافه کردن فید‌های دانلود به لیست انتظار است؟","answers":[{"id":"22770","description":"Add to Queue","iscorrect":1},{"id":"22771","description":"Feedstation","iscorrect":0},{"id":"22772","description":"Save Queue","iscorrect":0},{"id":"22773","description":"Open Queue","iscorrect":0}]},{"id":"5925","description":"با استفاده کدام گزینه می‌توانید برنامه را پاکسازی کنید؟","answers":[{"id":"22774","description":"Panic Button","iscorrect":0},{"id":"22775","description":"Cleanup Wizard","iscorrect":1},{"id":"22776","description":"Feedstation","iscorrect":0},{"id":"22777","description":"Queue","iscorrect":0}]}]}]},{"name":"درس یازدهم- ادامه سربرگ Tools و سربرگ Help","id":"802","contentorder":"19","lesson_number":11,"type":0,"filename":"lesson802.html"},{"name":"ادامه سربرگ Tools و سربرگ Help","id":"1377","contentorder":"20","type":1,"set":[{"score":"66","questions":[{"id":"5926","description":"ششمین گزینه از سربرگ Tools برای مدیریت برچسب‌ها کدام است؟","answers":[{"id":"22778","description":"Manage Tags","iscorrect":1},{"id":"22779","description":"Manage Content Filters","iscorrect":0},{"id":"22780","description":"Click to change","iscorrect":0},{"id":"22781","description":"Options","iscorrect":0}]},{"id":"5927","description":"کدام گزینه برای مدیریت کلمات کلیدی و فیلتر‌ها است‌؟","answers":[{"id":"22782","description":"Manage Tags","iscorrect":0},{"id":"22783","description":"Manage Content Filters","iscorrect":1},{"id":"22784","description":"Click to change","iscorrect":0},{"id":"22785","description":"Options","iscorrect":0}]},{"id":"5928","description":"با کلیک کردن بر روی کدام گزینه زبان‌های در دسترس نمایان خواهد شد‌؟","answers":[{"id":"22786","description":"Language","iscorrect":1},{"id":"22787","description":"Click to change","iscorrect":0},{"id":"22788","description":"Options","iscorrect":0},{"id":"22789","description":"Manage Tags","iscorrect":0}]}]},{"score":"66","questions":[{"id":"5929","description":"با کلیک کردن بر روی کدام گزینه زبان‌های در دسترس نمایان خواهد شد‌؟","answers":[{"id":"22790","description":"Language","iscorrect":1},{"id":"22791","description":"Click to change","iscorrect":0},{"id":"22792","description":"Options","iscorrect":0},{"id":"22793","description":"Manage Tags","iscorrect":0}]},{"id":"5930","description":"با انتخاب کدام گزینه شما می‌توانید فیلتر را ویرایش کنید‌؟","answers":[{"id":"22794","description":"Manage Tags","iscorrect":0},{"id":"22795","description":"Edit","iscorrect":1},{"id":"22796","description":"Click to change","iscorrect":0},{"id":"22797","description":"Options","iscorrect":0}]},{"id":"5931","description":"کدام گزینه برای مدیریت کلمات کلیدی و فیلتر‌ها است‌؟","answers":[{"id":"22798","description":"Manage Tags","iscorrect":0},{"id":"22799","description":"Manage Content Filters","iscorrect":1},{"id":"22800","description":"Click to change","iscorrect":0},{"id":"22801","description":"Options","iscorrect":0}]}]}]},{"name":"درس دوازدهم- نوار ابزار‌ها در FeedDemon - بخش اول","id":"803","contentorder":"21","lesson_number":12,"type":0,"filename":"lesson803.html"},{"name":"نوار ابزار‌ها در FeedDemon - بخش اول","id":"1381","contentorder":"22","type":1,"set":[{"score":"66","questions":[{"id":"5936","description":"با استفاده از کدام ابزار می‌توانید فید را به حالت خوانده شده در بیاورید‌؟","answers":[{"id":"22810","description":"ابزار Mark Read","iscorrect":1},{"id":"22811","description":"ابزار Update All","iscorrect":0},{"id":"22812","description":"ابزار Mark Folder Read","iscorrect":0},{"id":"22813","description":"ابزار Views","iscorrect":0}]},{"id":"5937","description":"با استفاده از کدام ابزار می‌توانید پوشه را به حالت خوانده شده در بیاورید‌؟","answers":[{"id":"22814","description":"ابزار Mark Read","iscorrect":0},{"id":"22815","description":"ابزار Update All","iscorrect":0},{"id":"22816","description":"ابزار Mark Folder Read","iscorrect":1},{"id":"22817","description":"ابزار Views","iscorrect":0}]},{"id":"5938","description":"با استفاده از کدام ابزار می‌توانید همه‌ی فید‌های موجود در پوشه‌ها را به حالت خوانده شده در بیاورید‌؟","answers":[{"id":"22818","description":"ابزار Mark Read","iscorrect":0},{"id":"22819","description":"ابزار Update All","iscorrect":0},{"id":"22820","description":"ابزار Mark Folder Read","iscorrect":0},{"id":"22821","description":"ابزار Mark All Feeds Read","iscorrect":1}]}]},{"score":"66","questions":[{"id":"5944","description":"با استفاده از کدام ابزار شما می‌توانید همه ی فید‌های موجود در پوشه‌ها را به حالت خوانده شده در بیاورید‌؟","answers":[{"id":"22836","description":"ابزار Mark Read","iscorrect":0},{"id":"22837","description":"ابزار Update All","iscorrect":0},{"id":"22838","description":"ابزار Mark Folder Read","iscorrect":0},{"id":"22839","description":"ابزار Mark All Feeds Read","iscorrect":1}]},{"id":"5945","description":"با استفاده از کدام ابزار شما می‌توانید در بین تمام فید‌هایی که در پوشه‌های درون Subscriptions قرار دارند به صورت عقب گرد حرکت کنید‌؟","answers":[{"id":"22840","description":"ابزار Mark Read","iscorrect":0},{"id":"22841","description":"ابزار Previous Feed","iscorrect":1},{"id":"22842","description":"ابزار Mark Folder Read","iscorrect":0},{"id":"22843","description":"ابزار Mark All Feeds Read","iscorrect":0}]},{"id":"5946","description":"با استفاده از کدام ابزار شما می‌توانید پوشه را به حالت خوانده شده در بیاورید‌؟","answers":[{"id":"22844","description":"ابزار Mark Read","iscorrect":0},{"id":"22845","description":"ابزار Update All","iscorrect":0},{"id":"22846","description":"ابزار Mark Folder Read","iscorrect":1},{"id":"22847","description":"ابزار Views","iscorrect":0}]}]}]},{"name":"درس سیزدهم- نوار ابزار‌ها در FeedDemon - بخش دوم","id":"804","contentorder":"23","lesson_number":13,"type":0,"filename":"lesson804.html"},{"name":"نوار ابزار‌ها در FeedDemon - بخش دوم","id":"1384","contentorder":"24","type":1,"set":[{"score":"66","questions":[{"id":"5948","description":"کدام یک از ابزار‌های زیر مقالات خوانده شده را پنهان و نمایان می‌کند؟","answers":[{"id":"22853","description":"ابزار Hide Read Articles","iscorrect":1},{"id":"22852","description":"ابزار Columns","iscorrect":0},{"id":"22854","description":"ابزار Next Unread Articles","iscorrect":0},{"id":"22855","description":"ابزار Show Articles descriptions","iscorrect":0}]},{"id":"5947","description":"با استفاده از کدام ابزار می‌توانید تمام مقالات درون یک فید را به ترتیب‌های مختلف مرتب کنید؟","answers":[{"id":"22851","description":"ابزار Show Articles descriptions","iscorrect":0},{"id":"22850","description":"ابزار Next Unread Articles","iscorrect":0},{"id":"22849","description":"ابزار Hide Read Articles","iscorrect":0},{"id":"22848","description":"ابزار Columns","iscorrect":1}]},{"id":"5949","description":"با استفاده از کدام یک از ابزار زیر می‌توانید در فید از یک مقاله خوانده نشده به مقاله خوانده نشده بعدی بروید؟","answers":[{"id":"22856","description":"ابزار Columns","iscorrect":0},{"id":"22857","description":"ابزار Hide Read Articles","iscorrect":0},{"id":"22858","description":"ابزار Next Unread Articles","iscorrect":1},{"id":"22859","description":"ابزار Show Articles descriptions","iscorrect":0}]}]},{"score":"66","questions":[{"id":"5950","description":"با استفاده از کدام یک از ابزار زیر می‌توانید در فید از یک مقاله به مقاله دیگر به صورت عقب گرد بروید؟","answers":[{"id":"22860","description":"ابزار Pervious Articles","iscorrect":1},{"id":"22861","description":"ابزار Hide Read Articles","iscorrect":0},{"id":"22862","description":"ابزار Next Unread Articles","iscorrect":0},{"id":"22863","description":"ابزار Show Articles descriptions","iscorrect":0}]},{"id":"5951","description":"با استفاده از کدام یک از ابزار زیر می‌توانید مقالات موجود در فید را ستاره دار کنید؟","answers":[{"id":"22864","description":"ابزار Pervious Articles","iscorrect":0},{"id":"22865","description":"ابزار Hide Read Articles","iscorrect":0},{"id":"22866","description":"ابزار Toggle Star","iscorrect":1},{"id":"22867","description":"ابزار Show Articles descriptions","iscorrect":0}]},{"id":"5952","description":"با استفاده از کدام یک از ابزار زیر می‌توانید در فید از یک مقاله خوانده نشده به مقاله خوانده نشده بعدی بروید؟","answers":[{"id":"22868","description":"ابزار Columns","iscorrect":0},{"id":"22869","description":"ابزار Hide Read Articles","iscorrect":0},{"id":"22870","description":"ابزار Next Unread Articles","iscorrect":1},{"id":"22871","description":"ابزار Show Articles descriptions","iscorrect":0}]}]}]},{"name":"درس چهاردهم- نوار ابزارها در FeedDemon - بخش سوم","id":"805","contentorder":"25","lesson_number":14,"type":0,"filename":"lesson805.html"},{"name":"درس پانزدهم- نوار ابزارها در FeedDemon - بخش چهارم","id":"806","contentorder":"26","lesson_number":15,"type":0,"filename":"lesson806.html"},{"name":"نوار ابزارها در FeedDemon - بخش سوم و چهارم","id":"1386","contentorder":"27","type":1,"set":[{"score":"50","questions":[{"id":"5953","description":"با استفاده از کدام یک از ابزارهای زیر می‌توانید جدید‌ترین مقالات هر فید را مشاهده کنید‌؟","answers":[{"id":"22872","description":"ابزار Show News Articles","iscorrect":1},{"id":"22873","description":"ابزار Forward","iscorrect":0},{"id":"22874","description":"ابزار Back","iscorrect":0},{"id":"22875","description":"ابزار Refresh","iscorrect":0}]},{"id":"5954","description":"در کدام یک از ابزارهای می‌توانید آخرین برگه‌هایی که از آن‌ها بازدید کرده‌اید را مشاهده کنید؟","answers":[{"id":"22876","description":"ابزار Show News Articles","iscorrect":0},{"id":"22877","description":"ابزار Forward","iscorrect":0},{"id":"22878","description":"ابزار Recent Page","iscorrect":1},{"id":"22879","description":"ابزار Refresh","iscorrect":0}]},{"id":"5955","description":"با استفاده از کدام ابزار زیر می‌توانید ترتیب قرار گرفتن مقالات در فید را معکوس کنید؟","answers":[{"id":"22880","description":"ابزار Sort in Reverse","iscorrect":1},{"id":"22881","description":"ابزار Next Unread","iscorrect":0},{"id":"22882","description":"ابزار Show","iscorrect":0},{"id":"22883","description":"ابزار Address or Search Phrase","iscorrect":0}]},{"id":"5956","description":"با کلیک کردن بر روی کدام ابزار زیر می‌توانید از یک پوشه یا فید خوانده نشده به پوشه یا فید خوانده نشده‌ی بعدی بروید؟","answers":[{"id":"22884","description":"ابزار Sort in Reverse","iscorrect":0},{"id":"22885","description":"ابزار Next Unread","iscorrect":1},{"id":"22886","description":"ابزار Show","iscorrect":0},{"id":"22887","description":"ابزار Address or Search Phrase","iscorrect":0}]}]},{"score":"50","questions":[{"id":"5957","description":"با کلیک کردن بر روی کدام ابزار زیر می‌توانید از یک پوشه یا فید خوانده نشده به پوشه یا فید خوانده نشده‌ی بعدی بروید؟","answers":[{"id":"22888","description":"ابزار Sort in Reverse","iscorrect":0},{"id":"22889","description":"ابزار Next Unread","iscorrect":1},{"id":"22890","description":"ابزار Show","iscorrect":0},{"id":"22891","description":"ابزار Address or Search Phrase","iscorrect":0}]},{"id":"5958","description":"در کدام قسمت می‌توانید آخرین کلمات یا عباراتی که جستجو کرده‌اید را مشاهده کنید؟","answers":[{"id":"22892","description":"Sort in Reverse","iscorrect":0},{"id":"22893","description":"Next Unread","iscorrect":0},{"id":"22894","description":"Recent searcher","iscorrect":1},{"id":"22895","description":"Address or Search Phrase","iscorrect":0}]},{"id":"5959","description":"در کدام یک از ابزارهای می‌توانید آخرین برگه‌هایی که از آن‌ها بازدید کرده اید را مشاهده کنید؟","answers":[{"id":"22896","description":"ابزار Show News Articles","iscorrect":0},{"id":"22897","description":"ابزار Forward","iscorrect":0},{"id":"22898","description":"ابزار Recent Page","iscorrect":1},{"id":"22899","description":"ابزار Refresh","iscorrect":0}]},{"id":"5960","description":"با کلیک کردن بر روی کدام ابزار زیر برگه شما در یک مرورگر نمایش داده می‌شود؟","answers":[{"id":"22900","description":"ابزار Show News Articles","iscorrect":0},{"id":"22901","description":"ابزار Show in External Browser","iscorrect":1},{"id":"22902","description":"ابزار Recent Page","iscorrect":0},{"id":"22903","description":"ابزار Refresh","iscorrect":0}]}]}]},{"name":"درس شانزدهم- کادر سمت چپ در FeedDemon","id":"807","contentorder":"28","lesson_number":16,"type":0,"filename":"lesson807.html"},{"name":"درس هفدهم- ادامه کادر سمت چپ در FeedDemon","id":"808","contentorder":"29","lesson_number":17,"type":0,"filename":"lesson808.html"},{"name":"کادر سمت چپ در FeedDemon","id":"1388","contentorder":"30","type":1,"set":[{"score":"50","questions":[{"id":"5961","description":"کادر سمت چپ برنامه از کدام پوشه‌های زیر تشکیل شده است؟","answers":[{"id":"22904","description":"Subscriptions","iscorrect":0},{"id":"22905","description":"Watches","iscorrect":0},{"id":"22906","description":"Tags","iscorrect":0},{"id":"22907","description":"همه موارد","iscorrect":1}]},{"id":"5962","description":"با کلیک کردن بر روی کدام یک از گزینه‌های زیر، فیدهایی که در آن‌ها مقالاتی موجود هستند که ستاره گذاری شده اند زیر Subscriptions لیست می‌شوند؟","answers":[{"id":"22908","description":"گزینه Starred Feed View","iscorrect":1},{"id":"22909","description":"Unread Feed View","iscorrect":0},{"id":"22910","description":"گزینه Feed View","iscorrect":0},{"id":"22911","description":"گزینه Unread Folder View","iscorrect":0}]},{"id":"5963","description":"میانبر F5 + Shift در صفحه کلید مربوط به کدام گزینه است؟","answers":[{"id":"22912","description":"گزینه Update Folder","iscorrect":1},{"id":"22913","description":"گزینه Mark Folder Read","iscorrect":0},{"id":"22914","description":"گزینه Delete Folder","iscorrect":0},{"id":"22915","description":"گزینه New Subscription","iscorrect":0}]},{"id":"5964","description":"میانبر Ctrl + R + Shift در صفحه کلید مربوط به کدام گزینه است؟","answers":[{"id":"22916","description":"گزینه Update Folder","iscorrect":0},{"id":"22917","description":"گزینه Mark Folder Read","iscorrect":0},{"id":"22918","description":"گزینه Mark Read","iscorrect":1},{"id":"22919","description":"گزینه New Subscription","iscorrect":0}]}]},{"score":"66","questions":[{"id":"5965","description":"میانبر Ctrl + N در صفحه کلید مربوط به کدام گزینه است؟","answers":[{"id":"22920","description":"گزینه Starred Feed View","iscorrect":0},{"id":"22921","description":"Unread Feed View","iscorrect":0},{"id":"22922","description":"گزینه New Subscription","iscorrect":1},{"id":"22923","description":"گزینه Unread Folder View","iscorrect":0}]},{"id":"5966","description":"میانبر Ctrl + R + Shift در صفحه کلید مربوط به کدام گزینه است ؟","answers":[{"id":"22924","description":"گزینه Starred Feed View","iscorrect":0},{"id":"22925","description":"گزینه Mark All Feeds Read","iscorrect":1},{"id":"22926","description":"گزینه New subscription","iscorrect":0},{"id":"22927","description":"گزینه Unread Folder View","iscorrect":0}]},{"id":"5967","description":"در صورتی که شما دیگر تمایل به پیگیری فیدی را نداشته باشید و نخواهید آن فید و مقاله‌های آن برای شما به اشتراک گذاشته شود از کدام گزینه می‌توانید استفاده کنید؟","answers":[{"id":"22928","description":"گزینه Update Folder","iscorrect":0},{"id":"22929","description":"گزینه Unsubscribe","iscorrect":1},{"id":"22930","description":"گزینه Mark Read","iscorrect":0},{"id":"22931","description":"گزینه New Subscription","iscorrect":0}]}]}]},{"name":"درس هجدهم- صفحه اصلی در FeedDemon","id":"809","contentorder":"31","lesson_number":18,"type":0,"filename":"lesson809.html"},{"name":"درس نوزدهم- My Stream","id":"810","contentorder":"32","lesson_number":19,"type":0,"filename":"lesson810.html"},{"name":"صفحه اصلی در FeedDemon","id":"1390","contentorder":"33","type":1,"set":[{"score":"50","questions":[{"id":"5968","description":"با کلیک کردن بر روی گزینه …….. فقط تیتر یا عنوان مقاله نمایش داده می‌شود.","answers":[{"id":"22932","description":"Headline","iscorrect":1},{"id":"22933","description":"Manage","iscorrect":0},{"id":"22934","description":"Full Post","iscorrect":0},{"id":"22935","description":"Summaries","iscorrect":0}]},{"id":"5969","description":"با کلیک کردن بر روی کدام نماد زیر مقاله به حالت خوانده شده در می‌آید؟","answers":[{"id":"22936","description":"نماد Star This Article","iscorrect":0},{"id":"22937","description":"نماد Expand This Article","iscorrect":0},{"id":"22938","description":"نماد Mark This Article Read","iscorrect":1},{"id":"22939","description":"نماد Show This Article","iscorrect":0}]},{"id":"5970","description":"میانبر Ctrl + M در صفحه کلید مربوط به کدام گزینه است؟","answers":[{"id":"22940","description":"گزینه Mark Page Read","iscorrect":1},{"id":"22941","description":"گزینه Next Unread","iscorrect":0},{"id":"22942","description":"نماد Previous Page","iscorrect":0},{"id":"22943","description":"نماد Next Page","iscorrect":0}]},{"id":"5971","description":"میانبر Ctrl + N در صفحه کلید مربوط به کدام گزینه است؟","answers":[{"id":"22944","description":"گزینه Mark Page Read","iscorrect":0},{"id":"22945","description":"گزینه Next Unread","iscorrect":1},{"id":"22946","description":"نماد Previous Page","iscorrect":0},{"id":"22947","description":"نماد Next Page","iscorrect":0}]}]},{"score":"66","questions":[{"id":"5972","description":"با کلیک کردن بر روی کدام نماد، آدرس تارنمای مقاله در یک برگه جداگانه باز خواهد شد؟","answers":[{"id":"22948","description":"نماد Star This Article","iscorrect":0},{"id":"22949","description":"نماد Open Link in New Tab","iscorrect":1},{"id":"22950","description":"نماد Mark This Article Read","iscorrect":0},{"id":"22951","description":"نماد Show This Article","iscorrect":0}]},{"id":"5973","description":"شما با استفاده از کدام گزینه می‌توانید مقالات را در فضا‌های مختلف مجازی به اشتراک بگذارید؟","answers":[{"id":"22952","description":"نماد Sharing","iscorrect":1},{"id":"22953","description":"نماد Mark This Article Read","iscorrect":0},{"id":"22954","description":"نماد Open Link in New Tab","iscorrect":0},{"id":"22955","description":"نماد Show This Article","iscorrect":0}]},{"id":"5974","description":"کدام گزینه مربوط به پیکربندی «جریان من» است؟","answers":[{"id":"22956","description":"Configure","iscorrect":1},{"id":"22957","description":"Page","iscorrect":0},{"id":"22958","description":"Tags","iscorrect":0},{"id":"22959","description":"Previous","iscorrect":0}]}]}]},{"name":"آزمون نهایی خوراک خوان‌ها","id":"1392","contentorder":"34","type":1,"set":[{"score":"50","questions":[{"id":"5975","description":"اولین گزینه در سربرگ File برای اشتراک تازه خبر چیست؟","answers":[{"id":"22960","description":"New Subscription","iscorrect":1},{"id":"22961","description":"Subscribe","iscorrect":0},{"id":"22962","description":"Preview","iscorrect":0},{"id":"22963","description":"New Folder","iscorrect":0}]},{"id":"5976","description":"چهارمین گزینه از سربرگ File برای مدیریت اطلاعات درون حافظه:","answers":[{"id":"22964","description":"Backup","iscorrect":0},{"id":"22965","description":"Manage Cache","iscorrect":1},{"id":"22966","description":"Manage Cache Folder","iscorrect":0},{"id":"22967","description":"Change","iscorrect":0}]},{"id":"5977","description":"با کلیک کردن بر روی کدام گزینه می‌توانید برنامه خود را از اطلاعات خراب پاک سازی کنید؟","answers":[{"id":"22968","description":"Compact","iscorrect":0},{"id":"22969","description":"Explore","iscorrect":0},{"id":"22970","description":"Scan for Errors","iscorrect":1},{"id":"22971","description":"Prefetch","iscorrect":0}]},{"id":"5978","description":"هفتمین گزینه در سربرگ File برای کوچک کردن و بردن برنامه از صفحه نمایشگر کدام است؟","answers":[{"id":"22972","description":"Minimize to Tray","iscorrect":1},{"id":"22973","description":"Exit","iscorrect":0},{"id":"22974","description":"Explore","iscorrect":0},{"id":"22975","description":"Prefetch Articles for Offline Reading","iscorrect":0}]},{"id":"5979","description":"با کلیک کردن بر روی کدام گزینه فقط مقاله‌های موجود در برگه اول به حالت خوانده شده در می‌آیند‌؟","answers":[{"id":"22976","description":"Mark Page Read","iscorrect":1},{"id":"22977","description":"Mark All","iscorrect":0},{"id":"22978","description":"Mark All Pages Read","iscorrect":0},{"id":"22979","description":"Mark All Feeds Read","iscorrect":0}]},{"id":"5980","description":"در کدام یک از صفحات زیر اطلاعاتی در مورد فید مانند تعداد مقاله‌ها، تعداد مقاله‌های خوانده شده، تعداد مقاله‌های ستاره گذاری شده و غیره را مشاهده خواهید کرد‌؟","answers":[{"id":"22980","description":"Statistics","iscorrect":1},{"id":"22981","description":"Updating","iscorrect":0},{"id":"22982","description":"Tools","iscorrect":0},{"id":"22983","description":"General","iscorrect":0}]},{"id":"5981","description":"با کلیک کردن بر روی کدام گزینه تمام فیدهای موجود در پوشه‌ها زیر Subscriptions در ستون سمت چپ لیست می‌شوند‌؟","answers":[{"id":"22984","description":"Unread Feed View","iscorrect":0},{"id":"22985","description":"Feed View","iscorrect":1},{"id":"22986","description":"Unread Folder View","iscorrect":0},{"id":"22987","description":"Subscriptions","iscorrect":0}]},{"id":"5982","description":"در کدام نوع از جستجو، جستجو فقط در برگه‌ایی که باز است انجام می‌گیرد؟","answers":[{"id":"22988","description":"Search Subscriptions","iscorrect":0},{"id":"22989","description":"Search Newspaper","iscorrect":1},{"id":"22990","description":"Find in This Page","iscorrect":0},{"id":"22991","description":"Choose Search Provider","iscorrect":0}]},{"id":"5983","description":"با استفاده از کدام یک از ابزارهای زیر می‌توانید جدید‌ترین مقالات هر فید را مشاهده کنید؟","answers":[{"id":"22992","description":"ابزار Show News Articles","iscorrect":1},{"id":"22993","description":"ابزار Forward","iscorrect":0},{"id":"22994","description":"ابزار Back","iscorrect":0},{"id":"22995","description":"ابزار Refresh","iscorrect":0}]},{"id":"5984","description":"با کلیک کردن بر روی کدام ابزار زیر برگه شما در یک مرورگر نمایش داده می‌شود‌؟","answers":[{"id":"22996","description":"ابزار Show News Articles","iscorrect":0},{"id":"22997","description":"ابزار Show in External Browser","iscorrect":1},{"id":"22998","description":"ابزار Recent Page","iscorrect":0},{"id":"22999","description":"ابزار Refresh","iscorrect":0}]}]},{"score":"50","questions":[{"id":"5986","description":"تعریف کامل فید در کدام یک از گزینه‌های زیر آمده است‌؟","answers":[{"id":"23002","description":"فناوری فید Feed یا RSS که در فارسی «خوراک» یا «خبرمایه» هم ترجمه شده است.","iscorrect":0},{"id":"23003","description":"فید راهی برای دسترسی سریع و بدون دردسر به آخرین اخبار و نوشته‌‌های تارنما‌ها و وبلاگ‌هاست.","iscorrect":1},{"id":"23004","description":"فناوری ‌ای است که می‌‌تواند گشت و گذار شما را در اینترنت متحول کند.","iscorrect":0},{"id":"23005","description":"گزینه الف و ج","iscorrect":0}]},{"id":"5987","description":"کدام یک از گزینه‌های زیر، عضو دکمه‌های موجود در صفحه Manage Cache هستند‌؟","answers":[{"id":"23006","description":"Explore","iscorrect":0},{"id":"23007","description":"Backup","iscorrect":0},{"id":"23008","description":"Change","iscorrect":0},{"id":"23009","description":"همه موارد","iscorrect":1}]},{"id":"5988","description":"پنجمین گزینه از سربرگ File که برای ذخیره مقاله‌ها برای مطالعه قطع از اینترنت:","answers":[{"id":"23010","description":"Work Off","iscorrect":0},{"id":"23011","description":"Prefetch Articles for Offline Reading","iscorrect":1},{"id":"23012","description":"Prefetch","iscorrect":0},{"id":"23013","description":"Explore","iscorrect":0}]},{"id":"5989","description":"با کلیک کردن بر روی کدام گزینه همه ی فیدها به حالت خوانده شده در خواهند آمد‌؟","answers":[{"id":"23014","description":"Mark Page Read","iscorrect":0},{"id":"23015","description":"Mark","iscorrect":0},{"id":"23016","description":"Mark All Pages Read","iscorrect":0},{"id":"23017","description":"Mark All Feeds Read","iscorrect":1}]},{"id":"5990","description":"در سربرگ Updating چه مواردی را می‌توانید مشخص کنید‌؟","answers":[{"id":"23018","description":"حداکثر تعداد مقاله ایی که می‌خواهید در این فید نگه داری شود را مشخص کنید.","iscorrect":0},{"id":"23019","description":"حداکثر روزی که تمایل دارید مقاله‌ها در برنامه نگه داری شوند را مشخص کنید.","iscorrect":0},{"id":"23020","description":"حداکثر زمانی که تمایل دارید ورود مقاله‌های جدید چک شود را مشخص کنید","iscorrect":0},{"id":"23021","description":"همه موارد","iscorrect":1}]},{"id":"5991","description":"با کلیک کردن بر روی کدام گزینه تمام پوشه‌هایی که ساخته‌اید زیر Subscriptions در ستون سمت چپ لیست می‌شوند‌؟","answers":[{"id":"23022","description":"Unread Folder View","iscorrect":0},{"id":"23023","description":"Folder View","iscorrect":1},{"id":"23024","description":"Feed View","iscorrect":0},{"id":"23025","description":"Unread Feed View","iscorrect":0}]},{"id":"5992","description":"با کلیک کردن بر روی کدام گزینه تمام مقالات فیدهای موجود در پوشه‌ها بروز می‌شوند‌؟","answers":[{"id":"23026","description":"Update All","iscorrect":1},{"id":"23027","description":"Search","iscorrect":0},{"id":"23028","description":"Subscriptions","iscorrect":0},{"id":"23029","description":"Search Subscriptions","iscorrect":0}]},{"id":"5993","description":"با انتخاب کدام گزینه می‌توانید جستجو خود را در ارائه دهنده‌های جستجو انجام دهید‌؟","answers":[{"id":"23030","description":"Search Subscriptions","iscorrect":0},{"id":"23031","description":"Search Newspaper","iscorrect":1},{"id":"23032","description":"Find in This Page","iscorrect":0},{"id":"23033","description":"Choose Search Provider","iscorrect":0}]},{"id":"5994","description":"در کدام یک از ابزارهای می‌توانید آخرین برگه‌هایی که از آن‌ها بازدید کرده‌اید را مشاهده کنید‌؟","answers":[{"id":"23034","description":"ابزار Show News Articles","iscorrect":0},{"id":"23035","description":"ابزار Forward","iscorrect":0},{"id":"23036","description":"ابزار Recent Page","iscorrect":1},{"id":"23037","description":"ابزار Refresh","iscorrect":0}]},{"id":"5995","description":"با کلیک کردن بر روی کدام یک از گزینه‌های زیر، فیدهایی که در آن‌ها مقالاتی موجود هستند که ستاره گذاری شده اند زیر Subscriptions لیست می‌شوند‌؟","answers":[{"id":"23038","description":"گزینه Starred Feed View","iscorrect":1},{"id":"23039","description":"Unread Feed View","iscorrect":0},{"id":"23040","description":"گزینه Feed View","iscorrect":0},{"id":"23041","description":"گزینه Unread Folder View","iscorrect":0}]}]}]}]}