{"courseId":"102","contents":[{"name":"درس اول- مفاهیم برنامه‌نویسی شئ‌گرا","id":"852","contentorder":"1","lesson_number":1,"type":0,"filename":"lesson852.html"},{"name":"مفاهیم برنامه‌نویسی شئ‌گرا","id":"1448","contentorder":"2","type":1,"set":[{"score":"60","questions":[{"id":"6202","description":"کدام گزینه درست است؟","answers":[{"id":"23723","description":"شئ‌گرایی ابزار و یا خصوصیت خاص یک زبان برنامه نویسی نیست، بلکه شیوه نوینی است که در آن می‌توان قطعه کدهایی را ایجاد و در برنامه های مختلف مورد استفاده قرارداد.","iscorrect":1},{"id":"23724","description":"شئ‌گرایی ابزار و یا خصوصیت خاص زبان برنامه‌نویسی جاوا اسکریپت است.","iscorrect":0},{"id":"23725","description":"شئ‌گرایی شیوه نوینی نیست.","iscorrect":0}]},{"id":"6203","description":"تعریف برنامه‌نویسی شئ‌گرا چیست؟","answers":[{"id":"23726","description":"نوعی برنامه‌نویسی که در آن توابع تمام کارها را انجام می‌دهند.","iscorrect":0},{"id":"23727","description":"یک شیوه برنامه‌نویسی است که ساختار اصلی آن اشیا هستند.","iscorrect":1},{"id":"23728","description":"نوع قدیمی برنامه‌نویسی الگو محور","iscorrect":0}]},{"id":"6204","description":"کدام موارد از مفاهیم شئ‌گرایی پی‌اچ‌پی هستند؟","answers":[{"id":"23729","description":"کلاس،‌شئ و سرایند","iscorrect":0},{"id":"23730","description":"کلاس، چندریختی،شئ و روال","iscorrect":0},{"id":"23731","description":"کلاس، شئ، وراثت، چندریختی و واسط","iscorrect":1}]}]},{"score":"60","questions":[{"id":"6205","description":"کلاس در برنامه‌نویسی شئ‌گرایی چیست؟","answers":[{"id":"23732","description":"نوعی متد است که دستورهای سیستم را تکرار می‌کند","iscorrect":0},{"id":"23733","description":"کلاس از مفاهیم شئ‌گرایی نیست","iscorrect":0},{"id":"23734","description":"طرح و نقشه ابتدایی برای ساخت یک شئ","iscorrect":1}]},{"id":"6206","description":"کدام گزینه درست است؟","answers":[{"id":"23735","description":"شئ نمونه‌ای ساخته شده از یک شئ مادر است","iscorrect":0},{"id":"23736","description":"وراثت توانایی انتقال قابلیت‌ها از یک کلاس به کلاس دیگر است","iscorrect":1},{"id":"23737","description":"کلاس‌ها توسط شئ ارث‌بری می‌کنند","iscorrect":0}]},{"id":"6207","description":"کپسوله‌سازی چیست؟","answers":[{"id":"23738","description":"حفاظت از اطلاعات داخلی یک شئ برای جلوگیری از دسترسی دیگران","iscorrect":1},{"id":"23739","description":"نخستین عمل که در هر کلاس نوشته می‌شود","iscorrect":0},{"id":"23740","description":"کلاس مادر همه کلاس‌ها","iscorrect":0}]}]}]},{"name":"درس دوم- کلاس و شئ","id":"853","contentorder":"3","lesson_number":2,"type":0,"filename":"lesson853.html"},{"name":"کلاس و شئ","id":"1450","contentorder":"4","type":1,"set":[{"score":"60","questions":[{"id":"6208","description":"کدام گزینه درست است؟","answers":[{"id":"23741","description":"شئ نقشه و کلاس نمونه‌ای از آن نقشه است","iscorrect":0},{"id":"23742","description":"کلاس طرح و شئ نقشه‌ای از روی طرح است","iscorrect":0},{"id":"23743","description":"کلاس طرح و شئ نمونه‌ای از آن طرح است","iscorrect":1}]},{"id":"6209","description":"برای تعریف کردن یک کلاس باید از چه الگوهایی استفاده کرد؟","answers":[{"id":"23744","description":"ابتدا واژه class را می‌نویسیم و سپس نام کلاس را","iscorrect":1},{"id":"23745","description":"ابتدا نام کلاس و سپس واژه object را می‌نویسیم","iscorrect":0},{"id":"23746","description":"کافی است نام کلاس را با واژه classes به کار ببریم","iscorrect":0}]},{"id":"6210","description":"معادل ویژگی‌ها و عمل‌ها در شیوه برنامه‌نویسی روال‌گونه چیست؟","answers":[{"id":"23747","description":"معادل ویژگی‌ها متغییرها و معادل عمل‌ها (متدها) توابع هستند","iscorrect":1},{"id":"23748","description":"معادل ویژگی‌ها متدها و معادل عمل‌ها، توابع هستند","iscorrect":0},{"id":"23749","description":"معادل ویژگی‌ها متغییرها و معادل عمل‌ها، متدها هستند","iscorrect":0}]}]},{"score":"60","questions":[{"id":"6211","description":"به ویژگی‌ها و عمل‌های یک کلاس:","answers":[{"id":"23750","description":"توابع می‌گویند","iscorrect":0},{"id":"23751","description":"اعضا می‌گویند","iscorrect":1},{"id":"23752","description":"متد می‌گویند","iscorrect":0}]},{"id":"6212","description":"شیوه کار در برنامه‌نویسی شئ‌گرا چیست؟","answers":[{"id":"23753","description":"ابتدا شئ را می‌سازیم بعد کلاس را","iscorrect":0},{"id":"23754","description":"برنامه‌نویسی شئ‌گرا به قدم نیاز دارد. اول تعریف کردن کلاس و دوم ساخت یک شئ از آن کلاس","iscorrect":1},{"id":"23755","description":"کلاس‌ها را از طریق شئ تعریف می‌کنیم","iscorrect":0}]},{"id":"6213","description":"نحوه درست ساختن یک شئ چیست؟","answers":[{"id":"23756","description":"$object = new car()","iscorrect":1},{"id":"23757","description":"$object = car()","iscorrect":0},{"id":"23758","description":"$object = new $car()","iscorrect":0}]}]}]},{"name":"درس سوم- ویژگی this$","id":"854","contentorder":"5","lesson_number":3,"type":0,"filename":"lesson854.html"},{"name":"ویژگی this$","id":"1471","contentorder":"7","type":1,"set":[{"score":"60","questions":[{"id":"6283","description":"واژه this$ چیست و چه کاربردی دارد؟","answers":[{"id":"23961","description":"this$ یک خاصیت است که قابلیتی را به برنامه‌نویس می‌دهد تا بتواند از ویژگی‌های (متغیرهای) تعریف شده کلاس در داخل همان کلاس استفاده کند","iscorrect":1},{"id":"23962","description":"یک متغیر برای نگهداری داده‌های کلاس است","iscorrect":0},{"id":"23963","description":"بزرگ‌ترین شئ در کلاس است","iscorrect":0}]},{"id":"6284","description":"علامت یا عمالگری که در هنگام استفاده از شئ به کار می‌بریم کدام است؟","answers":[{"id":"23964","description":"<-","iscorrect":1},{"id":"23965","description":"::","iscorrect":0},{"id":"23966","description":":>","iscorrect":0}]},{"id":"6285","description":"کدام گزینه درست نیست؟","answers":[{"id":"23967","description":"داده‌ای که در یک ویژگی قرار می‌گیرد باید یک مقدار ثابت باشد","iscorrect":0},{"id":"23968","description":"از نتیجه یک عبارت دیگر نمی‌توان در زمان تعریف یک ویژگی استفاده کرد","iscorrect":0},{"id":"23969","description":"در زمان تعریف کردن یک ویژگی باید به آن مقدار اختصاص داد","iscorrect":1}]}]},{"score":"60","questions":[{"id":"6287","description":"برای پاک کردن شئ از چه دستوری استفاده می‌کنیم؟","answers":[{"id":"23975","description":"$this>>width","iscorrect":0},{"id":"23974","description":"$this->width","iscorrect":0},{"id":"23973","description":"unset()","iscorrect":1}]},{"id":"6288","description":"متدهایی که با ... شروع می‌شوند برای اختصاص دادن \"داده\" به ویژگی‌های کلاس هستند.","answers":[{"id":"23978","description":"this","iscorrect":0},{"id":"23976","description":"set","iscorrect":1},{"id":"23977","description":"get","iscorrect":0}]},{"id":"6286","description":"دستور this->width$ به چه منظور استفاده می‌شود؟","answers":[{"id":"23972","description":"برای دسترسی به ویژگی کلاس","iscorrect":1},{"id":"23970","description":"برای دسترسی به عمل شئ","iscorrect":0},{"id":"23971","description":"به منظور پاک کردن شئ","iscorrect":0}]}]}]},{"name":"درس چهارم- سازنده (Constructor)","id":"855","contentorder":"8","lesson_number":4,"type":0,"filename":"lesson855.html"},{"name":"سازنده (Constructor)","id":"1454","contentorder":"9","type":1,"set":[{"score":"60","questions":[{"id":"6220","description":"سازنده چیست؟","answers":[{"id":"23778","description":"سازنده نوعی خاص از ویژگی‌های کلاس است","iscorrect":0},{"id":"23779","description":"سازنده نوع ویژه ای از عمل‌هاست که در زمان ساختن ‌شئ بطور خودکار فراخوانی و اجرا می‌شود","iscorrect":1},{"id":"23780","description":"سازنده نوعی عمل است که باید حتما ورودی داشته باشد","iscorrect":0}]},{"id":"6221","description":"کاربرد سازنده چیست؟","answers":[{"id":"23781","description":"از سازنده برای فراخوانی کلاس‌های تودرتو استفاده می‌کنیم","iscorrect":0},{"id":"23782","description":"سازنده می‌تواند ورودی‌هایی به شکل مقدار را دریافت کند و در زمان اجرا شدن سازنده از آن مقدارها استفاده کند","iscorrect":1},{"id":"23783","description":"برای ارسال داده‌ها از سمت کاربر به سمت سرور مرکزی استفاده می‌شود","iscorrect":0}]},{"id":"6222","description":"یک سازنده چطور تعریف می‌شود؟","answers":[{"id":"23784","description":"function _ _construct ($w = 0, $h = 0)","iscorrect":1},{"id":"23785","description":"function construct ($w = 0, $h = 0)","iscorrect":0},{"id":"23786","description":"function construct ()","iscorrect":0}]}]},{"score":"60","questions":[{"id":"6223","description":"خصوصیت سازنده این است که...","answers":[{"id":"23787","description":"در زمان تعریف کردن کلاس در زیر کلاس تعریف می‌شود","iscorrect":0},{"id":"23788","description":"هر زمان که شئ‌ای از کلاس ساخته می‌شود، \"سازنده\" به طور خودکار و هم‌زمان با ساخت شئ فراخوانده می‌شود","iscorrect":1},{"id":"23789","description":"باید پیش از تعریف کردن کلاس نوشته شود","iscorrect":0}]},{"id":"6224","description":"نام آن همواره به شکل ()construct__ است.","answers":[{"id":"23790","description":"سازنده","iscorrect":1},{"id":"23791","description":"کلاس","iscorrect":0},{"id":"23792","description":"شئ‌ای که از کلاس ساخته می‌شود","iscorrect":0}]},{"id":"6225","description":"سازنده پیش‌ فرض چه نوعی از سازنده است؟","answers":[{"id":"23793","description":"سازنده‌ای است که به طور پیش فرض در کلاس باشد","iscorrect":0},{"id":"23794","description":"سازنده‌ای که برای ورودی‌های خود مقدار پیش‌ فرض دارد","iscorrect":1},{"id":"23795","description":"سازنده پیش‌ فرض","iscorrect":0}]}]}]},{"name":"درس پنجم- مخرب (Destructor)","id":"856","contentorder":"10","lesson_number":5,"type":0,"filename":"lesson856.html"},{"name":"مخرب (Destructor)","id":"1456","contentorder":"11","type":1,"set":[{"score":"60","questions":[{"id":"6226","description":"اگر .... را نقطه شروع در زمان ساخت یک شئ بدانیم، .... نقطه پایان کار یک شئ است.","answers":[{"id":"23796","description":"سازنده، مخرب","iscorrect":1},{"id":"23797","description":"مخرب، سازنده","iscorrect":0},{"id":"23798","description":"سازنده، کلاس","iscorrect":0}]},{"id":"6227","description":"فراخوانی مخرب چطور انجام می‌شود؟","answers":[{"id":"23799","description":"زمانی که شما شئ را از طریق (unset($obj از بین می‌برید و زمانی که کدهای یک برگه پی‌اچ‌پی تمام می‌شوند.","iscorrect":1},{"id":"23800","description":"زمانی که شئ ساخته می‌شود.","iscorrect":0},{"id":"23801","description":"زمانی که کلاس تعریف می‌شود.","iscorrect":0}]},{"id":"6228","description":"مخرب چگونه تعریف می‌شود؟","answers":[{"id":"23802","description":"function destruct","iscorrect":0},{"id":"23803","description":"function __destruct","iscorrect":1},{"id":"23804","description":"destructـ","iscorrect":0}]}]},{"score":"60","questions":[{"id":"6229","description":"یکی از فرق‌های سازنده و مخرب در چیست؟","answers":[{"id":"23805","description":"فرقی با هم ندارند","iscorrect":0},{"id":"23806","description":"مخرب هیچ مقداری را به عنوان ورودی نمی‌گیرد","iscorrect":1},{"id":"23807","description":"سزنده هیچ مقداری را به عنوان ورودی ندارد","iscorrect":0}]},{"id":"6230","description":"اگر از عمل()unset استفاده نکنیم چه اتفاقی رخ می‌دهد؟","answers":[{"id":"23808","description":"شئ همیشه مقدار دارد","iscorrect":0},{"id":"23809","description":"شئ مقدارش را به کلاس می‌دهد","iscorrect":0},{"id":"23810","description":"در پایان برگه پی‌اچ‌پی شئ را از بین می‌برد و حافظه آزاد می‌شود","iscorrect":1}]},{"id":"6231","description":"منظور از پاک کردن شئ چیست؟","answers":[{"id":"23811","description":"منظور آزادسازی فضای حافظه اشغال شده توسط شئ است","iscorrect":1},{"id":"23812","description":"از بین بردن شئ برای همیشه","iscorrect":0},{"id":"23813","description":"جانشینی کلاس بر روی شئ","iscorrect":0}]}]}]},{"name":"درس ششم- وراثت (Inheritance)","id":"857","contentorder":"12","lesson_number":6,"type":0,"filename":"lesson857.html"},{"name":"وراثت (Inheritance)","id":"1458","contentorder":"13","type":1,"set":[{"score":"60","questions":[{"id":"6232","description":"وراثت چیست؟","answers":[{"id":"23814","description":"وراثت یک مفهومی است که در زبان‌های برنامه نویسی اجازه می‌دهد که قابلیت‌های یک کلاس به کلاس دیگر گسترش پیدا کند","iscorrect":1},{"id":"23815","description":"نوعی کلاس است که نمونه‌های زیادی از آن ساخته شده است","iscorrect":0},{"id":"23816","description":"نخستین شئ‌ای که از یک کلاس ساخته می‌شود","iscorrect":0}]},{"id":"6233","description":"کاربرد وراثت چیست؟","answers":[{"id":"23817","description":"انتقال شئ‌ها از یک کلاس به کلاس‌های بالاتر","iscorrect":0},{"id":"23818","description":"برای انتقال قابلیت‌های یک کلاس به کلاس دیگر","iscorrect":1},{"id":"23819","description":"حذف کلاس‌های خراب شده","iscorrect":0}]},{"id":"6234","description":"به کلاسی که ارث می‌دهد ... و به کلاسی که ارث می‌برد ... می‌گوییم.","answers":[{"id":"23820","description":"والد، فرزند","iscorrect":1},{"id":"23821","description":"فرزند، والد","iscorrect":0},{"id":"23822","description":"پدر، والد","iscorrect":0}]}]},{"score":"60","questions":[{"id":"6235","description":"واژه‌ای که برای وراثت کاربرد دارد ... است.","answers":[{"id":"23823","description":"classchild","iscorrect":0},{"id":"23824","description":"parent","iscorrect":0},{"id":"23825","description":"extends","iscorrect":1}]},{"id":"6236","description":"وراثت تا به چند کلاس ادامه پیدا می‌کند؟","answers":[{"id":"23826","description":"وراثت بدون محدودیت می‌تواند ادامه یابد","iscorrect":1},{"id":"23827","description":"فقط تا کلاس دوم","iscorrect":0},{"id":"23828","description":"تا به کلاس دهم","iscorrect":0}]},{"id":"6237","description":"شیوه تعریف کردن وراثت در کلاس‌ها چگونه است؟","answers":[{"id":"23829","description":"class نام کلاس فرزند extends نام کلاس والد","iscorrect":0},{"id":"23830","description":"نام کلاس والد extends نام کلاس فرزند calss","iscorrect":1},{"id":"23831","description":"نام کلاس فرزند extends نام کلاس والد","iscorrect":0}]}]}]},{"name":"درس هفتم- ارث‌بری عمل‌های سازنده و مخرب، بازنویسی عمل‌ها، چندریختی","id":"858","contentorder":"14","lesson_number":7,"type":0,"filename":"lesson858.html"},{"name":"ارث‌بری عمل‌های سازنده و مخرب، بازنویسی عمل‌ها، چندریختی","id":"1460","contentorder":"15","type":1,"set":[{"score":"60","questions":[{"id":"6238","description":"کدام گزینه درست است؟","answers":[{"id":"23832","description":"پی‌اچ‌پی به عنوان یک قانون همیشه عمل‌های کلاسی که از آن شئ‌ای ساخته شده است را فراخوانی می‌کند","iscorrect":1},{"id":"23833","description":"پی‌اچ‌پی هرگز عمل‌های کلاسی که از آن شئ‌ای ساخته شده است را فراخوانی نمی‌کند","iscorrect":0},{"id":"23834","description":"فراخوانی یک شئ به تعداد ورودی‌های آن بستگی دارد. هر چه ورودی بیشتر باشد احتمال فراخوانی آن بیشتر است","iscorrect":0}]},{"id":"6239","description":"اگر کلاسی که از کلاس دیگری ارث‌بری کند هم دارای سازنده باشد، آنگاه آن کلاس چند سازنده دارد و چند سازنده را می‌تواند فراخوانی کند؟","answers":[{"id":"23835","description":"دو سازنده و هر دو در زمان ساختن شئ فراخوانی می‌شوند","iscorrect":0},{"id":"23836","description":"دو سازنده دارد زیرا یکی در درون خودش تعریف شده و یکی را هم بخاطر خاصیت وراثت از کلاس والد به ارث برده است. اما فقط سازنده خود کلاس فرزند فراخوانی می‌شود و کارایی دارد","iscorrect":1},{"id":"23837","description":"سه، اما فقط یکی فراخوانی می‌شود\n\n","iscorrect":0}]},{"id":"6240","description":"امضای تابع یا عمل چیست؟","answers":[{"id":"23838","description":"ترکیب نام تابع و ورودی‌هایش به همراه ویژگی‌های درون آن","iscorrect":0},{"id":"23839","description":"ترکیب نام تابع و ورودی‌هایش به ویژه تعداد ورودی‌ها (ارگومان‌ها)","iscorrect":1},{"id":"23840","description":"ترکیب نام تابع و ورودی‌هایش به همراه عمل‌های تعریف شده در تابع","iscorrect":0}]}]},{"score":"60","questions":[{"id":"6241","description":"بازنویسی یک عمل یعنی چه؟","answers":[{"id":"23841","description":"یعنی اینکه همان عمل که در کلاس فرزند تعریف شده را در کلاس والد هم تعریف کنیم","iscorrect":0},{"id":"23842","description":"یعنی دوبار نوشتن یک عمل در یک کلاس","iscorrect":0},{"id":"23843","description":"بازنویسی وقتی اتفاق می‌افتد که یک عمل که در کلاس والد تعریف شده را دوباره در کلاس فرزند هم تعریف کنیم","iscorrect":1}]},{"id":"6242","description":"برای بازنویسی یک عمل چه قانونی باید رعایت شود؟","answers":[{"id":"23844","description":"قانون سوم پی‌اچ‌پی و برنامه‌نویسی شئ‌گرا","iscorrect":0},{"id":"23845","description":"برای بازنویسی یک عمل در کلاس فرزند باید آن را با امضای یکسان و همانند عمل کلاس والد تعریف کنیم","iscorrect":1},{"id":"23846","description":"باید تمام ورودی‌ها و رفتارهای عمل با عمل کلاس پدر یکسان باشند","iscorrect":0}]},{"id":"6243","description":"کدام گزینه درست نیست؟","answers":[{"id":"23847","description":"وقتی فراخوانی یک عمل یکسان بتواند خروجی‌های غیر یکسان تولید کند، چندریختی اتفاق افتاده است","iscorrect":0},{"id":"23848","description":"اگر بخواهیم رفتار (عملکرد) \"عملی\" که از کلاس والد به ارث برده را در کلاس فرزند تغییر دهیم از بازنویسی عمل استفاده می‌کنیم","iscorrect":0},{"id":"23849","description":"بازنویسی و چندریختی ترکیبی از کلاس‌های والد هستند که در کلاس مادر وجود دارند","iscorrect":1}]}]}]},{"name":"درس هشتم- معرفی‌کننده منطقه دسترسی","id":"859","contentorder":"16","lesson_number":8,"type":0,"filename":"lesson859.html"},{"name":"معرفی‌کننده منطقه دسترسی","id":"1462","contentorder":"17","type":1,"set":[{"score":"60","questions":[{"id":"6244","description":"معرفی‌کننده‌های پی‌اچ‌پی کدامند؟","answers":[{"id":"23850","description":"عمومی، خصوصی، آزاد","iscorrect":0},{"id":"23851","description":"عمومی، یگانه، خصوصی","iscorrect":0},{"id":"23852","description":"عمومی، محافظت‌شده، خصوصی","iscorrect":1}]},{"id":"6245","description":"وظیفه معرفی‌کننده‌ها چیست؟","answers":[{"id":"23853","description":"سطح نمایانی ویژگی‌ها و عمل‌های یک کلاس را تعیین می‌کنند","iscorrect":1},{"id":"23854","description":"کلاس‌های والد و فرزند را پاک می‌کنند","iscorrect":0},{"id":"23855","description":"رابطه بین کلاس‌های والد و مادر را بسط می‌دهند","iscorrect":0}]},{"id":"6246","description":"این معرفی‌کننده منطقه عمل و دسترسی به قابلیت‌ها را در داخل و خارج کلاس تعیین می‌کند.","answers":[{"id":"23856","description":"عمومی","iscorrect":1},{"id":"23857","description":"محافظت‌شده","iscorrect":0},{"id":"23858","description":"خصوصی","iscorrect":0}]}]},{"score":"60","questions":[{"id":"6249","description":"معرفی‌کننده منطقه عمل و دسترسی به قابلیت‌ها را تنها در داخل کلاسی که در آن تعریف شده اند، مشخص می‌کند.","answers":[{"id":"23862","description":"عمومی","iscorrect":0},{"id":"23863","description":"خصوصی","iscorrect":1},{"id":"23864","description":"محافظت‌شده","iscorrect":0}]},{"id":"6250","description":"معرفی‌کننده منطقه عمل و دسترسی به قابلیت‌ها را در داخل کلاسی که در آن تعریف شده، کلاس والد و کلاسی که وراثت برده تعیین می‌کند.","answers":[{"id":"23865","description":"خصوصی","iscorrect":0},{"id":"23866","description":"عمومی","iscorrect":0},{"id":"23867","description":"محافظت‌شده","iscorrect":1}]},{"id":"6251","description":"اگر برای عمل‌ها معرفی‌کننده نگذارید، آن عمل بطور خودکار بصورت .... تعیین می‌شود.","answers":[{"id":"23868","description":"عمومی","iscorrect":1},{"id":"23869","description":"خصوصی","iscorrect":0},{"id":"23870","description":"محافظت‌شده","iscorrect":0}]}]}]},{"name":"درس نهم- عملگر رفع منطقه دسترسی و ساختن اعضای ایستا","id":"860","contentorder":"18","lesson_number":9,"type":0,"filename":"lesson860.html"},{"name":"عملگر رفع منطقه دسترسی و ساختن اعضای ایستا","id":"1466","contentorder":"20","type":1,"set":[{"score":"60","questions":[{"id":"6253","description":"مورد استفاده علامت یا عملگر (<-) چیست؟","answers":[{"id":"23871","description":"توسط یک شئ برای دسترسی به اعضای کلاسی که از آن ساخته شده استفاده می‌شود","iscorrect":1},{"id":"23872","description":"توسط کلاس برای دسترسی به ویژگی‌های کلاس دیگر همراه فراخوانی عمل‌های آن استفاده می‌شود","iscorrect":0},{"id":"23873","description":"ارتباط کلاس با کلاس دیگر را قطع می‌کند و باعث آزاد سازی حافظه می‌شود","iscorrect":0}]},{"id":"6254","description":"وظیفه عملگر :: چیست؟","answers":[{"id":"23874","description":"برای دسترسی شئ به ویژگی‌های کلاس مادر و فراخوانی عمل‌های آن بدون ساختن شئ","iscorrect":0},{"id":"23875","description":"این عملگر برای دسترسی کلاس به اعضای خودش بدون نیاز به ساختن یک شئ استفاده می‌شود","iscorrect":1},{"id":"23876","description":"برای پاک کردن شئ باید حتما از این عملگر استفاده شود","iscorrect":0}]},{"id":"6255","description":"کدام گزینه درست است؟","answers":[{"id":"23877","description":"وقتی از درون یک کلاس می‌خواهیم بدون ساختن شئ به اعضای آن دسترسی داشته باشیم کافی است که از واژه کلیدی self استفاده کنیم","iscorrect":1},{"id":"23878","description":"وقتی از درون یک کلاس می‌خواهیم بدون ساختن شئ به اعضای آن دسترسی داشته باشیم کافی است که از واژه کلیدی sef استفاده کنیم","iscorrect":0},{"id":"23879","description":"وقتی از درون یک کلاس می‌خواهیم بدون ساختن شئ به اعضای آن دسترسی داشته باشیم کافی است که از واژه کلیدی elf استفاده کنیم","iscorrect":0}]}]},{"score":"60","questions":[{"id":"6289","description":"کدام گزینه درست نیست؟","answers":[{"id":"23979","description":"برای دسترسی به اعضای یک کلاس والد از داخل کلاس فرزند از واژه کلیدی parent استفاده می‌کنیم","iscorrect":0},{"id":"23980","description":"برای دسترسی به اعضای یک کلاس والد از داخل کلاس فرزند از واژه کلیدی parents استفاده می‌کنیم","iscorrect":1},{"id":"23981","description":"وقتی از درون یک کلاس می‌خواهیم بدون ساختن شئ به اعضای آن دسترسی داشته باشیم کافی است که از واژه کلیدی self استفاده کنیم","iscorrect":0}]},{"id":"6290","description":"گزینه درست را انتخاب کنید.","answers":[{"id":"23982","description":"برای تعریف کردن یک ویژگی ایستا از واژه کلیدی static پیش از نام ویژگی استفاده می‌کنیم","iscorrect":1},{"id":"23983","description":"برای تعریف کردن یک ویژگی ایستا از واژه کلیدی static پیش از نام ویژگی استفاده می‌کنیم","iscorrect":0},{"id":"23984","description":"برای تعریف کردن یک ویژگی ایستا از واژه کلیدی statics پیش از نام ویژگی استفاده می‌کنیم","iscorrect":0}]},{"id":"6291","description":"فرق ویژگی ایستا نسبت به ویژگی معمول در چیست؟","answers":[{"id":"23985","description":"نمی‌توانیم در داخل کلاس این ویژگی‌ها را با واژه کلیدی \"this$\" به کار ببریم بلکه باید آنها را حتما با واژه کلیدی \"self\" به کار گیریم","iscorrect":1},{"id":"23986","description":"نمی‌توانیم در داخل کلاس این ویژگی‌ها را با واژه کلیدی \"this$\" به کار ببریم بلکه باید آنها را حتما با واژه کلیدی \"slf\" به کار گیریم","iscorrect":0},{"id":"23987","description":"این ویژگی‌ها به مراتب حافظه بیشتری نسبت به ویژگی‌های معمول اشغال می‌کنند و تنها از راه شئ ساختن قابل دسترسی هستند","iscorrect":0}]}]}]},{"name":"درس دهم- کلاس‌ها و عمل‌های انتزاعی","id":"861","contentorder":"21","lesson_number":10,"type":0,"filename":"lesson861.html"},{"name":"کلاس‌ها و عمل‌های انتزاعی","id":"1467","contentorder":"22","type":1,"set":[{"score":"60","questions":[{"id":"6256","description":"کلاس انتزاعی چیست؟","answers":[{"id":"23880","description":"کلاسی برای ساختن الگو و گسترش و تعیین رفتار دیگر کلاس‌ها که قرار نیست از آن شئ ای ساخته شود","iscorrect":1},{"id":"23881","description":"نوعی کلاس که می‌تواند بی نهایت شئ عملگرا بسازد","iscorrect":0},{"id":"23882","description":"کلاسی برای انتشار ویژگی‌ها و عمل‌ها در میان کلاس‌های پدر و فرزند","iscorrect":0}]},{"id":"6257","description":"دلیل تعریف کردن کلاس انتزاعی چیست؟","answers":[{"id":"23883","description":"دلیل آن ساختن شئ‌هایی است که بتوانند انواع داده‌های اعشاری را در کنار یکدیگر جمع کنند","iscorrect":0},{"id":"23884","description":"برای توسعه وب و افزایش سرعت بالا آمدن سیستم طراحی شده","iscorrect":0},{"id":"23885","description":"کلاس انتزاعی برای این تعریف می‌شود که توسط کلاس‌های دیگر مشتق گرفته شود و عملکرد کلاس‌های فرزند را گسترش داده و سپس از آن کلاس‌های فرزند نمونه‌ای از شئ ساخته شود.","iscorrect":1}]},{"id":"6258","description":"کدام گزینه درست است؟","answers":[{"id":"23886","description":"کلاس‌های انتزاعی شئ‌های بهتر و بزرگتری می‌سازند","iscorrect":0},{"id":"23887","description":"اگر تلاش کنید از کلاس‌هایی که بصورت انتزاعی تعریف شده اند شئ ای بسازید، سیستم به شما خطا می‌دهد","iscorrect":1},{"id":"23888","description":"کلاس‌های انتزاعی بهترین راه برای ساختن شئ‌های هم ردیف هستند","iscorrect":0}]}]},{"score":"60","questions":[{"id":"6259","description":"برای تعریف کردن کلاس انتزاعی از ... استفاده می‌کنیم.","answers":[{"id":"23889","description":"abstract","iscorrect":1},{"id":"23890","description":"this","iscorrect":0},{"id":"23891","description":"that","iscorrect":0}]},{"id":"6260","description":"کدام گزینه درست نیست؟","answers":[{"id":"23892","description":"همه‌ی عمل‌ها در یک واسط باید معرفی‌کننده عمومی‌(‌public) نوشته شوند","iscorrect":0},{"id":"23893","description":"در واسط ما مجازیم فقط عمل تعریف کنیم و نمی‌توانیم ویژگی در آن قرار دهیم","iscorrect":0},{"id":"23894","description":"برای ارتباط دادن یک کلاس با واسط از واژه کلیدی عملگر (implments) استفاده می‌کنیم","iscorrect":1}]},{"id":"6261","description":"برای تعریف کردن واسط‌ها از ... استفاده می‌کنیم.","answers":[{"id":"23895","description":"abstract","iscorrect":0},{"id":"23896","description":"interface","iscorrect":1},{"id":"23897","description":"statics","iscorrect":0}]}]}]},{"name":"آزمون نهایی دوره PHP پیشرفته","id":"1469","contentorder":"23","type":1,"set":[{"score":"60","questions":[{"id":"6263","description":"کدام گزینه درست است؟","answers":[{"id":"23898","description":"شئ‌گرایی ابزار و یا خصوصیت خاص یک زبان برنامه نویسی نیست، بلکه شیوه نوینی است که در آن می‌توان قطعه کدهایی را ایجاد و در برنامه‌های مختلف مورد استفاده قرار داد","iscorrect":1},{"id":"23899","description":"شئ‌گرایی ابزار و یا خصوصیت خاص زبان برنامه‌نویسی جاوا اسکریپت است","iscorrect":0},{"id":"23900","description":"شئ‌گرایی شیوه نوینی نیست","iscorrect":0}]},{"id":"6264","description":"تعریف برنامه نویسی شئ‌گرا چیست؟","answers":[{"id":"23901","description":"نوعی برنامه‌نویسی که در آن توابع تمام کارها را انجام می‌دهند","iscorrect":0},{"id":"23902","description":"یک شیوه برنامه‌نویسی است که ساختار اصلی آن شئ‌ها هستند","iscorrect":1},{"id":"23903","description":"نوع قدیمی‌برنامه نویسی الگو محور","iscorrect":0}]},{"id":"6265","description":"کدام موارد از مفاهیم شئ‌گرایی پی‌اچ‌پی هستند؟","answers":[{"id":"23904","description":"کلاس، شئ و سرایند","iscorrect":0},{"id":"23905","description":"کلاس، چندریختی، شئ و روال","iscorrect":0},{"id":"23906","description":"کلاس، شئ، وراثت، چندریختی و واسط","iscorrect":1}]},{"id":"6266","description":"کلاس در برنامه نوسی شئ‌گرایی چیست؟","answers":[{"id":"23907","description":"نوعی متد که دستورهای سیستم را تکرار می‌کند","iscorrect":0},{"id":"23908","description":"کلاس از مفاهیم شئ‌گرایی نیست","iscorrect":0},{"id":"23909","description":"طرح و نقشه ابتدایی برای ساخت یک شئ","iscorrect":1}]},{"id":"6267","description":"کدام گزینه درست است؟","answers":[{"id":"23910","description":"شئ نمونه‌ای ساخته شده از یک شئ مادر است","iscorrect":0},{"id":"23911","description":"وراثت توانایی انتقال قابلیت‌ها از یک کلاس به کلاس دیگر است","iscorrect":1},{"id":"23912","description":"کلاس‌ها توسط شئ‌ها ارث‌بری می‌کنند","iscorrect":0}]},{"id":"6268","description":"کپسوله سازی چیست؟","answers":[{"id":"23913","description":"حفاظت از اطلاعات داخلی یک شئ برای جلوگیری از دسترسی دیگران","iscorrect":1},{"id":"23914","description":"نخستین عمل که در هر کلاس نوشته می‌شود","iscorrect":0},{"id":"23915","description":"کلاس مادر همه‌ی کلاس‌ها","iscorrect":0}]},{"id":"6269","description":"معادل ویژگی‌ها و عمل‌ها در شیوه برنامه‌نویسی روال‌گونه چیست؟","answers":[{"id":"23916","description":"معادل ویژگی‌ها متغییرها، و معادل عمل‌ها (متدها) توابع هستند","iscorrect":1},{"id":"23917","description":"معادل ویژگی‌ها متدها، و معادل عمل‌ها توابع هستند","iscorrect":0},{"id":"23918","description":"معادل ویژگی‌ها متغییرها، و معادل عمل‌ها متدها هستند","iscorrect":0}]},{"id":"6270","description":"به ویژگی‌ها و عمل‌های یک کلاس ...","answers":[{"id":"23919","description":"توابع می‌گویند.","iscorrect":0},{"id":"23920","description":"اعضا می‌گویند.","iscorrect":1},{"id":"23921","description":"متد می‌گویند.","iscorrect":0}]},{"id":"6271","description":"شیوه کار در برنامه‌نویسی شئ‌گرا چیست؟","answers":[{"id":"23922","description":"ابتدا شئ را می‌سازیم بعد کلاس را","iscorrect":0},{"id":"23923","description":"برنامه‌نویسی شئ‌گرا به دو قدم نیاز دارد. اول تعریف کردن کلاس و دوم ساخت یک شئ از آن کلاس","iscorrect":1},{"id":"23924","description":"کلاس‌ها را از طریق شئ تعریف می‌کنیم","iscorrect":0}]},{"id":"6272","description":"نحوه درست ساختن یک شئ چگونه است؟","answers":[{"id":"23925","description":"$object = new car()","iscorrect":1},{"id":"23926","description":"$object = car()","iscorrect":0},{"id":"23927","description":"$object = new $car()","iscorrect":0}]}]},{"score":"60","questions":[{"id":"6273","description":"واژه this$ چیست و چه کاربردی دارد؟","answers":[{"id":"23928","description":"this$ یک خاصیت است که قابلیتی را به برنامه‌نویس می‌دهد تا بتواند از ویژگی‌های (متغیرهای) تعریف شده کلاس در داخل همان کلاس استفاده کند","iscorrect":1},{"id":"23929","description":"یک متغیر برای نگهداری داده های کلاس است","iscorrect":0},{"id":"23930","description":"بزرگ‌ترین شئ در کلاس است","iscorrect":0}]},{"id":"6274","description":"کدام گزینه درست نیست؟","answers":[{"id":"23931","description":"داده‌ای که در یک ویژگی قرار می‌گیرد باید یک مقدار ثابت باشد","iscorrect":0},{"id":"23932","description":"از نتیجه یک عبارت دیگر نمی‌توان در زمان تعریف یک ویژگی استفاده کرد","iscorrect":0},{"id":"23933","description":"در زمان تعریف کردن یک ویژگی باید به آن مقدار اختصاص داد","iscorrect":1}]},{"id":"6275","description":"برای پاک کردن شئ از چه دستوری استفاده می‌کنیم؟","answers":[{"id":"23934","description":"unset()","iscorrect":1},{"id":"23935","description":"$this->width","iscorrect":0},{"id":"23936","description":"$this>>width","iscorrect":0}]},{"id":"6276","description":"سازنده چیست؟","answers":[{"id":"23937","description":"سازنده نوعی خاص از ویژگی‌های کلاس است","iscorrect":0},{"id":"23938","description":"سازنده نوع ویژه‌ای از عمل‌هاست که در زمان ساختن شئ بطور خودکار فراخوانی و اجرا می‌شود","iscorrect":1},{"id":"23939","description":"سازنده نوعی عمل است که باید حتما ورودی داشته باشد","iscorrect":0}]},{"id":"6277","description":"یک سازنده چطور تعریف می‌شود؟","answers":[{"id":"23940","description":"function _ _construct ($w = 0, $h = 0)","iscorrect":1},{"id":"23941","description":"function construct ($w = 0, $h = 0)","iscorrect":0},{"id":"23942","description":"function construct ()","iscorrect":0}]},{"id":"6278","description":"سازنده پیش فرض چه نوع سازنده‌ای است؟","answers":[{"id":"23943","description":"سازنده‌ای است که بطور پیش فرض در کلاس باشد","iscorrect":0},{"id":"23948","description":"سازنده پیش‌فرض","iscorrect":0},{"id":"23947","description":"سازنده‌ای که برای ورودی‌های خود مقدار پیش فرض دارد","iscorrect":1}]},{"id":"6279","description":"اگر .... را نقطه شروع در زمان ساخت یک شئ بدانیم، .... نقطه پایان کار یک شئ است.","answers":[{"id":"23949","description":"سازنده، مخرب","iscorrect":1},{"id":"23950","description":"مخرب، سازنده","iscorrect":0},{"id":"23951","description":"سازنده، کلاس","iscorrect":0}]},{"id":"6280","description":"اگر از عمل ()unset استفاده نکینم چه اتفاقی رخ می‌دهد؟","answers":[{"id":"23952","description":"شئ همیشه مقدار دارد","iscorrect":0},{"id":"23953","description":"شئ مقدارش را به کلاس می‌دهد","iscorrect":0},{"id":"23954","description":"در پایان برگه پی‌اچ‌پی شئ را از بین می‌برد و حافظه آزاد می‌شود","iscorrect":1}]},{"id":"6281","description":"وارثت چیست؟","answers":[{"id":"23955","description":"وراثت مفهومی است که در زبان‌های برنامه‌نویسی اجازه می‌دهد که قابلیت‌های یک کلاس به کلاس دیگر گسترش پیدا کند","iscorrect":1},{"id":"23956","description":"نوعی کلاس است که نمونه های زیادی از آن ساخته شده است","iscorrect":0},{"id":"23957","description":"نخستین شئئ‌ای است که از یک کلاس ساخته می‌شود","iscorrect":0}]},{"id":"6282","description":"کدام گزینه درست است؟","answers":[{"id":"23958","description":"پی‌اچ‌پی به عنوان یک قانون همیشه عمل های کلاسی که از آن شئ ای ساخته شده است را فراخوانی می‌کند","iscorrect":1},{"id":"23959","description":"پی‌اچ‌پی هرگز عمل های کلاسی که از آن شئ ای ساخته شده است را فراخوانی نمی‌کند","iscorrect":0},{"id":"23960","description":"فراخوانی یک شئ به تعداد ورودی های آن بستگی دارد. هر چه ورودی بیشتر باشد احتمال فراخوانی آن بیشتر است","iscorrect":0}]}]}]}]}