{"courseId":"53","contents":[{"name":"مقدمه- خشمم تو مشتمه","id":"399","contentorder":"1","lesson_number":1,"type":0,"filename":"lesson399.html"},{"name":"درس اول- از خشم چی می دونیم؟","id":"400","contentorder":"2","lesson_number":2,"type":0,"filename":"lesson400.html"},{"name":"از خشم چی می دونیم؟","id":"702","contentorder":"3","type":1,"set":[{"score":"50","questions":[{"id":"2503","description":"کدامیک از گزینه های زیر در مورد خشم صحیح نیست؟","answers":[{"id":"9539","description":"خشم حسی طبیعی است.","iscorrect":0},{"id":"9540","description":"خشم حسی است که در صورت کنترل صحیح می تواند مثبت هم باشد.","iscorrect":0},{"id":"9541","description":"خشم حسی غیرقابل کنترل است.","iscorrect":1},{"id":"9542","description":"خشم بخشی از مکانسیم تدافعی مغز است.","iscorrect":0}]},{"id":"2504","description":"عبارت: «گاهی عکس العمل های ناشی از خشم و عصبانیت تحت تاثیر خاطرات و تجربه های گذشته ما هستند.»","answers":[{"id":"9543","description":"صحیح است.","iscorrect":1},{"id":"9544","description":"غلط است.","iscorrect":0}]},{"id":"2505","description":"کدامیک یک از موارد زیر می تواند مثال صحیحی برای جنبه مثبت خشم باشد؟","answers":[{"id":"9545","description":"خیریه هایی که در جامعه اطراف ما تشکیل می شوند.","iscorrect":0},{"id":"9546","description":"انتقال خشم و عصبانیت خود به دیگران","iscorrect":0},{"id":"9547","description":"مثال «مادران مخالف رانندگی در مستی» در آمریکا","iscorrect":1},{"id":"9548","description":"طفره رفتن از دوستی که همیشه سر قرار دیر می آید و باعث آزردگی ما می شود.","iscorrect":0}]},{"id":"2506","description":"کدامیک از موارد زیر می تواند دلیل مناسبی برای مدیریت خشم و عصبانیت در نوجوانان باشد؟","answers":[{"id":"9549","description":"هزینه هایی که ممکن است نوجوان مجبور شود بابت رفتار کنترل نشده اش بپردازد.","iscorrect":0},{"id":"9550","description":"سلامتی جسمی او که به مخاطره می افتد.","iscorrect":0},{"id":"9551","description":"انسان این توانایی را دارد که بر رفتار خود مدیریت و کنترل داشته باشد.","iscorrect":0},{"id":"9552","description":"همه گزینه ها صحیح است.","iscorrect":1}]}]},{"score":"50","questions":[{"id":"2511","description":"کدام یک از گزینه های زیر صحیح است؟","answers":[{"id":"9565","description":"انسان تنها موجودی است که قادر است اعمال خود را کنترل کند.","iscorrect":0},{"id":"9566","description":"افکار و احساسات ما به هم مرتبط اند و به تبع آن رفتارمان با آنها در ارتباط است. پس تغییر در هریک از آنها میتواند آن دیگری را تحت تاثیر قرار دهد.","iscorrect":0},{"id":"9567","description":"در بیشتر موارد ما حتی متوجه نمیشویم کی خشمگین شده ایم.","iscorrect":0},{"id":"9568","description":"کلیه موارد صحیح هستند.","iscorrect":1}]},{"id":"2512","description":"خشم یکی از حسهای طبیعی انسان است٬ بنابراین نیازی به کنترل آن نیست. این عبارت:","answers":[{"id":"9569","description":"صحیح است.","iscorrect":0},{"id":"9570","description":"غلط است.","iscorrect":1}]},{"id":"2513","description":"افرادی که به صورت موودی عصبی هستند و رفتارشان همراه با خشم است بیشتر ممکن است عکس العمل شدید عصبی بروز دهند. این جمله:","answers":[{"id":"9571","description":"صحیح است.","iscorrect":1},{"id":"9572","description":"غلط است.","iscorrect":0}]},{"id":"2514","description":"وقتی شما احساس ناراحتی تان را از همیشه دیر آمدن دوست تان را به زبان می آورید٬ در حقیقت:","answers":[{"id":"9573","description":"با این کار غیر مستقیم به او میگویید که دیگر نمیخواهید او را ببینید.","iscorrect":0},{"id":"9574","description":"عکس العمل ناشی از خشم خود را مدیریت کرده اید.","iscorrect":0},{"id":"9575","description":"از ناراحتی خود نتیجه مثبت ساخته اید.","iscorrect":0},{"id":"9576","description":"گزینه دوم و سوم.","iscorrect":1}]}]}]},{"name":"درس دوم- شگرد اول: مقابله با استرس (فشار عصبی)","id":"401","contentorder":"4","lesson_number":3,"type":0,"filename":"lesson401.html"},{"name":"شگرد اول: مقابله با استرس (با فشار عصبی)","id":"705","contentorder":"5","type":1,"set":[{"score":"50","questions":[{"id":"2515","description":"کدام یک از گزینه های زیر در مورد خشم و استرس درست است?","answers":[{"id":"9577","description":"بعضی استرسها مفید هستند و باعث میشوند کارها پیش بروند.","iscorrect":0},{"id":"9578","description":"استرس میتواند محرک خشم و رفتارهای ناشی از آن باشد.","iscorrect":0},{"id":"9579","description":"قبل از این که استرس به رفتارهای خارج از کنترل عصبی بینجامد٬ باید آن را مدیریت کرد.","iscorrect":0},{"id":"9580","description":"همه گزینه ها صحیح هستند.","iscorrect":1}]},{"id":"2516","description":"استفاده از مسکنهای طبیعی در پایین آوردن سطح استرس موثر است. این عبارت:","answers":[{"id":"9581","description":"صحیح است.","iscorrect":0},{"id":"9582","description":"غلط است.","iscorrect":1}]},{"id":"2517","description":"کدام یک از موارد زیر از ابزارهای کاهش استرس محسوب نمیشود؟","answers":[{"id":"9583","description":"فکر کردن به پیشینه رفتارهای عصبی و ناشی از خشم در گذشته.","iscorrect":1},{"id":"9584","description":"پیاده روی.","iscorrect":0},{"id":"9585","description":"خواب کافی.","iscorrect":0},{"id":"9586","description":"نوشتن.","iscorrect":0}]},{"id":"2518","description":"کدام یک از موارد زیر در مورد استرس صحیح نیست؟","answers":[{"id":"9587","description":"از استرس و محرکهای استرس زا باید دوری کرد.","iscorrect":0},{"id":"9588","description":"باید محرکهای استرس زا را کنترل کنیم.","iscorrect":0},{"id":"9589","description":"استرس الزاما و همیشه منفی نیست.","iscorrect":0},{"id":"9590","description":"گزینه اول و دوم.","iscorrect":1}]}]},{"score":"50","questions":[{"id":"2556","description":"در مورد خشم و استرس میتوان گفت:","answers":[{"id":"9713","description":"هر دو الزاما منفی نیستند.","iscorrect":0},{"id":"9714","description":"خشم و استرس میتوانند روی هم تاثیر بگذارند.","iscorrect":0},{"id":"9715","description":"مقابله درست با استرس یکی از راههای کنترل خشم است.","iscorrect":0},{"id":"9716","description":"همه موارد.","iscorrect":1}]},{"id":"2557","description":"با توجه به نامحدود بودن عوامل استرس زا در دنیای اطراف ما میتوان گفت:","answers":[{"id":"9717","description":"باید بیاموزیم این محرکها را کنترل کنیم.","iscorrect":0},{"id":"9718","description":"از این محرکها باید دوری کنیم.","iscorrect":0},{"id":"9719","description":"ما باید کنترل رفتار و نوع برخورد خودمان را مدیریت کنیم.","iscorrect":1},{"id":"9720","description":"هیچ کدام.","iscorrect":0}]},{"id":"2558","description":"کدام گزینه صحیح است.","answers":[{"id":"9721","description":"ورزش میتواند یکی از روشهای کنترل خشم باشد.","iscorrect":0},{"id":"9722","description":"هر چه میزان استرس بیشتر باشد٬ احتمال بروز رفتارهای عصبی بیشتر است.","iscorrect":0},{"id":"9723","description":"فکر کردن به رفتارهای عصبی گذشته مان به ما در مدیریت خشم کمک میکند.","iscorrect":0},{"id":"9724","description":"همه گزینه ها صحیح هستند.","iscorrect":1}]},{"id":"2559","description":"کدام یک از گزینه های زیر در مدیریت خشم به ما کمک می کند:","answers":[{"id":"9725","description":"فکر کردن به پیشینه خانوادگی و دوران کودکی.","iscorrect":0},{"id":"9726","description":"فکر کردن به مسئولیت رفتارهای ناشی از خشم خودمان.","iscorrect":0},{"id":"9727","description":"به رسمیت شناختن احساساتی که محرک اصلی خشم و عصبانیت هستند.","iscorrect":0},{"id":"9728","description":"گزینه دوم و سوم هر دو صحیح هستند.","iscorrect":1}]}]}]},{"name":"درس سوم- شگرد دوم: تقویت همدلی","id":"402","contentorder":"6","lesson_number":4,"type":0,"filename":"lesson402.html"},{"name":"شگرد دوم: تقویت همدلی","id":"708","contentorder":"7","type":1,"set":[{"score":"50","questions":[{"id":"2526","description":"در مورد ارتباط حس همدلی و خشم کدام گزینه صحیح است؟","answers":[{"id":"9618","description":"گزینه اول و دوم.","iscorrect":1},{"id":"9617","description":"همدلی در نوجوانان کمتر از بزرگسالان است.","iscorrect":0},{"id":"9616","description":"تقویت حس همدلی از ابزارهای کنترل خشم است.","iscorrect":0},{"id":"9615","description":"هر چه حس همدلی ما نسبت به دیگران بیشتر باشد٬ کمتر از دستشان عصبانی میشویم.","iscorrect":0}]},{"id":"2525","description":"افرادی که «ای- کیو» بالا دارند چه کسانی هستند؟","answers":[{"id":"9614","description":"افرادی که بهتر احساسات خود و دیگران را میشناسند.","iscorrect":1},{"id":"9613","description":"- آدمهایی که موفقترند.","iscorrect":0},{"id":"9611","description":"افرادی که باهوشترند.","iscorrect":0},{"id":"9612","description":"افرادی که احساسات خودشان را بهتر از دیگران میفهمند.","iscorrect":0}]},{"id":"2524","description":"«برای همدل بودن با دیگران لازم نیست با آنها موافق باشیم.» این عبارت در مورد همدلی:","answers":[{"id":"9609","description":"غلط است.","iscorrect":0},{"id":"9610","description":"صحیح است.","iscorrect":1}]},{"id":"2527","description":"کدام یک از گزینه های زیر از روشهای بالا بردن همدلی نیست؟","answers":[{"id":"9622","description":"هیچ کدام.","iscorrect":0},{"id":"9621","description":"پرهیز از قضاوت گوینده.","iscorrect":0},{"id":"9620","description":"گوشزد کردن این نکته که گوینده اشتباه میکند.","iscorrect":1},{"id":"9619","description":"درست گوش دادن به صحبتهای دیگران.","iscorrect":0}]}]},{"score":"50","questions":[{"id":"2560","description":"کدام یک از عبارهای زیر در مورد «حس همدلی» صحیحتر است:","answers":[{"id":"9729","description":"حس همدلی یک حس طبیعی است.","iscorrect":0},{"id":"9730","description":"آدمهایی که با دیگران حس همدلی ندارند مدام عصبانی میشوند.","iscorrect":0},{"id":"9731","description":"همدلی تجربه دنیا از دید یک فرد دیگر است.","iscorrect":1},{"id":"9732","description":"لازمه همدلی داشتن توافق با طرف مقابل است.","iscorrect":0}]},{"id":"2561","description":"کدام جمله در مورد دوره نوجوانی و حس همدلی صحیح نیست:","answers":[{"id":"9733","description":"نوجوانها به مسائل اطراف خود بی توجه هستند.","iscorrect":0},{"id":"9734","description":"بخشی از مغز که به همدلی مربوط میشود در نوجوانها ناقص است.","iscorrect":0},{"id":"9735","description":"همدلی یک رفتار بزرگسالانه است.","iscorrect":0},{"id":"9736","description":"همه موارد.","iscorrect":1}]},{"id":"2562","description":"«بخشی از مغز که مربوط به حس همدلی است، در نوجوانها در حال تکمیل شدن است.» این عبارت:","answers":[{"id":"9737","description":"صحیح است.","iscorrect":1},{"id":"9738","description":"غلط است.","iscorrect":0}]},{"id":"2563","description":"عبارت «علاوه بر رعایت اصل گوش دادن به حرفهای دیگران، به حرکات بدن، لحن صدا و نشانه های دیگر هم باید برای ایجاد حس همدلی دقت کرد.»","answers":[{"id":"9739","description":"غلط است.","iscorrect":0},{"id":"9740","description":"صحیح است.","iscorrect":1}]}]}]},{"name":"درس چهارم- شگرد سوم: جواب به جای عکس العمل","id":"403","contentorder":"8","lesson_number":5,"type":0,"filename":"lesson403.html"},{"name":"شگرد سوم: جواب به جای عکس العمل","id":"710","contentorder":"9","type":1,"set":[{"score":"50","questions":[{"id":"2532","description":"عبارت «بروز خشم در انسان حسی طبیعی است و این نحوه برخورد با این حس است که وجه مشخصه انسان است از سایر موجودات.»...","answers":[{"id":"9635","description":"صحیح است.","iscorrect":1},{"id":"9636","description":"غلط است.","iscorrect":0}]},{"id":"2533","description":"کدام یک از گزینه ها در مورد مثال ماشین اتوماتیک فروش نوشابه صحیح نیست.","answers":[{"id":"9637","description":"هر عملی نتیجه ای دارد.","iscorrect":1},{"id":"9638","description":"انسان با انتخاب رفتارش نشان میدهد که رفتارش غیرارادی نیست.","iscorrect":0},{"id":"9639","description":"اگر روی اعمال خود کنترل نداشته باشیم و فقط ناآگاهانه عکس العمل نشان دهیم، انگار دستگاه بی اراده ای هستیم.","iscorrect":0},{"id":"9640","description":"همه گزینه ها.","iscorrect":0}]},{"id":"2534","description":"کدام یک از روشهای زیر تمرینی است برای کمک به انتخاب پاسخ به خشم و نه عکس العمل نشان دادن.","answers":[{"id":"9641","description":"مثبت اندیشی.","iscorrect":0},{"id":"9642","description":"فکر کردن به راههای مختلف.","iscorrect":0},{"id":"9643","description":"تغییر عادات و جایگزینی عادتها و رفتارهای جدید.","iscorrect":0},{"id":"9644","description":"همه موارد.","iscorrect":1}]},{"id":"2535","description":"«رفیق خودمان باشیم و تمام چیزهایی را که در شرایط سخت به بهترین دوستمان توصیه میکنیم به خودمان هم توصیه کنیم.» در مورد این عبارت کدام گزینه صحیح است؟","answers":[{"id":"9645","description":"این روش سخت و غیر عملی است.","iscorrect":0},{"id":"9646","description":"این روش در کنترل خشم به ما کمک میکند.","iscorrect":0},{"id":"9647","description":"این راهی است برای پیدا کردن پاسخ و رفتار مناسب به شرایطی که ما را عصبانی کرده است.","iscorrect":0},{"id":"9648","description":"گزینه دوم و سوم.","iscorrect":1}]}]},{"score":"50","questions":[{"id":"2564","description":"کدام یک از گزینه ها صحیح است:","answers":[{"id":"9741","description":"انسان قادر نیست رفتار خود را در تمام شرایط کنترل کند.","iscorrect":0},{"id":"9742","description":"کنترل کردن رفتار انتخابی است.","iscorrect":0},{"id":"9743","description":"احساس عصبانیت حسی طبیعی است.","iscorrect":0},{"id":"9744","description":"کلیه گزینه ها صحیح است.","iscorrect":1}]},{"id":"2565","description":"عبارت «اراده و تصمیم ما در انتخاب رفتارمان در برابر خشم و عصبانیت به معنی پذیرفتن مسئولیت رفتار خودمان است.»","answers":[{"id":"9745","description":"غلط است.","iscorrect":0},{"id":"9746","description":"صحیح است.","iscorrect":1}]},{"id":"2566","description":"نوع نگاه ما به مسائل...","answers":[{"id":"9747","description":"میتواند به ما کمک کند خشممان را کنترل کنیم.","iscorrect":0},{"id":"9748","description":"برخورد ما را نسبت به اتفاقهای اطرافمان تعیین میکند.","iscorrect":0},{"id":"9749","description":"با تمرین و به کارگیری روشهایی میتواند تغییر کند.","iscorrect":0},{"id":"9750","description":"همه موارد.","iscorrect":1}]},{"id":"2567","description":"در مورد تجربه فرشید (در متن درس) عبارت: فرشید به رغم عادت و تجربه های گذشته اش در برخورد با موقعیتهایی که او را عصبی میکرد، تصمیم گرفت دیگر عصبانیت را کنار بگذارد.»...","answers":[{"id":"9751","description":"غلط است.","iscorrect":1},{"id":"9752","description":"صحیح است.","iscorrect":0}]}]}]},{"name":"درس پنجم- شگرد چهارم: گفت و گوی درونی","id":"404","contentorder":"10","lesson_number":6,"type":0,"filename":"lesson404.html"},{"name":"شگرد چهارم: گفت و گوی درونی","id":"711","contentorder":"11","type":1,"set":[{"score":"50","questions":[{"id":"2536","description":"کدام یک از گزینه های زیر در مورد مکالمه با خود صحیح نیست.","answers":[{"id":"9649","description":"تغییر دادن مکالمه های درونی ساده نیست.","iscorrect":0},{"id":"9650","description":"باید از مکالمه های درونی منفی پرهیز کرد.","iscorrect":1},{"id":"9651","description":"شناختن مکالمه هایی که با خود داریم ما را در کنترل احساساتمان کمک میکند.","iscorrect":0},{"id":"9652","description":"مکالمه های درونی منفی، در صورتی که واقعی نباشند، باید تغییر کنند.","iscorrect":0}]},{"id":"2537","description":"کدام یک از گزینه های زیر در مورد این عبارت صحیح است. «من به درد هیچ کاری نمیخورم.»","answers":[{"id":"9653","description":"با واقعیت منطبق نیست.","iscorrect":0},{"id":"9654","description":"یک مکالمه درونی منفی است.","iscorrect":0},{"id":"9655","description":"اعتماد به نفس ما را کم میکند.","iscorrect":0},{"id":"9656","description":"گزینه اول و دوم.","iscorrect":1}]},{"id":"2538","description":"پذیرفتن مسئولیت اعمال و رفتارهای خودمان اولین قدم کنترل خشم است. این عبارت:","answers":[{"id":"9657","description":"غلط است.","iscorrect":0},{"id":"9658","description":"صحیح است.","iscorrect":1}]},{"id":"2539","description":"هدف از تغییر مکالمه های دورنی:","answers":[{"id":"9659","description":"رسیدن به مکالمه های مثبت و منطبق با واقعیت است.","iscorrect":0},{"id":"9660","description":"کمک به کنترل احساسات و خشم است.","iscorrect":0},{"id":"9661","description":"در نظر گرفتن دلایل مختلف برای رفتار دیگران است.","iscorrect":0},{"id":"9662","description":"گزینه اول و دوم است.","iscorrect":1}]}]},{"score":"50","questions":[{"id":"2568","description":"اهمیت مکالمه درونی در بحث کنترل خشم چیست؟","answers":[{"id":"9753","description":"یکی از راههای کنترل خشم است.","iscorrect":0},{"id":"9754","description":"شناختن آن در کنترل خشم تاثیر دارد.","iscorrect":0},{"id":"9755","description":"مکالمه درونی در بi وجود آمدن و شدت گرفتن احساسات تاثیرگذار است.","iscorrect":0},{"id":"9756","description":"گزینه دوم و سوم.","iscorrect":1}]},{"id":"2569","description":"عبارت «مکالمه های درونی منفی ممکن است همیشه هم منطبق با واقعیت نباشند.»","answers":[{"id":"9757","description":"غلط است.","iscorrect":0},{"id":"9758","description":"صحیح است.","iscorrect":1}]},{"id":"2570","description":"در بیان تفاوت این دو مکالمه درونی کدام گزینه صحیحتر است: «خونواده ام مرتب اعصاب من رو خرد میکنن» و «من از دست کارهای خونواده ام عصبی میشم.»","answers":[{"id":"9759","description":"اولی منفی و دومی مثبت است.","iscorrect":0},{"id":"9760","description":"اولی نقش خانواده را نشان میدهد و دومی نقش فرد را.","iscorrect":0},{"id":"9761","description":"در جمله اول٬ فرد دیگران را در عصبانی شدن خود مقصر میداند و در دومی٬ فرد مسئولیت خود را قبول کرده.","iscorrect":1},{"id":"9762","description":"هر دو مکالمه ممکن است با واقعیت منطبق نباشند.","iscorrect":0}]},{"id":"2571","description":"«در یک موقعیتی که باعث عصبانیت ما شده، یک سری افکار ناخودآگاه به ذهن ما هجوم میاورد.» کدام یک از گزینه های زیر در این مورد صحیح نیست:","answers":[{"id":"9763","description":"این افکار باعث ایجاد احساساتی در ما میشوند.","iscorrect":0},{"id":"9764","description":"این افکار خود به خود ما را به سمت کنترل خشم و عصبانیت هدایت میکنند.","iscorrect":1},{"id":"9765","description":"ما میتوانیم تصمیم بگیریم به راههای دیگری فکر کنیم و در این افکار ناخودآگاه تجدید نظر کنیم.","iscorrect":0},{"id":"9766","description":"تجدیدنظر در افکارمان مکالمه درونی مان را تغییر میدهد.","iscorrect":0}]}]}]},{"name":"درس ششم- شگرد پنجم: جادوی مکالمه","id":"405","contentorder":"12","lesson_number":7,"type":0,"filename":"lesson405.html"},{"name":"شگرد پنجم: جادوی مکالمه","id":"712","contentorder":"13","type":1,"set":[{"score":"50","questions":[{"id":"2540","description":"کدام یک از گزینه های زیر در مورد مکالمه موثر صحیح است:","answers":[{"id":"9663","description":"هرکدام از ما روشهای خودمان را برای ارتباط با دیگران داریم.","iscorrect":0},{"id":"9664","description":"مکالمه موثر این است که یاد بگیریم چگونه احساسات خود را به درستی و روشنی به دیگران منتقل کنیم.","iscorrect":1},{"id":"9665","description":"استفاده از روشهای غیرمستقیم برای ابراز نارضایتی خود به دیگران هم میتواند موثر باشد.","iscorrect":0},{"id":"9666","description":"پرخاشگری ممکن است در بعضی موارد بهترین راه باشد.","iscorrect":0}]},{"id":"2541","description":"کدام یک از موارد زیر در ایجاد مکالمه موثر و سالم به ما کمک نمیکند.","answers":[{"id":"9667","description":"لجبازی.","iscorrect":0},{"id":"9668","description":"پرخاش.","iscorrect":0},{"id":"9669","description":"نادیده گرفتن و بی توجهی.","iscorrect":0},{"id":"9670","description":"همه موارد.","iscorrect":1}]},{"id":"2542","description":"«وقتی در اعتراض به رفتار مادرمان صدایمان را بلند میکنیم٬ به او نشان میدهیم از نحوه برخورد و انتقادهای او ناراحت و عصبی هستیم.» این عبارت:","answers":[{"id":"9671","description":"صحیح است.","iscorrect":0},{"id":"9672","description":"غلط است.","iscorrect":1}]},{"id":"2543","description":"«گوش کردن به حرفهای دیگران و درک احساسات آنها از راههای کنترل خشم است.» این عبارت:","answers":[{"id":"9673","description":"غلط است.","iscorrect":0},{"id":"9674","description":"صحیح است.","iscorrect":1}]}]},{"score":"50","questions":[{"id":"2572","description":"عبارت «هدف مکالمه و گفت و گوی موثر، رساندن کامل حرفهایمان، نظراتمان و بیان نارضایتی مان به دیگران است.»...","answers":[{"id":"9767","description":"صحیح است.","iscorrect":1},{"id":"9768","description":"غلط است.","iscorrect":0}]},{"id":"2573","description":"کدام یک از موقعیتهای زیر مثال مکالمه و ارتباط ناکارآمد است و ما را به نتیجه دلخواه نمیرساند:","answers":[{"id":"9769","description":"رساندن روشن پیام خود به دیگران.","iscorrect":0},{"id":"9770","description":"تلاش برای یادگیری روشهای برقراری ارتباط با دیگران.","iscorrect":0},{"id":"9771","description":"بی توجهی به تلاش دوستمان برای نزدیک شدن به ما و شروع صحبت با ما در مورد دعوای چند ساعت پیشمان.","iscorrect":1},{"id":"9772","description":"استفاده از الگوی بازی پنج مرحله ای برای شناختن تجربه های ناموفق گذشته مان.","iscorrect":0}]},{"id":"2574","description":"کدام یک از عبارتهای زیر صحیح نیست:","answers":[{"id":"9773","description":"پرخاش و رفتارهای عصبی راه را بر مکالمه موثر و نتیجه مطلوب ما سد میکند.","iscorrect":0},{"id":"9774","description":"در مکالمه موثر تنها به کارگیری کلام روشن و واضح کافی است.","iscorrect":1},{"id":"9775","description":"توجه به حرکات دست و صورت و لحن صدا در داشتن یک مکالمه موثر مهم است.","iscorrect":0},{"id":"9776","description":"پیامهای در لفافه و غیرمستقیم برای نشان دادن احساساتمان منجر به بدفهمی و سوءِتفاهم میشود.","iscorrect":0}]},{"id":"2575","description":"«تمرین درست گوش کردن به دیگران و انتقال احساسات و نظراتمان به دیگران به ایجاد مکالمه موثر و نهایتا کنترل و مدیریت احساساتمان کمک میکند.» این عبارت...","answers":[{"id":"9777","description":"صحیح است.","iscorrect":1},{"id":"9778","description":"غلط است.","iscorrect":0}]}]}]},{"name":"درس هفتم- شگرد ششم: آیا خودم می دونم چی می خوام؟","id":"406","contentorder":"14","lesson_number":8,"type":0,"filename":"lesson406.html"},{"name":"شگرد ششم: آیا خودم می دونم چی می خوام؟","id":"713","contentorder":"15","type":1,"set":[{"score":"50","questions":[{"id":"2544","description":"این که یادبگیریم چگونه توقعات خودمان را از دیگران به واقعیت نزدیک کنیم، در کنترل خشم به ما کمک میکند. این عبارت:","answers":[{"id":"9675","description":"صحیح است.","iscorrect":1},{"id":"9676","description":"غلط است.","iscorrect":0}]},{"id":"2545","description":"از مثالهای زیر کدام مصداق عبارت «به واقعیت نزدیک کردن نوع و سطح توقع از دیگران» نیست:","answers":[{"id":"9677","description":"در نظر گرفتن مشکلات و محدودیت سایرین.","iscorrect":0},{"id":"9678","description":"برقراری مکالمه موثر و سالم.","iscorrect":1},{"id":"9679","description":"پذیرفتن وجود دیدگاههای مختلف.","iscorrect":0},{"id":"9680","description":"پرهیز از کنترل کردن دیگران.","iscorrect":0}]},{"id":"2546","description":"این که بپذیریم آدمها یک اتفاق واحد را به شیوه های مختلف به خاطر میسپارند٬ به ما کمک میکند:","answers":[{"id":"9681","description":"توقعات و خواسته هایمان را از دیگران تعدیل کنیم.","iscorrect":0},{"id":"9682","description":"این خود به معنی پذیرفتن دیدگاههای مختلف است.","iscorrect":0},{"id":"9683","description":"خشم خود را کنترل کنیم.","iscorrect":0},{"id":"9684","description":"گزینه اول و دوم صحیح است.","iscorrect":1}]},{"id":"2547","description":"«برای کنترل خشم و عصبانیت، باید پذیرفت که دیگران ممکن است مثل ما فکر نکنند.» این عبارت:","answers":[{"id":"9685","description":"صحیح است.","iscorrect":1},{"id":"9686","description":"غلط است.","iscorrect":0}]}]},{"score":"50","questions":[{"id":"2576","description":"کدام یک از گزینه های زیر در مورد توقع از خود و دیگران صحیح نیست:","answers":[{"id":"9779","description":"متوقع بودن از دیگران طبیعی است.","iscorrect":0},{"id":"9780","description":"نباید از کسی توقعی داشت، چون در صورت برآورده نشدن سرخورده و ناامید میشویم.","iscorrect":1},{"id":"9781","description":"آنچه باعث عصبانیت ما میشود٬ فاصله آن چیزی است که ما از دیگران انتظار داشته ایم و آن چیزی که در واقعیت اتفاق افتاده.","iscorrect":0},{"id":"9782","description":"پرسیدن این سوال که آیا توقع ما از دیگران منصفانه و منطقی است، خیلی مهم است.","iscorrect":0}]},{"id":"2577","description":"پرسیدن این سوال که آیا توقعاتمان منطقی و بر مبنای واقعیت است٬ در کدام دسته است:","answers":[{"id":"9783","description":"راههای کنترل خشم.","iscorrect":0},{"id":"9784","description":"ایجاد حس همدلی و درک احساس دیگران.","iscorrect":0},{"id":"9785","description":"اولین قدم در تعدیل توقع و انتظار از دیگران.","iscorrect":1},{"id":"9786","description":"هیچ کدام.","iscorrect":0}]},{"id":"2578","description":"این که از پدرت انتظار داشته باشی مرتب و مناسب و طبق آخرین مد روز لباس بپوشد٬ نشانه این است که:","answers":[{"id":"9787","description":"تو و پدرت اختلاف نظر دارید.","iscorrect":0},{"id":"9788","description":"تو و پدرت قادر به مکالمه در مورد مسائلتان نیستید.","iscorrect":0},{"id":"9789","description":"انتظارات تو از پدرت با واقعیت منطبق نیست.","iscorrect":1},{"id":"9790","description":"بین تو و پدرت حس همدلی وجود ندارد.","iscorrect":0}]},{"id":"2579","description":"«عصبانیت ما ناشی از برآورده نکردن توقعات و انتظارات ما توسط دیگران است.» این عبارت:","answers":[{"id":"9791","description":"غلط است.","iscorrect":1},{"id":"9792","description":"صحیح است.","iscorrect":0}]}]}]},{"name":"درس هشتم- شگرد هفتم: می گم ببخش٬ نمی گم فراموش کن","id":"407","contentorder":"16","lesson_number":9,"type":0,"filename":"lesson407.html"},{"name":"شگرد هفتم: می گم ببخش٬ نمی گم فراموش کن","id":"714","contentorder":"17","type":1,"set":[{"score":"50","questions":[{"id":"2548","description":"کدام گزینه در مورد بخشیدن فرد یا موقعیتی که باعث عصبانیت ما شده صحیح نیست.","answers":[{"id":"9687","description":"بخشیدن به معنای فراموش کردن آن فرد یا موقعیت است.","iscorrect":1},{"id":"9688","description":"لازمه بخشیدن آن فرد یا موقعیتی که ما را عصبانی کرده، فکر کردن به جنبه های غیر شخصی ماجراست.","iscorrect":0},{"id":"9689","description":"فکر کردن به جنبه های شخصی هر ماجرایی٬ مسئله بخشیدن را سخت تر میکند.","iscorrect":0},{"id":"9690","description":"بخشیدن فرد یا موقعیتی که باعث عصبانیت ما شده و تمام شدن ماجرا.","iscorrect":0}]},{"id":"2549","description":"بخشش موقعیت یا فردی که در گذشته باعث عصبانیت ما شده تصمیمی است که به خاطر خودمان میگیریم. این عبارت:","answers":[{"id":"9691","description":"غلط است.","iscorrect":0},{"id":"9692","description":"صحیح است.","iscorrect":1}]},{"id":"2550","description":"کدام یک از گزینه های زیر در مورد این جمله صحیح نیست: «وقتی از اتفاق ناراحت کننده ای که برایمان افتاده داستان میسازیم و آن را بازگو میکنیم...»","answers":[{"id":"9693","description":"این بازگو کردن باعث عادی شدن ناراحتی پس از مدتی میشود.","iscorrect":1},{"id":"9694","description":"اشکال این کار این است که ما فقط از دید و موقعیت خودمان به مسئله نگاه کرده ایم.","iscorrect":0},{"id":"9695","description":"این مسئله بخشیدن را برای ما مشکل میکند.","iscorrect":0},{"id":"9696","description":"همه گزینه ها صحیح هستند.","iscorrect":0}]},{"id":"2551","description":"کدام یک از گزینه ها صحیح نیست:","answers":[{"id":"9697","description":"بخشیدن کسی که باعث آزردگی ما شده به این معناست که کار او آن قدرها هم ناراحت کننده نبوده.","iscorrect":0},{"id":"9698","description":"لازم نیست به کسی بگوییم فردی را که باعث ناراحتی ما شده بخشیده ایم.","iscorrect":0},{"id":"9699","description":"بخشیدن یک تصمیم شخصی است.","iscorrect":0},{"id":"9700","description":"بخشیدن به معنای این است که تو دیگر به دلیل آن ماجرای ناراحت کننده کینه ای به دل نداری.","iscorrect":1}]}]},{"score":"50","questions":[{"id":"2580","description":"این که در جریان یک ناراحتی و دلخوری مدام از خودمان سوال بپرسیم٬ معنایش این است که:","answers":[{"id":"9793","description":"مسئله را برای خودمان شخصی کرده ایم.","iscorrect":0},{"id":"9794","description":"فقط به جنبه های شخصی قضیه فکر کرده ایم.","iscorrect":0},{"id":"9795","description":"با ادامه این طرز فکر احتمال این که بتوانیم ببخشیم کم است.","iscorrect":0},{"id":"9796","description":"همه موارد صحیح هستند.","iscorrect":1}]},{"id":"2581","description":"تکرار این سوال که «چرا من؟»٬ «چرا همیشه من؟» به معنای این است که:","answers":[{"id":"9797","description":"آن اتفاق فقط جنبه شخصی داشته است.","iscorrect":0},{"id":"9798","description":"هنوز برای فراموش کردن آماده نیستیم.","iscorrect":0},{"id":"9799","description":"فقط به جنبه های شخصی قضیه فکر کرده ایم و بقیه جنبه ها را در نظر نگرفته ایم.","iscorrect":1},{"id":"9800","description":"هیچ کدام.","iscorrect":0}]},{"id":"2582","description":"چه طور در دایره نارضایتی میفتیم؟","answers":[{"id":"9801","description":"فقط به جنبه های شخصی قضیه فکر میکنیم.","iscorrect":0},{"id":"9802","description":"به جنبه های مختلف قضیه ای که ما را ناراحت کرده فکر نمیکنیم.","iscorrect":0},{"id":"9803","description":"فردی که ما را ناراحت کرده مقصر میدانیم.","iscorrect":0},{"id":"9804","description":"همه موارد.","iscorrect":1}]},{"id":"2583","description":"عبارت «بخشیدن کسی که ما را آزار داده به معنای این است که برای دوستی واعتماد دوباره به او آماده ایم.»...","answers":[{"id":"9805","description":"صحیح است.","iscorrect":0},{"id":"9806","description":"غلط است.","iscorrect":1}]}]}]},{"name":"درس نهم- شگرد هشتم: اول فکر کن٬ بعد عمل کن","id":"408","contentorder":"18","lesson_number":10,"type":0,"filename":"lesson408.html"},{"name":"شگرد هشتم: اول فکر کن٬ بعد عمل کن","id":"715","contentorder":"19","type":1,"set":[{"score":"50","questions":[{"id":"2552","description":"«در اوج عصبانیت، بخش مربوط به احساسات کنترل بخش مربوط به تعقل مغر را در دست میگیرد.» این عبارت:","answers":[{"id":"9701","description":"غلط است.","iscorrect":0},{"id":"9702","description":"صحیح است.","iscorrect":1}]},{"id":"2553","description":"کدام یک از جمله های زیر صحیح نیست.","answers":[{"id":"9703","description":"اگر ما به شخص دیگری پیشنهاد کنیم در میان مشاجره هایش استراحت و فرصتی برای فکر کردن به خودش بدهد، ممکن است باعث عصبانیت بیشتر او شویم.","iscorrect":0},{"id":"9704","description":"در مدت زمانی که برای فکر کردن به خود داده ایم، مهم است با چه کسی مشورت و درددل میکنیم.","iscorrect":0},{"id":"9705","description":"استفاده از شگردهای مقابله با فشار عصبی کمک میکند ذهن ما برای تصمیم و انتخاب رفتار مناسب آماده شود.","iscorrect":0},{"id":"9706","description":"همه گزینه ها صحیح هستند.","iscorrect":1}]},{"id":"2554","description":"کدام گزینه صحیح نیست.","answers":[{"id":"9707","description":"مهم است در پایان زمانی که برای فکر کردن گرفته ایم به محل بحث برگردیم.","iscorrect":0},{"id":"9708","description":"در فرصتی که برای فکر کردن به خود و دیگران داده ایم باید ذهنمان را آرام کنیم.","iscorrect":0},{"id":"9709","description":"در اغلب مواقع این فرصت به حل شدن مشکل کمکی نمیکند.","iscorrect":1},{"id":"9710","description":"هیچ کدام.","iscorrect":0}]},{"id":"2555","description":"«تغییر مکالمه با خود در فرصتی که برای فکر کردن خواسته ایم مهم است.» این عبارت:","answers":[{"id":"9711","description":"صحیح است.","iscorrect":1},{"id":"9712","description":"غلط است.","iscorrect":0}]}]},{"score":"50","questions":[{"id":"2584","description":"کدام یک از موارد زیر صحیح است:","answers":[{"id":"9807","description":"-دادن یک فرصت کوتاه به خود و کسانی که با آنها درگیر بحث و مشاجره هستیم به کنترل خشم و رفتار حاصل از آن کمک میکند.","iscorrect":1},{"id":"9808","description":"ایجاد وقفه در بحث مشکلی را حل نمیکند.","iscorrect":0},{"id":"9809","description":"وقفه در بحث و مشاجره میتواند باعث فراموش شدن موضوع شود.","iscorrect":0},{"id":"9810","description":"هیچ کدام از گزینه ها صحیح نیستند.","iscorrect":0}]},{"id":"2585","description":"«بسیار مهم است که دقیقا در پایان همان فرصتی که برای فکر کردن خواسته ایم به محل بحث برگردیم.» این عبارت...","answers":[{"id":"9811","description":"صحیح است.","iscorrect":1},{"id":"9812","description":"غلط است.","iscorrect":0}]},{"id":"2586","description":"این که بگوییم: «من میترسم برخلاف میل و خواسته ام حرفی بزنم و باعث ناراحتی بشوم.» میتواند نشانه چه چیزی باشد:","answers":[{"id":"9813","description":"نشانه این که ما پذیرفته ایم اشتباه کرده ایم و حق با طرف مقابل است.","iscorrect":0},{"id":"9814","description":"این توضیح برای گرفتن وقفه ای کوتاه برای فکر کردن لازم است.","iscorrect":0},{"id":"9815","description":"گفتن این توضیح لازم است برای این که بگوییم الان در شرایطی نیستیم که تصمیم درست بگیریم.","iscorrect":0},{"id":"9816","description":"گزینه های دوم و سوم صحیح هستند.","iscorrect":1}]},{"id":"2587","description":"کدام یک از گزینه ها میتواند از موارد مکالمه درست و منطقی با خود باشد٬ در طول مدتی که برای فکر کردن به خودمان داده ایم.","answers":[{"id":"9817","description":"«مهم نیست حق با چه کسی است، مهم حل مشکل است.»","iscorrect":0},{"id":"9818","description":"«هیچ کس کامل نیست، پس من خودم را به خاطر لحن تندم میبخشم.»","iscorrect":0},{"id":"9819","description":"«‌آنها بودند که باعث عصبانیت من شدند.»","iscorrect":0},{"id":"9820","description":"گزینه اول ودوم صحیح هستند.","iscorrect":1}]}]}]},{"name":"دوره مدیریت خشم برای نوجوانان- آزمون نهایی","id":"724","contentorder":"20","type":1,"set":[{"score":"50","questions":[{"id":"2588","description":"کدام گزینه در مورد رابطه مکالمه دورنی و کنترل خشم صحیح نیست.","answers":[{"id":"9821","description":"مکالمات درونی ما روی احساسات ما و نحوه بروز آنها تاثیر می گذارند.","iscorrect":0},{"id":"9822","description":"شناخت مکالمات دورنی به کنترل خشم کمک می کند.","iscorrect":0},{"id":"9823","description":"تمام مکالمات درونی ما الزاما با واقعیت منطبق نیستند.","iscorrect":1},{"id":"9824","description":"هیچکدام","iscorrect":0}]},{"id":"2589","description":"در رابطه با این موقعیت، کدام یک از گزینه ها صحیح است: «در عکس العمل به انتقاد مادر به مدل موی جدیدت شروع می کنی به پرخاش و اعتراض»","answers":[{"id":"9825","description":"از آنجایی که پرخاش و رفتار عصبی امکان ایجاد مکالمه را از طرفین می گیرد، این روش توصیه نمی شود.","iscorrect":0},{"id":"9826","description":"زمانی که ما به یک محرمک عصبی عکس العمل نشان می دهیم، نمی توانیم احساس و دلیل اصلی عصبانیت مان را به دیگران بگوییم.","iscorrect":0},{"id":"9827","description":"در این نوع برخورد ما نه به خودمان و نه به مادرمان فرصتی برای صحبت کردن در مورد احساسات مان و دلایل مان نمی دهیم.","iscorrect":0},{"id":"9828","description":"تمام گزینه ها صحیح هستند.","iscorrect":1}]},{"id":"2590","description":"کدامیک از گزینه های زیر در مورد تعدیل توقعات و خواسته ها از دیگران صحیح است.","answers":[{"id":"9829","description":"توقعات ما از دیگران با بالا رفتن سن مان کمتر می شود.","iscorrect":0},{"id":"9830","description":"نزدیک کردن سطح و نوع توقعات از خود و دیگران، به ما در مهار خشم و عصبانیت کمک می کند.","iscorrect":0},{"id":"9831","description":"این طبیعی است که با بالا رفتن سن، توقعات ما از دیگران بیشتر شود.","iscorrect":0},{"id":"9832","description":"گزینه دوم وسوم صحیح هستند.","iscorrect":1}]},{"id":"2591","description":"کدامیک از گزینه های زیر در مورد بخشیدن، مسبب عصبانیت و خشم ما صحیح است.","answers":[{"id":"9833","description":"بخشیدن به معنای فراموش کردن نیست.","iscorrect":0},{"id":"9834","description":"بخشیدن تصمیمی است که ما به خاطر سلامت و آسایش روان خودمان و برای خودمان می گیریم.","iscorrect":0},{"id":"9835","description":"بخشیدن یکی از شیوه های کنترل خشم و مدیریت آن است.","iscorrect":0},{"id":"9836","description":"همه موارد","iscorrect":1}]},{"id":"2592","description":"کدامیک از گزینه ها در رابطه با شگرد «اول فکر، بعد عمل» صحیح نیست.","answers":[{"id":"9837","description":"در مدت زمانی که برای فکر کردن در میانه مشاجره به خود می دهیم لازم است به آرام شدن ذهن مان بپردازیم.","iscorrect":0},{"id":"9838","description":"هر چه مدت زمانی که برای فکر کردن در میانه مشاجره به خود می دهیم بیشتر باشد، بهتر است.","iscorrect":1},{"id":"9839","description":"ایجاد فرصتی در میان مشاجره یکی از راه های کنترل خشم است.","iscorrect":0},{"id":"9840","description":"لازم است در همان مدت زمانی که گفته ایم، به محل مشاجره بازگردیم.","iscorrect":0}]},{"id":"2593","description":"کدامیک از گزینه های زیر صحیح است.","answers":[{"id":"9841","description":"خشم و عصبانیت از حس های طبیعی هستند و نیازی به کنترل آنها نیست.","iscorrect":0},{"id":"9842","description":"عادات و تجربه های ما، کنترل خشم را غیرممکن می کنند.","iscorrect":0},{"id":"9843","description":"هر چه بیشتر محرک های خشم و عصبانیت خود را بشناسیم، بهتر می توانیم آنها را کنترل کنیم.","iscorrect":1},{"id":"9844","description":"هیچکدام","iscorrect":0}]},{"id":"2594","description":"«داشت موود عصبی سریع تر به احساس عصبانیت شدید منجر می شود.» این عبارت:","answers":[{"id":"9845","description":"صحیح است.","iscorrect":1},{"id":"9846","description":"غلط است.","iscorrect":0}]},{"id":"2595","description":"کدامیک از موارد زیر از راه های کاهش استرس نیست.","answers":[{"id":"9847","description":"ورزش","iscorrect":0},{"id":"9848","description":"خاطرات گذشته","iscorrect":1},{"id":"9849","description":"ساده کردن مسائل","iscorrect":0},{"id":"9850","description":"خواب کافی","iscorrect":0}]},{"id":"2596","description":"کدامیک از گزینه های زیر از روش های بالا بردن حس همدلی است.","answers":[{"id":"9851","description":"گوش کردن به دیگران","iscorrect":0},{"id":"9852","description":"رعایت حد و مرزهایی در مکالمه با دیگران","iscorrect":0},{"id":"9853","description":"کنترل خشم","iscorrect":1},{"id":"9854","description":"گزینه های اول و دوم صحیح هستند.","iscorrect":0}]},{"id":"2597","description":"برای ایجاد تغییر در رفتارهایمان در مواقع عصبانیت:","answers":[{"id":"9855","description":"به پیدا کردن رفتارهای جایگزین نیاز داریم.","iscorrect":1},{"id":"9856","description":"باید بتوانیم خشم خود را کنترل کنیم.","iscorrect":0},{"id":"9857","description":"باید نگاه خود به دنیای اطراف مان تغییر کند.","iscorrect":0},{"id":"9858","description":"باید قادر به کنترل فشارهای عصبی باشیم.","iscorrect":0}]}]},{"score":"50","questions":[{"id":"2598","description":"کدام یک از گزینه های زیر صحیح است.","answers":[{"id":"9859","description":"شناخت گفتگوی دورنی به کنترل خشم کمک می کند.","iscorrect":0},{"id":"9860","description":"پذیرفتن مسولیت رفتار خودمان، اولین قدم برای تغییر گفتگوی درون است.","iscorrect":0},{"id":"9861","description":"خشم یک حس طبیعی است.","iscorrect":0},{"id":"9862","description":"همه گزینه ها","iscorrect":1}]},{"id":"2599","description":"کدام گزینه در مورد شگرد «جادوی مکالمه» صحیح نیست.","answers":[{"id":"9863","description":"هر کس روش های شخصی برای مکالمه با خود دارد.","iscorrect":0},{"id":"9864","description":"مکالمه یک مفهوم دو طرفه است.","iscorrect":0},{"id":"9865","description":"ممکن است بعضی افراد به روش های غیرمستقیم و در لفافه احساسات خود را به دیگران منتقل کنند و حرف خود را به دیگران بگویند.","iscorrect":1},{"id":"9866","description":"تمرین برای درست گوش کردن به دیگران قدمی در راه رسیدن به مکالمه موثر است.","iscorrect":0}]},{"id":"2600","description":"عبارت «پرسیدن این سوال که چرا آدما باید اونطوری رفتار کنن که من فکر می کنم؟» با کدام گزینه ارتباط صحیح دارد.","answers":[{"id":"9867","description":"تعادل انتظارات و توقعات از خود و دیگران","iscorrect":1},{"id":"9868","description":"یکی از راه های کنترل خشم است.","iscorrect":0},{"id":"9869","description":"ایجاد ارتباط و مکالمه موثر را تسهیل می کند.","iscorrect":0},{"id":"9870","description":"به بالا رفتن حس همدلی کمک می کند.","iscorrect":0}]},{"id":"2601","description":"کدامیک از گزینه ها صحیح نیست.","answers":[{"id":"9871","description":"بخشیدن به معنای فراموش کردن نیست.","iscorrect":0},{"id":"9872","description":"بخشیدن به معنای این است که پذیرفته ایم فردی که باعث آزردگی ما شده، فرد قابل اعتمادی است.","iscorrect":1},{"id":"9873","description":"بخشیدن یک پروسه تدریجی است.","iscorrect":0},{"id":"9874","description":"بخشیدن یکی از راه های کنترل و مدیریت خشم است.","iscorrect":0}]},{"id":"2602","description":"عبارت «مهم نیست مقصر در این مشاجره کیست، مهم حل آن است» مربوط به کدام مبحث کنترل خشم است.","answers":[{"id":"9875","description":"شگرد «جادوی مکالمه»","iscorrect":0},{"id":"9876","description":"شگرد «گفتگو با خود»","iscorrect":0},{"id":"9877","description":"شگرد «تقویت حس همدلی»","iscorrect":0},{"id":"9878","description":"شگرد «اول فکر بعد عمل»","iscorrect":1}]},{"id":"2603","description":"«اگر مایل به ایجاد تغییر رفتار و احساسات مان هستیم، باید تغییری در فکرمان ایجاد کنیم.» این عبارت:","answers":[{"id":"9879","description":"صحیح است.","iscorrect":1},{"id":"9880","description":"غلط است.","iscorrect":0}]},{"id":"2604","description":"کدامیک از گزینه های زیر در مورد عملکرد مغز و حس عصبانیت صحیح نیست.","answers":[{"id":"9881","description":"خشم در مغز ما توسط بخش مربوط به احساسات هدایت می شود.","iscorrect":0},{"id":"9882","description":"بخش مربوط به نگهداری خاطرات ما، باعث تشدید عصبانیت ما می شود.","iscorrect":1},{"id":"9883","description":"خاطرات ذخیره شده در مغز ما، در برابر حفظ ما در برابر خطر، فعال می شوند.","iscorrect":0},{"id":"9884","description":"هیچکدام","iscorrect":0}]},{"id":"2605","description":"«شناخت احساساتی که پس محرک اصلی خشم ما هستند، به تشدید عکس العمل های عصبی منجر می شوند.» این عبارت:","answers":[{"id":"9885","description":"صحیح است.","iscorrect":0},{"id":"9886","description":"غلط است.","iscorrect":1}]},{"id":"2606","description":"اینکه حرف های دیگران را با فیلترهای خودمان گوش کنیم، به این معناست که:","answers":[{"id":"9887","description":"احساس همدلی در ما تقویت می شود.","iscorrect":0},{"id":"9888","description":"همان بخش از صحبت های طرف مقابل را می شنویم که جالب تر است.","iscorrect":0},{"id":"9889","description":"منظور گوینده را متوجه نمی شویم.","iscorrect":1},{"id":"9890","description":"به کنترل احساسات مان کمک کرده ایم.","iscorrect":0}]},{"id":"2607","description":"کدامیک از گزینه های زیر از شیوه های کنترل خشم نیست.","answers":[{"id":"9891","description":"شناخت و تغیر گفت و گوی درونی","iscorrect":0},{"id":"9892","description":"استفاده از جادوی مکالمه","iscorrect":0},{"id":"9893","description":"تقویت حس همدلی","iscorrect":0},{"id":"9894","description":"همه موارد","iscorrect":1}]}]}]}]}