{"courseId":"105","contents":[{"name":"درس اول- آشنایی با مفهوم کمک‌های اولیه","id":"839","contentorder":"1","lesson_number":1,"type":0,"filename":"lesson839.html"},{"name":"درس دوم- مانورهای ارزیابی اولیه","id":"840","contentorder":"2","lesson_number":2,"type":0,"filename":"lesson840.html"},{"name":"مفهوم کمک‌های اولیه و مانورهای ارزیابی اولیه","id":"1422","contentorder":"3","type":1,"set":[{"score":"60","questions":[{"id":"6108","description":"در برخورد با مصدوم بیهوش یا ناتوان باید بدون درنگ، سه موضوع را به ترتیب بررسی کنیم. کدام یک از گزینه‌های زیر این سه موضوع را با ترتیب صحیح نشان می‌دهد؟","answers":[{"id":"23444","description":"گردش خون، تنفس طبیعی، راه هوایی","iscorrect":0},{"id":"23445","description":"راه هوایی، تنفس طبیعی، گردش خون","iscorrect":1},{"id":"23446","description":"تنفس طبیعی، گردش خون، راه هوایی","iscorrect":0},{"id":"23447","description":"تنفس طبیعی، راه هوایی، گردش خون","iscorrect":0}]},{"id":"6109","description":"چه زمانی می‌توانید سر مصدوم را به بالا حرکت دهید؟","answers":[{"id":"23448","description":"تنها هنگامی که مطمئن شوید فرد مصدوم به ضایعه نخاعی دچار نشده است.","iscorrect":1},{"id":"23449","description":"زمانی که مصدوم از ناحیه سر دچار آسیب دیدگی شده باشد.","iscorrect":0},{"id":"23450","description":"زمانی که مصدوم از ناحیه کمر دچار آسیب دیدگی شده باشد.","iscorrect":0},{"id":"23451","description":"هیچ‌گاه نباید سر مصدوم را به سمت بالا حرکت داد.","iscorrect":0}]},{"id":"6110","description":"کدام گزینه ساده‌ترین راه ارزیابی اولیه از وضعیت مصدوم به شمار می‌رود؟","answers":[{"id":"23452","description":"بررسی گردش خون","iscorrect":0},{"id":"23453","description":"گرفتن نبض مصدوم","iscorrect":0},{"id":"23454","description":"پرسیدن از مصدوم","iscorrect":1},{"id":"23455","description":"بررسی راه هوایی مصدوم","iscorrect":0}]},{"id":"6114","description":"برای مصدوم بیهوشی که گمان می‌رود دچار ضایعه نخاعی شده بهتر است:","answers":[{"id":"23468","description":"گردش خون او را بررسی کنیم.","iscorrect":0},{"id":"23469","description":"از مانور چرخش سر مصدوم استفاده کنیم.","iscorrect":0},{"id":"23470","description":"از مانور کشیدن فک‌ها استفاده کنیم.","iscorrect":1},{"id":"23471","description":"سر مصدوم را سه بار به چپ و راست هدایت کنیم.","iscorrect":0}]},{"id":"6118","description":"کدام یک از مانورهای زیر، مانور فشار روی پیشانی است؟","answers":[{"id":"23475","description":"Recovery position","iscorrect":0},{"id":"23476","description":"Head-tilt chin-lift maneuver","iscorrect":1},{"id":"23477","description":"Recovery management","iscorrect":0},{"id":"23478","description":"Recoverymaneuver","iscorrect":0}]},{"id":"6119","description":"انسان بالغ به طور معمول حدود ... تا ... مرتبه در دقیقه عمل دم و بازدم را انجام می‌دهد.","answers":[{"id":"23479","description":"۱۸ تا ۲۸","iscorrect":0},{"id":"23480","description":"۱۱ تا ۲۰","iscorrect":0},{"id":"23481","description":"۱۰ تا ۲۰","iscorrect":0},{"id":"23482","description":"۱۲ تا ۲۰","iscorrect":1}]}]},{"score":"60","questions":[{"id":"6111","description":"در برخورد با مصدومانی که نیاز به کمک‌های اولیه دارند ‌...‌...‌...‌... در ارزیابی اولیه مهم‌ترین بخش کمک را تشکیل می‌دهد.","answers":[{"id":"23456","description":"بررسی گردش خون","iscorrect":0},{"id":"23457","description":"گرفتن نبض مصدوم","iscorrect":0},{"id":"23458","description":"تشخصیص عارضه","iscorrect":1},{"id":"23459","description":"بررسی راه هوایی مصدوم","iscorrect":0}]},{"id":"6113","description":"کدام گزینه ساده‌ترین راه ارزیابی اولیه از وضعیت مصدوم به شمار می‌رود؟","answers":[{"id":"23464","description":"بررسی گردش خون","iscorrect":0},{"id":"23465","description":"گرفتن نبض مصدوم","iscorrect":0},{"id":"23466","description":"پرسیدن از مصدوم","iscorrect":1},{"id":"23467","description":"بررسی راه هوایی مصدوم","iscorrect":0}]},{"id":"6112","description":"اگر مصدوم صحبت می‌کند چه به صورت ناله و چه به صورت ادای حرف‌های بریده، می‌توان مطمئن شد که ‌...‌...‌... و به بررسی مرحله بعد رفت.","answers":[{"id":"23460","description":"راه هوایی او باز است","iscorrect":1},{"id":"23461","description":"وی دچار سرگیجه است","iscorrect":0},{"id":"23462","description":"مصدوم دچار آسیب‌دیدگی از ناحیه کمر شده است","iscorrect":0},{"id":"23463","description":"راه هوایی وی بسته است","iscorrect":0}]},{"id":"6120","description":"اگر احساس کردید مصدوم بیشتر از حالت نرمال یا بیشتر از آن عمل دم و بازدم انجام می‌دهد، باید بی‌درنگ...","answers":[{"id":"23483","description":"سر او را به سمت بالا بگیرید.","iscorrect":0},{"id":"23484","description":"عمل تنفس مصنوعی را بر روی او انجام دهید.","iscorrect":1},{"id":"23485","description":"او را به حالت خوابیده نگه دارید.","iscorrect":0},{"id":"23486","description":"او را به حالت ایستاده نگه دارید.","iscorrect":0}]},{"id":"6121","description":"اگر متوجه شدید که فرد بیهوش به صورت طبیعی در حال انجام عمل دم و بازدم است، او را در وضعیت ... بخوابانید.","answers":[{"id":"23487","description":"Recovery posistion ","iscorrect":1},{"id":"23488","description":"Management style","iscorrect":0},{"id":"23489","description":"Stand up","iscorrect":0},{"id":"23490","description":"Sitting down","iscorrect":0}]},{"id":"6122","description":"انسان بالغ به طور معمول حدود ... تا ... مرتبه در دقیقه عمل دم و بازدم را انجام می‌دهد.","answers":[{"id":"23491","description":"۱۸ تا ۲۸","iscorrect":0},{"id":"23492","description":"۱۱ تا ۲۰","iscorrect":0},{"id":"23493","description":"۱۰ تا ۲۰","iscorrect":0},{"id":"23494","description":"۱۲ تا ۲۰","iscorrect":1}]}]}]},{"name":"درس سوم- معاینه بالینی","id":"841","contentorder":"5","lesson_number":3,"type":0,"filename":"lesson841.html"},{"name":"درس چهارم- ایست قلبی","id":"842","contentorder":"7","lesson_number":4,"type":0,"filename":"lesson842.html"},{"name":"درس پنجم- بیرون آوردن جسم خارجی از گلوی مصدوم","id":"843","contentorder":"9","lesson_number":5,"type":0,"filename":"lesson843.html"},{"name":"معاینه بالینی، ایست قلبی و بیرون آوردن جسم خارجی از گلوی مصدوم","id":"1430","contentorder":"10","type":1,"set":[{"score":"60","questions":[{"id":"6123","description":"توجه به چه نشانه‌هایی در معاینه بالینی اهمیت دارد؟ (کدام گزینه همه موارد را شامل می‌شود؟)","answers":[{"id":"23495","description":"تورم، بدشکلی اندام، لمس دردناک بدن و زخم باز","iscorrect":1},{"id":"23496","description":"بدشکلی اندام، لمس دردناک بدن","iscorrect":0},{"id":"23497","description":"تورم، بدشکلی اندام","iscorrect":0},{"id":"23498","description":"تورم،‌بدشکلی اندام، لمس دردناک بدن","iscorrect":0}]},{"id":"6124","description":"برای معاینه بالینی از کدام قسمت بدن باید معاینه را شروع کرد؟","answers":[{"id":"23500","description":"دست‌ها","iscorrect":0},{"id":"23501","description":"شکم","iscorrect":0},{"id":"23502","description":"پا","iscorrect":0},{"id":"23503","description":"سر","iscorrect":1}]},{"id":"6125","description":"معمولا در حالتی که فرد دچار بی‌حالی یا اسهال و استفراغ شدید بوده و یا دچار حمله قلبی شده است نبض او ... حالت نرمال است.","answers":[{"id":"23504","description":"بیشتر از","iscorrect":0},{"id":"23505","description":"کم‌تر از","iscorrect":1},{"id":"23506","description":"برابر با","iscorrect":0},{"id":"23507","description":"کمی بیشتر از","iscorrect":0}]},{"id":"6129","description":"هنگامی که مصدوم بیهوش نبض ندارد و نفس نمی‌کشد، باید بدون درنگ به ... روی آورد.","answers":[{"id":"23520","description":"گرفتن نبض","iscorrect":0},{"id":"23521","description":"ماساژ قلبی","iscorrect":1},{"id":"23522","description":"ماساژ سر","iscorrect":0},{"id":"23523","description":"ماساژ دست و پا","iscorrect":0}]},{"id":"6130","description":"در ایست قلبی چه روی می‌دهد؟","answers":[{"id":"23524","description":"هنگامی که قلب به هر دلیلی از کار می‌افتد و به اصطلاح مصدومی دچار ایست قلبی می‌شود به معنای آن است که خون به اندازه کافی به قلب نرسیده است.","iscorrect":0},{"id":"23525","description":"هنگامی که قلب به هر دلیلی از کار می‌افتد و به اصطلاح مصدومی دچار ایست قلبی می‌شود به معنای آن است که خون به اندازه کافی به مغز نرسیده است.","iscorrect":0},{"id":"23526","description":"هنگامی که قلب به هر دلیلی از کار می‌افتد و به اصطلاح مصدومی دچار ایست قلبی می‌شود، جریان‌های الکتریکی قلب او دچار هرج و مرج شده و مختل می‌شود.","iscorrect":1},{"id":"23527","description":"ایست قلبی یعنی قلب از کار می‌افتد و فرد بدون درنگ می‌میرد.","iscorrect":0}]},{"id":"6132","description":"برای پاکسازی مجرای تنفسی یک فرد هوشیار سه راه حل پیش رو داریم:","answers":[{"id":"23532","description":"روش ریکاوری/ روش نبض‌گیری/ مانور هایم‌لیش","iscorrect":0},{"id":"23533","description":"روش ضربه زدن به پشت مصدوم، روش ریکاوری، روش نبض‌گیری","iscorrect":0},{"id":"23534","description":"روش سرفه کردن محکم و متوالی/ روش ضربه زدن به پشت مصدوم/ مانور هایم‌لیش","iscorrect":1},{"id":"23535","description":"روش نبض‌گیری/ مانور هایم‌لیش/ روش سرفه کردن محکم و متوالی","iscorrect":0}]},{"id":"6134","description":"عبارت زیر تعریف کدام مانور است:<br />\nدر این مانور باید ابتدا پشت سر مصدوم قرار بگیرید. سپس یکی از دستان خود را مشت کرده و با دست دیگر دست مشت شده را بگیرید و تشکیل یه حلقه را بدهید. نحوه قرارگیری دستان شما در این روش به گونه ایست که از زیر بغل مصدوم رد شده است یعنی دستان مصدوم بالای حلقه ایجاد شده توسط دستان شما قرار میگیرد. باید توجه کنید که محل قرار گیری مرکز حلقه ایجاد شده توسط دستان شما پایین تر از زائده خنجری جناغ سینه فرد مصدوم باشد.<br />","answers":[{"id":"23536","description":"مانور نبض‌گیری","iscorrect":0},{"id":"23537","description":"مانور هایم‌لیش","iscorrect":1},{"id":"23538","description":"مانور ریکاوری","iscorrect":0},{"id":"23539","description":"مانور بالا به پایین","iscorrect":0}]}]},{"score":"60","questions":[{"id":"6126","description":"در معاینه بالینی پس از این‌که سر را معاینه کردیم بهتر است کدام قسمت بدن را معاینه کنیم؟","answers":[{"id":"23508","description":"شکم","iscorrect":0},{"id":"23509","description":"قفسه سینه","iscorrect":1},{"id":"23510","description":"پاها","iscorrect":0},{"id":"23511","description":"دست‌ها","iscorrect":0}]},{"id":"6127","description":"اگر فرد مصدوم نتواند دست یا پای خود را حرکت دهد ... در گردن او روی داده است.","answers":[{"id":"23512","description":"آرتروز","iscorrect":0},{"id":"23513","description":"آرتروز عمیق","iscorrect":0},{"id":"23514","description":"آرتروز جزئی","iscorrect":0},{"id":"23515","description":"آسیب نخاعی","iscorrect":1}]},{"id":"6128","description":"معمولا در حالتی که فرد دچار بی‌حالی یا اسهال و استفراغ شدید یا حمله قلبی می‌شود، نبض او ... حالت نرمال است.","answers":[{"id":"23516","description":"بیشتر از","iscorrect":0},{"id":"23517","description":"کم‌تر از","iscorrect":1},{"id":"23518","description":"برابر با","iscorrect":0},{"id":"23519","description":"کمی بیشتر","iscorrect":0}]},{"id":"6131","description":"در ایست قلبی چه روی می‌دهد؟","answers":[{"id":"23528","description":"هنگامی که قلب به هر دلیلی از کار می‌افتد و به اصطلاح مصدومی دچار ایست قلبی می‌شود به این معنی است که خون به اندازه کافی به قلب او نرسیده است.","iscorrect":0},{"id":"23529","description":"هنگامی که قلب به هر دلیلی از کار می‌افتد و به اصطلاح مصدومی دچار ایست قلبی می‌شود به این معنی است که خون به اندازه کافی به مغز او نرسیده است.","iscorrect":0},{"id":"23530","description":"هنگامی که قلب به هر دلیلی از کار می‌افتد و به اصطلاح مصدومی دچار ایست قلبی می‌شود، جریان‌های الکتریکی قلب او دچار هرج و مرج شده و مختل می‌شود.","iscorrect":1},{"id":"23531","description":"ایست قلبی یعنی قلب از کار می‌افتد و فرد بدون درنگ می‌میرد.","iscorrect":0}]},{"id":"6135","description":"منظور از Cardiopulmonary resuscitation چیست؟","answers":[{"id":"23540","description":"گرفتن نبض","iscorrect":0},{"id":"23541","description":"ماساژ قلبی","iscorrect":1},{"id":"23542","description":"ماساژ سر","iscorrect":0},{"id":"23543","description":"ماساژ دست و پا","iscorrect":0}]}]}]},{"name":"درس ششم- خونریزی خارجی","id":"844","contentorder":"11","lesson_number":6,"type":0,"filename":"lesson844.html"},{"name":"درس هفتم- شوک خونی","id":"845","contentorder":"13","lesson_number":7,"type":0,"filename":"lesson845.html"},{"name":"درس هشتم- مواجهه با زخم‌های خاص","id":"846","contentorder":"15","lesson_number":8,"type":0,"filename":"lesson846.html"},{"name":"خونریزی خارجی، شوک‌های خونی، زخم‌های خاص","id":"1436","contentorder":"16","type":1,"set":[{"score":"60","questions":[{"id":"6137","description":"این نوع زخم‌ها بر اثر ورود اجسام خارجی نوک تیز مانند چاقو، میخ یا حتی گلوله به بدن بوجود می‌آیند و معمولآ حجم این زخم‌ها کوچک هستند.","answers":[{"id":"23544","description":"زخم‌های پاره‌شدگی و کنده‌شدگی","iscorrect":0},{"id":"23545","description":"زخم‌های شکاف‌دار","iscorrect":0},{"id":"23546","description":"زخم‌های سوراخ شدگی","iscorrect":1},{"id":"23547","description":"زخم‌های خراشیدگی","iscorrect":0}]},{"id":"6138","description":"کدام‌یک از گزینه‌های زیر تعریف زخم‌های شکاف‌دار است؟","answers":[{"id":"23548","description":"در این نوع زخم ها دیواره زخم ها مستقیم است و بسته به شدت زخم ایجاد شده می تواند حتی می تواند به عروق خونی نیز صدمه برساند. این نوع زخم ها را با فشار دادن و پانسمان به خوبی می توان کنترل کرد. ","iscorrect":1},{"id":"23549","description":"در این نوع زخم‌ها ممکن است بخشی از سطح پوست پاره شود و از محل زخم آوریزان شود که با درد فراوان همراه است.","iscorrect":0},{"id":"23550","description":"این نوع زخم‌ها ساده‌ترین زخم‌هایی است که در بدن یک فرد ایجاد می‌شوند و خونریزی کمی دارند اما به علت آسیب دیدن سطح بیرونی پوست به مقدار احتمالا زیاد، اعصاب پوستی را درگیر کرده و درد فراوانی دارند.","iscorrect":0},{"id":"23551","description":"این نوع زخم‌ها بر اثر ورود اجسام خارجی نوک تیز مانند چاقو، میخ یا حتی گلوله به بدن بوجود می‌آیند و معمولآ حجم این زخم‌ها کوچک هستند.","iscorrect":0}]},{"id":"6141","description":"کدام‌یک از تعاریف زیر، تعریف بتادین به شمار می‌رود؟","answers":[{"id":"23560","description":"بتادین یک محلول ضدعفونی کننده با ید است که اثرات ید در آن کاهش یافته است.","iscorrect":1},{"id":"23561","description":"بتادین یک محلول شامل نمک است.","iscorrect":0},{"id":"23562","description":"بتادین یک ماده شیمیایی است که برای شستشوی دهان و دندان به کار می‌رود.","iscorrect":0},{"id":"23563","description":"هیچ‌کدام","iscorrect":0}]},{"id":"6142","description":"باند یا پارچه‌ای که در پانسمان مورد استفاده قرار می‌گیرد باید از نظر اندازه بزرگ‌تر از زخم باشد. سه ویژگی دیگر یک باند خوب عبارتند از:","answers":[{"id":"23564","description":"بزرگی باند، بدون پرز بودن آن و تمیزی","iscorrect":0},{"id":"23565","description":"تمیزی، بدون پرز و استریل بودن","iscorrect":1},{"id":"23566","description":"کوچکی باند، بدون پرز بودن و تمیزی","iscorrect":0},{"id":"23567","description":"بزرگی باند، تمیز بودن، استریل بودن","iscorrect":0}]}]},{"score":"60","questions":[{"id":"6139","description":"این نوع زخم‌ها ساده‌ترین زخم‌هایی است که در بدن یک فرد ایجاد می‌شوند و خونریزی کمی دارند اما به علت آسیب دیدن سطح بیرونی پوست به مقدار احتمالا زیاد، اعصاب پوستی را درگیر کرده و درد فراوانی دارند.","answers":[{"id":"23552","description":"زخم‌های پاره شدگی و کنده شدگی","iscorrect":0},{"id":"23553","description":"زخم‌ها شکافدار","iscorrect":0},{"id":"23554","description":"زخم‌های سوراخ‌شدگی","iscorrect":0},{"id":"23555","description":"زخم‌های خراشیدگی","iscorrect":1}]},{"id":"6140","description":"کدام‌یک از گزینه‌های زیر تعریف زخم‌های پاره‌شدگی و کنده‌شدگی به شمار می‌رود؟","answers":[{"id":"23556","description":"در این نوع زخم‌ها دیواره زخم‌ها مستقیم است و بسته به شدت زخم ایجاد شده، حتی می ‌واند به عروق خونی نیز صدمه برساند. این نوع زخم‌ها را با فشار دادن و پانسمان به خوبی می‌توان کنترل کرد.","iscorrect":0},{"id":"23557","description":"در این نوع زخم‌ها ممکن است بخشی از سطح پوست پاره شود و از محل زخم آوریزان شود که با درد فراوان همراه است.","iscorrect":1},{"id":"23558","description":"این نوع زخم‌ها ساده ترین زخم هایی است که در بدن یک فرد ایجاد می‌شوند و خونریزی کمی دارند اما به علت آسیب دیدن سطح بیرونی پوست به مقدار احتمالا زیاد، اعصاب پوستی را درگیر کرده و درد فراوانی دارند.","iscorrect":0},{"id":"23559","description":"این نوع زخم‌ها بر اثر ورود اجسام خارجی نوک تیز مانند چاقو، میخ یا حتی گلوله به بدن بوجود می‌آیند و معمولا حجم این زخم ها کوچک هستند.","iscorrect":0}]},{"id":"6144","description":"چرا نباید عضو قطع شده را با آب تماس داد؟","answers":[{"id":"23568","description":"به دلیل این‌که خون عضو قطع شده تمام می‌شود.","iscorrect":0},{"id":"23569","description":"به دلیل این‌که با جذب آب، عمل پیوند آن سخت‌ می‌شود.","iscorrect":1},{"id":"23570","description":"به این دلیل که عمل شستشو سخت‌تر می‌شود.","iscorrect":0},{"id":"23571","description":"به دلیل این‌که حواس بیمار پرت می‌شود.","iscorrect":0}]},{"id":"6145","description":"باند یا پارچه‌ای که در پانسمان مورد استفاده قرار می‌گیرد باید از نظر اندازه بزرگتر از زخم باشد. سه ویژگی دیگر یک باند خوب عبارتند از:","answers":[{"id":"23572","description":"بزرگی باند، بدون پرز و تمیزی آن","iscorrect":0},{"id":"23573","description":"تمیزی،‌بدون پرز و استریل بودن آن","iscorrect":1},{"id":"23574","description":"کوچکی باند، بدون پرز بودن و تمیزی آن","iscorrect":0},{"id":"23575","description":"بزرگی باند، تمیز بودن و استریل بودن آن","iscorrect":0}]}]}]},{"name":"درس نهم- سوختگی و حمله قلبی","id":"847","contentorder":"17","lesson_number":9,"type":0,"filename":"lesson847.html"},{"name":"درس دهم- سکته مغزی، مسمومیت‌ها و مارگزیدگی","id":"848","contentorder":"18","lesson_number":10,"type":0,"filename":"lesson848.html"},{"name":"سوختگی، حمله قلبی، سکته مغزی، مسمومیت و مارگزیدگی","id":"1438","contentorder":"19","type":1,"set":[{"score":"60","questions":[{"id":"6146","description":"در این نوع سوختگی، تاول و ترشح مایعات به همراه درد دیده می‌شود و مدت زمان بهبود این نوع سوختی حدود سه هفته است و باید به پزشک مراجعه شود.","answers":[{"id":"23576","description":"سوختگی درجه ۱","iscorrect":0},{"id":"23577","description":"سوختگی درجه ۲","iscorrect":1},{"id":"23578","description":"سوختگی درجه ۳","iscorrect":0},{"id":"23579","description":"سوختگی درجه ۴","iscorrect":0}]},{"id":"6147","description":"اگر مصدوم پس از حمله قلبی در شرایط دشواری قرار گرفته و تنفس نمی‌کند، بی درنگ اورژانس را خبر کرده و ...را آغاز کنید.","answers":[{"id":"23580","description":"EFD","iscorrect":0},{"id":"23581","description":"CBA","iscorrect":1},{"id":"23582","description":"AGH","iscorrect":0},{"id":"23583","description":"TRF","iscorrect":0}]},{"id":"6148","description":"سوختگی‌های درجه یک و دو به عنوان سوختگی‌های با ... و سوختگی درجه سوم با نام سوختگی ... نیز شناخته می‌شوند.","answers":[{"id":"23584","description":"ریکاوری نسبی، تمام ریکاوری","iscorrect":0},{"id":"23585","description":"ضخامت نسبی، تمام ریکاوری","iscorrect":0},{"id":"23586","description":"ضخامت نسبی، تمام ضخامت","iscorrect":1},{"id":"23587","description":"تمام ریکاوری، ریکاوری نسبی","iscorrect":0}]}]},{"score":"60","questions":[{"id":"6149","description":"هنگام رخ دادن سوختگی الکتریکی، مهم‌ترین کار چیست؟","answers":[{"id":"23588","description":"معاینه بالینی","iscorrect":0},{"id":"23589","description":"ماساژ سر","iscorrect":0},{"id":"23590","description":"قطع کردن جریان برق با مصدوم","iscorrect":1},{"id":"23591","description":"ماساژ دست و پا","iscorrect":0}]},{"id":"6150","description":"وظیفه قرص نیتروگلیسیرین چیست؟","answers":[{"id":"23592","description":"کاهش سر درد","iscorrect":0},{"id":"23593","description":"کاهش درد","iscorrect":0},{"id":"23594","description":"راحت‌تر کار کردن قلب","iscorrect":1},{"id":"23595","description":"کاهش اضطراب","iscorrect":0}]},{"id":"6151","description":"سوختگی‌های درجه ۱ و ۲ به عنوان سوختگی‌ ... و سوختگی درجه ۳ با نام سوختگی ... نیز شناخته می‌شوند.","answers":[{"id":"23596","description":"ریکاوری نسبی، تمام ریکاوری","iscorrect":0},{"id":"23597","description":"ضخامت نسبی، تمام ریکاوری","iscorrect":0},{"id":"23598","description":"ضخامت نسبی، تمام ضخامت","iscorrect":1},{"id":"23599","description":"تمام ریکاوری، ریکاوری نسبی","iscorrect":0}]}]}]},{"name":"آزمون نهایی دوره کمک‌های اولیه","id":"1444","contentorder":"20","type":1,"set":[{"score":"60","questions":[{"id":"6171","description":"در برخورد با مصدوم بیهوش یا ناتوان باید بدون درنگ، سه موضوع را به ترتیب بررسی کنیم. کدام یک از گزینه‌های زیر این سه موضوع را (با ترتیب صحیح) نشان می‌دهد؟","answers":[{"id":"23600","description":"۱- گردش خون ۲- تنفس طبیعی مصدوم ۳- بررسی راه هوایی مصدوم","iscorrect":0},{"id":"23601","description":"۱- بررسی راه هوایی ۲- تنفس طبیعی ۳-گردش خون","iscorrect":1},{"id":"23602","description":"۱- تنفس طبیعی مصدوم ۲- گردش خون- ۳- بررسی راه هوایی مصدوم","iscorrect":0},{"id":"23603","description":"۱- تنفس طبیعی مصدوم ۲- بررسی راه هوایی مصدوم۳- گردش خون","iscorrect":0}]},{"id":"6172","description":"کدام گزینه ساده‌ترین راه ارزیابی اولیه از وضعیت مصدوم به شمار می‌رود؟","answers":[{"id":"23604","description":"بررسی گردش خون","iscorrect":0},{"id":"23605","description":"گرفتن نبض مصدوم","iscorrect":0},{"id":"23606","description":"پرسیدن از مصدوم","iscorrect":1},{"id":"23607","description":"بررسی راه هوایی مصدوم","iscorrect":0}]},{"id":"6173","description":"هنگامی که مصدوم بیهوش است، نبض ندارد و نفس نمی‌کشد باید بی‌درنگ به ... روی آورد.","answers":[{"id":"23608","description":"گرفتن نبض","iscorrect":0},{"id":"23609","description":"ماساژ قلبی","iscorrect":1},{"id":"23610","description":"ماساژ سر","iscorrect":0},{"id":"23611","description":"ماساژ دست و پا","iscorrect":0}]},{"id":"6174","description":"برای پاکسازی مجرای تنفسی یک فرد هوشیار سه راه حل پیش رو داریم:","answers":[{"id":"23612","description":"روش ریکاوری/ روش نبض‌گیری/ مانور هایم لیش","iscorrect":0},{"id":"23613","description":"روش ضربه زدن به پشت مصدوم/ روش ریکاوری/ روش نبض‌گیری","iscorrect":0},{"id":"23614","description":"روش سرفه کردن محکم و متوالی/ روش ضربه زدن به پشت مصدوم/ مانور هایم لیش","iscorrect":1},{"id":"23615","description":"روش نبض‌گیری/ مانور هایم لیش/ روش سرفه کردن محکم و متوالی","iscorrect":0}]},{"id":"6175","description":"این نوع زخم‌ها ساده‌ترین زخم‌هایی است که در بدن یک فرد ایجاد می‌شوند و خونریزی کمی دارند اما به علت آسیب دیدن سطح بیرونی پوست به مقدار احتمالا زیاد، اعصاب پوستی را درگیر کرده و درد فراوانی دارند.","answers":[{"id":"23616","description":"زخم‌های پاره‌شدگی و کنده‌شدگی","iscorrect":0},{"id":"23617","description":"زخم‌های شکاف‌دار","iscorrect":0},{"id":"23618","description":"زخم‌های سوراخ‌شدگی","iscorrect":0},{"id":"23619","description":"زخم‌های خراشیدگی","iscorrect":1}]},{"id":"6176","description":"کدامیک از گزینه‌های زیر تعریف زخمهای شکاف‌دار به شمار می‌رود؟","answers":[{"id":"23620","description":"در این نوع زخم‌ها دیواره زخم‌ها مستقیم است و بسته به شدت زخم ایجاد شده حتی می‌تواند به عروق خونی نیز صدمه برساند. این نوع زخم‌ها را با فشار دادن و پانسمان به خوبی می‌توان کنترل کرد. ","iscorrect":1},{"id":"23621","description":"در این نوع زخم‌ها ممکن است بخشی از سطح پوست پاره شود و از محل زخم آوریزان شود که با درد فراوان همراه است.","iscorrect":0},{"id":"23622","description":"این نوع زخم‌ها ساده‌ترین زخم هایی است که در بدن یک فرد ایجاد می‌شوند و خونریزی کمی دارند اما به علت آسیب دیدن سطح بیرونی پوست به مقدار احتمالا زیاد، اعصاب پوستی را درگیر کرده و درد فراوانی دارند.","iscorrect":0},{"id":"23623","description":"این نوع زخم‌ها بر اثر ورود اجسام خارجی نوک تیز مانند چاقو، میخ یا حتی گلوله به بدن بوجود می‌آیند و معمولآ حجم این زخم‌ها کوچک هستند.","iscorrect":0}]},{"id":"6177","description":"کدام‌یک از تعاریف زیر، تعریف بتادین به شمار می‌رود؟","answers":[{"id":"23624","description":"بتادین یک محلول ضدعفونی کننده با ید است که اثرات ید در آن کاهش یافته است.","iscorrect":1},{"id":"23625","description":"بتادین یک محلول شامل نمک است.","iscorrect":0},{"id":"23626","description":"بتادین یک ماده شیمیایی است که برای شستشوی دهان و دندان به کار می‌رود.","iscorrect":0},{"id":"23627","description":"هیچ‌کدام","iscorrect":0}]},{"id":"6178","description":"در این نوع سوختگی، تاول و ترشح مایعات به همراه درد دیده می شود و مدت زمان بهبود این نوع سوختی حدود سه هفته است و باید به پزشک مراجعه شود.","answers":[{"id":"23628","description":"سوختگی درجه ۱","iscorrect":0},{"id":"23629","description":"سوختگی درجه ۲","iscorrect":1},{"id":"23630","description":"سوختگی درجه ۳","iscorrect":0},{"id":"23631","description":"سوختگی درجه ۴","iscorrect":0}]},{"id":"6179","description":"اگر مصدوم پس از حمله قلبی در شرایط دشواری قرار گرفته و تنفس نمی‌کند، بی‌درنگ اورژانس خبر کرده و ... را آغاز کنید.","answers":[{"id":"23632","description":"EFD","iscorrect":0},{"id":"23633","description":"CBA","iscorrect":1},{"id":"23634","description":"AGH","iscorrect":0},{"id":"23635","description":"TRF","iscorrect":0}]},{"id":"6180","description":"وظیقه قرص نیتروگلیسیرین چیست؟","answers":[{"id":"23636","description":"کاهش سردرد","iscorrect":0},{"id":"23637","description":"کاهش درد","iscorrect":0},{"id":"23638","description":"راحت‌تر کار کردن قلب","iscorrect":1},{"id":"23639","description":"کاهش اضطراب","iscorrect":0}]}]},{"score":"60","questions":[{"id":"6181","description":"در برخورد با مصدومانی که نیاز به کمک‌های اولیه دارند ... در ارزیابی مهم‌ترین بخش کمک را تشکیل می‌دهد.","answers":[{"id":"23640","description":"بررسی گردن خون","iscorrect":0},{"id":"23641","description":"گرفتن نبض مصدوم","iscorrect":0},{"id":"23642","description":"تشخیص عارضه","iscorrect":1},{"id":"23643","description":"بررسی راه هوایی مصدوم","iscorrect":0}]},{"id":"6182","description":"انسان بالغ به طور معمول حدود ... تا ... مرتبه در دقیقه عمل دم و بازدم را انجام می‌دهد.","answers":[{"id":"23644","description":"۱۸ تا ۲۸","iscorrect":0},{"id":"23645","description":"۱۱تا ۲۰","iscorrect":0},{"id":"23646","description":"۱۰ تا ۲۰","iscorrect":0},{"id":"23647","description":"۱۲ تا ۲۰","iscorrect":1}]},{"id":"6183","description":"اگر احساس کردید مصدوم کم‌تر از حالت نرمال یا بیشتر از آن عمل دم و بازدم را انجام می‌دهد، باید بی‌درنگ ...","answers":[{"id":"23648","description":"سر او را به سمت بالا بگیرید.","iscorrect":0},{"id":"23649","description":"عمل تنفس مصنوعی را بر روی او انجام دهید.","iscorrect":1},{"id":"23650","description":"او را به حالت خوابیده نگه دارید.","iscorrect":0},{"id":"23651","description":"او را به حالت ایستاده نگه دارید.","iscorrect":0}]},{"id":"6184","description":"اگر متوجه شدید که فرد بیهوش به صورت طبیعی در حال انجام دادن دم و بازدم است، او را در وضعیت ... بخوابانید.","answers":[{"id":"23652","description":"Recovery position","iscorrect":1},{"id":"23653","description":"Management style","iscorrect":0},{"id":"23654","description":"Stand up","iscorrect":0},{"id":"23655","description":"Sitting down","iscorrect":0}]},{"id":"6185","description":"معمولا در حالتی که فرد دچار بی‌حالی یا اسهال و استفراغ شدید بوده و یا دچار حمله قلبی می‌شود نبض او ... حالت نرمال است.","answers":[{"id":"23656","description":"بیشتر از","iscorrect":0},{"id":"23657","description":"کم‌تر از","iscorrect":1},{"id":"23658","description":"برابر با","iscorrect":0},{"id":"23659","description":"کمی بیشتر","iscorrect":0}]},{"id":"6186","description":"در معاینه بالینی پس از این‌که سر را معاینه کردیم بهتر است کدام قسمت بدن را معاینه کنیم؟","answers":[{"id":"23660","description":"شکم","iscorrect":0},{"id":"23661","description":"قفسه سینه","iscorrect":1},{"id":"23662","description":"پاها","iscorrect":0},{"id":"23663","description":"دست‌ها","iscorrect":0}]},{"id":"6187","description":"برای معاینه بالینی از کدام قسمت بدن باید معاینه را شروع کرد؟","answers":[{"id":"23664","description":"دست‌ها","iscorrect":0},{"id":"23665","description":"شکم","iscorrect":0},{"id":"23666","description":"سر","iscorrect":1},{"id":"23667","description":"پاها","iscorrect":0}]},{"id":"6188","description":"منظور ازCardiopulmonary resuscitation چیست؟","answers":[{"id":"23668","description":"گرفتن نبض","iscorrect":0},{"id":"23669","description":"ماساژ قلبی","iscorrect":1},{"id":"23670","description":"ماساژ سر","iscorrect":0},{"id":"23671","description":"ماساژ دست و پا","iscorrect":0}]},{"id":"6189","description":"عبارت زیر تعریف کدام مانور است؟\n\nدر این مانور باید ابتدا پشت سر مصدوم قرار بگیرید. سپس یکی از دستان خود را مشت کرده و با دست دیگر دست مشت شده را بگیرید و تشکیل یک حلقه را بدهید. نحوه قرارگیری دستان شما در این روش به گونه‌ای‌ است که از زیر بغل مصدوم رد شده است یعنی دستان مصدوم بالای حلقه ایجاد شده توسط دستان شما قرار می‌گیرد. باید توجه کنید که محل قرار گیری مرکز حلقه ایجاد شده توسط دستان شما پایین‌تر از زائده خنجری جناغ سینه فرد مصدوم باشد.","answers":[{"id":"23672","description":"مانور نبض‌گیری","iscorrect":0},{"id":"23673","description":"مانور هایم لیش","iscorrect":1},{"id":"23674","description":"مانور ریکاوری","iscorrect":0},{"id":"23675","description":"مانور بالا به پایین","iscorrect":0}]},{"id":"6190","description":"سوختگی‌های درجه یک و دو به عنوان سوختگی‌های ... و سوختگی درجه سه با نام سوختگی ... نیز شناخته می‌شوند.","answers":[{"id":"23677","description":"ریکاوری نسبی، تمام رکاوری","iscorrect":0},{"id":"23678","description":"ضخامت نسبی، تمام ریکاوری","iscorrect":0},{"id":"23679","description":"ضخامت نسبی، تمام ضخامت","iscorrect":1},{"id":"23680","description":"تمام ریکاوری، ریکاوری نسبی","iscorrect":0}]}]}]}]}