{"courseId":"92","contents":[{"name":"درس اول - مقدمه و آشنایی با گوگل وب‌مستر","id":"775","contentorder":"1","lesson_number":1,"type":0,"filename":"lesson775.html"},{"name":"آشنایی با گوگل وب‌مستر","id":"1335","contentorder":"2","type":1,"set":[{"score":"60","questions":[{"id":"5761","description":"منظور از اسپایدر (Spider) و کراولر (Crawler) چیست؟","answers":[{"id":"22119","description":"دو نرم‌افزار آنتی‌ویروس","iscorrect":0},{"id":"22120","description":"دو نرم‌افزار برای بهینه‌سازی موتورهای جستجو","iscorrect":0},{"id":"22121","description":"اسپایدر (Spider) و کراولر (Crawler) دو ابزار گوگل در بخش جمع آوری اطلاعات هستند.","iscorrect":1},{"id":"22122","description":"دو نرم‌افزار برای طراحی وب‌سایت","iscorrect":0}]},{"id":"5762","description":"کدام‌ گزینه برای پر کردن جای خالی در عبارت زیر مناسب‌تر است؟\n\nپس از پایان همکاری بین کراولرها و اسپایدرها در زمینه یک وبسایت خاص، نوبت به تجزیه و تحلیل اطلاعات جمع آوری شده از سوی اسپایدرها می‌رسد. این اطلاعات از سوی .............. مورد تحلیل قرار می‌گیرد تا مشخص شود اطلاعات از کدام صفحه اینترنتی و در چه زمانی جمع آوری شده و محتویات صفحه پیرامون چیست.","answers":[{"id":"22123","description":"Indexer","iscorrect":1},{"id":"22124","description":"Nero","iscorrect":0},{"id":"22125","description":"Clone CD","iscorrect":0},{"id":"22126","description":"Gathering info","iscorrect":0}]},{"id":"5763","description":"منظور از SEO چیست؟","answers":[{"id":"22127","description":"SEO یک نرم‌افزار برای جلوگیری از هک است.","iscorrect":0},{"id":"22128","description":"بهینه سازی موتورهای جستجو","iscorrect":1},{"id":"22129","description":"منظور از SEO داشتن یک وب‌سایت برای کمک به افزایش ترافیک سایت‌های مرجع است.","iscorrect":0},{"id":"22130","description":"SEO یک روش برای بازاریابی به صورت آفلاین است.","iscorrect":0}]},{"id":"5764","description":"کدام‌یک از نرم‌افزارهای زیر، مرتبط با شرکت گوگل و ابزار گوگل وب‌مستر نیست؟","answers":[{"id":"22131","description":"Analytics","iscorrect":0},{"id":"22132","description":"AdWords","iscorrect":0},{"id":"22133","description":"Google Trends","iscorrect":0},{"id":"22134","description":"Babylon","iscorrect":1}]},{"id":"5765","description":"کدام‌ گزینه برای پر کردن جای خالی در عبارت زیر مناسب‌تر است؟<br />\nاسپایدر رفتاری شبیه به کاربران اینترنتی دارد با این تفاوت که اسپایدر‌...‌...‌...‌...‌...‌.....صفحات را می بینید اما کاربران نتیجه حاصل از قرار گرفتن این کدها را.","answers":[{"id":"22135","description":"کدهای HTML","iscorrect":1},{"id":"22136","description":"کدهای پاسکال","iscorrect":0},{"id":"22137","description":"کدهای سی","iscorrect":0},{"id":"22138","description":"کدهای سی شارپ","iscorrect":0}]}]},{"score":"60","questions":[{"id":"5766","description":"کدام‌یک از گزینه‌های زیر، یک ابزار گوگل در بخش جمع‌آوری اطلاعات است؟","answers":[{"id":"22139","description":"Nero","iscorrect":0},{"id":"22140","description":"Clone CD","iscorrect":0},{"id":"22141","description":"Gathering info","iscorrect":0},{"id":"22142","description":"Crawler","iscorrect":1}]},{"id":"5767","description":"کدام‌ گزینه برای پر کردن جای خالی در عبارت زیر مناسب‌تر است؟<br />\nدر حقیقت ‌...‌...‌...‌...‌...‌..... نرم افزاری هستند که فرمانده اسپایدرها به شمار می روند. این نرم افزارها مشخص می کنند که چه صفحاتی باید از سوی اسپایدرها بازدید شوند.","answers":[{"id":"22143","description":"Neroها","iscorrect":0},{"id":"22144","description":"Clone CDها","iscorrect":0},{"id":"22145","description":"Gathering infoها","iscorrect":0},{"id":"22146","description":"Crawlerها","iscorrect":1}]},{"id":"5768","description":"کدام‌یک از نرم‌افزارهای زیر، مرتبط با شرکت گوگل و ابزار گوگل وب‌مستر نیست؟","answers":[{"id":"22147","description":"Analytics","iscorrect":0},{"id":"22148","description":"AdWords","iscorrect":0},{"id":"22149","description":"Google Trends","iscorrect":0},{"id":"22150","description":"Babylon","iscorrect":1}]},{"id":"5769","description":"کدام یک از گزینه‌های زیر عبارت اختصاری «بهینه سازی موتورهای جستجو» در انگلیسی است؟","answers":[{"id":"22151","description":"CCF","iscorrect":0},{"id":"22152","description":"GFP","iscorrect":0},{"id":"22153","description":"SEO","iscorrect":1},{"id":"22154","description":"SEP","iscorrect":0}]},{"id":"5770","description":"کدام‌ گزینه برای پر کردن جای خالی در عبارت زیر مناسب‌تر است؟<br />\nپس از پایان همکاری بین کراولرها و اسپایدرها در زمینه یک وبسایت خاص، نوبت به تجزیه و تحلیل اطلاعات جمع آوری شده از سوی اسپایدرها می رسد. این اطلاعات از سوی .............. مورد تحلیل قرار می گیرد تا مشخص شود اطلاعات از کدام صفحه اینترنتی و در چه زمانی جمع آوری شده و محتویات صفحه پیرامون چیست.","answers":[{"id":"22155","description":"Indexer","iscorrect":1},{"id":"22156","description":"Nero","iscorrect":0},{"id":"22157","description":"Clone CD","iscorrect":0},{"id":"22158","description":"Gathering info","iscorrect":0}]}]}]},{"name":"درس دوم - ثبت وب‌سایت در گوگل وب‌مستر","id":"776","contentorder":"3","lesson_number":2,"type":0,"filename":"lesson776.html"},{"name":"ثبت وب‌سایت در گوگل وب‌مستر","id":"1337","contentorder":"4","type":1,"set":[{"score":"66","questions":[{"id":"5771","description":"سه نمونه از مهمترین روش‌های پیشنهاد گوگل برای اثبات مالکیت یک وب‌سایت………………...، …………………. و …………………… است.","answers":[{"id":"22159","description":"تماس تلفنی با گوگل، ارسال ایمیل به گوگل و ارسال نامه‌ی پستی به گوگل","iscorrect":0},{"id":"22160","description":"درج لینک در وب‌سایت، استفاده از کدهای سی‌اس‌اس و استفاده از HTML","iscorrect":0},{"id":"22161","description":"استفاده از HTML tag، استفاده از اکانت Google Analytics و تایید فایل","iscorrect":1},{"id":"22162","description":"استفاده از اکانت Google Analytics ارسال ایمیل به گوگل و تماس تلفنی با گوگل","iscorrect":0}]},{"id":"5772","description":"کدام‌ گزینه برای پر کردن جای خالی در عبارت زیر مناسب‌تر است؟<br />\nبرخی از سازندگان صفحات وب برای فریب اسپایدرها از صفحاتی استفاده می‌کنند که تنها برای این روبات‌ها ساخته شده‌اند و در معرض دید کاربران وب‌سایت‌ها قرار ندارد. گوگل این کار را بخشی از تکنیک ‌...‌...‌...‌.... می‌داند که بر اساس آی پی وارد شده به صفحات ورودی پایه ریزی شده است.","answers":[{"id":"22163","description":"Cloking","iscorrect":1},{"id":"22164","description":"AdWords","iscorrect":0},{"id":"22165","description":"Google Trends","iscorrect":0},{"id":"22166","description":"Babylon","iscorrect":0}]},{"id":"5773","description":"کدام‌ گزینه برای پر کردن جای خالی در عبارت زیر مناسب‌تر است؟<br />\nدر شیوه ‌...‌...‌...‌...‌...‌..... سازندگان وب‌سایت‌ها، صفحاتی را ایجاد می‌کنند که هر صفحه آن دارای یک کلید واژه خاص بوده و برای آن بهینه شده است. آن‌ها سپس کاربران را به یک وب‌سایت مشخص هدایت می‌کنند که به جای داشتن مطلب مفید تنها خستگی کاربران را به همراه دارد.","answers":[{"id":"22167","description":"اسپایدرها","iscorrect":0},{"id":"22168","description":"صفحات چندگانه","iscorrect":1},{"id":"22169","description":"صفحات تک به تک","iscorrect":0},{"id":"22170","description":"CSS","iscorrect":0}]}]},{"score":"66","questions":[{"id":"5774","description":"عدد بزرگتر در پیج رنک نشان دهنده چیست؟","answers":[{"id":"22171","description":"نشان دهنده این است که وب‌سایت‌های زیادی به وب‌سایت مورد نظر لینک داده‌اند.","iscorrect":1},{"id":"22172","description":"نشان دهنده این است که لینک دادن به سایت مورد نظر به طرز چشمگیری کاهش یافته است.","iscorrect":0},{"id":"22173","description":"عدد پیج رنک نشان دهنده قیمت یک وب‌سایت به نرخ دلار است.","iscorrect":0},{"id":"22174","description":"عدد پیج رنک نشان دهنده قیمت یک وب‌سایت به نرخ یورو است.","iscorrect":0}]},{"id":"5775","description":"کاربرد قطعه کد زیر چیست؟\n\n\n<br />\n<br />\nYour Title<br />\n<br />\n<br />\n\n\n\n","answers":[{"id":"22175","description":"این قطعه کد برای جلوگیری از هک شدن کاربرد دارد.","iscorrect":0},{"id":"22176","description":"این قطعه کد برای جلوگیری از ویروسی شدن سیستم کاربرد دارد.","iscorrect":0},{"id":"22177","description":"این قطعه کد برای کسانی که مایل هستند از شیوه HTML tag برای اثبات مالکیت سایت خود در گوگل وب‌مستر استفاده کنند کاربرد دارد.","iscorrect":1},{"id":"22178","description":"این قطعه کد برای ارسال ایمیل گروهی کاربرد دارد","iscorrect":0}]},{"id":"5776","description":"کدام‌ گزینه برای پر کردن جای خالی در عبارت زیر مناسب‌تر است؟<br />\nبرخی از سازندگان صفحات وب برای فریب اسپایدرها از صفحاتی استفاده می‌کنند که تنها برای این روبات‌ها ساخته شده‌اند و در معرض دید کاربران وب‌سایت‌ها قرار ندارد. گوگل این کار را بخشی از تکنیک ‌...‌...‌...‌.... می‌داند که بر اساس آی پی وارد شده به صفحات ورودی پایه ریزی شده است.","answers":[{"id":"22179","description":"Cloking","iscorrect":1},{"id":"22180","description":"AdWords","iscorrect":0},{"id":"22181","description":"Google Trends","iscorrect":0},{"id":"22182","description":"Babylon","iscorrect":0}]}]}]},{"name":"درس سوم- بررسی بخش Search Appearance","id":"777","contentorder":"5","lesson_number":3,"type":0,"filename":"lesson777.html"},{"name":"بررسی بخش Search Appearance","id":"1339","contentorder":"6","type":1,"set":[{"score":"66","questions":[{"id":"5777","description":"کدام‌یک از گزینه‌های زیر از زیرمجموعه‌های قسمت Search Appearance به شمار نمی‌رود؟","answers":[{"id":"22183","description":"Structured Data","iscorrect":0},{"id":"22184","description":"Data Highlighter","iscorrect":0},{"id":"22185","description":"HTML Improvements","iscorrect":0},{"id":"22186","description":"Paper","iscorrect":1}]},{"id":"5778","description":"در بخش …………………….. شما لیستی از موضوعاتی با HTML Meta Description (متا تگ توضیحات، توضیحاتی که در زیر لینک شما در موتور جستجوی گوگل به عنوان توضیح بیشتر لینک به نمایش در می‌آید) و برچسب عنوان (Title Tag) مشاهده می‌کنید.","answers":[{"id":"22187","description":"Structured Data","iscorrect":0},{"id":"22188","description":"Data Highlighter","iscorrect":0},{"id":"22189","description":"HTML Improvements","iscorrect":1},{"id":"22190","description":"Sitelinks","iscorrect":0}]},{"id":"5779","description":"………………………. یک راه در تامین کردن اطلاعات بیشتر برای موتورهای جستجوگر به شمار می‌رود که به موتورهای جستجو امکان درک بهتر محتوای شما را می‌دهد.","answers":[{"id":"22191","description":"Structured Data","iscorrect":1},{"id":"22192","description":"Data Highlighter","iscorrect":0},{"id":"22193","description":"HTML Improvements","iscorrect":0},{"id":"22194","description":"Sitelinks","iscorrect":0}]}]},{"score":"66","questions":[{"id":"5780","description":"از زیر مجموعه‌های قسمت Search Appearance این قسمت یک راه کاربرپسند برای مدیران در داخل ابزارهای مدیریت وب‌سایت برای برچسب گذاری محتوای وب‌سایت هایشان به شمار می‌رود. برای مثال، اگر یک صفحه از رویدادهایی دارید که در آینده رخ می‌دهد، می‌توانید به راحتی هر رویداد را با این قسمت برچسب گذاری کنید.","answers":[{"id":"22195","description":"Structured Data","iscorrect":0},{"id":"22196","description":"Data Highlighter","iscorrect":1},{"id":"22197","description":"HTML Improvements","iscorrect":0},{"id":"22198","description":"Sitelinks","iscorrect":0}]},{"id":"5781","description":"کدام‌یک از زیر مجموعه‌های قسمت Search Appearance لینک‌هایی هستند به صورت خودکار در زیر نتایج جستجو ساخته می‌شوند و جستجوگران می‌توانند آن‌ها را مشاهده کنند؟","answers":[{"id":"22199","description":"Structured Data","iscorrect":0},{"id":"22200","description":"Data Highlighter","iscorrect":0},{"id":"22201","description":"HTML Improvements","iscorrect":0},{"id":"22202","description":"Sitelinks","iscorrect":1}]},{"id":"5782","description":"………………………. یک راه در تامین کردن اطلاعات بیشتر برای موتورهای جستجوگر به شمار می‌رود که به موتورهای جستجو امکان درک بهتر محتوای شما را می‌دهد.","answers":[{"id":"22203","description":"Structured Data","iscorrect":1},{"id":"22204","description":"Data Highlighter","iscorrect":0},{"id":"22205","description":"HTML Improvements","iscorrect":0},{"id":"22206","description":"Sitelinks","iscorrect":0}]}]}]},{"name":"درس چهارم- بررسی بخش Search Traffic و تنظیمات مرتبط با جستجو","id":"778","contentorder":"7","lesson_number":4,"type":0,"filename":"lesson778.html"},{"name":"بررسی بخش Search Traffic و تنظیمات مرتبط با جستجو","id":"1341","contentorder":"8","type":1,"set":[{"score":"60","questions":[{"id":"5783","description":"کدام یک از گزینه‌های زیر در زیر مجموعه Search Traffic وجود ندارد؟","answers":[{"id":"22207","description":"Links to Your Site","iscorrect":0},{"id":"22208","description":"Search Queries","iscorrect":0},{"id":"22209","description":"Manual Action","iscorrect":0},{"id":"22210","description":"Google Analytics","iscorrect":1}]},{"id":"5784","description":"این بخش از Search Queries به شما نشان می‌دهد که وب‌سایت شما چند بار در جستجوهای انجام شده برای کاربران اینترنتی به نمایش در آمده است.","answers":[{"id":"22211","description":"Queries","iscorrect":0},{"id":"22212","description":"Query List","iscorrect":0},{"id":"22213","description":"Impressions","iscorrect":1},{"id":"22214","description":"CTR","iscorrect":0}]},{"id":"5785","description":"این ستون در صفحه Search Queries، درصد کاربرانی را نشان می‌دهد که پس از نمایش وب‌سایت شما در جستجوی آنها تصمیم گرفته‌اند تا به وب‌سایت شما مراجعه کنند.","answers":[{"id":"22215","description":"CTR","iscorrect":1},{"id":"22216","description":"Average Position","iscorrect":0},{"id":"22217","description":"Impressions","iscorrect":0},{"id":"22218","description":"Clicks","iscorrect":0}]},{"id":"5786","description":"شما در ستون ………………….. می‌بینید که وب‌سایت شما در جستجوی عبارت معین در چه جایگاهی قرار گرفته است.","answers":[{"id":"22219","description":"CTR","iscorrect":0},{"id":"22220","description":"Average Position","iscorrect":1},{"id":"22221","description":"Impressions","iscorrect":0},{"id":"22222","description":"Clicks","iscorrect":0}]},{"id":"5787","description":"بازه نمایش آمارها در صفحه Search Queries از میانه های سال ۲۰۱۲ به صورت ۹۰ روزه تبدیل شده است و شما می‌توانید آمار ۹۰ روز گذشته را مشاهده کنید اما گوگل تنها به شما اجازه مقایسه آمار کنونی را در بازه‌ای …........... روزه یا کمتر می‌دهد.","answers":[{"id":"22223","description":"۸۰","iscorrect":0},{"id":"22224","description":"۷۰","iscorrect":0},{"id":"22225","description":"۳۰","iscorrect":1},{"id":"22226","description":"۲۰","iscorrect":0}]}]},{"score":"60","questions":[{"id":"5788","description":"کدام یک از گزینه‌های زیر لیست مشخصی از جستجوهای انجام شده است که بواسطه آن، وب‌سایت شما در موتورهای جستجو به نمایش در آمده است؟","answers":[{"id":"22227","description":"Queries","iscorrect":0},{"id":"22228","description":"Query list","iscorrect":1},{"id":"22229","description":"Impressions","iscorrect":0},{"id":"22230","description":"CTR","iscorrect":0}]},{"id":"5789","description":"شما در این بخش از زیر مجموعه Search Traffic، خواهید دید که چه وب‌سایت‌هایی و برای چه به وب‌سایت شما لینک داده‌اند.","answers":[{"id":"22231","description":"Links to Your Site","iscorrect":1},{"id":"22232","description":"Search Queries","iscorrect":0},{"id":"22233","description":"Manual Action","iscorrect":0},{"id":"22234","description":"Internal Links","iscorrect":0}]},{"id":"5790","description":"عبارت With Change در کنار عنوان کلیک نیز نشان دهنده چیست؟","answers":[{"id":"22235","description":"به روز رسانی گوگل وب‌مستر","iscorrect":0},{"id":"22236","description":"جلوگیری از ویروسی شدن سیستم","iscorrect":0},{"id":"22237","description":"افزایش یا کاهش درصد متوسط روزانه این شاخص نسبت به مدت مشابه دوره گذشته","iscorrect":1},{"id":"22238","description":"تعداد کلیک‌ها","iscorrect":0}]},{"id":"5791","description":"کدام یک از گزینه‌های زیر در زیر مجموعه Search Traffic وجود ندارد؟","answers":[{"id":"22239","description":"Links to Your Site","iscorrect":0},{"id":"22240","description":"Search Queries","iscorrect":0},{"id":"22241","description":"Manual Action","iscorrect":0},{"id":"22242","description":"Google Analytics","iscorrect":1}]},{"id":"5792","description":"بازه نمایش آمارها در صفحه Search Queries از میانه‌های سال ۲۰۱۲ به صورت ۹۰ روزه تبدیل شده است و شما می‌توانید آمار ۹۰ روز گذشته را مشاهده کنید اما گوگل تنها به شما اجازه مقایسه آمار کنونی را در بازه‌ای …........... روزه یا کمتر می دهد.","answers":[{"id":"22243","description":"۸۰","iscorrect":0},{"id":"22244","description":"۷۰","iscorrect":0},{"id":"22245","description":"۳۰","iscorrect":1},{"id":"22246","description":"۲۰","iscorrect":0}]}]}]},{"name":"درس پنجم- بررسی بخش‌های Internal Links و Manual Action","id":"779","contentorder":"9","lesson_number":5,"type":0,"filename":"lesson779.html"},{"name":"بررسی بخش‌های Internal Links و Manual Action","id":"1343","contentorder":"10","type":1,"set":[{"score":"66","questions":[{"id":"5793","description":"کدام‌ گزینه از بخش‌های زیر (از زیر مجموعه Search Traffic) صفحه‌هایی از وب‌سایت شما را نشان می‌دهد که از سوی دیگر صفحه‌های وب‌سایت شما لینک شده‌اند؟","answers":[{"id":"22247","description":"Links to Your Site","iscorrect":0},{"id":"22248","description":"Search Queries","iscorrect":0},{"id":"22249","description":"Manual Action","iscorrect":0},{"id":"22250","description":"Internal Links","iscorrect":1}]},{"id":"5794","description":"کدام‌ یک از گزینه‌های زیر مربوط به «جریمه دستی» در گوگل وب‌مستر است؟","answers":[{"id":"22251","description":"Links to Your Site","iscorrect":0},{"id":"22252","description":"Search Queries","iscorrect":0},{"id":"22253","description":"Manual Action","iscorrect":1},{"id":"22254","description":"Internal Links","iscorrect":0}]},{"id":"5795","description":"کدام‌ یک از گزینه‌های زیر از دلایل اعمال جریمه دستی توسط گوگل به شمار نمی‌رود؟","answers":[{"id":"22255","description":"محتوای بی کیفیت و کم ارزش یا بی ارزش وب‌سایت شما","iscorrect":0},{"id":"22256","description":"استفاده از تکنیک Cloaking (ریدایرکت پنهان)","iscorrect":0},{"id":"22257","description":"استفاده از لینک‌های غیرطبیعی در وب‌سایت شما","iscorrect":0},{"id":"22258","description":"ثبت وب‌سایت شما در گوگل وب‌مستر","iscorrect":1}]}]},{"score":"66","questions":[{"id":"5796","description":"منظور از پیغام Unnatural Links to Your Site—Impacts Links چیست؟","answers":[{"id":"22259","description":"این پیغام به این معنی‌ است که گوگل متوجه شده الگویی از لینک‌هایی به صورت غیرطبیعی، ساختگی، گمراه کننده یا دستکاری شده به وب‌سایت شما اشاره می‌کند.","iscorrect":1},{"id":"22260","description":"این پیغام به معنی پایان حق استفاده شما از گوگل وب‌مستر است.","iscorrect":0},{"id":"22261","description":"این پیغام به معنای هک شدن سایت شما است.","iscorrect":0},{"id":"22262","description":"این پیغام به معنی ویروسی شدن سیستم رایانه شما است.","iscorrect":0}]},{"id":"5797","description":"کدام‌ یک از گزینه‌های زیر باعث می‌شود که گوگل جریمه دستی شما را بازبینی کند؟","answers":[{"id":"22263","description":"Fine","iscorrect":0},{"id":"22264","description":"Penalty","iscorrect":0},{"id":"22265","description":"Reconsideration Request","iscorrect":1},{"id":"22266","description":"Unnatural","iscorrect":0}]},{"id":"5798","description":"منظور از Manual Action چیست؟","answers":[{"id":"22267","description":"لینک دادن به صفحات","iscorrect":0},{"id":"22268","description":"تبلیغ در گوگل","iscorrect":0},{"id":"22269","description":"جریمه دستی","iscorrect":1},{"id":"22270","description":"جلوگیری از هک","iscorrect":0}]}]}]},{"name":"درس ششم- هک و امنیت در گوگل وب‌مستر","id":"780","contentorder":"11","lesson_number":6,"type":0,"filename":"lesson780.html"},{"name":"هک و امنیت در گوگل وب‌مستر","id":"1345","contentorder":"12","type":1,"set":[{"score":"60","questions":[{"id":"5799","description":"اگر شما در بخش جریمه‌های دستی با عبارت User-Generated Spam برخورد کردید، به این معنی‌ست که……………………","answers":[{"id":"22271","description":"گوگل وب‌سایت شما را به عنوان وب‌سایت اسپمی شناخته که این اسپم از سوی کاربرانتان منتشر می‌شود.","iscorrect":1},{"id":"22272","description":"گوگل شما را جریمه کرده است.","iscorrect":0},{"id":"22273","description":"گوگل متوجه هک شدن وب‌سایت شما شده است.","iscorrect":0},{"id":"22274","description":"گوگل وب‌سایت شما را آفلاین کرده است.","iscorrect":0}]},{"id":"5800","description":"منظور از حمله فیشینگ چیست؟","answers":[{"id":"22275","description":"فیشینگ به معنای ماهی گیری نام یک نرم‌ افزار هک است که هکر‌ها از طریق آن به سیستم‌های کاربران حمله می‌کنند.","iscorrect":0},{"id":"22276","description":"حمله فیشینگ، به حمله ای گفته می‌شود که هکرها با ساختن یک وب‌سایت جعلی شبیه به وب‌سایت اصلی از شما می‌خواهند که نام کاربری و رمز خود را وارد کنید و کاربران اینترنتی بدون اطلاع از وجود این حمله، نام کاربری و یوزر خود را به هکرها تحویل می‌دهند.","iscorrect":1},{"id":"22277","description":"حمله فیشینگ یک نوع حمله است که قربانیان آن کاربرانی هستند که به طور دائم به اسپم پراکنی در اینترنت مشغولند.","iscorrect":0},{"id":"22278","description":"حمله فیشینگ یک نرم افزار آنتی ویروس است.","iscorrect":0}]},{"id":"5801","description":"در بخش User-Agent می توانید تمامی ربات‌ها را با استفاده از دستور “ User-agent: * ”و یا تنها روبات گوگل را با استفاده از دستور ……………... از فعالیت خود آگاه کنید.","answers":[{"id":"22279","description":"User","iscorrect":0},{"id":"22280","description":"Agent","iscorrect":0},{"id":"22281","description":"User-Agent: Googlebot","iscorrect":1},{"id":"22282","description":"User-Agent","iscorrect":0}]},{"id":"5802","description":"کدام‌ یک از گزینه‌های زیر از دلایل جریمه به دلیل محتوای کم ارزش است؟","answers":[{"id":"22283","description":"طراحی سایت با پی اچ پی","iscorrect":0},{"id":"22284","description":"استفاده از جاوا اسکریپت","iscorrect":0},{"id":"22285","description":"ایجاد صفحاتی برای استفاده از اسپم آگهی (Spamdexing)","iscorrect":1},{"id":"22286","description":"استفاده از جدول در سایت","iscorrect":0}]},{"id":"5803","description":"کدام گزینه به درخواست بازبینی از سوی شما به گوگل برای جریمه دستی اشاره دارد؟","answers":[{"id":"22287","description":"Context","iscorrect":0},{"id":"22288","description":"Content","iscorrect":0},{"id":"22289","description":"Conflex","iscorrect":0},{"id":"22290","description":"Request Reconsideration","iscorrect":1}]}]},{"score":"60","questions":[{"id":"5804","description":"هرگاه شما در بخش Manual Action به عبارت Thin Content With Little or No Added Value برخورد کردید به این معنی ست……………………….","answers":[{"id":"22291","description":"گوگل محتوای وب‌سایت شما را کم ارزش می‌داند.","iscorrect":1},{"id":"22292","description":"گوگل شما را جریمه کرده است.","iscorrect":0},{"id":"22293","description":"گوگل متوجه هک شدن وب‌سایت شما شده است.","iscorrect":0},{"id":"22294","description":"گوگل وب‌سایت شما را آفلاین کرده است.","iscorrect":0}]},{"id":"5805","description":"گوگل وب‌سایت ………………….. و بخش فروم آن و همچنین بحث‌های موجود در فروم Google Webmaster Central درباره وب‌سایت‌های هک شده پیشنهاد می‌دهد.","answers":[{"id":"22295","description":"Yahoo.com","iscorrect":0},{"id":"22296","description":"Ebay.com","iscorrect":0},{"id":"22297","description":"StopBadware.org","iscorrect":1},{"id":"22298","description":"Bing.com","iscorrect":0}]},{"id":"5806","description":"برای اینکه موتورهای جستجو را از خزیدن (Crawling) در وب‌سایت خود منع کنید می‌توانید با استفاده از فایل ………………... این کار را انجام دهید.","answers":[{"id":"22299","description":"Content","iscorrect":0},{"id":"22300","description":"Conflex","iscorrect":0},{"id":"22301","description":"Context","iscorrect":0},{"id":"22302","description":"robots.txt","iscorrect":1}]},{"id":"5807","description":"منظور از حمله فیشینگ چیست؟","answers":[{"id":"22303","description":"فیشینگ به معنای ماهی گیری نام یک نرم‌ افزار هک است که هکر‌ها از طریق آن به سیستم‌های کاربران حمله می‌کنند.","iscorrect":0},{"id":"22304","description":"حمله فیشینگ، به حمله‌ای گفته می‌شود که هکرها با ساختن یک وب‌سایت جعلی شبیه به وب‌سایت اصلی از شما می‌خواهند که نام کاربری و رمز خود را وارد کنید و کاربران اینترنتی بدون اطلاع از وجود این حمله، نام کاربری و یوزر خود را به هکرها تحویل می‌دهند.","iscorrect":1},{"id":"22305","description":"حمله فیشینگ یک نوع حمله است که قربانیان آن کاربرانی هستند که به طور دائم به اسپم پراکنی در اینترنت مشغولند.","iscorrect":0},{"id":"22306","description":"حمله فیشینگ یک نرم افزار آنتی ویروس است.","iscorrect":0}]},{"id":"5808","description":"در بخش User-Agent می‌توانید تمامی ربات‌ها را با استفاده از دستور “ User-agent: * ” و یا تنها روبات گوگل را با استفاده از دستور ……………... از فعالیت خود آگاه کنید.","answers":[{"id":"22307","description":"User","iscorrect":0},{"id":"22308","description":"Agent","iscorrect":0},{"id":"22309","description":"User-Agent: Googlebot","iscorrect":1},{"id":"22310","description":"User-Agent","iscorrect":0}]}]}]},{"name":"درس هفتم- استفاده از تکنیک Cloaking","id":"781","contentorder":"13","lesson_number":7,"type":0,"filename":"lesson781.html"},{"name":"استفاده از تکنیک Cloaking","id":"1347","contentorder":"14","type":1,"set":[{"score":"66","questions":[{"id":"5809","description":"اگر شما در بخش جریمه دستی، به عبارت Cloaking and/or Sneaky Redirects برخورد کردید به این معنی ست که………………………..","answers":[{"id":"22311","description":"وب‌سایت شما از صفحه‌هایی استفاده کند که تنها برای روبات‌های گوگل قابل رویت است و کاربران اینترنتی توانایی مشاهده آن را ندارند و یا کاربران اینترنتی را به صفحه‌هایی متفاوت می‌فرستد که از سوی گوگل دیده نمی‌شوند.","iscorrect":1},{"id":"22312","description":"گوگل بخشی از وب‌سایت شما را برخلاف تکنیک‌های موجود در راهنمای وب‌مستر خود یافته است.","iscorrect":0},{"id":"22313","description":"گوگل وب‌سایت شما را به عنوان وب‌سایتی شناخته که از یک الگوی لینک‌های ساختگی، فریبنده و یا دستکاری شده استفاده می‌کند.","iscorrect":0},{"id":"22314","description":"بخشی از عکس‌های وب‌سایت شما ممکن است به گونه ای در نتایج جستجوی گوگل به نمایش در آیند که متفاوت از عکس‌های موجود در وب‌سایت شماست و گوگل به این دلیل وب‌سایت شما را جریمه دستی کرده است.","iscorrect":0}]},{"id":"5810","description":"هرگاه در بخش جریمه دستی با عنوان جریمه Unnatural Links From Your Site مواجه شدید، به این معنی ست که………………………..","answers":[{"id":"22315","description":"وب‌سایت شما از صفحه‌هایی استفاده کند که تنها برای روبات های گوگل قابل رویت است و کاربران اینترنتی توانایی مشاده آن را ندارند و یا کاربران اینترنتی را به صفحه‌هایی متفاوت می‌فرستد که از سوی گوگل دیده نمی‌شوند.","iscorrect":0},{"id":"22316","description":"گوگل بخشی از وب‌سایت شما را برخلاف تکنیک‌های موجود در راهنمای وب‌مستر خود یافته است.","iscorrect":0},{"id":"22317","description":"گوگل وب‌سایت شما را به عنوان وب‌سایتی شناخته که از یک الگوی لینک‌های ساختگی، فریبنده و یا دستکاری شده استفاده می‌کند.","iscorrect":1},{"id":"22318","description":"بخشی از عکس‌های وب‌سایت شما ممکن است به گونه ای در نتایج جستجوی گوگل به نمایش درآیند که متفاوت از عکس‌های موجود در وب‌سایت شماست و گوگل به این دلیل وب‌سایت شما را جریمه دستی کرده است.","iscorrect":0}]},{"id":"5811","description":"هرگاه شما در بخش Manual Action به عبارتی چون Spammy Structured Markup و یا Pure Spam برخورد کردید، به این معنی ست که………………………..","answers":[{"id":"22319","description":"وب‌سایت شما از صفحه‌هایی استفاده کند که تنها برای روبات‌های گوگل قابل رویت است و کاربران اینترنتی توانایی مشاهده آن را ندارند و یا کاربران اینترنتی را به صفحه‌هایی متفاوت می‌فرستد که از سوی گوگل دیده نمی‌شوند.","iscorrect":0},{"id":"22320","description":"گوگل بخشی از وب‌سایت شما را برخلاف تکنیک‌های موجود در راهنمای وب‌مستر خود یافته است.","iscorrect":1},{"id":"22321","description":"گوگل وب‌سایت شما را به عنوان وب‌سایتی شناخته که از یک الگوی لینک‌های ساختگی، فریبنده و یا دستکاری شده استفاده می‌کند.","iscorrect":0},{"id":"22322","description":"بخشی از عکس‌های وب‌سایت شما ممکن است به گونه‌ای در نتایج جستجوی گوگل به نمایش در آیند که متفاوت از عکس‌های موجود در وب‌سایت شماست و گوگل به این دلیل وب‌سایت شما را جریمه دستی کرده است.","iscorrect":0}]}]},{"score":"66","questions":[{"id":"5812","description":"اگر شما در بخش جریمه دستی با عبارت Image Mismatch مواجه شدید به این معنی‌ست که…………………...","answers":[{"id":"22323","description":"بخشی از عکس‌های وب‌سایت شما ممکن است به گونه‌ای در نتایج جستجوی گوگل به نمایش در آیند که متفاوت از عکس‌های موجود در وب‌سایت شماست و گوگل به این دلیل وب‌سایت شما را جریمه دستی کرده است.","iscorrect":1},{"id":"22324","description":"گوگل بخشی از وب‌سایت شما را برخلاف تکنیک‌های موجود در راهنمای وب‌مستر خود یافته است.","iscorrect":0},{"id":"22325","description":"گوگل وب‌سایت شما را به عنوان وب‌سایتی شناخته که از یک الگوی لینک‌های ساختگی، فریبنده و یا دستکاری شده استفاده می‌کند.","iscorrect":0},{"id":"22326","description":"بخشی از عکس‌های وب‌سایت شما ممکن است به گونه ای در نتایج جستجوی گوگل به نمایش در آیند که متفاوت از عکس‌های موجود در وب‌سایت شماست و گوگل به این دلیل وب‌سایت شما را جریمه دستی کرده است.","iscorrect":0}]},{"id":"5813","description":"نمایش اشتباه یا به گونه دیگر عکس‌های وب‌سایت شما ممکن است به دلیل استفاده از ابزار ……………………. رخ داده باشد که ممکن است به بازبینی کد وب‌سایت شما در سرور نیاز شود.","answers":[{"id":"22327","description":"Content","iscorrect":0},{"id":"22328","description":"Context","iscorrect":0},{"id":"22329","description":"Anti-Hotlinking","iscorrect":1},{"id":"22330","description":"Conflex","iscorrect":0}]},{"id":"5814","description":"هرگاه شما در بخش Manual Action به عبارتی چون Spammy Structured Markup و یا Pure Spam برخورد کردید، به این معنی ست که…………………...","answers":[{"id":"22331","description":"وب‌سایت شما از صفحه‌هایی استفاده کند که تنها برای روبات‌های گوگل قابل رویت است و کاربران اینترنتی توانایی مشاهده آن را ندارند و یا کاربران اینترنتی را به صفحه‌هایی متفاوت می‌فرستد که از سوی گوگل دیده نمی‌شوند.","iscorrect":0},{"id":"22332","description":"گوگل بخشی از وب‌سایت شما را برخلاف تکنیک‌های موجود در راهنمای وب‌مستر خود یافته است.","iscorrect":1},{"id":"22333","description":"گوگل وب‌سایت شما را به عنوان وب‌سایتی شناخته که از یک الگوی لینک‌های ساختگی، فریبنده و یا دستکاری شده استفاده می‌کند.","iscorrect":0},{"id":"22334","description":"بخشی از عکس‌های وب‌سایت شما ممکن است به گونه ای در نتایج جستجوی گوگل به نمایش در آیند که متفاوت از عکس‌های موجود در وب‌سایت شماست و گوگل به این دلیل وب‌سایت شما را جریمه دستی کرده است.","iscorrect":0}]}]}]},{"name":"درس هشتم- Google Index","id":"782","contentorder":"15","lesson_number":8,"type":0,"filename":"lesson782.html"},{"name":"Google Index","id":"1349","contentorder":"16","type":1,"set":[{"score":"66","questions":[{"id":"5815","description":"کدام‌ یک از گزینه‌های زیر جز زیر مجموعه Google index نیست؟","answers":[{"id":"22335","description":"Content Keywords","iscorrect":0},{"id":"22336","description":"Index Status","iscorrect":0},{"id":"22337","description":"Remove URLs","iscorrect":0},{"id":"22338","description":"Analyze","iscorrect":1}]},{"id":"5816","description":"اگر شما یک کاهش ناگهانی در تعداد صفحه‌های ایندکس شده مشاهده کردید، ممکن است به این معنی باشد که……………….","answers":[{"id":"22339","description":"سرور شما Down یا Overload شده یا روبات‌های گوگل در دسترسی به محتوای وب‌سایت شما به مشکل برخورده اند.","iscorrect":1},{"id":"22340","description":"گوگل بخشی از وب‌ سایت شما را برخلاف تکنیک‌های موجود در راهنمای وب‌مستر خود یافته است.","iscorrect":0},{"id":"22341","description":"گوگل وب‌سایت شما را به عنوان وب‌سایتی شناخته که از یک الگوی لینک‌های ساختگی، فریبنده و یا دستکاری شده استفاده می‌کند.","iscorrect":0},{"id":"22342","description":"بخشی از عکس‌های وب‌سایت شما ممکن است به گونه‌ای در نتایج جستجوی گوگل به نمایش در آیند که متفاوت از عکس‌های موجود در وب‌سایت شماست و گوگل به این دلیل وب‌سایت شما را جریمه دستی کرده است.","iscorrect":0}]},{"id":"5817","description":"گزینه‌ای که زیر مجموعه‌ی بخش Crawl نیست را انتخاب کنید.","answers":[{"id":"22343","description":"Sitemaps","iscorrect":0},{"id":"22344","description":"Blocked URLs","iscorrect":0},{"id":"22345","description":"Strategic Management","iscorrect":1},{"id":"22346","description":"Fetch as Google","iscorrect":0}]}]},{"score":"66","questions":[{"id":"5818","description":"آمار صفحه کراول شامل اطلاعاتی از فعالیت روبات‌های گوگل در صفحه شما طی ………... روز گذشته است.","answers":[{"id":"22347","description":"۱۲۰","iscorrect":0},{"id":"22348","description":"۹۰","iscorrect":1},{"id":"22349","description":"۶۰","iscorrect":0},{"id":"22350","description":"۳۰","iscorrect":0}]},{"id":"5819","description":"برای حذف یک آدرس از کدام گزینه زیر باید استفاده کرد؟","answers":[{"id":"22351","description":"Remove URLs","iscorrect":1},{"id":"22352","description":"Sitemaps","iscorrect":0},{"id":"22353","description":"Strategic Management","iscorrect":0},{"id":"22354","description":"Fetch as Google","iscorrect":0}]},{"id":"5820","description":"اگر شما یک کاهش ناگهانی در تعداد صفحه‌های ایندکس شده مشاهده کردید، ممکن است به این معنی باشد که……………….","answers":[{"id":"22355","description":"سرور شما Down یا Overload شده یا روبات‌های گوگل در دسترسی به محتوای وب‌سایت شما به مشکل برخورده اند.","iscorrect":1},{"id":"22356","description":"گوگل بخشی از وب‌سایت شما را برخلاف تکنیک‌های موجود در راهنمای وب‌مستر خود یافته است.","iscorrect":0},{"id":"22357","description":"گوگل وب‌سایت شما را به عنوان وب‌سایتی شناخته که از یک الگوی لینک‌های ساختگی، فریبنده و یا دستکاری شده استفاده می‌کند.","iscorrect":0},{"id":"22358","description":"بخشی از عکس‌های وب‌سایت شما ممکن است به گونه‌ای در نتایج جستجوی گوگل به نمایش در آیند که متفاوت از عکس‌های موجود در وب‌سایت شماست و گوگل به این دلیل وب‌سایت شما را جریمه دستی کرده است.","iscorrect":0}]}]}]},{"name":"درس نهم- ابزار Fetch as Google","id":"783","contentorder":"17","lesson_number":9,"type":0,"filename":"lesson783.html"},{"name":"Fetch as Google","id":"1351","contentorder":"18","type":1,"set":[{"score":"50","questions":[{"id":"5821","description":"برای استفاده از ابزار Fetch as Google کافی‌ست به زیرمجموعه Crawl در ابزار وب‌مستر گوگل رفته و در قسمت …………………….، آدرس بخشی از وب‌سایت خود که می‌خواهید چک شود را وارد کنید.","answers":[{"id":"22359","description":"URL","iscorrect":0},{"id":"22360","description":"Remove","iscorrect":0},{"id":"22361","description":"Text Box","iscorrect":1},{"id":"22362","description":"Content","iscorrect":0}]},{"id":"5822","description":"هرگاه روبات‌های گوگل به صورت موفق کار را به پایان رساندند، شما می‌توانید آن صفحه را برای ایندکس شدن در گوگل ارسال نمایید. برای این کار کافی ست که بر دکمه…………………………... کلیک کنید.","answers":[{"id":"22363","description":"Submit","iscorrect":0},{"id":"22364","description":"Submit to Google index","iscorrect":1},{"id":"22365","description":"Google","iscorrect":0},{"id":"22366","description":"Google Index","iscorrect":0}]},{"id":"5823","description":"هنگامی که روبات‌های گوگل با دستور ……………….. در Meta Tag یک صفحه اینترنتی مواجه می‌شوند، گوگل این صفحه را به صورت کامل آن را از نتایج جستجوهای خود کنار می‌گذارد.","answers":[{"id":"22367","description":"noindex","iscorrect":1},{"id":"22368","description":"content","iscorrect":0},{"id":"22369","description":"conflex","iscorrect":0},{"id":"22370","description":"context","iscorrect":0}]},{"id":"5824","description":"برای تست درستی فایل robot.txt کافی‌ست در ابزار وب‌مستر گوگل، به بخش Crawl رفته و بر بخش …………………. کلیک کنید.","answers":[{"id":"22371","description":"Sitemaps","iscorrect":0},{"id":"22372","description":"Blocked URLs","iscorrect":1},{"id":"22373","description":"Strategic Management","iscorrect":0},{"id":"22374","description":"Fetch as Google","iscorrect":0}]}]},{"score":"50","questions":[{"id":"5825","description":"اگر بخواهید روبات‌ها را از حصور در یک آدرس مشخص منع کنید باید از دستور ………………. استفاده کنید.","answers":[{"id":"22375","description":"User-agent: Googlebot-Image","iscorrect":0},{"id":"22376","description":"User-agent: *","iscorrect":0},{"id":"22377","description":"Disallow: /private_file.html","iscorrect":1},{"id":"22378","description":"noindex","iscorrect":0}]},{"id":"5826","description":"اگر به دنبال آن هستید تا عکس مشخصی را از نتایج جستجوی گوگل حذف کنید کافی‌ست فایل ………………. را اینگونه طرح ریزی کنید:","answers":[{"id":"22379","description":"robot.txt","iscorrect":1},{"id":"22380","description":"manage.txt","iscorrect":0},{"id":"22381","description":"cms.txt","iscorrect":0},{"id":"22382","description":"content.txt","iscorrect":0}]},{"id":"5827","description":"در بخش User-agent می‌توانید تمامی روبات‌های جستجوگر را با استفاده از دستور …………………….. و یا تنها روبات‌های گوگل را با استفاده از دستور User-Agent: Googlebot از فعالیت خود آگاه کرده و سپس در بخش Disallow با استفاده از دستور “ Disallow: / “ آن‌ها را از خزیدن در کل وب‌سایت خود منع کنید.","answers":[{"id":"22383","description":"User-agent: Googlebot-Image","iscorrect":0},{"id":"22384","description":"User-agent: *","iscorrect":1},{"id":"22385","description":"Disallow: /private_file.html","iscorrect":0},{"id":"22386","description":"noindex","iscorrect":0}]},{"id":"5828","description":"برای استفاده از ابزار Fetch as Google کافی‌ست به زیرمجموعه Crawl در ابزار وب‌مستر گوگل رفته و در قسمت …………………….، آدرس بخشی از وب‌سایت خود که می‌خواهید چک شود را وارد کنید.","answers":[{"id":"22387","description":"URL","iscorrect":0},{"id":"22388","description":"Remove","iscorrect":0},{"id":"22389","description":"Text Box","iscorrect":1},{"id":"22390","description":"Content","iscorrect":0}]}]}]},{"name":"درس دهم- نقشه وب‌سایت","id":"784","contentorder":"19","lesson_number":10,"type":0,"filename":"lesson784.html"},{"name":"درس یازدهم- بهینه‌سازی موتورهای جستجو (SEO)","id":"785","contentorder":"20","lesson_number":11,"type":0,"filename":"lesson785.html"},{"name":"بهینه‌سازی موتورهای جستجو (SEO)","id":"1353","contentorder":"21","type":1,"set":[{"score":"66","questions":[{"id":"5829","description":"منظور از SEO چیست؟","answers":[{"id":"22391","description":"SEO یک نرم‌افزار برای جلوگیری از هک است.","iscorrect":0},{"id":"22392","description":"بهینه سازی موتورهای جستجو","iscorrect":1},{"id":"22393","description":"منظور از SEO داشتن یک وب‌سایت برای کمک به افزایش ترافیک سایت‌های مرجع است.","iscorrect":0},{"id":"22394","description":"یک روش برای بازاریابی به صورت آفلاین است.","iscorrect":0}]},{"id":"5830","description":"فرآیند دستیابی به محتوای صفحات را ………….. می‌گویند. این عمل توسط نزم‌افزاری به نام خزنده (Crawler) و یا عنکبوت (Spider) صورت می‌گیرد.","answers":[{"id":"22395","description":"خزیدن","iscorrect":1},{"id":"22396","description":"اسکن کردن","iscorrect":0},{"id":"22397","description":"کدگذاری","iscorrect":0},{"id":"22398","description":"ردیابی","iscorrect":0}]},{"id":"5831","description":"………………………….فرآیندی است که به ایجاد فهرست برای دسترسی به همه صفحات وب می‌پردازد و همه آن‌ها را در پایگاه دادهای وسیع ذخیره می‌کند تا درصورت لزوم آنها را بعدا بازیابی کند.","answers":[{"id":"22399","description":"خزیدن","iscorrect":0},{"id":"22400","description":"شاخص‌بندی","iscorrect":1},{"id":"22401","description":"پردازش یا تحليلگر درخواست","iscorrect":0},{"id":"22402","description":"رتبه بندی","iscorrect":0}]},{"id":"5832","description":"فرایند درج رتبه‌ی یک‌سایت در موتور جستجو و اولویت نمایش‌ دادن آن‌ها را ………………….می‌گویند.","answers":[{"id":"22403","description":"خزیدن","iscorrect":0},{"id":"22404","description":"شاخص‌بندی","iscorrect":0},{"id":"22405","description":"پردازش یا تحليلگر درخواست","iscorrect":0},{"id":"22406","description":"رتبه بندی","iscorrect":1}]},{"id":"5833","description":"منظور از PPC چیست؟","answers":[{"id":"22407","description":"جستجوی طبیعی","iscorrect":0},{"id":"22408","description":"جستجوی پولی","iscorrect":1},{"id":"22409","description":"یک نرم‌افزار آنتی ویروس","iscorrect":0},{"id":"22410","description":"یک نرم‌افزار ضد هک","iscorrect":0}]}]},{"score":"60","questions":[{"id":"5834","description":"جستجوی پولی، که به آن ……………….. یا پرداخت به ازای هر کلیک نیز می‌گویند، شامل نشان دادن لینک‌های مرتبط با موضوع جستجو در کنار نتایج طبیعی می‌شود که این لینک‌ها توسط تبلیغ‌کنندگان قرار داده می‌شود.","answers":[{"id":"22411","description":"PPC","iscorrect":1},{"id":"22412","description":"PPD","iscorrect":0},{"id":"22413","description":"PHP","iscorrect":0},{"id":"22414","description":"PLC","iscorrect":0}]},{"id":"5835","description":"منظور از Algorithm Ranking Formula چیست؟","answers":[{"id":"22415","description":"زمانی که نیاز به جستجو و تحقیق باشد، موتور جستجو آن را پردازش می‌کند. بدین معنا که موتور جستجو، رشته جستجو را با و صفحات شاخصدار در پایگاه داده‌ها مقایسه می‌کند.","iscorrect":0},{"id":"22416","description":"منظور رتبه بندی است. فرایند درج رتبه‌ی یک‌سایت در موتور جستجو و اولویت نمایش‌ دادن آن‌ها را رتبه بندی می‌گویند.","iscorrect":1},{"id":"22417","description":"منظور شاخص‌بندی است. شاخص بندی فرآیندی است که به ایجاد فهرست برای دسترسی به همه صفحات وب می‌پردازد و همه آنها را در پایگاه داده‌های وسیع ذخیره می‌کند تا درصورت لزوم آنها را بعدا بازیابی کند.","iscorrect":0},{"id":"22418","description":"فرآیند دستیابی به محتوای صفحات را Algorithm Ranking Formula می‌گویند.","iscorrect":0}]},{"id":"5836","description":"منظور از Indexer چیست؟","answers":[{"id":"22419","description":"زمانی که نیاز به جستجو و تحقیق باشد، موتور جستجو آن را پردازش می‌کند. بدین معنا که موتور جستجو، رشته جستجو را با و صفحات شاخصدار در پایگاه داده‌ها مقایسه می‌کند.","iscorrect":0},{"id":"22420","description":"فرآیند درج رتبه‌ی یک‌سایت در موتور جستجو و اولویت نمایش‌ دادن آن‌ها را رتبه بندی می‌گویند.","iscorrect":0},{"id":"22421","description":"منظور، شاخص‌بندی است. شاخص‌بندی فرآیندی است که به ایجاد فهرست برای دسترسی به همه صفحات وب می‌پردازد و همه آن‌ها را در پایگاه داده‌های وسیع ذخیره می‌کند تا درصورت لزوم آنها را بعداً بازیابی کند.","iscorrect":1},{"id":"22422","description":"فرآیند دستیابی به محتوای صفحات را Indexer می‌گویند.","iscorrect":0}]},{"id":"5837","description":"منظور از پردازش یا تحليلگر درخواست Query Processor چیست؟","answers":[{"id":"22423","description":"زمانی که نیاز به جستجو و تحقیق باشد، موتور جستجو آن را پردازش می‌کند. بدین معنا که موتور جستجو، رشته جستجو را با و صفحات شاخصدار در پایگاه داده‌ها مقایسه می‌کند.","iscorrect":1},{"id":"22424","description":"فرایند درج رتبه‌ی یک‌سایت در موتور جستجو و اولویت نمایش‌ دادن آن‌ها را رتبه بندی می‌گویند.","iscorrect":0},{"id":"22425","description":"منظور، شاخص‌بندی است. شاخص‌بندی فرآیندی است که به ایجاد فهرست برای دسترسی به همه صفحات وب می‌پردازد و همه آنها را در پایگاه داده‌های وسیع ذخیره می‌کند تا درصورت لزوم آنها را بعداً بازیابی کند.","iscorrect":0},{"id":"22426","description":"فرآیند دستیابی به محتوای صفحات را پردازش یا تحلیلگر درخواست می‌گویند.","iscorrect":0}]},{"id":"5838","description":"منظور از SEO چیست؟","answers":[{"id":"22427","description":"SEO یک نرم‌افزار برای جلوگیری از هک است.","iscorrect":0},{"id":"22428","description":"بهینه سازی موتورهای جستجو","iscorrect":1},{"id":"22429","description":"منظور از SEO داشتن یک وب‌سایت برای کمک به افزایش ترافیک سایت‌های مرجع است.","iscorrect":0},{"id":"22430","description":"یک روش برای بازاریابی به صورت آفلاین است.","iscorrect":0}]}]}]},{"name":"درس دوازدهم- رتبه‌بندی صفحات یا Page Rank در SEO","id":"786","contentorder":"22","lesson_number":12,"type":0,"filename":"lesson786.html"},{"name":"رتبه‌بندی صفحات یا Page Rank در SEO","id":"1355","contentorder":"23","type":1,"set":[{"score":"66","questions":[{"id":"5839","description":"به روش نوشتن متن قابل نمایش در صفحه وب بطوریکه برای کاربرها قابل فهم باشد و همچنین واژه‌های خاص جستجو را مورد توجه قرار دهد …………….. می‌گویند.","answers":[{"id":"22431","description":"آنالیز وب","iscorrect":0},{"id":"22432","description":"آنالیز SEO","iscorrect":0},{"id":"22433","description":"نسخه برداری SEO","iscorrect":1},{"id":"22434","description":"سخه‌برداری وب","iscorrect":0}]},{"id":"5840","description":"منظور از روش‌های کلاه سیاه در بهینه‌سازی موتورهای جستجو چیست؟","answers":[{"id":"22435","description":"هکرهایی که با کلاه سیاه اقدام به هک کردن می‌کنند.","iscorrect":0},{"id":"22436","description":"روش‌هایی که موتورهای جستجو به عنوان بخشی از یک طراحی مناسب پیشنهاد می‌‌کنند.","iscorrect":0},{"id":"22437","description":"روش‌هایی که موتورهای جستجو آنها را تایید نمی‌کند و در صدد کاهش تاثیر آنها هستند.","iscorrect":1},{"id":"22438","description":"هکرهایی که با کلاه سیاه اقدام به بهینه‌سازی موتورهای جستجو می‌کنند.","iscorrect":0}]},{"id":"5841","description":"تاکتیک در لفافه پیچیدن یا Cloaking SEO…………………....","answers":[{"id":"22439","description":"یک نسخه از صفحه را برای خزشگرهای موتور جستجو و یا عنکبوت‌ها و نسخه دیگر را در اختیار بازدیدکنندگان قرار می‌دهد.","iscorrect":1},{"id":"22440","description":"کلید واژه‌ها در برچسب متاها تکرار شده و کلید واژه‌هایی که ارتباطی با محتوای سایت ندارند استفاده می‌شوند.","iscorrect":0},{"id":"22441","description":"وب‌سایت‌های مشابه که میزبان وب‌سایت‌های متعددی هستند که در واقع همان محتوا را با ساختار نشانی وب‌های متفاوت (URL) ارائه می‌دهند.","iscorrect":0},{"id":"22442","description":"برای عملیات جلوگیری از هک به کار می‌رود.","iscorrect":0}]}]},{"score":"66","questions":[{"id":"5842","description":"منظور از صفحه‌ربایی یا (Page Hijacking) چیست؟","answers":[{"id":"22443","description":"صفحه‌ربایی یک نسخه از صفحه را برای خزشگرهای موتور جستجو و یا عنکبوت‌ها و نسخه دیگر را در اختیار بازدیدکنندگان قرار می‌دهد.","iscorrect":0},{"id":"22444","description":"صفحه‌ربایی کلید واژه‌ها را در برچسب متاها تکرار کرده و از کلید واژه‌هایی که ارتباطی با محتوای سایت ندارند استفاده می‌کند.","iscorrect":0},{"id":"22445","description":"وب‌سایت‌های مشابه که میزبان وب‌سایت‌های متعددی هستند که در واقع همان محتوا را با ساختار نشانی وب‌های متفاوت (URL) ارائه می‌دهند.","iscorrect":0},{"id":"22446","description":"ایجاد یک کپی هرز از وب‌سایت‌های مشهور که محتوای مشابهی را مانند وب‌سایت اصلی به نرم‌افزار خزشگر وب نشان می‌دهد اما کاربر را به یک وب‌سایت نامرتبط و مخرب هدایت می‌کند.","iscorrect":1}]},{"id":"5843","description":"صفحات وب با کیفیت خیلی پایین ساخته می‌شوند که محتوای خیلی کمی هم دارند اما در عوض این صفحات با کلمات کلیدی و واژه‌های بسیار مشابه پر شده‌اند. این صفحات را صفحات ……………………..می‌نامند.","answers":[{"id":"22447","description":"Door way or Gateway Pages","iscorrect":1},{"id":"22448","description":"Door","iscorrect":0},{"id":"22449","description":"Gateway","iscorrect":0},{"id":"22450","description":"Page","iscorrect":0}]},{"id":"5844","description":"تاکتیک در لفافه پیچیدن یا Cloaking SEO…………………....","answers":[{"id":"22451","description":"یک نسخه از صفحه را برای خزشگرهای موتور جستجو و یا عنکبوت‌ها و نسخه دیگر را در اختیار بازدیدکنندگان قرار می‌دهد.","iscorrect":1},{"id":"22452","description":"کلید واژه‌ها در برچسب متاها تکرار شده و کلید واژه‌هایی که ارتباطی با محتوای سایت ندارند استفاده می‌شوند.","iscorrect":0},{"id":"22453","description":"وب‌سایت‌های مشابه که میزبان وب‌سایت‌های متعددی هستند که در واقع همان محتوا را با ساختار نشانی وب‌های متفاوت (URL) ارائه می‌دهند.","iscorrect":0},{"id":"22454","description":"برای عملیات جلوگیری از هک به کار می‌رود.","iscorrect":0}]}]}]},{"name":"درس سیزدهم- محتوای یک وب‌سایت سئو و نام‌گذاری فایل‌ها","id":"787","contentorder":"24","lesson_number":13,"type":0,"filename":"lesson787.html"},{"name":"درس چهاردهم: طراحی و صفحه‌آرایی سئو","id":"788","contentorder":"25","lesson_number":14,"type":0,"filename":"lesson788.html"},{"name":"درس پانزدهم- برچسب‌های متا","id":"789","contentorder":"26","lesson_number":15,"type":0,"filename":"lesson789.html"},{"name":"برچسب‌های متا","id":"1357","contentorder":"27","type":1,"set":[{"score":"66","questions":[{"id":"5845","description":"دو دسته برچسب متا وجود دارد که به برچسب‌های …………………و ………………….. تقسیم می‌شوند.","answers":[{"id":"22455","description":"متای توصیفی و متای چاپی","iscorrect":0},{"id":"22456","description":"متای توصیفی و متای کلید واژه","iscorrect":1},{"id":"22457","description":"متای چاپی و متای کلید واژه","iscorrect":0},{"id":"22458","description":"متای کلید واژه و متای گوگل","iscorrect":0}]},{"id":"5846","description":"در توصیف برچسب متای یک صفحه وب نباید بیش از ………………..کاراکتر استفاده شود.","answers":[{"id":"22459","description":"۲۰۰","iscorrect":0},{"id":"22460","description":"۱۵۰","iscorrect":1},{"id":"22461","description":"۱۰۰","iscorrect":0},{"id":"22462","description":"۵۰","iscorrect":0}]},{"id":"5847","description":"کد زیر چیست؟\n\n\n< meta name = \" keywords \"<br />\nContent = \" kEYWORD 1 KEYWORD 2 KEYPHRASE 1 etc .<br />\nAbout 30 to 40 unique words \" ><br />\n< meta name = \" description \"<br />\nContent = \" An accurate , keywored &ndash; rich description<br />\nAbout 150 characters \" >","answers":[{"id":"22463","description":"یک دستور برای جلوگیری از هک","iscorrect":0},{"id":"22464","description":"یک برچسب متا (Meta Tags)","iscorrect":1},{"id":"22465","description":"یک کد برای جلوگیری از ویروسی شدن سیستم","iscorrect":0},{"id":"22466","description":"یک کد برای محاسبه شیوه‌ی دسترسی به سایت","iscorrect":0}]}]},{"score":"66","questions":[{"id":"5848","description":"کد زیر چیست؟\n\n\nMeta name = \" robots \" content = \" no index . no follow \"","answers":[{"id":"22467","description":"یک دستور برای جلوگیری از هک","iscorrect":0},{"id":"22468","description":"یک برچسب متای روبات","iscorrect":1},{"id":"22469","description":"یک کد برای جلوگیری از ویروسی شدن سیستم","iscorrect":0},{"id":"22470","description":"یک کد برای محاسبه شیوه‌ی دسترسی به سایت","iscorrect":0}]},{"id":"5849","description":"در بهینه‌سازی عنوان، بهتر است که عنوان بیشتر از ……….............….. کلمه نداشته باشد و یا کلید واژه‌هایی که درست از همان اول درعنوان به کار رفته‌اند نباید بیشتر از ……...........………... کاراکتر داشته باشند.","answers":[{"id":"22471","description":"۹ و ۶۰","iscorrect":1},{"id":"22472","description":"۹ و ۳۰","iscorrect":0},{"id":"22473","description":"۲۰ و ۶۰","iscorrect":0},{"id":"22474","description":"۲۰ و ۳۰","iscorrect":0}]},{"id":"5850","description":"دو دسته برچسب متا وجود دارد که به برچسب‌های …………………و ………………….. تقسیم می‌شوند.","answers":[{"id":"22475","description":"متای توصیفی و متای چاپی","iscorrect":0},{"id":"22476","description":"متای توصیفی و متای کلید واژه","iscorrect":1},{"id":"22477","description":"متای چاپی و متای کلید واژه","iscorrect":0},{"id":"22478","description":"متای کلید واژه و متای گوگل","iscorrect":0}]}]}]},{"name":"درس شانزدهم- تگ Anchor و اهمیت آن در سئو","id":"790","contentorder":"28","lesson_number":16,"type":0,"filename":"lesson790.html"},{"name":"درس هفدهم- کنسرسیوم شبکه جهانی وب (W3C) و معرفی برخی ابزارها و پیوندهای مفید","id":"791","contentorder":"29","lesson_number":17,"type":0,"filename":"lesson791.html"},{"name":"آزمون نهایی گوگل وب‌مستر و بهینه‌سازی موتورهای جستجو","id":"1359","contentorder":"30","type":1,"set":[{"score":"50","questions":[{"id":"5851","description":"کدام‌ گزینه برای پر کردن جای خالی در عبارت زیر مناسب‌تر است؟<br />\nدر حقیقت ‌...‌...‌...‌...‌...‌..... نرم افزاری هستند که فرمانده اسپایدرها به شمار می روند. این نرم افزارها مشخص می کنند که چه صفحاتی باید از سوی اسپایدرها بازدید شوند.","answers":[{"id":"22479","description":"Neroها","iscorrect":0},{"id":"22480","description":"Clone CDها","iscorrect":0},{"id":"22481","description":"Gathering infoها","iscorrect":0},{"id":"22482","description":"Crawlerها","iscorrect":1}]},{"id":"5852","description":"کاربرد قطعه کد زیر چیست؟\n\n\n<br />\n<br />\nYour Title<br />\n<br />\n<br />","answers":[{"id":"22485","description":"این قطعه کد برای جلوگیری از هک شدن کاربرد دارد.<br />","iscorrect":0},{"id":"22486","description":"این قطعه کد برای جلوگیری از ویروسی شدن سیستم کاربرد دارد.<br />","iscorrect":0},{"id":"22487","description":"این قطعه کد برای کسانی که مایل هستند از شیوه HTML tag برای اثبات مالکیت سایت خود در گوگل وب‌مستر استفاده کنند کاربرد دارد.<br />","iscorrect":1},{"id":"22488","description":"این قطعه کد برای ارسال ایمیل گروهی کاربرد دارد.<br />","iscorrect":0}]},{"id":"5853","description":"‌...‌...‌...‌...‌...‌...‌...‌...‌.... یک راه در تامین کردن اطلاعات بیشتر برای موتورهای جستجوگر به شمار می‌رود که به موتورهای جستجو امکان درک بهتر محتوای شما را می‌دهد.","answers":[{"id":"22489","description":"Structured Data<br />","iscorrect":1},{"id":"22490","description":"Data Highlighter<br />","iscorrect":0},{"id":"22491","description":"HTML Improvements<br />","iscorrect":0},{"id":"22492","description":"Sitelinks","iscorrect":0}]},{"id":"5854","description":"کدام یک از گزینه‌های زیر لیست مشخصی از جستجوهای انجام شده است که بواسطه آن، وب‌سایت شما در موتورهای جستجو به نمایش در آمده است؟","answers":[{"id":"22493","description":"Queries","iscorrect":0},{"id":"22494","description":"Query list<br />","iscorrect":1},{"id":"22495","description":"Impressions","iscorrect":0},{"id":"22496","description":"CTR","iscorrect":0}]},{"id":"5855","description":"منظور از Manual Action چیست؟","answers":[{"id":"22497","description":"لینک دادن به صفحات<br />","iscorrect":0},{"id":"22498","description":"تبلیغ در گوگل<br />","iscorrect":0},{"id":"22499","description":"جریمه دستی<br />","iscorrect":1},{"id":"22500","description":"جلوگیری از هک<br />","iscorrect":0}]},{"id":"5856","description":"برای اینکه موتورهای جستجو را از خزیدن (Crawling) در وب‌سایت خود منع کنید می‌توانید با استفاده از فایل ‌...‌...‌...‌...‌...‌...... این کار را انجام دهید","answers":[{"id":"22501","description":"Content","iscorrect":0},{"id":"22502","description":"robots.txt<br />","iscorrect":1},{"id":"22503","description":"Conflex","iscorrect":0},{"id":"22504","description":"Context","iscorrect":0}]},{"id":"5857","description":"اگر شما در بخش جریمه دستی با عبارت Image Mismatch مواجه شدید به این معنی‌ست که‌...‌...‌...‌...‌...‌...‌......","answers":[{"id":"22505","description":"بخشی از عکس‌های وب‌سایت شما ممکن است به گونه‌ای در نتایج جستجوی گوگل به نمایش در آیند که متفاوت از عکس‌های موجود در وب‌سایت شماست و گوگل به این دلیل وب‌سایت شما را جریمه دستی کرده است.<br />","iscorrect":1},{"id":"22506","description":"گوگل بخشی از وب‌سایت شما را برخلاف تکنیک‌های موجود در راهنمای وب‌مستر خود یافته است.<br />","iscorrect":0},{"id":"22507","description":"گوگل وب‌سایت شما را به عنوان وب‌سایتی شناخته که از یک الگوی لینک‌های ساختگی، فریبنده و یا دستکاری شده استفاده می‌کند.<br />","iscorrect":0},{"id":"22508","description":"بخشی از عکس‌های وب‌سایت شما ممکن است به گونه ای در نتایج جستجوی گوگل به نمایش در آیند که متفاوت از عکس‌های موجود در وب‌سایت شماست و گوگل به این دلیل وب‌سایت شما را جریمه دستی کرده است.<br />","iscorrect":0}]},{"id":"5858","description":"اگر شما یک کاهش ناگهانی در تعداد صفحه‌های ایندکس شده مشاهده کردید، ممکن است به این معنی باشد که‌...‌...‌...‌...‌...‌....","answers":[{"id":"22509","description":"سرور شما Down یا Overload شده یا روبات‌های گوگل در دسترسی به محتوای وب‌سایت شما به مشکل برخورده اند.<br />","iscorrect":1},{"id":"22510","description":"گوگل بخشی از وب‌سایت شما را برخلاف تکنیک‌های موجود در راهنمای وب‌مستر خود یافته است.<br />","iscorrect":0},{"id":"22511","description":"گوگل وب‌سایت شما را به عنوان وب‌سایتی شناخته که از یک الگوی لینک‌های ساختگی، فریبنده و یا دستکاری شده استفاده می‌کند.<br />","iscorrect":0},{"id":"22512","description":"بخشی از عکس‌های وب‌سایت شما ممکن است به گونه‌ای در نتایج جستجوی گوگل به نمایش در آیند که متفاوت از عکس‌های موجود در وب‌سایت شماست و گوگل به این دلیل وب‌سایت شما را جریمه دستی کرده است.<br />","iscorrect":0}]},{"id":"5859","description":"اگر بخواهید روبات‌ها را از حصور در یک آدرس مشخص منع کنید باید از دستور ‌...‌...‌...‌...‌...‌.... استفاده کنید\n\n","answers":[{"id":"22513","description":"User-agent: Googlebot-Image<br />","iscorrect":0},{"id":"22514","description":"User-agent: *<br />","iscorrect":0},{"id":"22515","description":"Disallow: /private_file.html<br />","iscorrect":1},{"id":"22516","description":"noindex<br />\n","iscorrect":0}]},{"id":"5860","description":"منظور از Indexer چیست؟","answers":[{"id":"22517","description":"زمانی که نیاز به جستجو و تحقیق باشد، موتور جستجو آن را پردازش می‌کند. بدین معنا که موتور جستجو، رشته جستجو را با و صفحات شاخصدار در پایگاه داده‌ها مقایسه می‌کند.<br />","iscorrect":0},{"id":"22518","description":"فرآیند درج رتبه‌ی یک‌سایت در موتور جستجو و اولویت نمایش‌ دادن آن‌ها را رتبه بندی می‌گویند.<br />","iscorrect":0},{"id":"22519","description":"منظور، شاخص‌بندی است. شاخص‌بندی فرآیندی است که به ایجاد فهرست برای دسترسی به همه صفحات وب می‌پردازد و همه آن‌ها را در پایگاه داده‌های وسیع ذخیره می‌کند تا درصورت لزوم آنها را بعداً بازیابی کند.<br />","iscorrect":1},{"id":"22520","description":"فرآیند دستیابی به محتوای صفحات را Indexer می‌گویند.<br />","iscorrect":0}]},{"id":"5861","description":"منظور از صفحه‌ربایی یا (Page Hijacking) چیست؟","answers":[{"id":"22521","description":"صفحه‌ربایی یک نسخه از صفحه را برای خزشگرهای موتور جستجو و یا عنکبوت‌ها و نسخه دیگر را در اختیار بازدیدکنندگان قرار می‌دهد.<br />","iscorrect":0},{"id":"22522","description":"صفحه‌ربایی کلید واژه‌ها را در برچسب متاها تکرار کرده و از کلید واژه‌هایی که ارتباطی با محتوای سایت ندارند استفاده می‌کند.<br />","iscorrect":0},{"id":"22523","description":"وب‌سایت‌های مشابه که میزبان وب‌سایت‌های متعددی هستند که در واقع همان محتوا را با ساختار نشانی وب‌های متفاوت (URL) ارائه می‌دهند.<br />","iscorrect":0},{"id":"22524","description":"ایجاد یک کپی هرز از وب‌سایت‌های مشهور که محتوای مشابهی را مانند وب‌سایت اصلی به نرم‌افزار خزشگر وب نشان می‌دهد اما کاربر را به یک وب‌سایت نامرتبط و مخرب هدایت می‌کند.<br />","iscorrect":1}]},{"id":"5862","description":"دو دسته برچسب متا وجود دارد که به برچسب‌های ‌...‌...‌...‌...‌...‌...‌...و ‌...‌...‌...‌...‌...‌...‌..... تقسیم می‌شوند.","answers":[{"id":"22525","description":"متای توصیفی و متای چاپی<br />","iscorrect":0},{"id":"22526","description":"متای توصیفی و متای کلید واژه<br />","iscorrect":1},{"id":"22527","description":"متای چاپی و متای کلید واژه<br />","iscorrect":0},{"id":"22528","description":"متای کلید واژه و متای گوگل<br />","iscorrect":0}]}]},{"score":"50","questions":[{"id":"5863","description":"منظور از اسپایدر (Spider) و کراولر (Crawler) چیست؟","answers":[{"id":"22529","description":"دو نرم‌افزار آنتی‌ویروس","iscorrect":0},{"id":"22530","description":"دو نرم‌افزار برای بهینه‌سازی موتورهای جستجو","iscorrect":0},{"id":"22531","description":"اسپایدر (Spider) و کراولر (Crawler) دو ابزار گوگل در بخش جمع آوری اطلاعات هستند.","iscorrect":1},{"id":"22532","description":"دو نرم‌افزار برای طراحی وب‌سایت","iscorrect":0}]},{"id":"5864","description":"سه نمونه از مهمترین روش‌های پیشنهاد گوگل برای اثبات مالکیت یک وب‌سایت‌...‌...‌...‌...‌...‌......، ‌...‌...‌...‌...‌...‌...‌.... و ‌...‌...‌...‌...‌...‌...‌...‌... است.","answers":[{"id":"22533","description":"تماس تلفنی با گوگل، ارسال ایمیل به گوگل و ارسال نامه‌ی پستی به گوگل<br />","iscorrect":0},{"id":"22534","description":"درج لینک در وب‌سایت، استفاده از کدهای سی‌اس‌اس و استفاده از HTML<br />","iscorrect":0},{"id":"22535","description":"استفاده از HTML tag، استفاده از اکانت Google Analytics و تایید فایل<br />","iscorrect":1},{"id":"22536","description":"استفاده از اکانت Google Analytics ارسال ایمیل به گوگل و تماس تلفنی با گوگل<br />","iscorrect":0}]},{"id":"5865","description":"‌...‌...‌...‌...‌...‌...‌...‌...‌.... یک راه در تامین کردن اطلاعات بیشتر برای موتورهای جستجوگر به شمار می‌رود که به موتورهای جستجو امکان درک بهتر محتوای شما را می‌دهد.","answers":[{"id":"22537","description":"Structured Data<br />","iscorrect":1},{"id":"22538","description":"Data Highlighter<br />","iscorrect":0},{"id":"22539","description":"HTML Improvements<br />","iscorrect":0},{"id":"22540","description":"Sitelinks","iscorrect":0}]},{"id":"5866","description":"بازه نمایش آمارها در صفحه Search Queries از میانه های سال ۲۰۱۲ به صورت ۹۰ روزه تبدیل شده است و شما می‌توانید آمار ۹۰ روز گذشته را مشاهده کنید اما گوگل تنها به شما اجازه مقایسه آمار کنونی را در بازه‌ای ‌.............. روزه یا کمتر می‌دهد.","answers":[{"id":"22541","description":"۸۰","iscorrect":0},{"id":"22542","description":"۷۰","iscorrect":0},{"id":"22543","description":"۳۰","iscorrect":1},{"id":"22544","description":"۲۰","iscorrect":0}]},{"id":"5867","description":"کدام‌ یک از گزینه‌های زیر از دلایل اعمال جریمه دستی توسط گوگل به شمار نمی‌رود؟","answers":[{"id":"22545","description":"محتوای بی کیفیت و کم ارزش یا بی ارزش وب‌سایت شما<br />","iscorrect":0},{"id":"22546","description":"استفاده از تکنیک Cloaking (ریدایرکت پنهان)<br />","iscorrect":0},{"id":"22547","description":"استفاده از لینک‌های غیرطبیعی در وب‌سایت شما<br />","iscorrect":0},{"id":"22548","description":"ثبت وب‌سایت شما در گوگل وب‌مستر<br />","iscorrect":1}]},{"id":"5868","description":"منظور از حمله فیشینگ چیست؟","answers":[{"id":"22549","description":"فیشینگ به معنای ماهی گیری نام یک نرم‌ افزار هک است که هکر‌ها از طریق آن به سیستم‌های کاربران حمله می‌کنند.<br />","iscorrect":0},{"id":"22550","description":"حمله فیشینگ، به حمله ای گفته می‌شود که هکرها با ساختن یک وب‌سایت جعلی شبیه به وب‌سایت اصلی از شما می‌خواهند که نام کاربری و رمز خود را وارد کنید و کاربران اینترنتی بدون اطلاع از وجود این حمله، نام کاربری و یوزر خود را به هکرها تحویل می‌دهند.<br />","iscorrect":1},{"id":"22551","description":"حمله فیشینگ یک نوع حمله است که قربانیان آن کاربرانی هستند که به طور دائم به اسپم پراکنی در اینترنت مشغولند.<br />","iscorrect":0},{"id":"22552","description":"حمله فیشینگ یک نرم افزار آنتی ویروس است.<br />","iscorrect":0}]},{"id":"5869","description":"هرگاه شما در بخش Manual Action به عبارتی چون Spammy Structured Markup و یا Pure Spam برخورد کردید، به این معنی ست که‌...‌...‌...‌...‌...‌...‌...‌...‌.....","answers":[{"id":"22553","description":"وب‌سایت شما از صفحه‌هایی استفاده کند که تنها برای روبات‌های گوگل قابل رویت است و کاربران اینترنتی توانایی مشاهده آن را ندارند و یا کاربران اینترنتی را به صفحه‌هایی متفاوت می‌فرستد که از سوی گوگل دیده نمی‌شوند.<br />","iscorrect":0},{"id":"22554","description":"گوگل بخشی از وب‌سایت شما را برخلاف تکنیک‌های موجود در راهنمای وب‌مستر خود یافته است.<br />","iscorrect":1},{"id":"22555","description":"گوگل بخشی از وب‌سایت شما را برخلاف تکنیک‌های موجود در راهنمای وب‌مستر خود یافته است.(پاسخ) ج) گوگل وب‌سایت شما را به عنوان وب‌سایتی شناخته که از یک الگوی لینک‌های ساختگی، فریبنده و یا دستکاری شده استفاده می‌کند.<br />","iscorrect":0},{"id":"22556","description":"بخشی از عکس‌های وب‌سایت شما ممکن است به گونه‌ای در نتایج جستجوی گوگل به نمایش در آیند که متفاوت از عکس‌های موجود در وب‌سایت شماست و گوگل به این دلیل وب‌سایت شما را جریمه دستی کرده است.<br />","iscorrect":0}]},{"id":"5870","description":"اگر شما یک کاهش ناگهانی در تعداد صفحه‌های ایندکس شده مشاهده کردید، ممکن است به این معنی باشد که‌...‌...‌...‌...‌...‌....","answers":[{"id":"22557","description":"سرور شما Down یا Overload شده یا روبات‌های گوگل در دسترسی به محتوای وب‌سایت شما به مشکل برخورده اند.<br />","iscorrect":1},{"id":"22558","description":"گوگل بخشی از وب‌ سایت شما را برخلاف تکنیک‌های موجود در راهنمای وب‌مستر خود یافته است.<br />","iscorrect":0},{"id":"22559","description":"گوگل وب‌سایت شما را به عنوان وب‌سایتی شناخته که از یک الگوی لینک‌های ساختگی، فریبنده و یا دستکاری شده استفاده می‌کند.<br />","iscorrect":0},{"id":"22560","description":"بخشی از عکس‌های وب‌سایت شما ممکن است به گونه‌ای در نتایج جستجوی گوگل به نمایش در آیند که متفاوت از عکس‌های موجود در وب‌سایت شماست و گوگل به این دلیل وب‌سایت شما را جریمه دستی کرده است.<br />","iscorrect":0}]},{"id":"5873","description":"منظور از PPC چیست؟","answers":[{"id":"22566","description":"جستجوی طبیعی<br />","iscorrect":0},{"id":"22567","description":"جستجوی پولی<br />","iscorrect":1},{"id":"22568","description":"یک نرم‌افزار آنتی ویروس<br />","iscorrect":0},{"id":"22569","description":"یک نرم‌افزار ضد هک<br />","iscorrect":0}]},{"id":"5874","description":"تاکتیک در لفافه پیچیدن یا Cloaking SEO‌...‌...‌...‌...‌...‌...‌.......","answers":[{"id":"22570","description":"یک نسخه از صفحه را برای خزشگرهای موتور جستجو و یا عنکبوت‌ها و نسخه دیگر را در اختیار بازدیدکنندگان قرار می‌دهد.<br />","iscorrect":1},{"id":"22571","description":"کلید واژه‌ها در برچسب متاها تکرار شده و کلید واژه‌هایی که ارتباطی با محتوای سایت ندارند استفاده می‌شوند.<br />","iscorrect":0},{"id":"22572","description":"وب‌سایت‌های مشابه که میزبان وب‌سایت‌های متعددی هستند که در واقع همان محتوا را با ساختار نشانی وب‌های متفاوت (URL) ارائه می‌دهند.<br />","iscorrect":0},{"id":"22573","description":"برای عملیات جلوگیری از هک به کار می‌رود.<br />","iscorrect":0}]},{"id":"5875","description":"در توصیف برچسب متای یک صفحه وب نباید بیش از ‌...‌...‌...‌...‌...‌.....کاراکتر استفاده شود.","answers":[{"id":"22574","description":"۲۰۰","iscorrect":0},{"id":"22575","description":"۱۵۰","iscorrect":1},{"id":"22576","description":"۱۰۰","iscorrect":0},{"id":"22577","description":"۵۰","iscorrect":0}]},{"id":"5872","description":"هنگامی که روبات‌های گوگل با دستور ‌...‌...‌...‌...‌...‌..... در Meta Tag یک صفحه اینترنتی مواجه می‌شوند، گوگل این صفحه را به صورت کامل آن را از نتایج جستجوهای خود کنار می‌گذارد.","answers":[{"id":"22562","description":"noindex","iscorrect":1},{"id":"22563","description":"content","iscorrect":0},{"id":"22564","description":"conflex","iscorrect":0},{"id":"22565","description":"context","iscorrect":0}]}]}]}]}